ds4: DSpark support model detected: ./gguf/DeepSeek-V4-Flash-DSpark-support-0731.gguf (stages=3 block=5 markov_rank=256 tensors=81 missing=0 invalid=0 metadata_errors=0); use --dspark to enable experimental runtime decode
ds4: Metal device Apple M4 Max, 128.00 GiB RAM
ds4: Metal 4 tensor API disabled for pre-M5/pre-A19 devices
ds4: drift-patch flags hc_stable=on norm_unify=on kv_raw_f32=off rope_exp2_log2=off math_safe=off tensor_matmul=off
ds4: Metal model views created in 2.450 ms, residency requested in 545.772 ms, warmup 4.294 ms (mapped 93065.67 MiB from offset 5.09 MiB)
ds4: Metal mapped mmaped model as 2 overlapping shared buffers
ds4: Metal model views created in 0.143 ms, residency requested in 583.420 ms, warmup 1.261 ms (mapped 5711.67 MiB from offset 0.01 MiB)
ds4: Metal mapped mmaped model as 3 overlapping shared buffers
ds4: metal backend initialized for graph diagnostics
ds4: memory: KV 0.61 GiB (raw 0.36 + compressed 0.25) + buffers 0.25 GiB + resident model 90.88 GiB = 91.74 GiB planned
ds4: memory detail: ctx=32768 prefill_cap=4096 raw_kv_rows=4352 compressed_kv_rows=8194 backend=metal
ds4: memory: KV 0.61 GiB (raw 0.36 + compressed 0.25) + buffers 0.25 GiB = 0.86 GiB context
ds4: memory detail: ctx=32768 prefill_cap=4096 raw_kv_rows=4352 compressed_kv_rows=8194 backend=metal
ds4: DSpark target-hidden capture enabled: layers=40,41,42
C2B_CONTROL A0_vs_A1 PASS
C2B_PROBE   A0_vs_A2 PASS
C2B_RESULT  PASS
FIRST_DIVERGENCE_OBJECT row=0 layer=0 checkpoint=CP1 subobject=attn_norm result=EXACT elements=4096
FIRST_DIVERGENCE_OBJECT row=0 layer=0 checkpoint=CP2-Q subobject=qr result=MISMATCH elements=1024 mismatch_count=823 first_index=0 actual_bits=0x3b21c760 expected_bits=0x3b21c7a0 max_abs=5.2154064178466797e-08 max_rel=0.0013335873499714232 max_ulp=14336
FIRST_DIVERGENCE_OBJECT row=0 layer=0 checkpoint=CP2-KV-P subobject=kv_raw result=MISMATCH elements=512 mismatch_count=431 first_index=0 actual_bits=0x3bc606c4 expected_bits=0x3bc606bc max_abs=4.4703483581542969e-08 max_rel=0.00066137566137566134 max_ulp=8192
FIRST_DIVERGENCE_OBJECT row=0 layer=0 checkpoint=CP2-KV-R subobject=raw_cache result=EXACT elements=512
FIRST_DIVERGENCE_OBJECT row=0 layer=0 checkpoint=CP4 subobject=after_attn_hc result=MISMATCH elements=16384 mismatch_count=5055 first_index=0 actual_bits=0xbb9ce26c expected_bits=0xbb9ce2ad max_abs=1.413136487826705e-07 max_rel=0.0068746007594306597 max_ulp=89712
FIRST_DIVERGENCE_OBJECT row=0 layer=0 checkpoint=CP5 subobject=layer_output result=MISMATCH elements=16384 mismatch_count=10334 first_index=1 actual_bits=0xbcd7f892 expected_bits=0xbcd7f897 max_abs=3.2782554626464844e-07 max_rel=0.0048819943006045471 max_ulp=81466
FIRST_DIVERGENCE_OBJECT row=0 layer=1 checkpoint=CP1 subobject=attn_norm result=MISMATCH elements=4096 mismatch_count=3909 first_index=0 actual_bits=0xbc8bb15c expected_bits=0xbc8bb165 max_abs=9.6857547760009766e-08 max_rel=0.0010997905186766253 max_ulp=14182
FIRST_DIVERGENCE_OBJECT row=0 layer=1 checkpoint=CP2-Q subobject=qr result=MISMATCH elements=1024 mismatch_count=961 first_index=0 actual_bits=0x3d243bbf expected_bits=0x3d243bc9 max_abs=1.4901161193847656e-07 max_rel=0.00079719387755102043 max_ulp=7680
FIRST_DIVERGENCE_OBJECT row=0 layer=1 checkpoint=CP2-KV-P subobject=kv_raw result=MISMATCH elements=512 mismatch_count=479 first_index=0 actual_bits=0xbcae8d04 expected_bits=0xbcae8d1c max_abs=1.4901161193847656e-07 max_rel=0.00026657081582708323 max_ulp=2480
FIRST_DIVERGENCE_OBJECT row=0 layer=1 checkpoint=CP2-KV-R subobject=raw_cache result=EXACT elements=512
FIRST_DIVERGENCE_OBJECT row=0 layer=1 checkpoint=CP4 subobject=after_attn_hc result=MISMATCH elements=16384 mismatch_count=14772 first_index=0 actual_bits=0x3b712a87 expected_bits=0x3b712c7d max_abs=3.3341348171234131e-07 max_rel=0.029182977002610803 max_ulp=355923
FIRST_DIVERGENCE_OBJECT row=0 layer=1 checkpoint=CP5 subobject=layer_output result=MISMATCH elements=16384 mismatch_count=15791 first_index=0 actual_bits=0x3c81efe8 expected_bits=0x3c81effa max_abs=4.0978193283081055e-07 max_rel=0.075661996672675175 max_ulp=947877
FIRST_DIVERGENCE_OBJECT row=0 layer=2 checkpoint=CP1 subobject=attn_norm result=MISMATCH elements=4096 mismatch_count=4066 first_index=0 actual_bits=0xbd5ca9b0 expected_bits=0xbd5ca971 max_abs=7.2643160820007324e-07 max_rel=0.016830743538162503 max_ulp=206663
FIRST_DIVERGENCE_OBJECT row=0 layer=2 checkpoint=CP2-Q subobject=qr result=MISMATCH elements=1024 mismatch_count=1011 first_index=0 actual_bits=0x3e16d788 expected_bits=0x3e16d783 max_abs=1.1324882507324219e-06 max_rel=0.0087452869710934224 max_ulp=85504
FIRST_DIVERGENCE_OBJECT row=0 layer=2 checkpoint=CP2-KV-P subobject=kv_raw result=MISMATCH elements=512 mismatch_count=504 first_index=0 actual_bits=0x3e394fd0 expected_bits=0x3e394fda max_abs=9.8347663879394531e-07 max_rel=0.00059633977153698077 max_ulp=6176
FIRST_DIVERGENCE_OBJECT row=0 layer=2 checkpoint=CP2-KV-R subobject=raw_cache result=MISMATCH elements=512 mismatch_count=1 first_index=46 actual_bits=0xbb800000 expected_bits=0xbb700000 max_abs=0.000244140625 max_rel=0.0625 max_ulp=1048576
FIRST_DIVERGENCE_OBJECT row=0 layer=2 checkpoint=CP3-F subobject=attn_state_kv result=MISMATCH elements=8192 mismatch_count=1010 first_index=4096 actual_bits=0x3e18ecd1 expected_bits=0x3e18ecbc max_abs=1.1585652828216553e-06 max_rel=0.0020943698410742883 max_ulp=21760
FIRST_DIVERGENCE_OBJECT row=0 layer=2 checkpoint=CP3-F subobject=attn_state_score result=MISMATCH elements=8192 mismatch_count=960 first_index=4096 actual_bits=0x3f080f62 expected_bits=0x3f080f64 max_abs=1.9222497940063477e-06 max_rel=0.0032352941176470589 max_ulp=45056
FIRST_DIVERGENCE_OBJECT row=0 layer=2 checkpoint=CP3-F subobject=layer_n_comp result=EXACT elements=1
FIRST_DIVERGENCE_OBJECT row=0 layer=2 checkpoint=CP3-F subobject=index_state_kv result=MISMATCH elements=2048 mismatch_count=251 first_index=1024 actual_bits=0xbe43b785 expected_bits=0xbe43b798 max_abs=1.5497207641601562e-06 max_rel=0.00029698381292161963 max_ulp=4880
FIRST_DIVERGENCE_OBJECT row=0 layer=2 checkpoint=CP3-F subobject=index_state_score result=MISMATCH elements=2048 mismatch_count=252 first_index=1024 actual_bits=0xbef764a4 expected_bits=0xbef764ab max_abs=2.1457672119140625e-06 max_rel=9.8683711114822291e-05 max_ulp=1248
FIRST_DIVERGENCE_OBJECT row=0 layer=2 checkpoint=CP3-F subobject=layer_n_index_comp result=EXACT elements=1
FIRST_DIVERGENCE_OBJECT row=0 layer=2 checkpoint=CP4 subobject=after_attn_hc result=MISMATCH elements=16384 mismatch_count=15826 first_index=0 actual_bits=0xbcfab8fc expected_bits=0xbcfab8f9 max_abs=7.8417360782623291e-07 max_rel=0.055370463180222387 max_ulp=525009
FIRST_DIVERGENCE_OBJECT row=0 layer=2 checkpoint=CP5 subobject=layer_output result=MISMATCH elements=16384 mismatch_count=15416 first_index=0 actual_bits=0xbd4a5a8d expected_bits=0xbd4a5a93 max_abs=8.0373138189315796e-07 max_rel=0.012890574431516101 max_ulp=126660
FIRST_DIVERGENCE_OBJECT row=0 layer=3 checkpoint=CP1 subobject=attn_norm result=MISMATCH elements=4096 mismatch_count=4066 first_index=0 actual_bits=0xbd8af56a expected_bits=0xbd8af56b max_abs=1.0579824447631836e-06 max_rel=0.01916112395103672 max_ulp=234168
FIRST_DIVERGENCE_OBJECT row=0 layer=3 checkpoint=CP2-Q subobject=qr result=MISMATCH elements=1024 mismatch_count=1014 first_index=0 actual_bits=0xbe2689b7 expected_bits=0xbe2689cc max_abs=1.4938414096832275e-06 max_rel=0.0018449032419207429 max_ulp=20800
FIRST_DIVERGENCE_OBJECT row=0 layer=3 checkpoint=CP2-KV-P subobject=kv_raw result=MISMATCH elements=512 mismatch_count=508 first_index=0 actual_bits=0xbd2b4378 expected_bits=0xbd2b4307 max_abs=1.4938414096832275e-06 max_rel=0.0056481638179048908 max_ulp=68352
FIRST_DIVERGENCE_OBJECT row=0 layer=3 checkpoint=CP2-KV-R subobject=raw_cache result=MISMATCH elements=512 mismatch_count=5 first_index=265 actual_bits=0x39f00000 expected_bits=0x39e00000 max_abs=3.0517578125e-05 max_rel=0.066666666666666666 max_ulp=1048576
FIRST_DIVERGENCE_OBJECT row=0 layer=3 checkpoint=CP3-F subobject=attn_state_kv result=MISMATCH elements=65536 mismatch_count=508 first_index=8192 actual_bits=0xbdab48f8 expected_bits=0xbdab48a6 max_abs=1.8477439880371094e-06 max_rel=0.0028393636175387737 max_ulp=25888
FIRST_DIVERGENCE_OBJECT row=0 layer=3 checkpoint=CP3-F subobject=attn_state_score result=MISMATCH elements=65536 mismatch_count=508 first_index=8192 actual_bits=0x3c2eef66 expected_bits=0x3c2eed4f max_abs=3.945082426071167e-06 max_rel=0.0038234636246714756 max_ulp=35008
FIRST_DIVERGENCE_OBJECT row=0 layer=3 checkpoint=CP3-F subobject=layer_n_comp result=EXACT elements=1
FIRST_DIVERGENCE_OBJECT row=0 layer=3 checkpoint=CP4 subobject=after_attn_hc result=MISMATCH elements=16384 mismatch_count=16064 first_index=0 actual_bits=0xbcd80d65 expected_bits=0xbcd80c65 max_abs=1.8952414393424988e-06 max_rel=0.011645504096600102 max_ulp=175750
FIRST_DIVERGENCE_OBJECT row=0 layer=3 checkpoint=CP5 subobject=layer_output result=MISMATCH elements=16384 mismatch_count=16269 first_index=0 actual_bits=0xbc9a9757 expected_bits=0xbc9a95d7 max_abs=2.0712614059448242e-06 max_rel=0.087604436524451199 max_ulp=858888
FIRST_DIVERGENCE_OBJECT row=0 layer=4 checkpoint=CP1 subobject=attn_norm result=MISMATCH elements=4096 mismatch_count=4080 first_index=0 actual_bits=0x3c173869 expected_bits=0x3c173b46 max_abs=8.8214874267578125e-06 max_rel=0.010670344169645723 max_ulp=111310
FIRST_DIVERGENCE_OBJECT row=0 layer=4 checkpoint=CP2-Q subobject=qr result=MISMATCH elements=1024 mismatch_count=1022 first_index=0 actual_bits=0xbdcfed5c expected_bits=0xbdcfed56 max_abs=3.4570693969726562e-06 max_rel=0.002713733980923401 max_ulp=35616
FIRST_DIVERGENCE_OBJECT row=0 layer=4 checkpoint=CP2-KV-P subobject=kv_raw result=MISMATCH elements=512 mismatch_count=509 first_index=0 actual_bits=0x3cd202e4 expected_bits=0x3cd202bc max_abs=3.9711594581604004e-06 max_rel=0.0025520898453301167 max_ulp=33312
FIRST_DIVERGENCE_OBJECT row=0 layer=4 checkpoint=CP2-KV-R subobject=raw_cache result=MISMATCH elements=512 mismatch_count=2 first_index=475 actual_bits=0xbce1c000 expected_bits=0xbce1e000 max_abs=3.0517578125e-05 max_rel=0.0009025270758122744 max_ulp=8192
FIRST_DIVERGENCE_OBJECT row=0 layer=4 checkpoint=CP3-F subobject=attn_state_kv result=MISMATCH elements=8192 mismatch_count=1022 first_index=4096 actual_bits=0x3d0047bf expected_bits=0x3d00475d max_abs=3.1143426895141602e-06 max_rel=0.055815213709950552 max_ulp=843776
FIRST_DIVERGENCE_OBJECT row=0 layer=4 checkpoint=CP3-F subobject=attn_state_score result=MISMATCH elements=8192 mismatch_count=1021 first_index=4096 actual_bits=0xbf9262f8 expected_bits=0xbf926313 max_abs=1.0967254638671875e-05 max_rel=0.00039927286892163863 max_ulp=4940
FIRST_DIVERGENCE_OBJECT row=0 layer=4 checkpoint=CP3-F subobject=layer_n_comp result=EXACT elements=1
FIRST_DIVERGENCE_OBJECT row=0 layer=4 checkpoint=CP3-F subobject=index_state_kv result=MISMATCH elements=2048 mismatch_count=256 first_index=1024 actual_bits=0x3ce932aa expected_bits=0x3ce92ed0 max_abs=6.9141387939453125e-06 max_rel=0.0086647300410698184 max_ulp=143936
FIRST_DIVERGENCE_OBJECT row=0 layer=4 checkpoint=CP3-F subobject=index_state_score result=MISMATCH elements=2048 mismatch_count=254 first_index=1024 actual_bits=0xbf9e5cc9 expected_bits=0xbf9e5cf4 max_abs=1.1920928955078125e-05 max_rel=9.9716086143618869e-05 max_ulp=864
FIRST_DIVERGENCE_OBJECT row=0 layer=4 checkpoint=CP3-F subobject=layer_n_index_comp result=EXACT elements=1
FIRST_DIVERGENCE_OBJECT row=0 layer=4 checkpoint=CP4 subobject=after_attn_hc result=MISMATCH elements=16384 mismatch_count=16276 first_index=0 actual_bits=0xbd4a0698 expected_bits=0xbd4a0681 max_abs=5.7816505432128906e-06 max_rel=0.032410964337536818 max_ulp=358798
FIRST_DIVERGENCE_OBJECT row=0 layer=4 checkpoint=CP5 subobject=layer_output result=MISMATCH elements=16384 mismatch_count=16316 first_index=0 actual_bits=0xbd0ac6a7 expected_bits=0xbd0ac67a max_abs=6.3329935073852539e-06 max_rel=0.095703898663694206 max_ulp=925606
FIRST_DIVERGENCE_OBJECT row=0 layer=5 checkpoint=CP1 subobject=attn_norm result=MISMATCH elements=4096 mismatch_count=4087 first_index=0 actual_bits=0xb9e93ac5 expected_bits=0xb9e94606 max_abs=3.0398368835449219e-06 max_rel=0.36563696673801926 max_ulp=5681216
FIRST_DIVERGENCE_OBJECT row=0 layer=5 checkpoint=CP2-Q subobject=qr result=MISMATCH elements=1024 mismatch_count=1021 first_index=0 actual_bits=0x3ddad347 expected_bits=0x3ddad314 max_abs=2.9131770133972168e-06 max_rel=0.016479597582491835 max_ulp=224768
FIRST_DIVERGENCE_OBJECT row=0 layer=5 checkpoint=CP2-KV-P subobject=kv_raw result=MISMATCH elements=512 mismatch_count=507 first_index=0 actual_bits=0x3d95f764 expected_bits=0x3d95f796 max_abs=3.1962990760803223e-06 max_rel=0.003207065213011982 max_ulp=50944
FIRST_DIVERGENCE_OBJECT row=0 layer=5 checkpoint=CP2-KV-R subobject=raw_cache result=MISMATCH elements=512 mismatch_count=3 first_index=464 actual_bits=0xbd58a000 expected_bits=0xbd58c000 max_abs=6.103515625e-05 max_rel=0.00097181729834791054 max_ulp=8192
FIRST_DIVERGENCE_OBJECT row=0 layer=5 checkpoint=CP3-F subobject=attn_state_kv result=MISMATCH elements=65536 mismatch_count=510 first_index=8192 actual_bits=0xbd9a4814 expected_bits=0xbd9a476d max_abs=3.5800039768218994e-06 max_rel=0.0057897224043049434 max_ulp=60768
FIRST_DIVERGENCE_OBJECT row=0 layer=5 checkpoint=CP3-F subobject=attn_state_score result=MISMATCH elements=65536 mismatch_count=511 first_index=8192 actual_bits=0x3ec41db6 expected_bits=0x3ec41d7b max_abs=1.1935830116271973e-05 max_rel=0.0064598642994949168 max_ulp=76288
FIRST_DIVERGENCE_OBJECT row=0 layer=5 checkpoint=CP3-F subobject=layer_n_comp result=EXACT elements=1
FIRST_DIVERGENCE_OBJECT row=0 layer=5 checkpoint=CP4 subobject=after_attn_hc result=MISMATCH elements=16384 mismatch_count=16314 first_index=0 actual_bits=0xbcedcb68 expected_bits=0xbcedcb19 max_abs=5.9306621551513672e-06 max_rel=0.058122875667613171 max_ulp=972479
FIRST_DIVERGENCE_OBJECT row=0 layer=5 checkpoint=CP5 subobject=layer_output result=MISMATCH elements=16384 mismatch_count=16325 first_index=0 actual_bits=0xbce90403 expected_bits=0xbce903ab max_abs=5.7071447372436523e-06 max_rel=0.12888072458193592 max_ulp=1871012
FIRST_DIVERGENCE_OBJECT row=0 layer=6 checkpoint=CP1 subobject=attn_norm result=MISMATCH elements=4096 mismatch_count=4085 first_index=0 actual_bits=0xbcb8a497 expected_bits=0xbcb8a4c6 max_abs=5.91278076171875e-05 max_rel=0.068734982045061316 max_ulp=781698
FIRST_DIVERGENCE_OBJECT row=0 layer=6 checkpoint=CP2-Q subobject=qr result=MISMATCH elements=1024 mismatch_count=1020 first_index=0 actual_bits=0x3dabc604 expected_bits=0x3dabc4bb max_abs=8.0987811088562012e-06 max_rel=0.0051199977338875864 max_ulp=46272
FIRST_DIVERGENCE_OBJECT row=0 layer=6 checkpoint=CP2-KV-P subobject=kv_raw result=MISMATCH elements=512 mismatch_count=512 first_index=0 actual_bits=0x3d74af7a expected_bits=0x3d74b2a4 max_abs=8.6911022663116455e-06 max_rel=0.015030808489450426 max_ulp=247296
FIRST_DIVERGENCE_OBJECT row=0 layer=6 checkpoint=CP2-KV-R subobject=raw_cache result=MISMATCH elements=512 mismatch_count=5 first_index=450 actual_bits=0xbdf80000 expected_bits=0xbdf7e000 max_abs=0.00048828125 max_rel=0.002124645892351275 max_ulp=24576
FIRST_DIVERGENCE_OBJECT row=0 layer=6 checkpoint=CP3-F subobject=attn_state_kv result=MISMATCH elements=8192 mismatch_count=1024 first_index=4096 actual_bits=0xbdbbb680 expected_bits=0xbdbbb762 max_abs=8.2552433013916016e-06 max_rel=0.012166260741693856 max_ulp=135552
FIRST_DIVERGENCE_OBJECT row=0 layer=6 checkpoint=CP3-F subobject=attn_state_score result=MISMATCH elements=8192 mismatch_count=1024 first_index=4096 actual_bits=0xbfb32ff8 expected_bits=0xbfb32f17 max_abs=4.0531158447265625e-05 max_rel=0.00055106539309331376 max_ulp=5712
FIRST_DIVERGENCE_OBJECT row=0 layer=6 checkpoint=CP3-F subobject=layer_n_comp result=EXACT elements=1
FIRST_DIVERGENCE_OBJECT row=0 layer=6 checkpoint=CP3-F subobject=index_state_kv result=MISMATCH elements=2048 mismatch_count=256 first_index=1024 actual_bits=0xbd869947 expected_bits=0xbd869aca max_abs=1.049041748046875e-05 max_rel=0.010024806802984983 max_ulp=125696
FIRST_DIVERGENCE_OBJECT row=0 layer=6 checkpoint=CP3-F subobject=index_state_score result=MISMATCH elements=2048 mismatch_count=256 first_index=1024 actual_bits=0xbff59748 expected_bits=0xbff59642 max_abs=5.340576171875e-05 max_rel=0.00023746710201129359 max_ulp=2700
FIRST_DIVERGENCE_OBJECT row=0 layer=6 checkpoint=CP3-F subobject=layer_n_index_comp result=EXACT elements=1
FIRST_DIVERGENCE_OBJECT row=0 layer=6 checkpoint=CP4 subobject=after_attn_hc result=MISMATCH elements=16384 mismatch_count=16341 first_index=0 actual_bits=0xbcb58c49 expected_bits=0xbcb58b72 max_abs=5.7071447372436523e-06 max_rel=1.0548046512921248 max_ulp=1767644416
FIRST_DIVERGENCE_OBJECT row=0 layer=6 checkpoint=CP5 subobject=layer_output result=MISMATCH elements=16384 mismatch_count=16347 first_index=0 actual_bits=0xbca7b4f5 expected_bits=0xbca7b410 max_abs=7.0303212851285934e-06 max_rel=1.7218006612918617 max_ulp=1764815030
FIRST_DIVERGENCE_OBJECT row=0 layer=7 checkpoint=CP1 subobject=attn_norm result=MISMATCH elements=4096 mismatch_count=4092 first_index=0 actual_bits=0xbc90d449 expected_bits=0xbc90d4ee max_abs=3.0142255127429962e-06 max_rel=0.28857494084692104 max_ulp=4547413
FIRST_DIVERGENCE_OBJECT row=0 layer=7 checkpoint=CP2-Q subobject=qr result=MISMATCH elements=1024 mismatch_count=1022 first_index=0 actual_bits=0x3d109ac2 expected_bits=0x3d109a6b max_abs=5.4985284805297852e-06 max_rel=0.019909263704094234 max_ulp=183680
FIRST_DIVERGENCE_OBJECT row=0 layer=7 checkpoint=CP2-KV-P subobject=kv_raw result=MISMATCH elements=512 mismatch_count=511 first_index=0 actual_bits=0x3dc32aa4 expected_bits=0x3dc329f0 max_abs=4.9285590648651123e-06 max_rel=0.0048063696857818371 max_ulp=77152
FIRST_DIVERGENCE_OBJECT row=0 layer=7 checkpoint=CP2-KV-R subobject=raw_cache result=MISMATCH elements=512 mismatch_count=3 first_index=339 actual_bits=0x3cb00000 expected_bits=0x3ca00000 max_abs=0.001953125 max_rel=0.090909090909090912 max_ulp=1048576
FIRST_DIVERGENCE_OBJECT row=0 layer=7 checkpoint=CP3-F subobject=attn_state_kv result=MISMATCH elements=65536 mismatch_count=512 first_index=8192 actual_bits=0xbd81f6a4 expected_bits=0xbd81f718 max_abs=3.5613775253295898e-06 max_rel=0.013619650964077955 max_ulp=201984
FIRST_DIVERGENCE_OBJECT row=0 layer=7 checkpoint=CP3-F subobject=attn_state_score result=MISMATCH elements=65536 mismatch_count=512 first_index=8192 actual_bits=0xbd9280ba expected_bits=0xbd928248 max_abs=1.52587890625e-05 max_rel=0.058506843968290284 max_ulp=556416
FIRST_DIVERGENCE_OBJECT row=0 layer=7 checkpoint=CP3-F subobject=layer_n_comp result=EXACT elements=1
FIRST_DIVERGENCE_OBJECT row=0 layer=7 checkpoint=CP4 subobject=after_attn_hc result=MISMATCH elements=16384 mismatch_count=16340 first_index=0 actual_bits=0xbcb93544 expected_bits=0xbcb9343b max_abs=1.2939795851707458e-05 max_rel=0.50350102813946895 max_ulp=8500166
FIRST_DIVERGENCE_OBJECT row=0 layer=7 checkpoint=CP5 subobject=layer_output result=MISMATCH elements=16384 mismatch_count=16350 first_index=0 actual_bits=0xbcdba78e expected_bits=0xbcdba5ff max_abs=3.2305717468261719e-05 max_rel=1.1426863961933458 max_ulp=1827820234
FIRST_DIVERGENCE_OBJECT row=0 layer=8 checkpoint=CP1 subobject=attn_norm result=MISMATCH elements=4096 mismatch_count=4094 first_index=0 actual_bits=0xbcd614b8 expected_bits=0xbcd60f14 max_abs=6.2227249145507812e-05 max_rel=0.53389018123508614 max_ulp=9428329
FIRST_DIVERGENCE_OBJECT row=0 layer=8 checkpoint=CP2-Q subobject=qr result=MISMATCH elements=1024 mismatch_count=1024 first_index=0 actual_bits=0xbe41d7a3 expected_bits=0xbe41d736 max_abs=1.9840896129608154e-05 max_rel=0.35222935109234144 max_ulp=4662272
FIRST_DIVERGENCE_OBJECT row=0 layer=8 checkpoint=CP2-KV-P subobject=kv_raw result=MISMATCH elements=512 mismatch_count=510 first_index=0 actual_bits=0x3c940ef1 expected_bits=0x3c93f8e2 max_abs=2.0345672965049744e-05 max_rel=0.0078327052390452963 max_ulp=108544
FIRST_DIVERGENCE_OBJECT row=0 layer=8 checkpoint=CP2-KV-R subobject=raw_cache result=MISMATCH elements=512 mismatch_count=7 first_index=460 actual_bits=0xbdd92000 expected_bits=0xbdd94000 max_abs=0.000244140625 max_rel=0.0029041626331074541 max_ulp=24576
FIRST_DIVERGENCE_OBJECT row=0 layer=8 checkpoint=CP3-F subobject=attn_state_kv result=MISMATCH elements=8192 mismatch_count=1024 first_index=4096 actual_bits=0xbd9ed69b expected_bits=0xbd9ed4e8 max_abs=2.0325183868408203e-05 max_rel=0.096754910333048672 max_ulp=1160192
FIRST_DIVERGENCE_OBJECT row=0 layer=8 checkpoint=CP3-F subobject=attn_state_score result=MISMATCH elements=8192 mismatch_count=1023 first_index=4096 actual_bits=0xbf055de2 expected_bits=0xbf055fee max_abs=7.2658061981201172e-05 max_rel=0.012461480501164038 max_ulp=165120
FIRST_DIVERGENCE_OBJECT row=0 layer=8 checkpoint=CP3-F subobject=layer_n_comp result=EXACT elements=1
FIRST_DIVERGENCE_OBJECT row=0 layer=8 checkpoint=CP3-F subobject=index_state_kv result=MISMATCH elements=2048 mismatch_count=256 first_index=1024 actual_bits=0xba8367e0 expected_bits=0xba834d60 max_abs=2.7775764465332031e-05 max_rel=0.0068992390900495691 max_ulp=73088
FIRST_DIVERGENCE_OBJECT row=0 layer=8 checkpoint=CP3-F subobject=index_state_score result=MISMATCH elements=2048 mismatch_count=256 first_index=1024 actual_bits=0xbf305bcf expected_bits=0xbf305e80 max_abs=7.2121620178222656e-05 max_rel=0.0056092311919043909 max_ulp=94080
FIRST_DIVERGENCE_OBJECT row=0 layer=8 checkpoint=CP3-F subobject=layer_n_index_comp result=EXACT elements=1
FIRST_DIVERGENCE_OBJECT row=0 layer=8 checkpoint=CP4 subobject=after_attn_hc result=MISMATCH elements=16384 mismatch_count=16339 first_index=0 actual_bits=0xbcd0003d expected_bits=0xbccffe8e max_abs=3.2305717468261719e-05 max_rel=0.032236087274701487 max_ulp=521327
FIRST_DIVERGENCE_OBJECT row=0 layer=8 checkpoint=CP5 subobject=layer_output result=MISMATCH elements=16384 mismatch_count=16353 first_index=0 actual_bits=0xbce4493e expected_bits=0xbce4470e max_abs=4.4226646423339844e-05 max_rel=0.25471887219987871 max_ulp=3511207
FIRST_DIVERGENCE_OBJECT row=0 layer=9 checkpoint=CP1 subobject=attn_norm result=MISMATCH elements=4096 mismatch_count=4090 first_index=0 actual_bits=0xbd35f835 expected_bits=0xbd35f584 max_abs=6.8992376327514648e-06 max_rel=0.089068842583648361 max_ulp=1303293
FIRST_DIVERGENCE_OBJECT row=0 layer=9 checkpoint=CP2-Q subobject=qr result=MISMATCH elements=1024 mismatch_count=1024 first_index=0 actual_bits=0x3d8757ce expected_bits=0x3d87569a max_abs=9.1791152954101562e-06 max_rel=0.026271512354581292 max_ulp=419712
FIRST_DIVERGENCE_OBJECT row=0 layer=9 checkpoint=CP2-KV-P subobject=kv_raw result=MISMATCH elements=512 mismatch_count=512 first_index=0 actual_bits=0x3c633dda expected_bits=0x3c633f05 max_abs=7.5921416282653809e-06 max_rel=0.0094820812635672339 max_ulp=113920
FIRST_DIVERGENCE_OBJECT row=0 layer=9 checkpoint=CP2-KV-R subobject=raw_cache result=MISMATCH elements=512 mismatch_count=6 first_index=453 actual_bits=0xbd264000 expected_bits=0xbd266000 max_abs=0.00048828125 max_rel=0.0007513148009015778 max_ulp=8192
FIRST_DIVERGENCE_OBJECT row=0 layer=9 checkpoint=CP3-F subobject=attn_state_kv result=MISMATCH elements=65536 mismatch_count=511 first_index=8192 actual_bits=0xbe109538 expected_bits=0xbe109536 max_abs=9.7453594207763672e-06 max_rel=0.4727120067170445 max_ulp=7589888
FIRST_DIVERGENCE_OBJECT row=0 layer=9 checkpoint=CP3-F subobject=attn_state_score result=MISMATCH elements=65536 mismatch_count=511 first_index=8192 actual_bits=0x3d43fbd0 expected_bits=0x3d43fa20 max_abs=3.3974647521972656e-05 max_rel=0.004845296601370527 max_ulp=53760
FIRST_DIVERGENCE_OBJECT row=0 layer=9 checkpoint=CP3-F subobject=layer_n_comp result=EXACT elements=1
FIRST_DIVERGENCE_OBJECT row=0 layer=9 checkpoint=CP4 subobject=after_attn_hc result=MISMATCH elements=16384 mismatch_count=16355 first_index=0 actual_bits=0xbd04bed6 expected_bits=0xbd04bce0 max_abs=3.7848949432373047e-05 max_rel=0.19309847137094571 max_ulp=2750288
FIRST_DIVERGENCE_OBJECT row=0 layer=9 checkpoint=CP5 subobject=layer_output result=MISMATCH elements=16384 mismatch_count=16359 first_index=0 actual_bits=0xbd343554 expected_bits=0xbd3431c9 max_abs=5.772709846496582e-05 max_rel=0.38588041845360704 max_ulp=5547261
FIRST_DIVERGENCE_OBJECT row=0 layer=10 checkpoint=CP1 subobject=attn_norm result=MISMATCH elements=4096 mismatch_count=4093 first_index=0 actual_bits=0xbc954126 expected_bits=0xbc953c14 max_abs=7.8618526458740234e-05 max_rel=0.1226328879867058 max_ulp=1444752
FIRST_DIVERGENCE_OBJECT row=0 layer=10 checkpoint=CP2-Q subobject=qr result=MISMATCH elements=1024 mismatch_count=1023 first_index=0 actual_bits=0xbc0bcdf8 expected_bits=0xbc0bb4f4 max_abs=2.1781772375106812e-05 max_rel=0.56855309218203032 max_ulp=10313728
FIRST_DIVERGENCE_OBJECT row=0 layer=10 checkpoint=CP2-KV-P subobject=kv_raw result=MISMATCH elements=512 mismatch_count=512 first_index=0 actual_bits=0x3cd38bb7 expected_bits=0x3cd38f66 max_abs=2.7179718017578125e-05 max_rel=0.0081042708678668723 max_ulp=71968
FIRST_DIVERGENCE_OBJECT row=0 layer=10 checkpoint=CP2-KV-R subobject=raw_cache result=MISMATCH elements=512 mismatch_count=10 first_index=453 actual_bits=0x3d0d6000 expected_bits=0x3d0d4000 max_abs=0.0009765625 max_rel=0.00088417329796640137 max_ulp=8192
FIRST_DIVERGENCE_OBJECT row=0 layer=10 checkpoint=CP3-F subobject=attn_state_kv result=MISMATCH elements=8192 mismatch_count=1022 first_index=4096 actual_bits=0x3de9dde8 expected_bits=0x3de9df76 max_abs=2.6524066925048828e-05 max_rel=0.043303844212427937 max_ulp=417280
FIRST_DIVERGENCE_OBJECT row=0 layer=10 checkpoint=CP3-F subobject=attn_state_score result=MISMATCH elements=8192 mismatch_count=1024 first_index=4096 actual_bits=0x3ee6f218 expected_bits=0x3ee6f61a max_abs=0.00011217594146728516 max_rel=0.11007368527303926 max_ulp=1116672
FIRST_DIVERGENCE_OBJECT row=0 layer=10 checkpoint=CP3-F subobject=layer_n_comp result=EXACT elements=1
FIRST_DIVERGENCE_OBJECT row=0 layer=10 checkpoint=CP3-F subobject=index_state_kv result=MISMATCH elements=2048 mismatch_count=256 first_index=1024 actual_bits=0x3d0a82de expected_bits=0x3d0a6a96 max_abs=5.2094459533691406e-05 max_rel=0.0061650546657482947 max_ulp=81344
FIRST_DIVERGENCE_OBJECT row=0 layer=10 checkpoint=CP3-F subobject=index_state_score result=MISMATCH elements=2048 mismatch_count=256 first_index=1024 actual_bits=0x3ebe99e8 expected_bits=0x3ebe9ec0 max_abs=0.00013613700866699219 max_rel=0.065264550264550261 max_ulp=631552
FIRST_DIVERGENCE_OBJECT row=0 layer=10 checkpoint=CP3-F subobject=layer_n_index_comp result=EXACT elements=1
FIRST_DIVERGENCE_OBJECT row=0 layer=10 checkpoint=CP4 subobject=after_attn_hc result=MISMATCH elements=16384 mismatch_count=16363 first_index=0 actual_bits=0xbd332772 expected_bits=0xbd3322e9 max_abs=5.4776668548583984e-05 max_rel=0.74977151887000115 max_ulp=16767214
FIRST_DIVERGENCE_OBJECT row=0 layer=10 checkpoint=CP5 subobject=layer_output result=MISMATCH elements=16384 mismatch_count=16372 first_index=0 actual_bits=0xbd366fc5 expected_bits=0xbd366b06 max_abs=5.2154064178466797e-05 max_rel=0.68024456293511393 max_ulp=13976627
FIRST_DIVERGENCE_OBJECT row=0 layer=11 checkpoint=CP1 subobject=attn_norm result=MISMATCH elements=4096 mismatch_count=4096 first_index=0 actual_bits=0xbb4c0719 expected_bits=0xbb4be5cd max_abs=8.9630484580993652e-06 max_rel=0.14167641747507112 max_ulp=1674732
FIRST_DIVERGENCE_OBJECT row=0 layer=11 checkpoint=CP2-Q subobject=qr result=MISMATCH elements=1024 mismatch_count=1024 first_index=0 actual_bits=0x3e3590b4 expected_bits=0x3e359114 max_abs=1.7136335372924805e-05 max_rel=0.01973573978136842 max_ulp=186576
FIRST_DIVERGENCE_OBJECT row=0 layer=11 checkpoint=CP2-KV-P subobject=kv_raw result=MISMATCH elements=512 mismatch_count=512 first_index=0 actual_bits=0xbdd94715 expected_bits=0xbdd945f9 max_abs=1.6804784536361694e-05 max_rel=0.0088191554881254606 max_ulp=130880
FIRST_DIVERGENCE_OBJECT row=0 layer=11 checkpoint=CP2-KV-R subobject=raw_cache result=MISMATCH elements=512 mismatch_count=14 first_index=145 actual_bits=0x3d400000 expected_bits=0x3d500000 max_abs=0.015625 max_rel=0.076923076923076927 max_ulp=1048576
FIRST_DIVERGENCE_OBJECT row=0 layer=11 checkpoint=CP3-F subobject=attn_state_kv result=MISMATCH elements=65536 mismatch_count=512 first_index=8192 actual_bits=0xbbbb1748 expected_bits=0xbbbb2908 max_abs=2.0161271095275879e-05 max_rel=0.15241345685031693 max_ulp=1600512
FIRST_DIVERGENCE_OBJECT row=0 layer=11 checkpoint=CP3-F subobject=attn_state_score result=MISMATCH elements=65536 mismatch_count=511 first_index=8192 actual_bits=0xbd0a3c2f expected_bits=0xbd0a4529 max_abs=4.7624111175537109e-05 max_rel=0.040482654600301662 max_ulp=589312
FIRST_DIVERGENCE_OBJECT row=0 layer=11 checkpoint=CP3-F subobject=layer_n_comp result=EXACT elements=1
FIRST_DIVERGENCE_OBJECT row=0 layer=11 checkpoint=CP4 subobject=after_attn_hc result=MISMATCH elements=16384 mismatch_count=16377 first_index=0 actual_bits=0xbd3753a6 expected_bits=0xbd374e83 max_abs=0.00019851326942443848 max_rel=0.95388782838515218 max_ulp=37593513
FIRST_DIVERGENCE_OBJECT row=0 layer=11 checkpoint=CP5 subobject=layer_output result=MISMATCH elements=16384 mismatch_count=16379 first_index=0 actual_bits=0xbd3738be expected_bits=0xbd37335e max_abs=0.00021120905876159668 max_rel=0.74447803111201527 max_ulp=16481783
FIRST_DIVERGENCE_OBJECT row=0 layer=12 checkpoint=CP1 subobject=attn_norm result=MISMATCH elements=4096 mismatch_count=4096 first_index=0 actual_bits=0xbcf85004 expected_bits=0xbcf82f37 max_abs=0.00070649385452270508 max_rel=0.37125277574150806 max_ulp=5984577
FIRST_DIVERGENCE_OBJECT row=0 layer=12 checkpoint=CP2-Q subobject=qr result=MISMATCH elements=1024 mismatch_count=1024 first_index=0 actual_bits=0xbe5f8ee0 expected_bits=0xbe5f9136 max_abs=0.00011294800788164139 max_rel=0.21734229390681004 max_ulp=3341472
FIRST_DIVERGENCE_OBJECT row=0 layer=12 checkpoint=CP2-KV-P subobject=kv_raw result=MISMATCH elements=512 mismatch_count=512 first_index=0 actual_bits=0x3c156650 expected_bits=0x3c158092 max_abs=8.8199973106384277e-05 max_rel=0.093339442589149613 max_ulp=1355904
FIRST_DIVERGENCE_OBJECT row=0 layer=12 checkpoint=CP2-KV-R subobject=raw_cache result=MISMATCH elements=512 mismatch_count=26 first_index=171 actual_bits=0xbdf00000 expected_bits=0xbe000000 max_abs=0.0625 max_rel=0.10000000000000001 max_ulp=1048576
FIRST_DIVERGENCE_OBJECT row=0 layer=12 checkpoint=CP3-F subobject=attn_state_kv result=MISMATCH elements=8192 mismatch_count=1024 first_index=4096 actual_bits=0x3cd370b0 expected_bits=0x3cd352f2 max_abs=0.00011939555406570435 max_rel=0.097380260268228366 max_ulp=1137536
FIRST_DIVERGENCE_OBJECT row=0 layer=12 checkpoint=CP3-F subobject=attn_state_score result=MISMATCH elements=8192 mismatch_count=1024 first_index=4096 actual_bits=0xbcac09c0 expected_bits=0xbcabf600 max_abs=0.00072264671325683594 max_rel=0.56576766611420826 max_ulp=10176512
FIRST_DIVERGENCE_OBJECT row=0 layer=12 checkpoint=CP3-F subobject=layer_n_comp result=EXACT elements=1
FIRST_DIVERGENCE_OBJECT row=0 layer=12 checkpoint=CP3-F subobject=index_state_kv result=MISMATCH elements=2048 mismatch_count=256 first_index=1024 actual_bits=0xbe1c5528 expected_bits=0xbe1c5f64 max_abs=0.00016736984252929688 max_rel=0.041955750483644312 max_ulp=426112
FIRST_DIVERGENCE_OBJECT row=0 layer=12 checkpoint=CP3-F subobject=index_state_score result=MISMATCH elements=2048 mismatch_count=256 first_index=1024 actual_bits=0x3d40ebe8 expected_bits=0x3d40e2e0 max_abs=0.00078296661376953125 max_rel=0.10349466055398468 max_ulp=993536
FIRST_DIVERGENCE_OBJECT row=0 layer=12 checkpoint=CP3-F subobject=layer_n_index_comp result=EXACT elements=1
FIRST_DIVERGENCE_OBJECT row=0 layer=12 checkpoint=CP4 subobject=after_attn_hc result=MISMATCH elements=16384 mismatch_count=16373 first_index=0 actual_bits=0xbd3d8ba8 expected_bits=0xbd3d85c6 max_abs=0.00069668889045715332 max_rel=1.4828715095436396 max_ulp=1910046789
FIRST_DIVERGENCE_OBJECT row=0 layer=12 checkpoint=CP5 subobject=layer_output result=MISMATCH elements=16384 mismatch_count=16380 first_index=0 actual_bits=0xbd443665 expected_bits=0xbd4431ec max_abs=0.00092339515686035156 max_rel=1.4353162962382013 max_ulp=1920606767
FIRST_DIVERGENCE_OBJECT row=0 layer=13 checkpoint=CP1 subobject=attn_norm result=MISMATCH elements=4096 mismatch_count=4096 first_index=0 actual_bits=0xbd8393e7 expected_bits=0xbd839be5 max_abs=0.00010255444794893265 max_rel=1.4585100407002616 max_ulp=1866395807
FIRST_DIVERGENCE_OBJECT row=0 layer=13 checkpoint=CP2-Q subobject=qr result=MISMATCH elements=1024 mismatch_count=1024 first_index=0 actual_bits=0x3db95565 expected_bits=0x3db93661 max_abs=0.00013585202395915985 max_rel=0.34984322422759251 max_ulp=5855424
FIRST_DIVERGENCE_OBJECT row=0 layer=13 checkpoint=CP2-KV-P subobject=kv_raw result=MISMATCH elements=512 mismatch_count=512 first_index=0 actual_bits=0x3d988147 expected_bits=0x3d98886a max_abs=0.0001683160662651062 max_rel=0.40362061306086183 max_ulp=6167040
FIRST_DIVERGENCE_OBJECT row=0 layer=13 checkpoint=CP2-KV-R subobject=raw_cache result=MISMATCH elements=512 mismatch_count=51 first_index=27 actual_bits=0xbc600000 expected_bits=0xbc500000 max_abs=0.0625 max_rel=0.38461538461538464 max_ulp=5242880
FIRST_DIVERGENCE_OBJECT row=0 layer=13 checkpoint=CP3-F subobject=attn_state_kv result=MISMATCH elements=65536 mismatch_count=512 first_index=8192 actual_bits=0x3d408540 expected_bits=0x3d406b01 max_abs=0.00012591853737831116 max_rel=0.26353392075567605 max_ulp=3535696
FIRST_DIVERGENCE_OBJECT row=0 layer=13 checkpoint=CP3-F subobject=attn_state_score result=MISMATCH elements=65536 mismatch_count=512 first_index=8192 actual_bits=0xbc60fed0 expected_bits=0xbc610f5a max_abs=0.00038832426071166992 max_rel=0.26335762541846441 max_ulp=3508480
FIRST_DIVERGENCE_OBJECT row=0 layer=13 checkpoint=CP3-F subobject=layer_n_comp result=EXACT elements=1
FIRST_DIVERGENCE_OBJECT row=0 layer=13 checkpoint=CP4 subobject=after_attn_hc result=MISMATCH elements=16384 mismatch_count=16381 first_index=0 actual_bits=0xbd4e9268 expected_bits=0xbd4e8fa0 max_abs=0.0014674067497253418 max_rel=1.66256253533475 max_ulp=1950548245
FIRST_DIVERGENCE_OBJECT row=0 layer=13 checkpoint=CP5 subobject=layer_output result=MISMATCH elements=16384 mismatch_count=16376 first_index=0 actual_bits=0xbd53a92d expected_bits=0xbd53a7e0 max_abs=0.0011445879936218262 max_rel=1.939948588137671 max_ulp=1913408457
FIRST_DIVERGENCE_OBJECT row=0 layer=14 checkpoint=CP1 subobject=attn_norm result=MISMATCH elements=4096 mismatch_count=4096 first_index=0 actual_bits=0xbe03b970 expected_bits=0xbe03c799 max_abs=0.0016438663005828857 max_rel=1.3015220484983938 max_ulp=1894491850
FIRST_DIVERGENCE_OBJECT row=0 layer=14 checkpoint=CP2-Q subobject=qr result=MISMATCH elements=1024 mismatch_count=1024 first_index=0 actual_bits=0x3d00ca5c expected_bits=0x3d018cfc max_abs=0.0005400925874710083 max_rel=0.43572848343007442 max_ulp=6884128
FIRST_DIVERGENCE_OBJECT row=0 layer=14 checkpoint=CP2-KV-P subobject=kv_raw result=MISMATCH elements=512 mismatch_count=512 first_index=0 actual_bits=0x3e13545e expected_bits=0x3e134ebb max_abs=0.00082233548164367676 max_rel=0.18880563962500924 max_ulp=2992448
FIRST_DIVERGENCE_OBJECT row=0 layer=14 checkpoint=CP2-KV-R subobject=raw_cache result=MISMATCH elements=512 mismatch_count=60 first_index=121 actual_bits=0xbdb00000 expected_bits=0xbdc00000 max_abs=0.0078125 max_rel=0.18181818181818182 max_ulp=2097152
FIRST_DIVERGENCE_OBJECT row=0 layer=14 checkpoint=CP3-F subobject=attn_state_kv result=MISMATCH elements=8192 mismatch_count=1024 first_index=4096 actual_bits=0x3e31060b expected_bits=0x3e311923 max_abs=0.00053933262825012207 max_rel=0.32260450351719189 max_ulp=4182592
FIRST_DIVERGENCE_OBJECT row=0 layer=14 checkpoint=CP3-F subobject=attn_state_score result=MISMATCH elements=8192 mismatch_count=1024 first_index=4096 actual_bits=0xbed5c678 expected_bits=0xbed62efa max_abs=0.001850128173828125 max_rel=0.14769362083053592 max_ulp=2070080
FIRST_DIVERGENCE_OBJECT row=0 layer=14 checkpoint=CP3-F subobject=layer_n_comp result=EXACT elements=1
FIRST_DIVERGENCE_OBJECT row=0 layer=14 checkpoint=CP3-F subobject=index_state_kv result=MISMATCH elements=2048 mismatch_count=256 first_index=1024 actual_bits=0x3f0b10b0 expected_bits=0x3f0b1100 max_abs=0.00085869431495666504 max_rel=0.11928614322662047 max_ulp=1760736
FIRST_DIVERGENCE_OBJECT row=0 layer=14 checkpoint=CP3-F subobject=index_state_score result=MISMATCH elements=2048 mismatch_count=256 first_index=1024 actual_bits=0xbf4c9d95 expected_bits=0xbf4cc603 max_abs=0.003299713134765625 max_rel=0.042043556367991425 max_ulp=640320
FIRST_DIVERGENCE_OBJECT row=0 layer=14 checkpoint=CP3-F subobject=layer_n_index_comp result=EXACT elements=1
FIRST_DIVERGENCE_OBJECT row=0 layer=14 checkpoint=CP4 subobject=after_attn_hc result=MISMATCH elements=16384 mismatch_count=16379 first_index=0 actual_bits=0xbd5b5348 expected_bits=0xbd5b523b max_abs=0.0012151598930358887 max_rel=1.7137654571492005 max_ulp=1913490519
FIRST_DIVERGENCE_OBJECT row=0 layer=14 checkpoint=CP5 subobject=layer_output result=MISMATCH elements=16384 mismatch_count=16375 first_index=0 actual_bits=0xbd6b43c5 expected_bits=0xbd6b439a max_abs=0.0012918412685394287 max_rel=0.6017910646312955 max_ulp=10997243
FIRST_DIVERGENCE_OBJECT row=0 layer=15 checkpoint=CP1 subobject=attn_norm result=MISMATCH elements=4096 mismatch_count=4096 first_index=0 actual_bits=0xbd7964b0 expected_bits=0xbd797256 max_abs=0.00014731287956237793 max_rel=1.9162870218645629 max_ulp=1876607418
FIRST_DIVERGENCE_OBJECT row=0 layer=15 checkpoint=CP2-Q subobject=qr result=MISMATCH elements=1024 mismatch_count=1024 first_index=0 actual_bits=0xbda1bacd expected_bits=0xbda19a6a max_abs=0.00017061829566955566 max_rel=0.28798111017987232 max_ulp=4574080
FIRST_DIVERGENCE_OBJECT row=0 layer=15 checkpoint=CP2-KV-P subobject=kv_raw result=MISMATCH elements=512 mismatch_count=512 first_index=0 actual_bits=0xbcd86982 expected_bits=0xbcd845e5 max_abs=0.00024582445621490479 max_rel=0.24271085960657504 max_ulp=3500032
FIRST_DIVERGENCE_OBJECT row=0 layer=15 checkpoint=CP2-KV-R subobject=raw_cache result=MISMATCH elements=512 mismatch_count=41 first_index=34 actual_bits=0x3b300000 expected_bits=0x3b100000 max_abs=0.0625 max_rel=0.1875 max_ulp=3145728
FIRST_DIVERGENCE_OBJECT row=0 layer=15 checkpoint=CP3-F subobject=attn_state_kv result=MISMATCH elements=65536 mismatch_count=512 first_index=8192 actual_bits=0xbd7eb7dc expected_bits=0xbd7edbdc max_abs=0.0001842007040977478 max_rel=0.95735136582753078 max_ulp=38412288
FIRST_DIVERGENCE_OBJECT row=0 layer=15 checkpoint=CP3-F subobject=attn_state_score result=MISMATCH elements=65536 mismatch_count=512 first_index=8192 actual_bits=0x3e788a38 expected_bits=0x3e787b90 max_abs=0.00051088631153106689 max_rel=0.328086164043082 max_ulp=4882688
FIRST_DIVERGENCE_OBJECT row=0 layer=15 checkpoint=CP3-F subobject=layer_n_comp result=EXACT elements=1
FIRST_DIVERGENCE_OBJECT row=0 layer=15 checkpoint=CP4 subobject=after_attn_hc result=MISMATCH elements=16384 mismatch_count=16378 first_index=0 actual_bits=0xbd72ff5b expected_bits=0xbd72ff49 max_abs=0.001637876033782959 max_rel=1.7420104347238621 max_ulp=1934900024
FIRST_DIVERGENCE_OBJECT row=0 layer=15 checkpoint=CP5 subobject=layer_output result=MISMATCH elements=16384 mismatch_count=16377 first_index=0 actual_bits=0xbd84e3cd expected_bits=0xbd84e2f9 max_abs=0.0018177628517150879 max_rel=0.5849300651550623 max_ulp=10231923
FIRST_DIVERGENCE_OBJECT row=0 layer=16 checkpoint=CP1 subobject=attn_norm result=MISMATCH elements=4096 mismatch_count=4096 first_index=0 actual_bits=0xbe0e58a6 expected_bits=0xbe0e5425 max_abs=0.0017481595277786255 max_rel=0.50618203281730123 max_ulp=8580422
FIRST_DIVERGENCE_OBJECT row=0 layer=16 checkpoint=CP2-Q subobject=qr result=MISMATCH elements=1024 mismatch_count=1024 first_index=0 actual_bits=0xbd88294e expected_bits=0xbd87ecf6 max_abs=0.00049249827861785889 max_rel=0.49825744857814946 max_ulp=8344896
FIRST_DIVERGENCE_OBJECT row=0 layer=16 checkpoint=CP2-KV-P subobject=kv_raw result=MISMATCH elements=512 mismatch_count=512 first_index=0 actual_bits=0x3e8bf8fc expected_bits=0x3e8bfec0 max_abs=0.000418100506067276 max_rel=1.7663748680697833 max_ulp=1874627585
FIRST_DIVERGENCE_OBJECT row=0 layer=16 checkpoint=CP2-KV-R subobject=raw_cache result=MISMATCH elements=512 mismatch_count=54 first_index=57 actual_bits=0x3f300000 expected_bits=0x3f200000 max_abs=0.0625 max_rel=1.8181818181818181 max_ulp=1916796929
FIRST_DIVERGENCE_OBJECT row=0 layer=16 checkpoint=CP3-F subobject=attn_state_kv result=MISMATCH elements=8192 mismatch_count=1024 first_index=4096 actual_bits=0x3dba4e8a expected_bits=0x3dba56ec max_abs=0.00049433112144470215 max_rel=0.093993535305728404 max_ulp=1417792
FIRST_DIVERGENCE_OBJECT row=0 layer=16 checkpoint=CP3-F subobject=attn_state_score result=MISMATCH elements=8192 mismatch_count=1024 first_index=4096 actual_bits=0xbfcc9287 expected_bits=0xbfcc7700 max_abs=0.0012122392654418945 max_rel=0.040699101575924199 max_ulp=424448
FIRST_DIVERGENCE_OBJECT row=0 layer=16 checkpoint=CP3-F subobject=layer_n_comp result=EXACT elements=1
FIRST_DIVERGENCE_OBJECT row=0 layer=16 checkpoint=CP3-F subobject=index_state_kv result=MISMATCH elements=2048 mismatch_count=256 first_index=1024 actual_bits=0x3e22a0c4 expected_bits=0x3e228174 max_abs=0.00052095204591751099 max_rel=0.19883094346515665 max_ulp=2925888
FIRST_DIVERGENCE_OBJECT row=0 layer=16 checkpoint=CP3-F subobject=index_state_score result=MISMATCH elements=2048 mismatch_count=256 first_index=1024 actual_bits=0xbfd35cb0 expected_bits=0xbfd34018 max_abs=0.0021457672119140625 max_rel=0.036908676694355283 max_ulp=330564
FIRST_DIVERGENCE_OBJECT row=0 layer=16 checkpoint=CP3-F subobject=layer_n_index_comp result=EXACT elements=1
FIRST_DIVERGENCE_OBJECT row=0 layer=16 checkpoint=CP4 subobject=after_attn_hc result=MISMATCH elements=16384 mismatch_count=16379 first_index=0 actual_bits=0xbd863d29 expected_bits=0xbd863c4b max_abs=0.0033142566680908203 max_rel=1.1544003579580022 max_ulp=1909828918
FIRST_DIVERGENCE_OBJECT row=0 layer=16 checkpoint=CP5 subobject=layer_output result=MISMATCH elements=16384 mismatch_count=16381 first_index=0 actual_bits=0xbd8d669a expected_bits=0xbd8d6748 max_abs=0.002300947904586792 max_rel=1.6249638532957902 max_ulp=1933708905
FIRST_DIVERGENCE_OBJECT row=0 layer=17 checkpoint=CP1 subobject=attn_norm result=MISMATCH elements=4096 mismatch_count=4096 first_index=0 actual_bits=0xbdbe8dc3 expected_bits=0xbdbe94e4 max_abs=0.00036490708589553833 max_rel=0.90935845434465301 max_ulp=29526583
FIRST_DIVERGENCE_OBJECT row=0 layer=17 checkpoint=CP2-Q subobject=qr result=MISMATCH elements=1024 mismatch_count=1024 first_index=0 actual_bits=0x3bb59eb8 expected_bits=0x3bbdd5ac max_abs=0.00050671398639678955 max_rel=0.6016772054287477 max_ulp=11764096
FIRST_DIVERGENCE_OBJECT row=0 layer=17 checkpoint=CP2-KV-P subobject=kv_raw result=MISMATCH elements=512 mismatch_count=512 first_index=0 actual_bits=0xbd159f48 expected_bits=0xbd15811d max_abs=0.000387534499168396 max_rel=0.16496831036322701 max_ulp=1798272
FIRST_DIVERGENCE_OBJECT row=0 layer=17 checkpoint=CP2-KV-R subobject=raw_cache result=MISMATCH elements=512 mismatch_count=60 first_index=18 actual_bits=0xbdf00000 expected_bits=0xbde00000 max_abs=0.0625 max_rel=0.20000000000000001 max_ulp=3145728
FIRST_DIVERGENCE_OBJECT row=0 layer=17 checkpoint=CP3-F subobject=attn_state_kv result=MISMATCH elements=65536 mismatch_count=512 first_index=8192 actual_bits=0x3ba71d28 expected_bits=0x3b9e7080 max_abs=0.00046648085117340088 max_rel=1.1071159902587053 max_ulp=1889301121
FIRST_DIVERGENCE_OBJECT row=0 layer=17 checkpoint=CP3-F subobject=attn_state_score result=MISMATCH elements=65536 mismatch_count=512 first_index=8192 actual_bits=0x3e92f626 expected_bits=0x3e92ffcd max_abs=0.0011304616928100586 max_rel=0.059424518520557496 max_ulp=828992
FIRST_DIVERGENCE_OBJECT row=0 layer=17 checkpoint=CP3-F subobject=layer_n_comp result=EXACT elements=1
FIRST_DIVERGENCE_OBJECT row=0 layer=17 checkpoint=CP4 subobject=after_attn_hc result=MISMATCH elements=16384 mismatch_count=16380 first_index=0 actual_bits=0xbd8edf7b expected_bits=0xbd8ee03a max_abs=0.0033408403396606445 max_rel=1.8866908193166776 max_ulp=1933633860
FIRST_DIVERGENCE_OBJECT row=0 layer=17 checkpoint=CP5 subobject=layer_output result=MISMATCH elements=16384 mismatch_count=16384 first_index=0 actual_bits=0xbd5cef99 expected_bits=0xbd5cf501 max_abs=0.0038020610809326172 max_rel=1.5386290595381975 max_ulp=1966638326
FIRST_DIVERGENCE_OBJECT row=0 layer=18 checkpoint=CP1 subobject=attn_norm result=MISMATCH elements=4096 mismatch_count=4096 first_index=0 actual_bits=0xbb62a047 expected_bits=0xbb6283af max_abs=0.000637054443359375 max_rel=1.0488646247231959 max_ulp=1824798009
FIRST_DIVERGENCE_OBJECT row=0 layer=18 checkpoint=CP2-Q subobject=qr result=MISMATCH elements=1024 mismatch_count=1024 first_index=0 actual_bits=0xbd869a5d expected_bits=0xbd86ba32 max_abs=0.00021766871213912964 max_rel=0.51961091935989956 max_ulp=8900608
FIRST_DIVERGENCE_OBJECT row=0 layer=18 checkpoint=CP2-KV-P subobject=kv_raw result=MISMATCH elements=512 mismatch_count=512 first_index=0 actual_bits=0xbd404362 expected_bits=0xbd40427a max_abs=0.00025540590286254883 max_rel=0.23690523403720221 max_ulp=3134912
FIRST_DIVERGENCE_OBJECT row=0 layer=18 checkpoint=CP2-KV-R subobject=raw_cache result=MISMATCH elements=512 mismatch_count=44 first_index=60 actual_bits=0x3e700000 expected_bits=0x3e600000 max_abs=0.03125 max_rel=0.25 max_ulp=3145728
FIRST_DIVERGENCE_OBJECT row=0 layer=18 checkpoint=CP3-F subobject=attn_state_kv result=MISMATCH elements=8192 mismatch_count=1024 first_index=4096 actual_bits=0xbc627954 expected_bits=0xbc63238c max_abs=0.0002073235809803009 max_rel=0.65798096570513409 max_ulp=12782592
FIRST_DIVERGENCE_OBJECT row=0 layer=18 checkpoint=CP3-F subobject=attn_state_score result=MISMATCH elements=8192 mismatch_count=1024 first_index=4096 actual_bits=0x3f37ba90 expected_bits=0x3f37d8ae max_abs=0.00081217288970947266 max_rel=0.12292423015382076 max_ulp=1953800
FIRST_DIVERGENCE_OBJECT row=0 layer=18 checkpoint=CP3-F subobject=layer_n_comp result=EXACT elements=1
FIRST_DIVERGENCE_OBJECT row=0 layer=18 checkpoint=CP3-F subobject=index_state_kv result=MISMATCH elements=2048 mismatch_count=256 first_index=1024 actual_bits=0x3d51cad3 expected_bits=0x3d51dee0 max_abs=0.00028106197714805603 max_rel=0.091116748977509723 max_ulp=1291776
FIRST_DIVERGENCE_OBJECT row=0 layer=18 checkpoint=CP3-F subobject=index_state_score result=MISMATCH elements=2048 mismatch_count=256 first_index=1024 actual_bits=0x3f995ec1 expected_bits=0x3f997072 max_abs=0.00083911418914794922 max_rel=0.013877449638636401 max_ulp=186376
FIRST_DIVERGENCE_OBJECT row=0 layer=18 checkpoint=CP3-F subobject=layer_n_index_comp result=EXACT elements=1
FIRST_DIVERGENCE_OBJECT row=0 layer=18 checkpoint=CP4 subobject=after_attn_hc result=MISMATCH elements=16384 mismatch_count=16383 first_index=0 actual_bits=0xbd9970ef expected_bits=0xbd9971ee max_abs=0.0045210719108581543 max_rel=1.6887258791733284 max_ulp=1945576440
FIRST_DIVERGENCE_OBJECT row=0 layer=18 checkpoint=CP5 subobject=layer_output result=MISMATCH elements=16384 mismatch_count=16383 first_index=0 actual_bits=0x3c9d2f0d expected_bits=0x3c9de144 max_abs=0.0047141313552856445 max_rel=1.6717293003742568 max_ulp=1950081288
FIRST_DIVERGENCE_OBJECT row=0 layer=19 checkpoint=CP1 subobject=attn_norm result=MISMATCH elements=4096 mismatch_count=4096 first_index=0 actual_bits=0x3ca06aac expected_bits=0x3ca0aa06 max_abs=0.00010177120566368103 max_rel=0.48239509235270578 max_ulp=8026314
FIRST_DIVERGENCE_OBJECT row=0 layer=19 checkpoint=CP2-Q subobject=qr result=MISMATCH elements=1024 mismatch_count=1024 first_index=0 actual_bits=0xbc1354a8 expected_bits=0xbc13bbc4 max_abs=0.00012041162699460983 max_rel=0.42578825266265952 max_ulp=6226688
FIRST_DIVERGENCE_OBJECT row=0 layer=19 checkpoint=CP2-KV-P subobject=kv_raw result=MISMATCH elements=512 mismatch_count=512 first_index=0 actual_bits=0x3d0abcd2 expected_bits=0x3d0a6e3c max_abs=0.00017659366130828857 max_rel=0.082304253949013223 max_ulp=1112448
FIRST_DIVERGENCE_OBJECT row=0 layer=19 checkpoint=CP2-KV-R subobject=raw_cache result=MISMATCH elements=512 mismatch_count=62 first_index=0 actual_bits=0x3ed00000 expected_bits=0x3ec00000 max_abs=0.125 max_rel=0.1111111111111111 max_ulp=1048576
FIRST_DIVERGENCE_OBJECT row=0 layer=19 checkpoint=CP3-F subobject=attn_state_kv result=MISMATCH elements=65536 mismatch_count=512 first_index=8192 actual_bits=0xbb7f5270 expected_bits=0xbb802cc0 max_abs=0.00015529617667198181 max_rel=0.076414121535243656 max_ulp=751712
FIRST_DIVERGENCE_OBJECT row=0 layer=19 checkpoint=CP3-F subobject=attn_state_score result=MISMATCH elements=65536 mismatch_count=512 first_index=8192 actual_bits=0x3d3e4291 expected_bits=0x3d3e9bde max_abs=0.00049710273742675781 max_rel=0.86115740740740743 max_ulp=23941120
FIRST_DIVERGENCE_OBJECT row=0 layer=19 checkpoint=CP3-F subobject=layer_n_comp result=EXACT elements=1
FIRST_DIVERGENCE_OBJECT row=0 layer=19 checkpoint=CP4 subobject=after_attn_hc result=MISMATCH elements=16384 mismatch_count=16384 first_index=0 actual_bits=0x3cdf2796 expected_bits=0x3cdfa09c max_abs=0.010867476463317871 max_rel=1.7175131078417223 max_ulp=1977811074
FIRST_DIVERGENCE_OBJECT row=0 layer=19 checkpoint=CP5 subobject=layer_output result=MISMATCH elements=16384 mismatch_count=16384 first_index=0 actual_bits=0x3c9efc18 expected_bits=0x3c9f600b max_abs=0.010623455047607422 max_rel=1.2309681411651947 max_ulp=1976177632
FIRST_DIVERGENCE_OBJECT row=0 layer=20 checkpoint=CP1 subobject=attn_norm result=MISMATCH elements=4096 mismatch_count=4096 first_index=0 actual_bits=0x3c4e512e expected_bits=0x3c4defcd max_abs=0.0030001401901245117 max_rel=1.1285389345444405 max_ulp=1853914398
FIRST_DIVERGENCE_OBJECT row=0 layer=20 checkpoint=CP2-Q subobject=qr result=MISMATCH elements=1024 mismatch_count=1024 first_index=0 actual_bits=0xbdb3ce84 expected_bits=0xbdb47faf max_abs=0.00057603418827056885 max_rel=0.73560597835920816 max_ulp=15962624
FIRST_DIVERGENCE_OBJECT row=0 layer=20 checkpoint=CP2-KV-P subobject=kv_raw result=MISMATCH elements=512 mismatch_count=512 first_index=0 actual_bits=0xbd80c022 expected_bits=0xbd807f68 max_abs=0.0005423426628112793 max_rel=1.4054037305571048 max_ulp=1900581889
FIRST_DIVERGENCE_OBJECT row=0 layer=20 checkpoint=CP2-KV-R subobject=raw_cache result=MISMATCH elements=512 mismatch_count=72 first_index=0 actual_bits=0xbf300000 expected_bits=0xbf200000 max_abs=0.125 max_rel=1.3999999999999999 max_ulp=1956642817
FIRST_DIVERGENCE_OBJECT row=0 layer=20 checkpoint=CP3-F subobject=attn_state_kv result=MISMATCH elements=8192 mismatch_count=1024 first_index=4096 actual_bits=0xbdc0dbd4 expected_bits=0xbdc0f728 max_abs=0.00055803731083869934 max_rel=1.603341173632471 max_ulp=1906170369
FIRST_DIVERGENCE_OBJECT row=0 layer=20 checkpoint=CP3-F subobject=attn_state_score result=MISMATCH elements=8192 mismatch_count=1024 first_index=4096 actual_bits=0xbf84b8ef expected_bits=0xbf84a8dc max_abs=0.0029474496841430664 max_rel=0.056069025550622202 max_ulp=819312
FIRST_DIVERGENCE_OBJECT row=0 layer=20 checkpoint=CP3-F subobject=layer_n_comp result=EXACT elements=1
FIRST_DIVERGENCE_OBJECT row=0 layer=20 checkpoint=CP3-F subobject=index_state_kv result=MISMATCH elements=2048 mismatch_count=256 first_index=1024 actual_bits=0xbb5e7684 expected_bits=0xbb595dc0 max_abs=0.00053223222494125366 max_rel=0.37750290552880622 max_ulp=5820672
FIRST_DIVERGENCE_OBJECT row=0 layer=20 checkpoint=CP3-F subobject=index_state_score result=MISMATCH elements=2048 mismatch_count=256 first_index=1024 actual_bits=0xbf6fa4dd expected_bits=0xbf6f8a2d max_abs=0.0036268234252929688 max_rel=0.094572617261082625 max_ulp=987640
FIRST_DIVERGENCE_OBJECT row=0 layer=20 checkpoint=CP3-F subobject=layer_n_index_comp result=EXACT elements=1
FIRST_DIVERGENCE_OBJECT row=0 layer=20 checkpoint=CP4 subobject=after_attn_hc result=MISMATCH elements=16384 mismatch_count=16384 first_index=0 actual_bits=0xbe982326 expected_bits=0xbe989217 max_abs=0.009983062744140625 max_rel=1.7683779411048779 max_ulp=1940436880
FIRST_DIVERGENCE_OBJECT row=0 layer=20 checkpoint=CP5 subobject=layer_output result=MISMATCH elements=16384 mismatch_count=16384 first_index=0 actual_bits=0xbe0f31f3 expected_bits=0xbe101fbb max_abs=0.0099651813507080078 max_rel=1.5683086679562401 max_ulp=1977451334
FIRST_DIVERGENCE_OBJECT row=0 layer=21 checkpoint=CP1 subobject=attn_norm result=MISMATCH elements=4096 mismatch_count=4096 first_index=0 actual_bits=0x3c9780eb expected_bits=0x3c96fef8 max_abs=0.00027260556817054749 max_rel=1.3384536758919761 max_ulp=1893486815
FIRST_DIVERGENCE_OBJECT row=0 layer=21 checkpoint=CP2-Q subobject=qr result=MISMATCH elements=1024 mismatch_count=1024 first_index=0 actual_bits=0xbe00ad2f expected_bits=0xbe00efa2 max_abs=0.00044699199497699738 max_rel=0.21221422523285352 max_ulp=3026624
FIRST_DIVERGENCE_OBJECT row=0 layer=21 checkpoint=CP2-KV-P subobject=kv_raw result=MISMATCH elements=512 mismatch_count=512 first_index=0 actual_bits=0xbd52f1a2 expected_bits=0xbd52b953 max_abs=0.00040337443351745605 max_rel=0.60617462579929415 max_ulp=11649632
FIRST_DIVERGENCE_OBJECT row=0 layer=21 checkpoint=CP2-KV-R subobject=raw_cache result=MISMATCH elements=512 mismatch_count=72 first_index=4 actual_bits=0x3e100000 expected_bits=0x3e000000 max_abs=0.0625 max_rel=0.625 max_ulp=11534336
FIRST_DIVERGENCE_OBJECT row=0 layer=21 checkpoint=CP3-F subobject=attn_state_kv result=MISMATCH elements=65536 mismatch_count=512 first_index=8192 actual_bits=0x3b9d2950 expected_bits=0x3b9baa58 max_abs=0.00025522708892822266 max_rel=1.1875772013410977 max_ulp=1849030657
FIRST_DIVERGENCE_OBJECT row=0 layer=21 checkpoint=CP3-F subobject=attn_state_score result=MISMATCH elements=65536 mismatch_count=512 first_index=8192 actual_bits=0x3e7ff990 expected_bits=0x3e80048c max_abs=0.00065252184867858887 max_rel=0.28560357629596828 max_ulp=4788032
FIRST_DIVERGENCE_OBJECT row=0 layer=21 checkpoint=CP3-F subobject=layer_n_comp result=EXACT elements=1
FIRST_DIVERGENCE_OBJECT row=0 layer=21 checkpoint=CP4 subobject=after_attn_hc result=MISMATCH elements=16384 mismatch_count=16384 first_index=0 actual_bits=0xbe1d458f expected_bits=0xbe1e2d5c max_abs=0.0093416571617126465 max_rel=1.3795920902509586 max_ulp=1961554472
FIRST_DIVERGENCE_OBJECT row=0 layer=21 checkpoint=CP5 subobject=layer_output result=MISMATCH elements=16384 mismatch_count=16383 first_index=0 actual_bits=0x3e3b8549 expected_bits=0x3e3b4411 max_abs=0.0096998810768127441 max_rel=1.9790064277755162 max_ulp=1991971378
FIRST_DIVERGENCE_OBJECT row=0 layer=22 checkpoint=CP1 subobject=attn_norm result=MISMATCH elements=4096 mismatch_count=4095 first_index=0 actual_bits=0x3d51d216 expected_bits=0x3d51c52b max_abs=0.0044329166412353516 max_rel=1.6805138153804662 max_ulp=1916273101
FIRST_DIVERGENCE_OBJECT row=0 layer=22 checkpoint=CP2-Q subobject=qr result=MISMATCH elements=1024 mismatch_count=1024 first_index=0 actual_bits=0xbe8410ae expected_bits=0xbe83fc7c max_abs=0.00096037983894348145 max_rel=0.41899574130929979 max_ulp=6294784
FIRST_DIVERGENCE_OBJECT row=0 layer=22 checkpoint=CP2-KV-P subobject=kv_raw result=MISMATCH elements=512 mismatch_count=512 first_index=0 actual_bits=0xbdc126ec expected_bits=0xbdc13ff0 max_abs=0.0006720125675201416 max_rel=0.22071545475800794 max_ulp=3495936
FIRST_DIVERGENCE_OBJECT row=0 layer=22 checkpoint=CP2-KV-R subobject=raw_cache result=MISMATCH elements=512 mismatch_count=71 first_index=13 actual_bits=0xbcb00000 expected_bits=0xbcc00000 max_abs=0.125 max_rel=1.2356201318154583 max_ulp=1955938305
FIRST_DIVERGENCE_OBJECT row=0 layer=22 checkpoint=CP3-F subobject=attn_state_kv result=MISMATCH elements=8192 mismatch_count=1024 first_index=4096 actual_bits=0xbde7f544 expected_bits=0xbde7ff4b max_abs=0.00087511539459228516 max_rel=1.2586154684755617 max_ulp=1896246785
FIRST_DIVERGENCE_OBJECT row=0 layer=22 checkpoint=CP3-F subobject=attn_state_score result=MISMATCH elements=8192 mismatch_count=1024 first_index=4096 actual_bits=0xbfe4a635 expected_bits=0xbfe499dc max_abs=0.0034916400909423828 max_rel=0.33295863108779633 max_ulp=4777088
FIRST_DIVERGENCE_OBJECT row=0 layer=22 checkpoint=CP3-F subobject=layer_n_comp result=EXACT elements=1
FIRST_DIVERGENCE_OBJECT row=0 layer=22 checkpoint=CP3-F subobject=index_state_kv result=MISMATCH elements=2048 mismatch_count=256 first_index=1024 actual_bits=0x3e334467 expected_bits=0x3e3322b1 max_abs=0.0012302398681640625 max_rel=0.23164756203205247 max_ulp=3833504
FIRST_DIVERGENCE_OBJECT row=0 layer=22 checkpoint=CP3-F subobject=index_state_score result=MISMATCH elements=2048 mismatch_count=256 first_index=1024 actual_bits=0xc0095cee expected_bits=0xc0095a52 max_abs=0.002775728702545166 max_rel=0.77223465403009961 max_ulp=17815040
FIRST_DIVERGENCE_OBJECT row=0 layer=22 checkpoint=CP3-F subobject=layer_n_index_comp result=EXACT elements=1
FIRST_DIVERGENCE_OBJECT row=0 layer=22 checkpoint=CP4 subobject=after_attn_hc result=MISMATCH elements=16384 mismatch_count=16383 first_index=0 actual_bits=0x3c3a3f26 expected_bits=0x3c460ad2 max_abs=0.0092508941888809204 max_rel=1.7557235141143093 max_ulp=1985251401
FIRST_DIVERGENCE_OBJECT row=0 layer=22 checkpoint=CP5 subobject=layer_output result=MISMATCH elements=16384 mismatch_count=16383 first_index=0 actual_bits=0x3dc76457 expected_bits=0x3dc8ab9a max_abs=0.0099796056747436523 max_rel=1.8061394822491608 max_ulp=1973095534
FIRST_DIVERGENCE_OBJECT row=0 layer=23 checkpoint=CP1 subobject=attn_norm result=MISMATCH elements=4096 mismatch_count=4096 first_index=0 actual_bits=0x3ce924d9 expected_bits=0x3ce8e299 max_abs=0.00040430575609207153 max_rel=0.75499033944629801 max_ulp=17082973
FIRST_DIVERGENCE_OBJECT row=0 layer=23 checkpoint=CP2-Q subobject=qr result=MISMATCH elements=1024 mismatch_count=1024 first_index=0 actual_bits=0x3e6d53a1 expected_bits=0x3e6d48dd max_abs=0.0006688535213470459 max_rel=1.4971176977894785 max_ulp=1876377089
FIRST_DIVERGENCE_OBJECT row=0 layer=23 checkpoint=CP2-KV-P subobject=kv_raw result=MISMATCH elements=512 mismatch_count=512 first_index=0 actual_bits=0xbda3dd44 expected_bits=0xbda3e0c1 max_abs=0.00081725418567657471 max_rel=0.72859083887058651 max_ulp=16041056
FIRST_DIVERGENCE_OBJECT row=0 layer=23 checkpoint=CP2-KV-R subobject=raw_cache result=MISMATCH elements=512 mismatch_count=76 first_index=43 actual_bits=0xbc200000 expected_bits=0xbc500000 max_abs=0.125 max_rel=0.71875 max_ulp=15728640
FIRST_DIVERGENCE_OBJECT row=0 layer=23 checkpoint=CP3-F subobject=attn_state_kv result=MISMATCH elements=65536 mismatch_count=512 first_index=8192 actual_bits=0x3e4b28ac expected_bits=0x3e4b3152 max_abs=0.0012636780738830566 max_rel=0.40016574953773371 max_ulp=6087264
FIRST_DIVERGENCE_OBJECT row=0 layer=23 checkpoint=CP3-F subobject=attn_state_score result=MISMATCH elements=65536 mismatch_count=512 first_index=8192 actual_bits=0xbdb64bc1 expected_bits=0xbdb54478 max_abs=0.0010061264038085938 max_rel=0.18695726602135143 max_ulp=3075456
FIRST_DIVERGENCE_OBJECT row=0 layer=23 checkpoint=CP3-F subobject=layer_n_comp result=EXACT elements=1
FIRST_DIVERGENCE_OBJECT row=0 layer=23 checkpoint=CP4 subobject=after_attn_hc result=MISMATCH elements=16384 mismatch_count=16384 first_index=0 actual_bits=0x3da5ed8f expected_bits=0x3da6fd21 max_abs=0.0097178220748901367 max_rel=1.7367050081406363 max_ulp=1977978937
FIRST_DIVERGENCE_OBJECT row=0 layer=23 checkpoint=CP5 subobject=layer_output result=MISMATCH elements=16384 mismatch_count=16383 first_index=0 actual_bits=0x3ddc25bc expected_bits=0x3ddd2f89 max_abs=0.0096158981323242188 max_rel=1.93727832292849 max_ulp=1973868518
FIRST_DIVERGENCE_OBJECT row=0 layer=24 checkpoint=CP1 subobject=attn_norm result=MISMATCH elements=4096 mismatch_count=4096 first_index=0 actual_bits=0x3d56760e expected_bits=0x3d568cb7 max_abs=0.0029864311218261719 max_rel=1.2902339190924306 max_ulp=1885233861
FIRST_DIVERGENCE_OBJECT row=0 layer=24 checkpoint=CP2-Q subobject=qr result=MISMATCH elements=1024 mismatch_count=1024 first_index=0 actual_bits=0xbf04435d expected_bits=0xbf045361 max_abs=0.00077646970748901367 max_rel=1.938247402470104 max_ulp=1931585665
FIRST_DIVERGENCE_OBJECT row=0 layer=24 checkpoint=CP2-KV-P subobject=kv_raw result=MISMATCH elements=512 mismatch_count=512 first_index=0 actual_bits=0x3d5d990b expected_bits=0x3d5d00f4 max_abs=0.00089402496814727783 max_rel=1.717319536831732 max_ulp=1918131329
FIRST_DIVERGENCE_OBJECT row=0 layer=24 checkpoint=CP2-KV-R subobject=raw_cache result=MISMATCH elements=512 mismatch_count=75 first_index=1 actual_bits=0xbee00000 expected_bits=0xbed00000 max_abs=0.0625 max_rel=1.7 max_ulp=1946157057
FIRST_DIVERGENCE_OBJECT row=0 layer=24 checkpoint=CP3-F subobject=attn_state_kv result=MISMATCH elements=8192 mismatch_count=1024 first_index=4096 actual_bits=0xbe5a5b12 expected_bits=0xbe5a5cb7 max_abs=0.00068096816539764404 max_rel=1.7715747498307126 max_ulp=1930173185
FIRST_DIVERGENCE_OBJECT row=0 layer=24 checkpoint=CP3-F subobject=attn_state_score result=MISMATCH elements=8192 mismatch_count=1024 first_index=4096 actual_bits=0xc011b153 expected_bits=0xc011a085 max_abs=0.004566192626953125 max_rel=0.31373495199878093 max_ulp=4743552
FIRST_DIVERGENCE_OBJECT row=0 layer=24 checkpoint=CP3-F subobject=layer_n_comp result=EXACT elements=1
FIRST_DIVERGENCE_OBJECT row=0 layer=24 checkpoint=CP3-F subobject=index_state_kv result=MISMATCH elements=2048 mismatch_count=256 first_index=1024 actual_bits=0xbdb2dc1c expected_bits=0xbdb330f4 max_abs=0.00079679489135742188 max_rel=0.15119083806734068 max_ulp=2451072
FIRST_DIVERGENCE_OBJECT row=0 layer=24 checkpoint=CP3-F subobject=index_state_score result=MISMATCH elements=2048 mismatch_count=256 first_index=1024 actual_bits=0xc0084a26 expected_bits=0xc008399b max_abs=0.0043950080871582031 max_rel=0.02974595360022184 max_ulp=418784
FIRST_DIVERGENCE_OBJECT row=0 layer=24 checkpoint=CP3-F subobject=layer_n_index_comp result=EXACT elements=1
FIRST_DIVERGENCE_OBJECT row=0 layer=24 checkpoint=CP4 subobject=after_attn_hc result=MISMATCH elements=16384 mismatch_count=16384 first_index=0 actual_bits=0xbe8e313e expected_bits=0xbe8b7f87 max_abs=0.031851710751652718 max_rel=1.8165386717958063 max_ulp=2011062501
FIRST_DIVERGENCE_OBJECT row=0 layer=24 checkpoint=CP5 subobject=layer_output result=MISMATCH elements=16384 mismatch_count=16383 first_index=0 actual_bits=0xbeffd664 expected_bits=0xbefce769 max_abs=0.031370270997285843 max_rel=1.8480774236285118 max_ulp=2007956552
FIRST_DIVERGENCE_OBJECT row=0 layer=25 checkpoint=CP1 subobject=attn_norm result=MISMATCH elements=4096 mismatch_count=4096 first_index=0 actual_bits=0x3bbf7cba expected_bits=0x3bbf8f8f max_abs=8.3405524492263794e-05 max_rel=1.9961450724173946 max_ulp=1865200821
FIRST_DIVERGENCE_OBJECT row=0 layer=25 checkpoint=CP2-Q subobject=qr result=MISMATCH elements=1024 mismatch_count=1024 first_index=0 actual_bits=0xbd1dd8fe expected_bits=0xbd1e15ba max_abs=0.00012255832552909851 max_rel=0.14475993635483819 max_ulp=2259200
FIRST_DIVERGENCE_OBJECT row=0 layer=25 checkpoint=CP2-KV-P subobject=kv_raw result=MISMATCH elements=512 mismatch_count=512 first_index=0 actual_bits=0x3d4adc40 expected_bits=0x3d4ac9e6 max_abs=0.0001459755003452301 max_rel=0.6086669889684877 max_ulp=10920448
FIRST_DIVERGENCE_OBJECT row=0 layer=25 checkpoint=CP2-KV-R subobject=raw_cache result=MISMATCH elements=512 mismatch_count=57 first_index=23 actual_bits=0xbe100000 expected_bits=0xbe200000 max_abs=0.0625 max_rel=0.42307692307692307 max_ulp=6291456
FIRST_DIVERGENCE_OBJECT row=0 layer=25 checkpoint=CP3-F subobject=attn_state_kv result=MISMATCH elements=65536 mismatch_count=512 first_index=8192 actual_bits=0x3d92a8c9 expected_bits=0x3d92b538 max_abs=0.00015842914581298828 max_rel=0.22675302712801335 max_ulp=3156064
FIRST_DIVERGENCE_OBJECT row=0 layer=25 checkpoint=CP3-F subobject=attn_state_score result=MISMATCH elements=65536 mismatch_count=512 first_index=8192 actual_bits=0xbd07dd10 expected_bits=0xbd07f85b max_abs=0.00035548210144042969 max_rel=0.61170676653157541 max_ulp=11175808
FIRST_DIVERGENCE_OBJECT row=0 layer=25 checkpoint=CP3-F subobject=layer_n_comp result=EXACT elements=1
FIRST_DIVERGENCE_OBJECT row=0 layer=25 checkpoint=CP4 subobject=after_attn_hc result=MISMATCH elements=16384 mismatch_count=16384 first_index=0 actual_bits=0xbeeb74af expected_bits=0xbee8a9b8 max_abs=0.030890874564647675 max_rel=1.9355929859325027 max_ulp=2015787575
FIRST_DIVERGENCE_OBJECT row=0 layer=25 checkpoint=CP5 subobject=layer_output result=MISMATCH elements=16384 mismatch_count=16384 first_index=0 actual_bits=0xbeab9c30 expected_bits=0xbea93878 max_abs=0.030511707067489624 max_rel=1.8474899215131255 max_ulp=2013743955
FIRST_DIVERGENCE_OBJECT row=0 layer=26 checkpoint=CP1 subobject=attn_norm result=MISMATCH elements=4096 mismatch_count=4095 first_index=0 actual_bits=0x3cf2780b expected_bits=0x3cf22f3a max_abs=0.0038953125476837158 max_rel=1.6476130601095884 max_ulp=1878319594
FIRST_DIVERGENCE_OBJECT row=0 layer=26 checkpoint=CP2-Q subobject=qr result=MISMATCH elements=1024 mismatch_count=1024 first_index=0 actual_bits=0x3cd2fb76 expected_bits=0x3cd25919 max_abs=0.00035597383975982666 max_rel=0.28269687376335578 max_ulp=4452480
FIRST_DIVERGENCE_OBJECT row=0 layer=26 checkpoint=CP2-KV-P subobject=kv_raw result=MISMATCH elements=512 mismatch_count=512 first_index=0 actual_bits=0x3eaee439 expected_bits=0x3eaede8c max_abs=0.00036879628896713257 max_rel=0.096990379379197675 max_ulp=1284032
FIRST_DIVERGENCE_OBJECT row=0 layer=26 checkpoint=CP2-KV-R subobject=raw_cache result=MISMATCH elements=512 mismatch_count=60 first_index=54 actual_bits=0x3e100000 expected_bits=0x3e200000 max_abs=0.0625 max_rel=0.1111111111111111 max_ulp=1048576
FIRST_DIVERGENCE_OBJECT row=0 layer=26 checkpoint=CP3-F subobject=attn_state_kv result=MISMATCH elements=8192 mismatch_count=1024 first_index=4096 actual_bits=0xbe8c7f7b expected_bits=0xbe8c7bee max_abs=0.00037901848554611206 max_rel=0.41550821499790241 max_ulp=6506688
FIRST_DIVERGENCE_OBJECT row=0 layer=26 checkpoint=CP3-F subobject=attn_state_score result=MISMATCH elements=8192 mismatch_count=1024 first_index=4096 actual_bits=0x3e189134 expected_bits=0x3e1b5d1c max_abs=0.0039848089218139648 max_rel=1.2385105315375931 max_ulp=1968089601
FIRST_DIVERGENCE_OBJECT row=0 layer=26 checkpoint=CP3-F subobject=layer_n_comp result=EXACT elements=1
FIRST_DIVERGENCE_OBJECT row=0 layer=26 checkpoint=CP3-F subobject=index_state_kv result=MISMATCH elements=2048 mismatch_count=256 first_index=1024 actual_bits=0x3de7c649 expected_bits=0x3de78c8e max_abs=0.00035733729600906372 max_rel=0.050021772858761408 max_ulp=803184
FIRST_DIVERGENCE_OBJECT row=0 layer=26 checkpoint=CP3-F subobject=index_state_score result=MISMATCH elements=2048 mismatch_count=256 first_index=1024 actual_bits=0x3e48d18f expected_bits=0x3e4bf380 max_abs=0.005390167236328125 max_rel=1.7662617212199485 max_ulp=1971364353
FIRST_DIVERGENCE_OBJECT row=0 layer=26 checkpoint=CP3-F subobject=layer_n_index_comp result=EXACT elements=1
FIRST_DIVERGENCE_OBJECT row=0 layer=26 checkpoint=CP4 subobject=after_attn_hc result=MISMATCH elements=16384 mismatch_count=16384 first_index=0 actual_bits=0xbeb3f4ff expected_bits=0xbeb18bf2 max_abs=0.030126512050628662 max_rel=1.7465054697071116 max_ulp=2000237911
FIRST_DIVERGENCE_OBJECT row=0 layer=26 checkpoint=CP5 subobject=layer_output result=MISMATCH elements=16384 mismatch_count=16383 first_index=0 actual_bits=0xbc1afdf7 expected_bits=0xbbaa3fc8 max_abs=0.029781386256217957 max_rel=1.7242810524317469 max_ulp=2011626058
FIRST_DIVERGENCE_OBJECT row=0 layer=27 checkpoint=CP1 subobject=attn_norm result=MISMATCH elements=4096 mismatch_count=4096 first_index=0 actual_bits=0x3c78c576 expected_bits=0x3c79540d max_abs=0.00044061802327632904 max_rel=1.4172612295365212 max_ulp=1899797872
FIRST_DIVERGENCE_OBJECT row=0 layer=27 checkpoint=CP2-Q subobject=qr result=MISMATCH elements=1024 mismatch_count=1024 first_index=0 actual_bits=0x3df989a0 expected_bits=0x3df9967d max_abs=0.00054358690977096558 max_rel=1.8031889036523316 max_ulp=1890759169
FIRST_DIVERGENCE_OBJECT row=0 layer=27 checkpoint=CP2-KV-P subobject=kv_raw result=MISMATCH elements=512 mismatch_count=512 first_index=0 actual_bits=0x3ce640f4 expected_bits=0x3ce5ef54 max_abs=0.00037327408790588379 max_rel=0.46593229329399882 max_ulp=7788480
FIRST_DIVERGENCE_OBJECT row=0 layer=27 checkpoint=CP2-KV-R subobject=raw_cache result=MISMATCH elements=512 mismatch_count=74 first_index=8 actual_bits=0x3f400000 expected_bits=0x3f300000 max_abs=0.125 max_rel=0.46666666666666667 max_ulp=7340032
FIRST_DIVERGENCE_OBJECT row=0 layer=27 checkpoint=CP3-F subobject=attn_state_kv result=MISMATCH elements=65536 mismatch_count=512 first_index=8192 actual_bits=0xbc941f51 expected_bits=0xbc92c48a max_abs=0.00072440505027770996 max_rel=0.52146918013165766 max_ulp=8976384
FIRST_DIVERGENCE_OBJECT row=0 layer=27 checkpoint=CP3-F subobject=attn_state_score result=MISMATCH elements=65536 mismatch_count=511 first_index=8192 actual_bits=0xbde74f92 expected_bits=0xbde81cc7 max_abs=0.00094941258430480957 max_rel=0.43766192435082923 max_ulp=6696224
FIRST_DIVERGENCE_OBJECT row=0 layer=27 checkpoint=CP3-F subobject=layer_n_comp result=EXACT elements=1
FIRST_DIVERGENCE_OBJECT row=0 layer=27 checkpoint=CP4 subobject=after_attn_hc result=MISMATCH elements=16384 mismatch_count=16384 first_index=0 actual_bits=0x3f03eb8f expected_bits=0x3f052297 max_abs=0.028484027832746506 max_rel=1.8188617778073266 max_ulp=2005036763
FIRST_DIVERGENCE_OBJECT row=0 layer=27 checkpoint=CP5 subobject=layer_output result=MISMATCH elements=16384 mismatch_count=16384 first_index=0 actual_bits=0x3f67a638 expected_bits=0x3f68b0bf max_abs=0.029145240783691406 max_rel=1.4436923179721295 max_ulp=2010866610
FIRST_DIVERGENCE_OBJECT row=0 layer=28 checkpoint=CP1 subobject=attn_norm result=MISMATCH elements=4096 mismatch_count=4096 first_index=0 actual_bits=0x3d2fd9d4 expected_bits=0x3d2f8f5e max_abs=0.0031365752220153809 max_rel=0.86646106282009483 max_ulp=24109070
FIRST_DIVERGENCE_OBJECT row=0 layer=28 checkpoint=CP2-Q subobject=qr result=MISMATCH elements=1024 mismatch_count=1024 first_index=0 actual_bits=0x3e0f1a96 expected_bits=0x3e0f15a2 max_abs=0.00044472143054008484 max_rel=0.37079408678076781 max_ulp=5835648
FIRST_DIVERGENCE_OBJECT row=0 layer=28 checkpoint=CP2-KV-P subobject=kv_raw result=MISMATCH elements=512 mismatch_count=512 first_index=0 actual_bits=0x3d5a1e78 expected_bits=0x3d5a360a max_abs=0.00041417405009269714 max_rel=0.31540900661645183 max_ulp=4260480
FIRST_DIVERGENCE_OBJECT row=0 layer=28 checkpoint=CP2-KV-R subobject=raw_cache result=MISMATCH elements=512 mismatch_count=70 first_index=32 actual_bits=0xbfb00000 expected_bits=0xbfa00000 max_abs=0.125 max_rel=0.33333333333333331 max_ulp=5242880
FIRST_DIVERGENCE_OBJECT row=0 layer=28 checkpoint=CP3-F subobject=attn_state_kv result=MISMATCH elements=8192 mismatch_count=1024 first_index=4096 actual_bits=0x3d88c6bc expected_bits=0x3d889c58 max_abs=0.00059469789266586304 max_rel=0.19192076929399193 max_ulp=2988928
FIRST_DIVERGENCE_OBJECT row=0 layer=28 checkpoint=CP3-F subobject=attn_state_score result=MISMATCH elements=8192 mismatch_count=1023 first_index=4096 actual_bits=0x3fbe9be4 expected_bits=0x3fbeed46 max_abs=0.0043516159057617188 max_rel=0.10149471666873089 max_ulp=996480
FIRST_DIVERGENCE_OBJECT row=0 layer=28 checkpoint=CP3-F subobject=layer_n_comp result=EXACT elements=1
FIRST_DIVERGENCE_OBJECT row=0 layer=28 checkpoint=CP3-F subobject=index_state_kv result=MISMATCH elements=2048 mismatch_count=255 first_index=1024 actual_bits=0xbe608b67 expected_bits=0xbe60a306 max_abs=0.00047574937343597412 max_rel=0.6983079158419806 max_ulp=14463872
FIRST_DIVERGENCE_OBJECT row=0 layer=28 checkpoint=CP3-F subobject=index_state_score result=MISMATCH elements=2048 mismatch_count=256 first_index=1024 actual_bits=0x3fc0c15a expected_bits=0x3fc119af max_abs=0.0052189826965332031 max_rel=0.0061845850933781171 max_ulp=75361
FIRST_DIVERGENCE_OBJECT row=0 layer=28 checkpoint=CP3-F subobject=layer_n_index_comp result=EXACT elements=1
FIRST_DIVERGENCE_OBJECT row=0 layer=28 checkpoint=CP4 subobject=after_attn_hc result=MISMATCH elements=16384 mismatch_count=16384 first_index=0 actual_bits=0x3f6323aa expected_bits=0x3f64284b max_abs=0.029235363006591797 max_rel=1.9587952751935072 max_ulp=2013530880
FIRST_DIVERGENCE_OBJECT row=0 layer=28 checkpoint=CP5 subobject=layer_output result=MISMATCH elements=16384 mismatch_count=16384 first_index=0 actual_bits=0x3f2d18b4 expected_bits=0x3f2e1d74 max_abs=0.029535174369812012 max_rel=1.7659559433942527 max_ulp=2010693246
FIRST_DIVERGENCE_OBJECT row=0 layer=29 checkpoint=CP1 subobject=attn_norm result=MISMATCH elements=4096 mismatch_count=4096 first_index=0 actual_bits=0x3d2c0183 expected_bits=0x3d2bb046 max_abs=0.00040181353688240051 max_rel=0.99139669281093956 max_ulp=57759424
FIRST_DIVERGENCE_OBJECT row=0 layer=29 checkpoint=CP2-Q subobject=qr result=MISMATCH elements=1024 mismatch_count=1024 first_index=0 actual_bits=0xbd9d6550 expected_bits=0xbd9df34f max_abs=0.00053435005247592926 max_rel=1.7646098143440412 max_ulp=1908368385
FIRST_DIVERGENCE_OBJECT row=0 layer=29 checkpoint=CP2-KV-P subobject=kv_raw result=MISMATCH elements=512 mismatch_count=512 first_index=0 actual_bits=0xbd0b963a expected_bits=0xbd0bd06a max_abs=0.00060522556304931641 max_rel=0.76961337416814424 max_ulp=17649408
FIRST_DIVERGENCE_OBJECT row=0 layer=29 checkpoint=CP2-KV-R subobject=raw_cache result=MISMATCH elements=512 mismatch_count=85 first_index=9 actual_bits=0xbe400000 expected_bits=0xbe500000 max_abs=0.125 max_rel=0.77083333333333337 max_ulp=17825792
FIRST_DIVERGENCE_OBJECT row=0 layer=29 checkpoint=CP3-F subobject=attn_state_kv result=MISMATCH elements=65536 mismatch_count=512 first_index=8192 actual_bits=0x3e120052 expected_bits=0x3e11cda8 max_abs=0.00058161839842796326 max_rel=0.60009274048122008 max_ulp=10875264
FIRST_DIVERGENCE_OBJECT row=0 layer=29 checkpoint=CP3-F subobject=attn_state_score result=MISMATCH elements=65536 mismatch_count=512 first_index=8192 actual_bits=0x3dc24f60 expected_bits=0x3dc44ab8 max_abs=0.0020710229873657227 max_rel=0.62697253068381065 max_ulp=12142848
FIRST_DIVERGENCE_OBJECT row=0 layer=29 checkpoint=CP3-F subobject=layer_n_comp result=EXACT elements=1
FIRST_DIVERGENCE_OBJECT row=0 layer=29 checkpoint=CP4 subobject=after_attn_hc result=MISMATCH elements=16384 mismatch_count=16382 first_index=0 actual_bits=0x3f2b2ab4 expected_bits=0x3f2c2cad max_abs=0.039130210876464844 max_rel=1.9449233100455965 max_ulp=2012187336
FIRST_DIVERGENCE_OBJECT row=0 layer=29 checkpoint=CP5 subobject=layer_output result=MISMATCH elements=16384 mismatch_count=16384 first_index=0 actual_bits=0x3f072cc6 expected_bits=0x3f08425c max_abs=0.040649652481079102 max_rel=1.935903864990415 max_ulp=2008493968
FIRST_DIVERGENCE_OBJECT row=0 layer=30 checkpoint=CP1 subobject=attn_norm result=MISMATCH elements=4096 mismatch_count=4096 first_index=0 actual_bits=0x3c001844 expected_bits=0x3bfcb529 max_abs=0.0079486370086669922 max_rel=1.7983399905128583 max_ulp=1923816154
FIRST_DIVERGENCE_OBJECT row=0 layer=30 checkpoint=CP2-Q subobject=qr result=MISMATCH elements=1024 mismatch_count=1022 first_index=0 actual_bits=0xbd964ad0 expected_bits=0xbd961f55 max_abs=0.00082369893789291382 max_rel=0.60859367300680001 max_ulp=11267392
FIRST_DIVERGENCE_OBJECT row=0 layer=30 checkpoint=CP2-KV-P subobject=kv_raw result=MISMATCH elements=512 mismatch_count=512 first_index=0 actual_bits=0x3d584271 expected_bits=0x3d5948fc max_abs=0.0011900067329406738 max_rel=0.24565245274347067 max_ulp=2967456
FIRST_DIVERGENCE_OBJECT row=0 layer=30 checkpoint=CP2-KV-R subobject=raw_cache result=MISMATCH elements=512 mismatch_count=77 first_index=15 actual_bits=0xbdb00000 expected_bits=0xbda00000 max_abs=0.125 max_rel=0.25 max_ulp=3145728
FIRST_DIVERGENCE_OBJECT row=0 layer=30 checkpoint=CP3-F subobject=attn_state_kv result=MISMATCH elements=8192 mismatch_count=1024 first_index=4096 actual_bits=0xbca21a71 expected_bits=0xbca1f6da max_abs=0.0022125095129013062 max_rel=0.43421215521682355 max_ulp=6958816
FIRST_DIVERGENCE_OBJECT row=0 layer=30 checkpoint=CP3-F subobject=attn_state_score result=MISMATCH elements=8192 mismatch_count=1024 first_index=4096 actual_bits=0x3f4049f8 expected_bits=0x3f3fe71c max_abs=0.010570645332336426 max_rel=0.38014957620076451 max_ulp=5489664
FIRST_DIVERGENCE_OBJECT row=0 layer=30 checkpoint=CP3-F subobject=layer_n_comp result=EXACT elements=1
FIRST_DIVERGENCE_OBJECT row=0 layer=30 checkpoint=CP3-F subobject=index_state_kv result=MISMATCH elements=2048 mismatch_count=256 first_index=1024 actual_bits=0x3bac9784 expected_bits=0x3bb260e0 max_abs=0.0018805563449859619 max_rel=0.20323998943276597 max_ulp=2757248
FIRST_DIVERGENCE_OBJECT row=0 layer=30 checkpoint=CP3-F subobject=index_state_score result=MISMATCH elements=2048 mismatch_count=256 first_index=1024 actual_bits=0x3eed10e6 expected_bits=0x3eebd89c max_abs=0.011871099472045898 max_rel=0.13801874438662526 max_ulp=1932576
FIRST_DIVERGENCE_OBJECT row=0 layer=30 checkpoint=CP3-F subobject=layer_n_index_comp result=EXACT elements=1
FIRST_DIVERGENCE_OBJECT row=0 layer=30 checkpoint=CP4 subobject=after_attn_hc result=MISMATCH elements=16384 mismatch_count=16384 first_index=0 actual_bits=0x3f0532db expected_bits=0x3f072975 max_abs=0.14165646210312843 max_rel=1.9058182368338412 max_ulp=2064586518
FIRST_DIVERGENCE_OBJECT row=0 layer=30 checkpoint=CP5 subobject=layer_output result=MISMATCH elements=16384 mismatch_count=16384 first_index=0 actual_bits=0x3eb03986 expected_bits=0x3eb3b48d max_abs=0.13207745552062988 max_rel=1.909227616445299 max_ulp=2017381953
FIRST_DIVERGENCE_OBJECT row=0 layer=31 checkpoint=CP1 subobject=attn_norm result=MISMATCH elements=4096 mismatch_count=4096 first_index=0 actual_bits=0xb7928227 expected_bits=0x380336e3 max_abs=0.00087128579616546631 max_rel=1.874593888571805 max_ulp=1911983155
FIRST_DIVERGENCE_OBJECT row=0 layer=31 checkpoint=CP2-Q subobject=qr result=MISMATCH elements=1024 mismatch_count=1023 first_index=0 actual_bits=0x3d17aaee expected_bits=0x3d1916eb max_abs=0.00060670077800750732 max_rel=1.2501602894991362 max_ulp=1902613121
FIRST_DIVERGENCE_OBJECT row=0 layer=31 checkpoint=CP2-KV-P subobject=kv_raw result=MISMATCH elements=512 mismatch_count=512 first_index=0 actual_bits=0xbc8e20f2 expected_bits=0xbc8f1936 max_abs=0.00079125165939331055 max_rel=0.4890257989988448 max_ulp=8118656
FIRST_DIVERGENCE_OBJECT row=0 layer=31 checkpoint=CP2-KV-R subobject=raw_cache result=MISMATCH elements=512 mismatch_count=95 first_index=5 actual_bits=0xbf100000 expected_bits=0xbf000000 max_abs=0.0625 max_rel=0.44444444444444442 max_ulp=7340032
FIRST_DIVERGENCE_OBJECT row=0 layer=31 checkpoint=CP3-F subobject=attn_state_kv result=MISMATCH elements=65536 mismatch_count=512 first_index=8192 actual_bits=0x3c0d595d expected_bits=0x3c0fee84 max_abs=0.00063378363847732544 max_rel=0.29476716871288411 max_ulp=3794592
FIRST_DIVERGENCE_OBJECT row=0 layer=31 checkpoint=CP3-F subobject=attn_state_score result=MISMATCH elements=65536 mismatch_count=512 first_index=8192 actual_bits=0xbd92dc6a expected_bits=0xbd9281ba max_abs=0.0019547343254089355 max_rel=0.37131209527577591 max_ulp=5099584
FIRST_DIVERGENCE_OBJECT row=0 layer=31 checkpoint=CP3-F subobject=layer_n_comp result=EXACT elements=1
FIRST_DIVERGENCE_OBJECT row=0 layer=31 checkpoint=CP4 subobject=after_attn_hc result=MISMATCH elements=16384 mismatch_count=16384 first_index=0 actual_bits=0x3f0b3aa7 expected_bits=0x3f0ccc86 max_abs=0.13078665733337402 max_rel=1.9348705745587884 max_ulp=2026000628
FIRST_DIVERGENCE_OBJECT row=0 layer=31 checkpoint=CP5 subobject=layer_output result=MISMATCH elements=16384 mismatch_count=16384 first_index=0 actual_bits=0x3ec7785f expected_bits=0x3ecb1991 max_abs=0.11890411376953125 max_rel=1.9721942930072922 max_ulp=2037458246
FIRST_DIVERGENCE_OBJECT row=0 layer=32 checkpoint=CP1 subobject=attn_norm result=MISMATCH elements=4096 mismatch_count=4096 first_index=0 actual_bits=0x3baa62c0 expected_bits=0x3baf8738 max_abs=0.016239643096923828 max_rel=1.4980513684619268 max_ulp=1912276026
FIRST_DIVERGENCE_OBJECT row=0 layer=32 checkpoint=CP2-Q subobject=qr result=MISMATCH elements=1024 mismatch_count=1024 first_index=0 actual_bits=0x3de035de expected_bits=0x3de02fba max_abs=0.001187080517411232 max_rel=0.66825865839078746 max_ulp=13399104
FIRST_DIVERGENCE_OBJECT row=0 layer=32 checkpoint=CP2-KV-P subobject=kv_raw result=MISMATCH elements=512 mismatch_count=512 first_index=0 actual_bits=0xbdd6c2b6 expected_bits=0xbdd61424 max_abs=0.0016531497240066528 max_rel=0.69385936876410714 max_ulp=14607536
FIRST_DIVERGENCE_OBJECT row=0 layer=32 checkpoint=CP2-KV-R subobject=raw_cache result=MISMATCH elements=512 mismatch_count=122 first_index=1 actual_bits=0xbe800000 expected_bits=0xbe700000 max_abs=0.125 max_rel=0.6785714285714286 max_ulp=13631488
FIRST_DIVERGENCE_OBJECT row=0 layer=32 checkpoint=CP3-F subobject=attn_state_kv result=MISMATCH elements=8192 mismatch_count=1024 first_index=4096 actual_bits=0xbcc9c99a expected_bits=0xbccdaaea max_abs=0.0013271570205688477 max_rel=1.6173265471804159 max_ulp=1922345217
FIRST_DIVERGENCE_OBJECT row=0 layer=32 checkpoint=CP3-F subobject=attn_state_score result=MISMATCH elements=8192 mismatch_count=1024 first_index=4096 actual_bits=0xbfdb9de0 expected_bits=0xbfdd2a83 max_abs=0.016920328140258789 max_rel=0.16876492886618277 max_ulp=2076248
FIRST_DIVERGENCE_OBJECT row=0 layer=32 checkpoint=CP3-F subobject=layer_n_comp result=EXACT elements=1
FIRST_DIVERGENCE_OBJECT row=0 layer=32 checkpoint=CP3-F subobject=index_state_kv result=MISMATCH elements=2048 mismatch_count=256 first_index=1024 actual_bits=0x3e114971 expected_bits=0x3e1129ba max_abs=0.0025470256805419922 max_rel=0.6713026088537406 max_ulp=14117632
FIRST_DIVERGENCE_OBJECT row=0 layer=32 checkpoint=CP3-F subobject=index_state_score result=MISMATCH elements=2048 mismatch_count=256 first_index=1024 actual_bits=0xbfebd91a expected_bits=0xbfed51b2 max_abs=0.015546321868896484 max_rel=0.35239727419289285 max_ulp=4994208
FIRST_DIVERGENCE_OBJECT row=0 layer=32 checkpoint=CP3-F subobject=layer_n_index_comp result=EXACT elements=1
FIRST_DIVERGENCE_OBJECT row=0 layer=32 checkpoint=CP4 subobject=after_attn_hc result=MISMATCH elements=16384 mismatch_count=16383 first_index=0 actual_bits=0x3ebd3d94 expected_bits=0x3ec0f406 max_abs=0.11850357055664062 max_rel=1.9884463515472062 max_ulp=2027673958
FIRST_DIVERGENCE_OBJECT row=0 layer=32 checkpoint=CP5 subobject=layer_output result=MISMATCH elements=16384 mismatch_count=16384 first_index=0 actual_bits=0x3f3c129b expected_bits=0x3f3e0d75 max_abs=0.11847019195556641 max_rel=1.9979513358965926 max_ulp=2035880000
FIRST_DIVERGENCE_OBJECT row=0 layer=33 checkpoint=CP1 subobject=attn_norm result=MISMATCH elements=4096 mismatch_count=4096 first_index=0 actual_bits=0x3c336528 expected_bits=0x3c355249 max_abs=0.001044001430273056 max_rel=1.220038524646883 max_ulp=1901226244
FIRST_DIVERGENCE_OBJECT row=0 layer=33 checkpoint=CP2-Q subobject=qr result=MISMATCH elements=1024 mismatch_count=1024 first_index=0 actual_bits=0xbe027769 expected_bits=0xbe02733b max_abs=0.00097898580133914948 max_rel=1.822920322920323 max_ulp=1932068897
FIRST_DIVERGENCE_OBJECT row=0 layer=33 checkpoint=CP2-KV-P subobject=kv_raw result=MISMATCH elements=512 mismatch_count=512 first_index=0 actual_bits=0x3d9aafa0 expected_bits=0x3d9ab520 max_abs=0.0011185090988874435 max_rel=0.24256838017341947 max_ulp=3014112
FIRST_DIVERGENCE_OBJECT row=0 layer=33 checkpoint=CP2-KV-R subobject=raw_cache result=MISMATCH elements=512 mismatch_count=100 first_index=2 actual_bits=0x3cf00000 expected_bits=0x3d000000 max_abs=0.125 max_rel=0.25 max_ulp=3145728
FIRST_DIVERGENCE_OBJECT row=0 layer=33 checkpoint=CP3-F subobject=attn_state_kv result=MISMATCH elements=65536 mismatch_count=512 first_index=8192 actual_bits=0x3d1c647d expected_bits=0x3d1c2876 max_abs=0.00081826187670230865 max_rel=0.50487274814794569 max_ulp=8491280
FIRST_DIVERGENCE_OBJECT row=0 layer=33 checkpoint=CP3-F subobject=attn_state_score result=MISMATCH elements=65536 mismatch_count=512 first_index=8192 actual_bits=0xbda6535c expected_bits=0xbda66587 max_abs=0.0023925304412841797 max_rel=1.2762388354770002 max_ulp=1952276097
FIRST_DIVERGENCE_OBJECT row=0 layer=33 checkpoint=CP3-F subobject=layer_n_comp result=EXACT elements=1
FIRST_DIVERGENCE_OBJECT row=0 layer=33 checkpoint=CP4 subobject=after_attn_hc result=MISMATCH elements=16384 mismatch_count=16384 first_index=0 actual_bits=0x3f39a889 expected_bits=0x3f3ba018 max_abs=0.18909573554992676 max_rel=1.8908247223732917 max_ulp=2038794825
FIRST_DIVERGENCE_OBJECT row=0 layer=33 checkpoint=CP5 subobject=layer_output result=MISMATCH elements=16384 mismatch_count=16384 first_index=0 actual_bits=0x3fa7e0bd expected_bits=0x3fa89bae max_abs=0.18680787086486816 max_rel=1.965095551913475 max_ulp=2039089218
FIRST_DIVERGENCE_OBJECT row=0 layer=34 checkpoint=CP1 subobject=attn_norm result=MISMATCH elements=4096 mismatch_count=4096 first_index=0 actual_bits=0x3d1625bd expected_bits=0x3d176d42 max_abs=0.045070409774780273 max_rel=1.4150883721431844 max_ulp=1925257122
FIRST_DIVERGENCE_OBJECT row=0 layer=34 checkpoint=CP2-Q subobject=qr result=MISMATCH elements=1024 mismatch_count=1024 first_index=0 actual_bits=0x3ed796e3 expected_bits=0x3ed78f78 max_abs=0.0010638907551765442 max_rel=1.731769613894683 max_ulp=1941588417
FIRST_DIVERGENCE_OBJECT row=0 layer=34 checkpoint=CP2-KV-P subobject=kv_raw result=MISMATCH elements=512 mismatch_count=512 first_index=0 actual_bits=0x3e167c23 expected_bits=0x3e15eaf6 max_abs=0.0011386163532733917 max_rel=0.64413164462771477 max_ulp=13148928
FIRST_DIVERGENCE_OBJECT row=0 layer=34 checkpoint=CP2-KV-R subobject=raw_cache result=MISMATCH elements=512 mismatch_count=92 first_index=1 actual_bits=0x3cf00000 expected_bits=0x3ce00000 max_abs=0.125 max_rel=0.625 max_ulp=11534336
FIRST_DIVERGENCE_OBJECT row=0 layer=34 checkpoint=CP3-F subobject=attn_state_kv result=MISMATCH elements=8192 mismatch_count=1024 first_index=4096 actual_bits=0x3e017a4b expected_bits=0x3e00d8be max_abs=0.0030207633972167969 max_rel=0.38412562149014556 max_ulp=5498368
FIRST_DIVERGENCE_OBJECT row=0 layer=34 checkpoint=CP3-F subobject=attn_state_score result=MISMATCH elements=8192 mismatch_count=1024 first_index=4096 actual_bits=0x4025c229 expected_bits=0x4023161c max_abs=0.067749977111816406 max_rel=1.1961289348059909 max_ulp=2001638305
FIRST_DIVERGENCE_OBJECT row=0 layer=34 checkpoint=CP3-F subobject=layer_n_comp result=EXACT elements=1
FIRST_DIVERGENCE_OBJECT row=0 layer=34 checkpoint=CP3-F subobject=index_state_kv result=MISMATCH elements=2048 mismatch_count=256 first_index=1024 actual_bits=0x3e6dd3ae expected_bits=0x3e6d339a max_abs=0.0025132596492767334 max_rel=0.26288978974307353 max_ulp=4222464
FIRST_DIVERGENCE_OBJECT row=0 layer=34 checkpoint=CP3-F subobject=index_state_score result=MISMATCH elements=2048 mismatch_count=256 first_index=1024 actual_bits=0x401b3263 expected_bits=0x40189e2b max_abs=0.067545890808105469 max_rel=0.97409489614336786 max_ulp=44723456
FIRST_DIVERGENCE_OBJECT row=0 layer=34 checkpoint=CP3-F subobject=layer_n_index_comp result=EXACT elements=1
FIRST_DIVERGENCE_OBJECT row=0 layer=34 checkpoint=CP4 subobject=after_attn_hc result=MISMATCH elements=16384 mismatch_count=16384 first_index=0 actual_bits=0x3fb2cae2 expected_bits=0x3fb3a8e4 max_abs=0.1840360164642334 max_rel=1.8368958758693315 max_ulp=2030590719
FIRST_DIVERGENCE_OBJECT row=0 layer=34 checkpoint=CP5 subobject=layer_output result=MISMATCH elements=16384 mismatch_count=16383 first_index=0 actual_bits=0x3f8c949b expected_bits=0x3f8dca9c max_abs=0.18264865875244141 max_rel=1.9928837482646828 max_ulp=2024477928
FIRST_DIVERGENCE_OBJECT row=0 layer=35 checkpoint=CP1 subobject=attn_norm result=MISMATCH elements=4096 mismatch_count=4096 first_index=0 actual_bits=0x3d0bf8cd expected_bits=0x3d0de929 max_abs=0.00091614574193954468 max_rel=1.5996983189051015 max_ulp=1899439440
FIRST_DIVERGENCE_OBJECT row=0 layer=35 checkpoint=CP2-Q subobject=qr result=MISMATCH elements=1024 mismatch_count=1024 first_index=0 actual_bits=0x3db5c768 expected_bits=0x3db55900 max_abs=0.0010799691081047058 max_rel=1.6992785089184315 max_ulp=1931788289
FIRST_DIVERGENCE_OBJECT row=0 layer=35 checkpoint=CP2-KV-P subobject=kv_raw result=MISMATCH elements=512 mismatch_count=512 first_index=0 actual_bits=0xbdb5a46b expected_bits=0xbdb71bbc max_abs=0.0015038549900054932 max_rel=0.50689629491714761 max_ulp=8507136
FIRST_DIVERGENCE_OBJECT row=0 layer=35 checkpoint=CP2-KV-R subobject=raw_cache result=MISMATCH elements=512 mismatch_count=90 first_index=9 actual_bits=0xbe000000 expected_bits=0xbe100000 max_abs=0.125 max_rel=0.5 max_ulp=8388608
FIRST_DIVERGENCE_OBJECT row=0 layer=35 checkpoint=CP3-F subobject=attn_state_kv result=MISMATCH elements=65536 mismatch_count=512 first_index=8192 actual_bits=0xbce61781 expected_bits=0xbce72835 max_abs=0.0010048076510429382 max_rel=1.0693716176429353 max_ulp=1907943041
FIRST_DIVERGENCE_OBJECT row=0 layer=35 checkpoint=CP3-F subobject=attn_state_score result=MISMATCH elements=65536 mismatch_count=512 first_index=8192 actual_bits=0xbe6dd74a expected_bits=0xbe6de46c max_abs=0.0041378140449523926 max_rel=0.72901317297075841 max_ulp=16003520
FIRST_DIVERGENCE_OBJECT row=0 layer=35 checkpoint=CP3-F subobject=layer_n_comp result=EXACT elements=1
FIRST_DIVERGENCE_OBJECT row=0 layer=35 checkpoint=CP4 subobject=after_attn_hc result=MISMATCH elements=16384 mismatch_count=16384 first_index=0 actual_bits=0x3f92b290 expected_bits=0x3f93d728 max_abs=0.1819612979888916 max_rel=1.9512802058688927 max_ulp=2016701821
FIRST_DIVERGENCE_OBJECT row=0 layer=35 checkpoint=CP5 subobject=layer_output result=MISMATCH elements=16384 mismatch_count=16384 first_index=0 actual_bits=0x3f96e17d expected_bits=0x3f9809dc max_abs=0.1609642505645752 max_rel=1.9031909654326153 max_ulp=2025009370
FIRST_DIVERGENCE_OBJECT row=0 layer=36 checkpoint=CP1 subobject=attn_norm result=MISMATCH elements=4096 mismatch_count=4096 first_index=0 actual_bits=0x3d855196 expected_bits=0x3d8673e7 max_abs=0.027095794677734375 max_rel=1.4385409314487374 max_ulp=1935705207
FIRST_DIVERGENCE_OBJECT row=0 layer=36 checkpoint=CP2-Q subobject=qr result=MISMATCH elements=1024 mismatch_count=1024 first_index=0 actual_bits=0x3cd2cfac expected_bits=0x3cd6acb2 max_abs=0.0017746537923812866 max_rel=0.5237883503779458 max_ulp=8915904
FIRST_DIVERGENCE_OBJECT row=0 layer=36 checkpoint=CP2-KV-P subobject=kv_raw result=MISMATCH elements=512 mismatch_count=512 first_index=0 actual_bits=0xbd6ac109 expected_bits=0xbd6c6f96 max_abs=0.0015448406338691711 max_rel=1.9871997293334838 max_ulp=1930646017
FIRST_DIVERGENCE_OBJECT row=0 layer=36 checkpoint=CP2-KV-R subobject=raw_cache result=MISMATCH elements=512 mismatch_count=110 first_index=2 actual_bits=0x3db00000 expected_bits=0x3dc00000 max_abs=0.125 max_rel=2 max_ulp=1975517185
FIRST_DIVERGENCE_OBJECT row=0 layer=36 checkpoint=CP3-F subobject=attn_state_kv result=MISMATCH elements=8192 mismatch_count=1024 first_index=4096 actual_bits=0x3ce70930 expected_bits=0x3ce19d62 max_abs=0.0024668499827384949 max_rel=0.82692995774062217 max_ulp=20850304
FIRST_DIVERGENCE_OBJECT row=0 layer=36 checkpoint=CP3-F subobject=attn_state_score result=MISMATCH elements=8192 mismatch_count=1024 first_index=4096 actual_bits=0x3e42a561 expected_bits=0x3e47359a max_abs=0.020395159721374512 max_rel=1.9264836007550732 max_ulp=1979404801
FIRST_DIVERGENCE_OBJECT row=0 layer=36 checkpoint=CP3-F subobject=layer_n_comp result=EXACT elements=1
FIRST_DIVERGENCE_OBJECT row=0 layer=36 checkpoint=CP3-F subobject=index_state_kv result=MISMATCH elements=2048 mismatch_count=256 first_index=1024 actual_bits=0xbc8ac258 expected_bits=0xbc8d2a02 max_abs=0.0025870557874441147 max_rel=0.19296907693171228 max_ulp=2777830
FIRST_DIVERGENCE_OBJECT row=0 layer=36 checkpoint=CP3-F subobject=index_state_score result=MISMATCH elements=2048 mismatch_count=256 first_index=1024 actual_bits=0xbe065d96 expected_bits=0xbe020a3b max_abs=0.021115541458129883 max_rel=1.2019898531653874 max_ulp=1993778849
FIRST_DIVERGENCE_OBJECT row=0 layer=36 checkpoint=CP3-F subobject=layer_n_index_comp result=EXACT elements=1
FIRST_DIVERGENCE_OBJECT row=0 layer=36 checkpoint=CP4 subobject=after_attn_hc result=MISMATCH elements=16384 mismatch_count=16384 first_index=0 actual_bits=0x3f415179 expected_bits=0x3f44d2ec max_abs=0.17599678039550781 max_rel=1.9408852645630228 max_ulp=2044997247
FIRST_DIVERGENCE_OBJECT row=0 layer=36 checkpoint=CP5 subobject=layer_output result=MISMATCH elements=16384 mismatch_count=16384 first_index=0 actual_bits=0xbf87ab2c expected_bits=0xbf866fe4 max_abs=0.17641544342041016 max_rel=1.9376156560647948 max_ulp=2045759908
FIRST_DIVERGENCE_OBJECT row=0 layer=37 checkpoint=CP1 subobject=attn_norm result=MISMATCH elements=4096 mismatch_count=4096 first_index=0 actual_bits=0x3c735053 expected_bits=0x3c7f3408 max_abs=0.0011770054697990417 max_rel=1.6560895043333657 max_ulp=1929914019
FIRST_DIVERGENCE_OBJECT row=0 layer=37 checkpoint=CP2-Q subobject=qr result=MISMATCH elements=1024 mismatch_count=1024 first_index=0 actual_bits=0xbd53ce15 expected_bits=0xbd559930 max_abs=0.0017219334840774536 max_rel=1.2417069081634116 max_ulp=1896617345
FIRST_DIVERGENCE_OBJECT row=0 layer=37 checkpoint=CP2-KV-P subobject=kv_raw result=MISMATCH elements=512 mismatch_count=512 first_index=0 actual_bits=0x3da1f3e3 expected_bits=0x3da268d6 max_abs=0.0017198920249938965 max_rel=1.2197338740337094 max_ulp=1936325313
FIRST_DIVERGENCE_OBJECT row=0 layer=37 checkpoint=CP2-KV-R subobject=raw_cache result=MISMATCH elements=512 mismatch_count=112 first_index=2 actual_bits=0xbb400000 expected_bits=0xbb100000 max_abs=0.0625 max_rel=1.9069767441860466 max_ulp=1985298433
FIRST_DIVERGENCE_OBJECT row=0 layer=37 checkpoint=CP3-F subobject=attn_state_kv result=MISMATCH elements=65536 mismatch_count=512 first_index=8192 actual_bits=0xbbcf7a50 expected_bits=0xbbd25e3e max_abs=0.0009873807430267334 max_rel=1.8158697393554748 max_ulp=1858893569
FIRST_DIVERGENCE_OBJECT row=0 layer=37 checkpoint=CP3-F subobject=attn_state_score result=MISMATCH elements=65536 mismatch_count=512 first_index=8192 actual_bits=0xbe613e20 expected_bits=0xbe605df8 max_abs=0.0035783946514129639 max_rel=0.88410653474573331 max_ulp=26106432
FIRST_DIVERGENCE_OBJECT row=0 layer=37 checkpoint=CP3-F subobject=layer_n_comp result=EXACT elements=1
FIRST_DIVERGENCE_OBJECT row=0 layer=37 checkpoint=CP4 subobject=after_attn_hc result=MISMATCH elements=16384 mismatch_count=16384 first_index=0 actual_bits=0xbf8c325c expected_bits=0xbf8af4f1 max_abs=0.17180252075195312 max_rel=1.9840984892967888 max_ulp=2039196047
FIRST_DIVERGENCE_OBJECT row=0 layer=37 checkpoint=CP5 subobject=layer_output result=MISMATCH elements=16384 mismatch_count=16384 first_index=0 actual_bits=0xbf610190 expected_bits=0xbf5de5d8 max_abs=0.17104721069335938 max_rel=1.8740620743152856 max_ulp=2044556643
FIRST_DIVERGENCE_OBJECT row=0 layer=38 checkpoint=CP1 subobject=attn_norm result=MISMATCH elements=4096 mismatch_count=4096 first_index=0 actual_bits=0xbc0c18e5 expected_bits=0xbbfe1afd max_abs=0.015259265899658203 max_rel=1.3971521291541582 max_ulp=1941469344
FIRST_DIVERGENCE_OBJECT row=0 layer=38 checkpoint=CP2-Q subobject=qr result=MISMATCH elements=1024 mismatch_count=1024 first_index=0 actual_bits=0x3d8a52b0 expected_bits=0x3d880096 max_abs=0.0030294209718704224 max_rel=1.5628714120733302 max_ulp=1938759041
FIRST_DIVERGENCE_OBJECT row=0 layer=38 checkpoint=CP2-KV-P subobject=kv_raw result=MISMATCH elements=512 mismatch_count=512 first_index=0 actual_bits=0xbdba329f expected_bits=0xbdbc0271 max_abs=0.0031194388866424561 max_rel=1.6476628700341147 max_ulp=1942349441
FIRST_DIVERGENCE_OBJECT row=0 layer=38 checkpoint=CP2-KV-R subobject=raw_cache result=MISMATCH elements=512 mismatch_count=93 first_index=0 actual_bits=0xbea00000 expected_bits=0xbeb00000 max_abs=0.0625 max_rel=1.6428571428571428 max_ulp=1970274305
FIRST_DIVERGENCE_OBJECT row=0 layer=38 checkpoint=CP3-F subobject=attn_state_kv result=MISMATCH elements=8192 mismatch_count=1024 first_index=4096 actual_bits=0xbd965618 expected_bits=0xbd991790 max_abs=0.0036249905824661255 max_rel=0.89619770373176244 max_ulp=27078528
FIRST_DIVERGENCE_OBJECT row=0 layer=38 checkpoint=CP3-F subobject=attn_state_score result=MISMATCH elements=8192 mismatch_count=1024 first_index=4096 actual_bits=0xc02f7be1 expected_bits=0xc0302421 max_abs=0.015794754028320312 max_rel=0.090220838960846927 max_ulp=1116608
FIRST_DIVERGENCE_OBJECT row=0 layer=38 checkpoint=CP3-F subobject=layer_n_comp result=EXACT elements=1
FIRST_DIVERGENCE_OBJECT row=0 layer=38 checkpoint=CP3-F subobject=index_state_kv result=MISMATCH elements=2048 mismatch_count=256 first_index=1024 actual_bits=0x3dba1324 expected_bits=0x3dbb3282 max_abs=0.0095821619033813477 max_rel=0.40526812277773744 max_ulp=6049152
FIRST_DIVERGENCE_OBJECT row=0 layer=38 checkpoint=CP3-F subobject=index_state_score result=MISMATCH elements=2048 mismatch_count=256 first_index=1024 actual_bits=0xc02f2552 expected_bits=0xc02fb062 max_abs=0.014780044555664062 max_rel=0.069045588122456231 max_ulp=986240
FIRST_DIVERGENCE_OBJECT row=0 layer=38 checkpoint=CP3-F subobject=layer_n_index_comp result=EXACT elements=1
FIRST_DIVERGENCE_OBJECT row=0 layer=38 checkpoint=CP4 subobject=after_attn_hc result=MISMATCH elements=16384 mismatch_count=16384 first_index=0 actual_bits=0xbfa0b9ad expected_bits=0xbf9ef8ce max_abs=0.17892742156982422 max_rel=1.9972434293063339 max_ulp=2050630491
FIRST_DIVERGENCE_OBJECT row=0 layer=38 checkpoint=CP5 subobject=layer_output result=MISMATCH elements=16384 mismatch_count=16383 first_index=0 actual_bits=0xbfd0dcd2 expected_bits=0xbfce8028 max_abs=0.17867851257324219 max_rel=1.9253255379237109 max_ulp=2055447751
FIRST_DIVERGENCE_OBJECT row=0 layer=39 checkpoint=CP1 subobject=attn_norm result=MISMATCH elements=4096 mismatch_count=4096 first_index=0 actual_bits=0xbcefd80b expected_bits=0xbceb1783 max_abs=0.00088684633374214172 max_rel=1.6787816588274016 max_ulp=1918377317
FIRST_DIVERGENCE_OBJECT row=0 layer=39 checkpoint=CP2-Q subobject=qr result=MISMATCH elements=1024 mismatch_count=1024 first_index=0 actual_bits=0x3daee4e5 expected_bits=0x3dae5a82 max_abs=0.0016084127128124237 max_rel=0.99510076166296413 max_ulp=64648192
FIRST_DIVERGENCE_OBJECT row=0 layer=39 checkpoint=CP2-KV-P subobject=kv_raw result=MISMATCH elements=512 mismatch_count=512 first_index=0 actual_bits=0x3ee3302a expected_bits=0x3ee349cf max_abs=0.0015809535980224609 max_rel=1.0090872551246877 max_ulp=1885439745
FIRST_DIVERGENCE_OBJECT row=0 layer=39 checkpoint=CP2-KV-R subobject=raw_cache result=MISMATCH elements=512 mismatch_count=83 first_index=24 actual_bits=0xbcc00000 expected_bits=0xbcd00000 max_abs=0.125 max_rel=0.4375 max_ulp=7340032
FIRST_DIVERGENCE_OBJECT row=0 layer=39 checkpoint=CP3-F subobject=attn_state_kv result=MISMATCH elements=65536 mismatch_count=512 first_index=8192 actual_bits=0x3ca620cc expected_bits=0x3ca53e4c max_abs=0.0016517192125320435 max_rel=0.80744339936740472 max_ulp=19603968
FIRST_DIVERGENCE_OBJECT row=0 layer=39 checkpoint=CP3-F subobject=attn_state_score result=MISMATCH elements=65536 mismatch_count=512 first_index=8192 actual_bits=0x3e52cfdc expected_bits=0x3e52acf1 max_abs=0.003800511360168457 max_rel=1.5827416367310283 max_ulp=1940744321
FIRST_DIVERGENCE_OBJECT row=0 layer=39 checkpoint=CP3-F subobject=layer_n_comp result=EXACT elements=1
FIRST_DIVERGENCE_OBJECT row=0 layer=39 checkpoint=CP4 subobject=after_attn_hc result=MISMATCH elements=16384 mismatch_count=16384 first_index=0 actual_bits=0xbfd25a8c expected_bits=0xbfd07aeb max_abs=0.17793846130371094 max_rel=1.9259567893856573 max_ulp=2043689194
FIRST_DIVERGENCE_OBJECT row=0 layer=39 checkpoint=CP5 subobject=layer_output result=MISMATCH elements=16384 mismatch_count=16384 first_index=0 actual_bits=0xbfdd52a5 expected_bits=0xbfdb58b5 max_abs=0.17797088623046875 max_rel=1.9234622765342497 max_ulp=2060881706
FIRST_DIVERGENCE_OBJECT row=0 layer=40 checkpoint=CP1 subobject=attn_norm result=MISMATCH elements=4096 mismatch_count=4096 first_index=0 actual_bits=0xbd24bd2f expected_bits=0xbd228cd8 max_abs=0.02481842041015625 max_rel=1.1705241158974544 max_ulp=1895208239
FIRST_DIVERGENCE_OBJECT row=0 layer=40 checkpoint=CP2-Q subobject=qr result=MISMATCH elements=1024 mismatch_count=1024 first_index=0 actual_bits=0xbea4f596 expected_bits=0xbea4e4d4 max_abs=0.0025172829627990723 max_rel=0.82719614921780982 max_ulp=20718592
FIRST_DIVERGENCE_OBJECT row=0 layer=40 checkpoint=CP2-KV-P subobject=kv_raw result=MISMATCH elements=512 mismatch_count=512 first_index=0 actual_bits=0xbdadfedc expected_bits=0xbdad6f34 max_abs=0.0022662878036499023 max_rel=0.73734099089149052 max_ulp=16278400
FIRST_DIVERGENCE_OBJECT row=0 layer=40 checkpoint=CP2-KV-R subobject=raw_cache result=MISMATCH elements=512 mismatch_count=102 first_index=3 actual_bits=0x3d700000 expected_bits=0x3d500000 max_abs=0.125 max_rel=0.73333333333333328 max_ulp=15728640
FIRST_DIVERGENCE_OBJECT row=0 layer=40 checkpoint=CP3-F subobject=attn_state_kv result=MISMATCH elements=8192 mismatch_count=1024 first_index=4096 actual_bits=0xbdfa57e3 expected_bits=0xbdf8b5fb max_abs=0.0037412643432617188 max_rel=1.6065765399471437 max_ulp=1926509569
FIRST_DIVERGENCE_OBJECT row=0 layer=40 checkpoint=CP3-F subobject=attn_state_score result=MISMATCH elements=8192 mismatch_count=1024 first_index=4096 actual_bits=0x3f0fe211 expected_bits=0x3f0d8400 max_abs=0.032649040222167969 max_rel=1.1543795049462298 max_ulp=1985762913
FIRST_DIVERGENCE_OBJECT row=0 layer=40 checkpoint=CP3-F subobject=layer_n_comp result=EXACT elements=1
FIRST_DIVERGENCE_OBJECT row=0 layer=40 checkpoint=CP3-F subobject=index_state_kv result=MISMATCH elements=2048 mismatch_count=256 first_index=1024 actual_bits=0x3e6333f3 expected_bits=0x3e63d51e max_abs=0.0035134553909301758 max_rel=0.19539356702201371 max_ulp=2621472
FIRST_DIVERGENCE_OBJECT row=0 layer=40 checkpoint=CP3-F subobject=index_state_score result=MISMATCH elements=2048 mismatch_count=256 first_index=1024 actual_bits=0x3f4b9258 expected_bits=0x3f495b50 max_abs=0.031562328338623047 max_rel=0.19342321052275815 max_ulp=2357880
FIRST_DIVERGENCE_OBJECT row=0 layer=40 checkpoint=CP3-F subobject=layer_n_index_comp result=EXACT elements=1
FIRST_DIVERGENCE_OBJECT row=0 layer=40 checkpoint=CP4 subobject=after_attn_hc result=MISMATCH elements=16384 mismatch_count=16384 first_index=0 actual_bits=0xbfbc8abc expected_bits=0xbfba4415 max_abs=0.17743682861328125 max_rel=1.7725867458015239 max_ulp=2061879288
FIRST_DIVERGENCE_OBJECT row=0 layer=40 checkpoint=CP5 subobject=layer_output result=MISMATCH elements=16384 mismatch_count=16384 first_index=0 actual_bits=0x400163a6 expected_bits=0x4002a358 max_abs=0.17820835113525391 max_rel=1.9503438885530175 max_ulp=2063197315
FIRST_DIVERGENCE_OBJECT row=0 layer=41 checkpoint=CP1 subobject=attn_norm result=MISMATCH elements=4096 mismatch_count=4096 first_index=0 actual_bits=0x3d20a583 expected_bits=0x3d2292fe max_abs=0.00086976960301399231 max_rel=1.8049235920006514 max_ulp=1926023723
FIRST_DIVERGENCE_OBJECT row=0 layer=41 checkpoint=CP2-Q subobject=qr result=MISMATCH elements=1024 mismatch_count=1024 first_index=0 actual_bits=0xbe92b5ce expected_bits=0xbe92f05c max_abs=0.0015441551804542542 max_rel=0.38326317899378631 max_ulp=5406720
FIRST_DIVERGENCE_OBJECT row=0 layer=41 checkpoint=CP2-KV-P subobject=kv_raw result=MISMATCH elements=512 mismatch_count=512 first_index=0 actual_bits=0xbe95aeec expected_bits=0xbe95c78e max_abs=0.0013182759284973145 max_rel=0.81561845110551223 max_ulp=21057664
FIRST_DIVERGENCE_OBJECT row=0 layer=41 checkpoint=CP2-KV-R subobject=raw_cache result=MISMATCH elements=512 mismatch_count=103 first_index=7 actual_bits=0xbcf00000 expected_bits=0xbd000000 max_abs=0.25 max_rel=0.8214285714285714 max_ulp=20971520
FIRST_DIVERGENCE_OBJECT row=0 layer=41 checkpoint=CP3-F subobject=attn_state_kv result=MISMATCH elements=65536 mismatch_count=512 first_index=8192 actual_bits=0xbba01064 expected_bits=0xbbb40648 max_abs=0.00076973438262939453 max_rel=1.22585796183346 max_ulp=1880885505
FIRST_DIVERGENCE_OBJECT row=0 layer=41 checkpoint=CP3-F subobject=attn_state_score result=MISMATCH elements=65536 mismatch_count=512 first_index=8192 actual_bits=0x3b107cc8 expected_bits=0x3b4d5f70 max_abs=0.0033617019653320312 max_rel=0.89951223067905017 max_ulp=27231936
FIRST_DIVERGENCE_OBJECT row=0 layer=41 checkpoint=CP3-F subobject=layer_n_comp result=EXACT elements=1
FIRST_DIVERGENCE_OBJECT row=0 layer=41 checkpoint=CP4 subobject=after_attn_hc result=MISMATCH elements=16384 mismatch_count=16384 first_index=0 actual_bits=0x3fa96f2f expected_bits=0x3faa2d02 max_abs=0.20811080932617188 max_rel=1.962999561597963 max_ulp=2049999176
FIRST_DIVERGENCE_OBJECT row=0 layer=41 checkpoint=CP5 subobject=layer_output result=MISMATCH elements=16384 mismatch_count=16384 first_index=0 actual_bits=0x3f62182d expected_bits=0x3f67a7ad max_abs=0.2029876708984375 max_rel=1.997212894830628 max_ulp=2040354591
FIRST_DIVERGENCE_OBJECT row=0 layer=42 checkpoint=CP1 subobject=attn_norm result=MISMATCH elements=4096 mismatch_count=4096 first_index=0 actual_bits=0xba96aeb9 expected_bits=0xba580c89 max_abs=0.0050014257431030273 max_rel=1.9428420078081399 max_ulp=1942670373
FIRST_DIVERGENCE_OBJECT row=0 layer=42 checkpoint=CP2-Q subobject=qr result=MISMATCH elements=1024 mismatch_count=1024 first_index=0 actual_bits=0x3d98a1d2 expected_bits=0x3d98fef6 max_abs=0.003098614513874054 max_rel=1.289304607484081 max_ulp=1953468481
FIRST_DIVERGENCE_OBJECT row=0 layer=42 checkpoint=CP2-KV-P subobject=kv_raw result=MISMATCH elements=512 mismatch_count=512 first_index=0 actual_bits=0xbed253c8 expected_bits=0xbed28df0 max_abs=0.0025994479656219482 max_rel=1.6316929489178058 max_ulp=1951653729
FIRST_DIVERGENCE_OBJECT row=0 layer=42 checkpoint=CP2-KV-R subobject=raw_cache result=MISMATCH elements=512 mismatch_count=136 first_index=7 actual_bits=0x3e700000 expected_bits=0x3e800000 max_abs=0.125 max_rel=1.6428571428571428 max_ulp=1987051521
FIRST_DIVERGENCE_OBJECT row=0 layer=42 checkpoint=CP3-F subobject=attn_state_kv result=MISMATCH elements=8192 mismatch_count=1024 first_index=4096 actual_bits=0x3e997bd7 expected_bits=0x3e99ff63 max_abs=0.0035498589277267456 max_rel=1.9792337079909093 max_ulp=1955979697
FIRST_DIVERGENCE_OBJECT row=0 layer=42 checkpoint=CP3-F subobject=attn_state_score result=MISMATCH elements=8192 mismatch_count=1024 first_index=4096 actual_bits=0x3f4af57f expected_bits=0x3f4b2aae max_abs=0.020375370979309082 max_rel=1.1574324703859615 max_ulp=1959972377
FIRST_DIVERGENCE_OBJECT row=0 layer=42 checkpoint=CP3-F subobject=layer_n_comp result=EXACT elements=1
FIRST_DIVERGENCE_OBJECT row=0 layer=42 checkpoint=CP3-F subobject=index_state_kv result=MISMATCH elements=2048 mismatch_count=256 first_index=1024 actual_bits=0xbdadf694 expected_bits=0xbdad898a max_abs=0.0029383599758148193 max_rel=0.64596818276726875 max_ulp=12370592
FIRST_DIVERGENCE_OBJECT row=0 layer=42 checkpoint=CP3-F subobject=index_state_score result=MISMATCH elements=2048 mismatch_count=256 first_index=1024 actual_bits=0xbeef34f6 expected_bits=0xbef3d140 max_abs=0.022734522819519043 max_rel=0.87349945006793284 max_ulp=25035200
FIRST_DIVERGENCE_OBJECT row=0 layer=42 checkpoint=CP3-F subobject=layer_n_index_comp result=EXACT elements=1
FIRST_DIVERGENCE_OBJECT row=0 layer=42 checkpoint=CP4 subobject=after_attn_hc result=MISMATCH elements=16384 mismatch_count=16384 first_index=0 actual_bits=0x3fa491f3 expected_bits=0x3fa853f6 max_abs=0.2242131233215332 max_rel=1.9220515654658181 max_ulp=2058676367
FIRST_DIVERGENCE_OBJECT row=0 layer=42 checkpoint=CP5 subobject=layer_output result=MISMATCH elements=16384 mismatch_count=16384 first_index=0 actual_bits=0xbf047eb9 expected_bits=0xbefd6ecd max_abs=0.35815048217773438 max_rel=1.9125171548846835 max_ulp=2063274932
FIRST_DIVERGENCE_OBJECT row=1 layer=0 checkpoint=CP1 subobject=attn_norm result=EXACT elements=4096
FIRST_DIVERGENCE_OBJECT row=1 layer=0 checkpoint=CP2-Q subobject=qr result=MISMATCH elements=1024 mismatch_count=828 first_index=0 actual_bits=0xbd53a674 expected_bits=0xbd53a671 max_abs=3.7252902984619141e-08 max_rel=3.9516116562235306e-05 max_ulp=368
FIRST_DIVERGENCE_OBJECT row=1 layer=0 checkpoint=CP2-KV-P subobject=kv_raw result=MISMATCH elements=512 mismatch_count=418 first_index=0 actual_bits=0x3d818930 expected_bits=0x3d818933 max_abs=5.9604644775390625e-08 max_rel=9.6797924652495455e-05 max_ulp=1280
FIRST_DIVERGENCE_OBJECT row=1 layer=0 checkpoint=CP2-KV-R subobject=raw_cache result=EXACT elements=512
FIRST_DIVERGENCE_OBJECT row=1 layer=0 checkpoint=CP4 subobject=after_attn_hc result=MISMATCH elements=16384 mismatch_count=7871 first_index=0 actual_bits=0xbcc6e059 expected_bits=0xbcc6e042 max_abs=1.8998980522155762e-07 max_rel=0.0081773414636094072 max_ulp=90112
FIRST_DIVERGENCE_OBJECT row=1 layer=0 checkpoint=CP5 subobject=layer_output result=MISMATCH elements=16384 mismatch_count=11487 first_index=0 actual_bits=0xbc8d3d7e expected_bits=0xbc8d3d79 max_abs=4.1723251342773438e-07 max_rel=0.0039795777927670922 max_ulp=37358
FIRST_DIVERGENCE_OBJECT row=1 layer=1 checkpoint=CP1 subobject=attn_norm result=MISMATCH elements=4096 mismatch_count=3909 first_index=0 actual_bits=0xbd67f077 expected_bits=0xbd67f070 max_abs=8.9406967163085938e-08 max_rel=0.012351832769145405 max_ulp=153489
FIRST_DIVERGENCE_OBJECT row=1 layer=1 checkpoint=CP2-Q subobject=qr result=MISMATCH elements=1024 mismatch_count=962 first_index=0 actual_bits=0x3dcf7ab3 expected_bits=0x3dcf7ab2 max_abs=2.0116567611694336e-07 max_rel=0.00048796206785434794 max_ulp=6784
FIRST_DIVERGENCE_OBJECT row=1 layer=1 checkpoint=CP2-KV-P subobject=kv_raw result=MISMATCH elements=512 mismatch_count=458 first_index=0 actual_bits=0x3d898a46 expected_bits=0x3d898a4e max_abs=1.601874828338623e-07 max_rel=0.025773195876288658 max_ulp=409600
FIRST_DIVERGENCE_OBJECT row=1 layer=1 checkpoint=CP2-KV-R subobject=raw_cache result=EXACT elements=512
FIRST_DIVERGENCE_OBJECT row=1 layer=1 checkpoint=CP4 subobject=after_attn_hc result=MISMATCH elements=16384 mismatch_count=14304 first_index=0 actual_bits=0xbcb16c50 expected_bits=0xbcb16be5 max_abs=5.6251883506774902e-07 max_rel=0.012733231784386947 max_ulp=150861
FIRST_DIVERGENCE_OBJECT row=1 layer=1 checkpoint=CP5 subobject=layer_output result=MISMATCH elements=16384 mismatch_count=15218 first_index=0 actual_bits=0xbc9920ee expected_bits=0xbc9920bb max_abs=4.5541673898696899e-07 max_rel=0.05419289558861333 max_ulp=725830
FIRST_DIVERGENCE_OBJECT row=1 layer=2 checkpoint=CP1 subobject=attn_norm result=MISMATCH elements=4096 mismatch_count=4057 first_index=0 actual_bits=0xbdb32974 expected_bits=0xbdb3296e max_abs=2.7418136596679688e-06 max_rel=0.0074465076349227886 max_ulp=74301
FIRST_DIVERGENCE_OBJECT row=1 layer=2 checkpoint=CP2-Q subobject=qr result=MISMATCH elements=1024 mismatch_count=1011 first_index=0 actual_bits=0x3d9a1558 expected_bits=0x3d9a157b max_abs=1.1920928955078125e-06 max_rel=0.021979273431272064 max_ulp=197632
FIRST_DIVERGENCE_OBJECT row=1 layer=2 checkpoint=CP2-KV-P subobject=kv_raw result=MISMATCH elements=512 mismatch_count=508 first_index=0 actual_bits=0x3d9f179a expected_bits=0x3d9f1783 max_abs=1.1548399925231934e-06 max_rel=0.0022305760501645636 max_ulp=36608
FIRST_DIVERGENCE_OBJECT row=1 layer=2 checkpoint=CP2-KV-R subobject=raw_cache result=EXACT elements=512
FIRST_DIVERGENCE_OBJECT row=1 layer=2 checkpoint=CP3-F subobject=attn_state_kv result=MISMATCH elements=8192 mismatch_count=2023 first_index=4096 actual_bits=0x3e18ecd1 expected_bits=0x3e18ecbc max_abs=1.3411045074462891e-06 max_rel=0.0020943698410742883 max_ulp=21760
FIRST_DIVERGENCE_OBJECT row=1 layer=2 checkpoint=CP3-F subobject=attn_state_score result=MISMATCH elements=8192 mismatch_count=1959 first_index=4096 actual_bits=0x3f080f62 expected_bits=0x3f080f64 max_abs=2.5033950805664062e-06 max_rel=0.0032352941176470589 max_ulp=45056
FIRST_DIVERGENCE_OBJECT row=1 layer=2 checkpoint=CP3-F subobject=layer_n_comp result=EXACT elements=1
FIRST_DIVERGENCE_OBJECT row=1 layer=2 checkpoint=CP3-F subobject=index_state_kv result=MISMATCH elements=2048 mismatch_count=501 first_index=1024 actual_bits=0xbe43b785 expected_bits=0xbe43b798 max_abs=1.5497207641601562e-06 max_rel=0.00033940844680442481 max_ulp=4880
FIRST_DIVERGENCE_OBJECT row=1 layer=2 checkpoint=CP3-F subobject=index_state_score result=MISMATCH elements=2048 mismatch_count=500 first_index=1024 actual_bits=0xbef764a4 expected_bits=0xbef764ab max_abs=2.384185791015625e-06 max_rel=0.00020013860345074799 max_ulp=2144
FIRST_DIVERGENCE_OBJECT row=1 layer=2 checkpoint=CP3-F subobject=layer_n_index_comp result=EXACT elements=1
FIRST_DIVERGENCE_OBJECT row=1 layer=2 checkpoint=CP4 subobject=after_attn_hc result=MISMATCH elements=16384 mismatch_count=15250 first_index=0 actual_bits=0xbd591f37 expected_bits=0xbd591f39 max_abs=1.0658986866474152e-06 max_rel=0.064205011146478794 max_ulp=714888
FIRST_DIVERGENCE_OBJECT row=1 layer=2 checkpoint=CP5 subobject=layer_output result=MISMATCH elements=16384 mismatch_count=15417 first_index=0 actual_bits=0xbd274d2a expected_bits=0xbd274d1e max_abs=9.4622373580932617e-07 max_rel=0.074059173249273538 max_ulp=1203510
FIRST_DIVERGENCE_OBJECT row=1 layer=3 checkpoint=CP1 subobject=attn_norm result=MISMATCH elements=4096 mismatch_count=4067 first_index=0 actual_bits=0xbd8ea508 expected_bits=0xbd8ea503 max_abs=1.0356307029724121e-06 max_rel=0.14640519715703554 max_ulp=1865276
FIRST_DIVERGENCE_OBJECT row=1 layer=3 checkpoint=CP2-Q subobject=qr result=MISMATCH elements=1024 mismatch_count=1018 first_index=0 actual_bits=0xbd0e7842 expected_bits=0xbd0e7798 max_abs=1.9185245037078857e-06 max_rel=0.0064769569799750888 max_ulp=86528
FIRST_DIVERGENCE_OBJECT row=1 layer=3 checkpoint=CP2-KV-P subobject=kv_raw result=MISMATCH elements=512 mismatch_count=509 first_index=0 actual_bits=0xbbc52a44 expected_bits=0xbbc53068 max_abs=2.0228326320648193e-06 max_rel=0.0040259818007662837 max_ulp=34944
FIRST_DIVERGENCE_OBJECT row=1 layer=3 checkpoint=CP2-KV-R subobject=raw_cache result=MISMATCH elements=512 mismatch_count=2 first_index=473 actual_bits=0x3dfdc000 expected_bits=0x3dfde000 max_abs=0.0001220703125 max_rel=0.00052465897166841555 max_ulp=8192
FIRST_DIVERGENCE_OBJECT row=1 layer=3 checkpoint=CP3-F subobject=attn_state_kv result=MISMATCH elements=65536 mismatch_count=1015 first_index=8192 actual_bits=0xbdab48f8 expected_bits=0xbdab48a6 max_abs=2.6673078536987305e-06 max_rel=0.010111117748969473 max_ulp=129984
FIRST_DIVERGENCE_OBJECT row=1 layer=3 checkpoint=CP3-F subobject=attn_state_score result=MISMATCH elements=65536 mismatch_count=1015 first_index=8192 actual_bits=0x3c2eef66 expected_bits=0x3c2eed4f max_abs=4.030764102935791e-06 max_rel=0.0038234636246714756 max_ulp=35008
FIRST_DIVERGENCE_OBJECT row=1 layer=3 checkpoint=CP3-F subobject=layer_n_comp result=EXACT elements=1
FIRST_DIVERGENCE_OBJECT row=1 layer=3 checkpoint=CP4 subobject=after_attn_hc result=MISMATCH elements=16384 mismatch_count=16022 first_index=0 actual_bits=0x3c9d5ee3 expected_bits=0x3c9d5e25 max_abs=1.9539147615432739e-06 max_rel=0.069608773284216788 max_ulp=1054151
FIRST_DIVERGENCE_OBJECT row=1 layer=3 checkpoint=CP5 subobject=layer_output result=MISMATCH elements=16384 mismatch_count=16240 first_index=0 actual_bits=0x3ce65d10 expected_bits=0x3ce65cf4 max_abs=1.5050172805786133e-06 max_rel=0.027847338465343121 max_ulp=415622
FIRST_DIVERGENCE_OBJECT row=1 layer=4 checkpoint=CP1 subobject=attn_norm result=MISMATCH elements=4096 mismatch_count=4079 first_index=0 actual_bits=0xbad02c94 expected_bits=0xbad028ab max_abs=4.0531158447265625e-06 max_rel=0.042299960235431901 max_ulp=619853
FIRST_DIVERGENCE_OBJECT row=1 layer=4 checkpoint=CP2-Q subobject=qr result=MISMATCH elements=1024 mismatch_count=1020 first_index=0 actual_bits=0x3bd698ec expected_bits=0x3bd68e00 max_abs=2.0563602447509766e-06 max_rel=0.0039912369057211929 max_ulp=40576
FIRST_DIVERGENCE_OBJECT row=1 layer=4 checkpoint=CP2-KV-P subobject=kv_raw result=MISMATCH elements=512 mismatch_count=509 first_index=0 actual_bits=0x3e83d482 expected_bits=0x3e83d489 max_abs=2.1308660507202148e-06 max_rel=0.0059583316671332027 max_ulp=76288
FIRST_DIVERGENCE_OBJECT row=1 layer=4 checkpoint=CP2-KV-R subobject=raw_cache result=MISMATCH elements=512 mismatch_count=2 first_index=486 actual_bits=0x3dece000 expected_bits=0x3decc000 max_abs=6.103515625e-05 max_rel=0.00073855243722304289 max_ulp=8192
FIRST_DIVERGENCE_OBJECT row=1 layer=4 checkpoint=CP3-F subobject=attn_state_kv result=MISMATCH elements=8192 mismatch_count=2044 first_index=4096 actual_bits=0x3d0047bf expected_bits=0x3d00475d max_abs=3.1143426895141602e-06 max_rel=0.055815213709950552 max_ulp=843776
FIRST_DIVERGENCE_OBJECT row=1 layer=4 checkpoint=CP3-F subobject=attn_state_score result=MISMATCH elements=8192 mismatch_count=2010 first_index=4096 actual_bits=0xbf9262f8 expected_bits=0xbf926313 max_abs=1.0967254638671875e-05 max_rel=0.00039927286892163863 max_ulp=4940
FIRST_DIVERGENCE_OBJECT row=1 layer=4 checkpoint=CP3-F subobject=layer_n_comp result=EXACT elements=1
FIRST_DIVERGENCE_OBJECT row=1 layer=4 checkpoint=CP3-F subobject=index_state_kv result=MISMATCH elements=2048 mismatch_count=511 first_index=1024 actual_bits=0x3ce932aa expected_bits=0x3ce92ed0 max_abs=6.9141387939453125e-06 max_rel=0.0086647300410698184 max_ulp=143936
FIRST_DIVERGENCE_OBJECT row=1 layer=4 checkpoint=CP3-F subobject=index_state_score result=MISMATCH elements=2048 mismatch_count=503 first_index=1024 actual_bits=0xbf9e5cc9 expected_bits=0xbf9e5cf4 max_abs=1.1920928955078125e-05 max_rel=9.9716086143618869e-05 max_ulp=864
FIRST_DIVERGENCE_OBJECT row=1 layer=4 checkpoint=CP3-F subobject=layer_n_index_comp result=EXACT elements=1
FIRST_DIVERGENCE_OBJECT row=1 layer=4 checkpoint=CP4 subobject=after_attn_hc result=MISMATCH elements=16384 mismatch_count=16240 first_index=0 actual_bits=0x3d072d67 expected_bits=0x3d072d8f max_abs=2.1392479538917542e-06 max_rel=0.24489147721880403 max_ulp=2835846
FIRST_DIVERGENCE_OBJECT row=1 layer=4 checkpoint=CP5 subobject=layer_output result=MISMATCH elements=16384 mismatch_count=16256 first_index=0 actual_bits=0x3d8e7421 expected_bits=0x3d8e7425 max_abs=2.2146850824356079e-06 max_rel=0.018953048549610229 max_ulp=203126
FIRST_DIVERGENCE_OBJECT row=1 layer=5 checkpoint=CP1 subobject=attn_norm result=MISMATCH elements=4096 mismatch_count=4077 first_index=0 actual_bits=0x3cab6598 expected_bits=0x3cab65d7 max_abs=8.6054205894470215e-07 max_rel=0.012662977921143263 max_ulp=135499
FIRST_DIVERGENCE_OBJECT row=1 layer=5 checkpoint=CP2-Q subobject=qr result=MISMATCH elements=1024 mismatch_count=1017 first_index=0 actual_bits=0x3dfd38e0 expected_bits=0x3dfd384c max_abs=1.4277175068855286e-06 max_rel=0.0019599809538573976 max_ulp=22656
FIRST_DIVERGENCE_OBJECT row=1 layer=5 checkpoint=CP2-KV-P subobject=kv_raw result=MISMATCH elements=512 mismatch_count=507 first_index=0 actual_bits=0x3c5cf16d expected_bits=0x3c5cf1ac max_abs=2.0116567611694336e-06 max_rel=0.0030218079877671385 max_ulp=42496
FIRST_DIVERGENCE_OBJECT row=1 layer=5 checkpoint=CP2-KV-R subobject=raw_cache result=MISMATCH elements=512 mismatch_count=2 first_index=471 actual_bits=0x3fc62000 expected_bits=0x3fc64000 max_abs=0.0009765625 max_rel=0.00078247261345852897 max_ulp=8192
FIRST_DIVERGENCE_OBJECT row=1 layer=5 checkpoint=CP3-F subobject=attn_state_kv result=MISMATCH elements=65536 mismatch_count=1019 first_index=8192 actual_bits=0xbd9a4814 expected_bits=0xbd9a476d max_abs=3.5800039768218994e-06 max_rel=0.0057897224043049434 max_ulp=60768
FIRST_DIVERGENCE_OBJECT row=1 layer=5 checkpoint=CP3-F subobject=attn_state_score result=MISMATCH elements=65536 mismatch_count=1023 first_index=8192 actual_bits=0x3ec41db6 expected_bits=0x3ec41d7b max_abs=1.1935830116271973e-05 max_rel=0.0067572712045073854 max_ulp=90880
FIRST_DIVERGENCE_OBJECT row=1 layer=5 checkpoint=CP3-F subobject=layer_n_comp result=EXACT elements=1
FIRST_DIVERGENCE_OBJECT row=1 layer=5 checkpoint=CP4 subobject=after_attn_hc result=MISMATCH elements=16384 mismatch_count=16275 first_index=0 actual_bits=0x3d89543f expected_bits=0x3d895443 max_abs=1.0147690773010254e-05 max_rel=0.14041909491892129 max_ulp=1401226
FIRST_DIVERGENCE_OBJECT row=1 layer=5 checkpoint=CP5 subobject=layer_output result=MISMATCH elements=16384 mismatch_count=16344 first_index=0 actual_bits=0x3d84ceda expected_bits=0x3d84cecd max_abs=1.2153759598731995e-05 max_rel=0.18955454741607769 max_ulp=3177566
FIRST_DIVERGENCE_OBJECT row=1 layer=6 checkpoint=CP1 subobject=attn_norm result=MISMATCH elements=4096 mismatch_count=4089 first_index=0 actual_bits=0x3c92c1c7 expected_bits=0x3c92bd18 max_abs=5.054473876953125e-05 max_rel=0.23373564443831091 max_ulp=3570272
FIRST_DIVERGENCE_OBJECT row=1 layer=6 checkpoint=CP2-Q subobject=qr result=MISMATCH elements=1024 mismatch_count=1024 first_index=0 actual_bits=0x3df408f9 expected_bits=0x3df40b57 max_abs=1.1935830116271973e-05 max_rel=0.042859479797153606 max_ulp=536576
FIRST_DIVERGENCE_OBJECT row=1 layer=6 checkpoint=CP2-KV-P subobject=kv_raw result=MISMATCH elements=512 mismatch_count=512 first_index=0 actual_bits=0x3c57543c expected_bits=0x3c575273 max_abs=1.5377998352050781e-05 max_rel=0.006706916749269448 max_ulp=66688
FIRST_DIVERGENCE_OBJECT row=1 layer=6 checkpoint=CP2-KV-R subobject=raw_cache result=MISMATCH elements=512 mismatch_count=5 first_index=460 actual_bits=0xbb178000 expected_bits=0xbb174000 max_abs=0.0001220703125 max_rel=0.003937007874015748 max_ulp=57344
FIRST_DIVERGENCE_OBJECT row=1 layer=6 checkpoint=CP3-F subobject=attn_state_kv result=MISMATCH elements=8192 mismatch_count=2048 first_index=4096 actual_bits=0xbdbbb680 expected_bits=0xbdbbb762 max_abs=1.2936070561408997e-05 max_rel=0.074063292718426418 max_ulp=911872
FIRST_DIVERGENCE_OBJECT row=1 layer=6 checkpoint=CP3-F subobject=attn_state_score result=MISMATCH elements=8192 mismatch_count=2048 first_index=4096 actual_bits=0xbfb32ff8 expected_bits=0xbfb32f17 max_abs=5.9366226196289062e-05 max_rel=0.0025727764160762851 max_ulp=39232
FIRST_DIVERGENCE_OBJECT row=1 layer=6 checkpoint=CP3-F subobject=layer_n_comp result=EXACT elements=1
FIRST_DIVERGENCE_OBJECT row=1 layer=6 checkpoint=CP3-F subobject=index_state_kv result=MISMATCH elements=2048 mismatch_count=512 first_index=1024 actual_bits=0xbd869947 expected_bits=0xbd869aca max_abs=4.7445297241210938e-05 max_rel=0.010024806802984983 max_ulp=125696
FIRST_DIVERGENCE_OBJECT row=1 layer=6 checkpoint=CP3-F subobject=index_state_score result=MISMATCH elements=2048 mismatch_count=512 first_index=1024 actual_bits=0xbff59748 expected_bits=0xbff59642 max_abs=5.340576171875e-05 max_rel=0.00036668128502722973 max_ulp=6000
FIRST_DIVERGENCE_OBJECT row=1 layer=6 checkpoint=CP3-F subobject=layer_n_index_comp result=EXACT elements=1
FIRST_DIVERGENCE_OBJECT row=1 layer=6 checkpoint=CP4 subobject=after_attn_hc result=MISMATCH elements=16384 mismatch_count=16357 first_index=0 actual_bits=0x3d9ca9e9 expected_bits=0x3d9ca99a max_abs=1.2218952178955078e-05 max_rel=1.4050809086548681 max_ulp=1824262216
FIRST_DIVERGENCE_OBJECT row=1 layer=6 checkpoint=CP5 subobject=layer_output result=MISMATCH elements=16384 mismatch_count=16358 first_index=0 actual_bits=0x3d9928c8 expected_bits=0x3d992852 max_abs=1.4867633581161499e-05 max_rel=0.085273008594321992 max_ulp=1014556
FIRST_DIVERGENCE_OBJECT row=1 layer=7 checkpoint=CP1 subobject=attn_norm result=MISMATCH elements=4096 mismatch_count=4092 first_index=0 actual_bits=0x3b609e77 expected_bits=0x3b608e43 max_abs=4.4703483581542969e-06 max_rel=0.086348372922298577 max_ulp=1281562
FIRST_DIVERGENCE_OBJECT row=1 layer=7 checkpoint=CP2-Q subobject=qr result=MISMATCH elements=1024 mismatch_count=1023 first_index=0 actual_bits=0x3d89a52f expected_bits=0x3d89a441 max_abs=8.0093741416931152e-06 max_rel=0.0043894550997255434 max_ulp=63520
FIRST_DIVERGENCE_OBJECT row=1 layer=7 checkpoint=CP2-KV-P subobject=kv_raw result=MISMATCH elements=512 mismatch_count=511 first_index=0 actual_bits=0x3d2b6d0e expected_bits=0x3d2b6a6e max_abs=8.7618827819824219e-06 max_rel=0.028022042443428305 max_ulp=428288
FIRST_DIVERGENCE_OBJECT row=1 layer=7 checkpoint=CP2-KV-R subobject=raw_cache result=MISMATCH elements=512 mismatch_count=9 first_index=464 actual_bits=0xbe872000 expected_bits=0xbe870000 max_abs=0.00048828125 max_rel=0.0012062726176115801 max_ulp=16384
FIRST_DIVERGENCE_OBJECT row=1 layer=7 checkpoint=CP3-F subobject=attn_state_kv result=MISMATCH elements=65536 mismatch_count=1024 first_index=8192 actual_bits=0xbd81f6a4 expected_bits=0xbd81f718 max_abs=7.9870223999023438e-06 max_rel=0.093853684175946916 max_ulp=1462784
FIRST_DIVERGENCE_OBJECT row=1 layer=7 checkpoint=CP3-F subobject=attn_state_score result=MISMATCH elements=65536 mismatch_count=1023 first_index=8192 actual_bits=0xbd9280ba expected_bits=0xbd928248 max_abs=2.2411346435546875e-05 max_rel=0.058506843968290284 max_ulp=556416
FIRST_DIVERGENCE_OBJECT row=1 layer=7 checkpoint=CP3-F subobject=layer_n_comp result=EXACT elements=1
FIRST_DIVERGENCE_OBJECT row=1 layer=7 checkpoint=CP4 subobject=after_attn_hc result=MISMATCH elements=16384 mismatch_count=16351 first_index=0 actual_bits=0x3d906af7 expected_bits=0x3d906a68 max_abs=2.1465122699737549e-05 max_rel=0.66995523567331561 max_ulp=13600976
FIRST_DIVERGENCE_OBJECT row=1 layer=7 checkpoint=CP5 subobject=layer_output result=MISMATCH elements=16384 mismatch_count=16362 first_index=0 actual_bits=0x3d8c9566 expected_bits=0x3d8c94c3 max_abs=2.9861927032470703e-05 max_rel=0.13066888334076729 max_ulp=2165520
FIRST_DIVERGENCE_OBJECT row=1 layer=8 checkpoint=CP1 subobject=attn_norm result=MISMATCH elements=4096 mismatch_count=4094 first_index=0 actual_bits=0x3d15a5d5 expected_bits=0x3d15a2f8 max_abs=0.00010240077972412109 max_rel=0.33623277239270638 max_ulp=5468883
FIRST_DIVERGENCE_OBJECT row=1 layer=8 checkpoint=CP2-Q subobject=qr result=MISMATCH elements=1024 mismatch_count=1022 first_index=0 actual_bits=0xbec3f1e2 expected_bits=0xbec3f28e max_abs=1.4692544937133789e-05 max_rel=0.018770985671359847 max_ulp=231488
FIRST_DIVERGENCE_OBJECT row=1 layer=8 checkpoint=CP2-KV-P subobject=kv_raw result=MISMATCH elements=512 mismatch_count=512 first_index=0 actual_bits=0x3e541d46 expected_bits=0x3e541d3a max_abs=1.2993812561035156e-05 max_rel=0.0092049599828871939 max_ulp=129440
FIRST_DIVERGENCE_OBJECT row=1 layer=8 checkpoint=CP2-KV-R subobject=raw_cache result=MISMATCH elements=512 mismatch_count=3 first_index=225 actual_bits=0xbe600000 expected_bits=0xbe700000 max_abs=0.015625 max_rel=0.066666666666666666 max_ulp=1048576
FIRST_DIVERGENCE_OBJECT row=1 layer=8 checkpoint=CP3-F subobject=attn_state_kv result=MISMATCH elements=8192 mismatch_count=2047 first_index=4096 actual_bits=0xbd9ed69b expected_bits=0xbd9ed4e8 max_abs=2.3975968360900879e-05 max_rel=0.16048837893498089 max_ulp=2234368
FIRST_DIVERGENCE_OBJECT row=1 layer=8 checkpoint=CP3-F subobject=attn_state_score result=MISMATCH elements=8192 mismatch_count=2043 first_index=4096 actual_bits=0xbf055de2 expected_bits=0xbf055fee max_abs=0.00010323524475097656 max_rel=0.012461480501164038 max_ulp=165120
FIRST_DIVERGENCE_OBJECT row=1 layer=8 checkpoint=CP3-F subobject=layer_n_comp result=EXACT elements=1
FIRST_DIVERGENCE_OBJECT row=1 layer=8 checkpoint=CP3-F subobject=index_state_kv result=MISMATCH elements=2048 mismatch_count=512 first_index=1024 actual_bits=0xba8367e0 expected_bits=0xba834d60 max_abs=2.7775764465332031e-05 max_rel=0.0068992390900495691 max_ulp=73088
FIRST_DIVERGENCE_OBJECT row=1 layer=8 checkpoint=CP3-F subobject=index_state_score result=MISMATCH elements=2048 mismatch_count=511 first_index=1024 actual_bits=0xbf305bcf expected_bits=0xbf305e80 max_abs=0.00013589859008789062 max_rel=0.0056092311919043909 max_ulp=94080
FIRST_DIVERGENCE_OBJECT row=1 layer=8 checkpoint=CP3-F subobject=layer_n_index_comp result=EXACT elements=1
FIRST_DIVERGENCE_OBJECT row=1 layer=8 checkpoint=CP4 subobject=after_attn_hc result=MISMATCH elements=16384 mismatch_count=16364 first_index=0 actual_bits=0x3d879619 expected_bits=0x3d879585 max_abs=0.0002040080726146698 max_rel=0.4024992705465314 max_ulp=5875749
FIRST_DIVERGENCE_OBJECT row=1 layer=8 checkpoint=CP5 subobject=layer_output result=MISMATCH elements=16384 mismatch_count=16367 first_index=0 actual_bits=0x3d847086 expected_bits=0x3d846fe3 max_abs=0.00020669400691986084 max_rel=0.78216857868655387 max_ulp=18196522
FIRST_DIVERGENCE_OBJECT row=1 layer=9 checkpoint=CP1 subobject=attn_norm result=MISMATCH elements=4096 mismatch_count=4093 first_index=0 actual_bits=0x3c4b2ca4 expected_bits=0x3c4b42bd max_abs=1.7113983631134033e-05 max_rel=0.1039599416917151 max_ulp=1054571
FIRST_DIVERGENCE_OBJECT row=1 layer=9 checkpoint=CP2-Q subobject=qr result=MISMATCH elements=1024 mismatch_count=1024 first_index=0 actual_bits=0x3cdc9b77 expected_bits=0x3cdcb662 max_abs=2.917461097240448e-05 max_rel=0.062821249830921147 max_ulp=713376
FIRST_DIVERGENCE_OBJECT row=1 layer=9 checkpoint=CP2-KV-P subobject=kv_raw result=MISMATCH elements=512 mismatch_count=512 first_index=0 actual_bits=0x3d346118 expected_bits=0x3d34508c max_abs=2.5950372219085693e-05 max_rel=0.051836355183635517 max_ulp=599424
FIRST_DIVERGENCE_OBJECT row=1 layer=9 checkpoint=CP2-KV-R subobject=raw_cache result=MISMATCH elements=512 mismatch_count=14 first_index=51 actual_bits=0xbf500000 expected_bits=0xbf400000 max_abs=0.0625 max_rel=0.10000000000000001 max_ulp=1048576
FIRST_DIVERGENCE_OBJECT row=1 layer=9 checkpoint=CP3-F subobject=attn_state_kv result=MISMATCH elements=65536 mismatch_count=1023 first_index=8192 actual_bits=0xbe109538 expected_bits=0xbe109536 max_abs=3.0487775802612305e-05 max_rel=0.72054540640720144 max_ulp=15212544
FIRST_DIVERGENCE_OBJECT row=1 layer=9 checkpoint=CP3-F subobject=attn_state_score result=MISMATCH elements=65536 mismatch_count=1023 first_index=8192 actual_bits=0x3d43fbd0 expected_bits=0x3d43fa20 max_abs=8.6963176727294922e-05 max_rel=0.045343292242912087 max_ulp=565952
FIRST_DIVERGENCE_OBJECT row=1 layer=9 checkpoint=CP3-F subobject=layer_n_comp result=EXACT elements=1
FIRST_DIVERGENCE_OBJECT row=1 layer=9 checkpoint=CP4 subobject=after_attn_hc result=MISMATCH elements=16384 mismatch_count=16381 first_index=0 actual_bits=0x3db57517 expected_bits=0x3db56105 max_abs=0.00048714876174926758 max_rel=1.7231927942134839 max_ulp=1883522309
FIRST_DIVERGENCE_OBJECT row=1 layer=9 checkpoint=CP5 subobject=layer_output result=MISMATCH elements=16384 mismatch_count=16382 first_index=0 actual_bits=0x3db5eee5 expected_bits=0x3db5daf0 max_abs=0.00039181113243103027 max_rel=1.9200963249549368 max_ulp=1900826372
FIRST_DIVERGENCE_OBJECT row=1 layer=10 checkpoint=CP1 subobject=attn_norm result=MISMATCH elements=4096 mismatch_count=4096 first_index=0 actual_bits=0x3d3f3bb6 expected_bits=0x3d3f19a8 max_abs=0.0025346279144287109 max_rel=0.90736032957531654 max_ulp=28866929
FIRST_DIVERGENCE_OBJECT row=1 layer=10 checkpoint=CP2-Q subobject=qr result=MISMATCH elements=1024 mismatch_count=1024 first_index=0 actual_bits=0xbd298126 expected_bits=0xbd29c741 max_abs=0.00034771859645843506 max_rel=0.099106543630189253 max_ulp=1103392
FIRST_DIVERGENCE_OBJECT row=1 layer=10 checkpoint=CP2-KV-P subobject=kv_raw result=MISMATCH elements=512 mismatch_count=512 first_index=0 actual_bits=0xbdb71634 expected_bits=0xbdb6e2ee max_abs=0.00040037930011749268 max_rel=0.34434619506966774 max_ulp=4934784
FIRST_DIVERGENCE_OBJECT row=1 layer=10 checkpoint=CP2-KV-R subobject=raw_cache result=MISMATCH elements=512 mismatch_count=50 first_index=63 actual_bits=0x3dd00000 expected_bits=0x3de00000 max_abs=0.03125 max_rel=0.30769230769230771 max_ulp=4194304
FIRST_DIVERGENCE_OBJECT row=1 layer=10 checkpoint=CP3-F subobject=attn_state_kv result=MISMATCH elements=8192 mismatch_count=2046 first_index=4096 actual_bits=0x3de9dde8 expected_bits=0x3de9df76 max_abs=0.00034642219543457031 max_rel=0.85353453404727131 max_ulp=23540224
FIRST_DIVERGENCE_OBJECT row=1 layer=10 checkpoint=CP3-F subobject=attn_state_score result=MISMATCH elements=8192 mismatch_count=2048 first_index=4096 actual_bits=0x3ee6f218 expected_bits=0x3ee6f61a max_abs=0.0014045238494873047 max_rel=1.066287683031869 max_ulp=1914964289
FIRST_DIVERGENCE_OBJECT row=1 layer=10 checkpoint=CP3-F subobject=layer_n_comp result=EXACT elements=1
FIRST_DIVERGENCE_OBJECT row=1 layer=10 checkpoint=CP3-F subobject=index_state_kv result=MISMATCH elements=2048 mismatch_count=512 first_index=1024 actual_bits=0x3d0a82de expected_bits=0x3d0a6a96 max_abs=0.00064909458160400391 max_rel=0.15448439243449438 max_ulp=1798752
FIRST_DIVERGENCE_OBJECT row=1 layer=10 checkpoint=CP3-F subobject=index_state_score result=MISMATCH elements=2048 mismatch_count=512 first_index=1024 actual_bits=0x3ebe99e8 expected_bits=0x3ebe9ec0 max_abs=0.0018463134765625 max_rel=0.10395947321221648 max_ulp=1320608
FIRST_DIVERGENCE_OBJECT row=1 layer=10 checkpoint=CP3-F subobject=layer_n_index_comp result=EXACT elements=1
FIRST_DIVERGENCE_OBJECT row=1 layer=10 checkpoint=CP4 subobject=after_attn_hc result=MISMATCH elements=16384 mismatch_count=16380 first_index=0 actual_bits=0x3d71c3da expected_bits=0x3d7175e0 max_abs=0.00098487734794616699 max_rel=1.7732105310767803 max_ulp=1892332643
FIRST_DIVERGENCE_OBJECT row=1 layer=10 checkpoint=CP5 subobject=layer_output result=MISMATCH elements=16384 mismatch_count=16380 first_index=0 actual_bits=0x3d9cb733 expected_bits=0x3d9c9946 max_abs=0.0006981194019317627 max_rel=0.94240224250069082 max_ulp=34473291
FIRST_DIVERGENCE_OBJECT row=1 layer=11 checkpoint=CP1 subobject=attn_norm result=MISMATCH elements=4096 mismatch_count=4096 first_index=0 actual_bits=0x3cb1456a expected_bits=0x3cb14562 max_abs=7.5355172157287598e-05 max_rel=1.9603114651510285 max_ulp=1849438380
FIRST_DIVERGENCE_OBJECT row=1 layer=11 checkpoint=CP2-Q subobject=qr result=MISMATCH elements=1024 mismatch_count=1024 first_index=0 actual_bits=0x3e07618e expected_bits=0x3e075d51 max_abs=0.00011912733316421509 max_rel=0.069602070952600029 max_ulp=1050528
FIRST_DIVERGENCE_OBJECT row=1 layer=11 checkpoint=CP2-KV-P subobject=kv_raw result=MISMATCH elements=512 mismatch_count=512 first_index=0 actual_bits=0xbd2c25fa expected_bits=0xbd2c1526 max_abs=0.00011626444756984711 max_rel=0.039214764951293765 max_ulp=507424
FIRST_DIVERGENCE_OBJECT row=1 layer=11 checkpoint=CP2-KV-R subobject=raw_cache result=MISMATCH elements=512 mismatch_count=43 first_index=7 actual_bits=0xbe700000 expected_bits=0xbe600000 max_abs=0.0625 max_rel=0.1111111111111111 max_ulp=1048576
FIRST_DIVERGENCE_OBJECT row=1 layer=11 checkpoint=CP3-F subobject=attn_state_kv result=MISMATCH elements=65536 mismatch_count=1024 first_index=8192 actual_bits=0xbbbb1748 expected_bits=0xbbbb2908 max_abs=0.00010737031698226929 max_rel=0.28675549481835783 max_ulp=4553728
FIRST_DIVERGENCE_OBJECT row=1 layer=11 checkpoint=CP3-F subobject=attn_state_score result=MISMATCH elements=65536 mismatch_count=1023 first_index=8192 actual_bits=0xbd0a3c2f expected_bits=0xbd0a4529 max_abs=0.00035339593887329102 max_rel=0.053722062788068528 max_ulp=632576
FIRST_DIVERGENCE_OBJECT row=1 layer=11 checkpoint=CP3-F subobject=layer_n_comp result=EXACT elements=1
FIRST_DIVERGENCE_OBJECT row=1 layer=11 checkpoint=CP4 subobject=after_attn_hc result=MISMATCH elements=16384 mismatch_count=16382 first_index=0 actual_bits=0x3d90f9c7 expected_bits=0x3d90ea8a max_abs=0.0012183189392089844 max_rel=1.9774905770825733 max_ulp=1919271777
FIRST_DIVERGENCE_OBJECT row=1 layer=11 checkpoint=CP5 subobject=layer_output result=MISMATCH elements=16384 mismatch_count=16384 first_index=0 actual_bits=0x3d906c5c expected_bits=0x3d9062bc max_abs=0.0017976760864257812 max_rel=1.8391003311648659 max_ulp=1918664675
FIRST_DIVERGENCE_OBJECT row=1 layer=12 checkpoint=CP1 subobject=attn_norm result=MISMATCH elements=4096 mismatch_count=4095 first_index=0 actual_bits=0x3c9d3373 expected_bits=0x3c9df6c2 max_abs=0.0029063224792480469 max_rel=1.7557687107134528 max_ulp=1872928967
FIRST_DIVERGENCE_OBJECT row=1 layer=12 checkpoint=CP2-Q subobject=qr result=MISMATCH elements=1024 mismatch_count=1024 first_index=0 actual_bits=0xbd1e3d64 expected_bits=0xbd1f266a max_abs=0.00050260499119758606 max_rel=0.4556865795661475 max_ulp=7426112
FIRST_DIVERGENCE_OBJECT row=1 layer=12 checkpoint=CP2-KV-P subobject=kv_raw result=MISMATCH elements=512 mismatch_count=512 first_index=0 actual_bits=0xbe196ed0 expected_bits=0xbe198938 max_abs=0.00045938044786453247 max_rel=0.43632684464024113 max_ulp=6841984
FIRST_DIVERGENCE_OBJECT row=1 layer=12 checkpoint=CP2-KV-R subobject=raw_cache result=MISMATCH elements=512 mismatch_count=62 first_index=36 actual_bits=0xbd400000 expected_bits=0xbd300000 max_abs=0.125 max_rel=0.42307692307692307 max_ulp=6291456
FIRST_DIVERGENCE_OBJECT row=1 layer=12 checkpoint=CP3-F subobject=attn_state_kv result=MISMATCH elements=8192 mismatch_count=2048 first_index=4096 actual_bits=0x3cd370b0 expected_bits=0x3cd352f2 max_abs=0.0005054473876953125 max_rel=0.36996017919362867 max_ulp=5178368
FIRST_DIVERGENCE_OBJECT row=1 layer=12 checkpoint=CP3-F subobject=attn_state_score result=MISMATCH elements=8192 mismatch_count=2048 first_index=4096 actual_bits=0xbcac09c0 expected_bits=0xbcabf600 max_abs=0.0017371177673339844 max_rel=0.56576766611420826 max_ulp=10176512
FIRST_DIVERGENCE_OBJECT row=1 layer=12 checkpoint=CP3-F subobject=layer_n_comp result=EXACT elements=1
FIRST_DIVERGENCE_OBJECT row=1 layer=12 checkpoint=CP3-F subobject=index_state_kv result=MISMATCH elements=2048 mismatch_count=512 first_index=1024 actual_bits=0xbe1c5528 expected_bits=0xbe1c5f64 max_abs=0.00087022781372070312 max_rel=0.062400286426070761 max_ulp=666472
FIRST_DIVERGENCE_OBJECT row=1 layer=12 checkpoint=CP3-F subobject=index_state_score result=MISMATCH elements=2048 mismatch_count=512 first_index=1024 actual_bits=0x3d40ebe8 expected_bits=0x3d40e2e0 max_abs=0.0018651485443115234 max_rel=0.13106030135206212 max_ulp=2168832
FIRST_DIVERGENCE_OBJECT row=1 layer=12 checkpoint=CP3-F subobject=layer_n_index_comp result=EXACT elements=1
FIRST_DIVERGENCE_OBJECT row=1 layer=12 checkpoint=CP4 subobject=after_attn_hc result=MISMATCH elements=16384 mismatch_count=16381 first_index=0 actual_bits=0x3d844f5d expected_bits=0x3d843e53 max_abs=0.0030710697174072266 max_rel=1.9190037163762999 max_ulp=1947291297
FIRST_DIVERGENCE_OBJECT row=1 layer=12 checkpoint=CP5 subobject=layer_output result=MISMATCH elements=16384 mismatch_count=16381 first_index=0 actual_bits=0x3d84e653 expected_bits=0x3d84d5de max_abs=0.0024299025535583496 max_rel=1.9844906781374305 max_ulp=1947981256
FIRST_DIVERGENCE_OBJECT row=1 layer=13 checkpoint=CP1 subobject=attn_norm result=MISMATCH elements=4096 mismatch_count=4095 first_index=0 actual_bits=0x3cac9ac2 expected_bits=0x3cacb498 max_abs=0.00024827010929584503 max_rel=1.1950350385871724 max_ulp=1898546075
FIRST_DIVERGENCE_OBJECT row=1 layer=13 checkpoint=CP2-Q subobject=qr result=MISMATCH elements=1024 mismatch_count=1024 first_index=0 actual_bits=0x3ddf9ad5 expected_bits=0x3ddfdcf7 max_abs=0.00052002072334289551 max_rel=1.6809361539853036 max_ulp=1917829697
FIRST_DIVERGENCE_OBJECT row=1 layer=13 checkpoint=CP2-KV-P subobject=kv_raw result=MISMATCH elements=512 mismatch_count=512 first_index=0 actual_bits=0x3daf2a4a expected_bits=0x3dae379a max_abs=0.00052975863218307495 max_rel=0.27252264643338109 max_ulp=3645760
FIRST_DIVERGENCE_OBJECT row=1 layer=13 checkpoint=CP2-KV-R subobject=raw_cache result=MISMATCH elements=512 mismatch_count=86 first_index=24 actual_bits=0xbce00000 expected_bits=0xbcf00000 max_abs=0.0625 max_rel=0.26666666666666666 max_ulp=4194304
FIRST_DIVERGENCE_OBJECT row=1 layer=13 checkpoint=CP3-F subobject=attn_state_kv result=MISMATCH elements=65536 mismatch_count=1024 first_index=8192 actual_bits=0x3d408540 expected_bits=0x3d406b01 max_abs=0.00042717158794403076 max_rel=0.52353136047704474 max_ulp=8859120
FIRST_DIVERGENCE_OBJECT row=1 layer=13 checkpoint=CP3-F subobject=attn_state_score result=MISMATCH elements=65536 mismatch_count=1024 first_index=8192 actual_bits=0xbc60fed0 expected_bits=0xbc610f5a max_abs=0.0010227859020233154 max_rel=0.47998449441972679 max_ulp=7945792
FIRST_DIVERGENCE_OBJECT row=1 layer=13 checkpoint=CP3-F subobject=layer_n_comp result=EXACT elements=1
FIRST_DIVERGENCE_OBJECT row=1 layer=13 checkpoint=CP4 subobject=after_attn_hc result=MISMATCH elements=16384 mismatch_count=16383 first_index=0 actual_bits=0x3d84fb3d expected_bits=0x3d84eadb max_abs=0.0027055740356445312 max_rel=1.5808594833448741 max_ulp=1936019660
FIRST_DIVERGENCE_OBJECT row=1 layer=13 checkpoint=CP5 subobject=layer_output result=MISMATCH elements=16384 mismatch_count=16383 first_index=0 actual_bits=0x3d85b111 expected_bits=0x3d85a0d4 max_abs=0.0050871372222900391 max_rel=1.5603570312635882 max_ulp=1935302585
FIRST_DIVERGENCE_OBJECT row=1 layer=14 checkpoint=CP1 subobject=attn_norm result=MISMATCH elements=4096 mismatch_count=4096 first_index=0 actual_bits=0x3d8c5235 expected_bits=0x3d8c826a max_abs=0.008617401123046875 max_rel=1.6954285282759856 max_ulp=1896240737
FIRST_DIVERGENCE_OBJECT row=1 layer=14 checkpoint=CP2-Q subobject=qr result=MISMATCH elements=1024 mismatch_count=1024 first_index=0 actual_bits=0xbd7201ec expected_bits=0xbd7286ce max_abs=0.00077527761459350586 max_rel=0.35892082014845489 max_ulp=4881840
FIRST_DIVERGENCE_OBJECT row=1 layer=14 checkpoint=CP2-KV-P subobject=kv_raw result=MISMATCH elements=512 mismatch_count=512 first_index=0 actual_bits=0xbd17e4d6 expected_bits=0xbd186098 max_abs=0.00067186355590820312 max_rel=0.32649980431257802 max_ulp=4204560
FIRST_DIVERGENCE_OBJECT row=1 layer=14 checkpoint=CP2-KV-R subobject=raw_cache result=MISMATCH elements=512 mismatch_count=62 first_index=57 actual_bits=0xbf700000 expected_bits=0xbf800000 max_abs=0.125 max_rel=0.32306725329981145 max_ulp=4210688
FIRST_DIVERGENCE_OBJECT row=1 layer=14 checkpoint=CP3-F subobject=attn_state_kv result=MISMATCH elements=8192 mismatch_count=2048 first_index=4096 actual_bits=0x3e31060b expected_bits=0x3e311923 max_abs=0.0024672746658325195 max_rel=0.81080133347423844 max_ulp=20017536
FIRST_DIVERGENCE_OBJECT row=1 layer=14 checkpoint=CP3-F subobject=attn_state_score result=MISMATCH elements=8192 mismatch_count=2048 first_index=4096 actual_bits=0xbed5c678 expected_bits=0xbed62efa max_abs=0.0081911087036132812 max_rel=0.14769362083053592 max_ulp=2070080
FIRST_DIVERGENCE_OBJECT row=1 layer=14 checkpoint=CP3-F subobject=layer_n_comp result=EXACT elements=1
FIRST_DIVERGENCE_OBJECT row=1 layer=14 checkpoint=CP3-F subobject=index_state_kv result=MISMATCH elements=2048 mismatch_count=512 first_index=1024 actual_bits=0x3f0b10b0 expected_bits=0x3f0b1100 max_abs=0.00098128616809844971 max_rel=0.73421530168387905 max_ulp=16171520
FIRST_DIVERGENCE_OBJECT row=1 layer=14 checkpoint=CP3-F subobject=index_state_score result=MISMATCH elements=2048 mismatch_count=512 first_index=1024 actual_bits=0xbf4c9d95 expected_bits=0xbf4cc603 max_abs=0.0098274946212768555 max_rel=0.068327415332412406 max_ulp=943360
FIRST_DIVERGENCE_OBJECT row=1 layer=14 checkpoint=CP3-F subobject=layer_n_index_comp result=EXACT elements=1
FIRST_DIVERGENCE_OBJECT row=1 layer=14 checkpoint=CP4 subobject=after_attn_hc result=MISMATCH elements=16384 mismatch_count=16382 first_index=0 actual_bits=0x3d86b21b expected_bits=0x3d86a226 max_abs=0.0038579702377319336 max_rel=1.4709959080759849 max_ulp=1959137481
FIRST_DIVERGENCE_OBJECT row=1 layer=14 checkpoint=CP5 subobject=layer_output result=MISMATCH elements=16384 mismatch_count=16382 first_index=0 actual_bits=0x3d84242b expected_bits=0x3d84170c max_abs=0.0045738965272903442 max_rel=1.9908965697252194 max_ulp=1929245850
FIRST_DIVERGENCE_OBJECT row=1 layer=15 checkpoint=CP1 subobject=attn_norm result=MISMATCH elements=4096 mismatch_count=4096 first_index=0 actual_bits=0x3d3d8752 expected_bits=0x3d3d84ee max_abs=0.00040011107921600342 max_rel=0.84197901654505869 max_ulp=22758528
FIRST_DIVERGENCE_OBJECT row=1 layer=15 checkpoint=CP2-Q subobject=qr result=MISMATCH elements=1024 mismatch_count=1024 first_index=0 actual_bits=0xbe3b8e64 expected_bits=0xbe3b8bb4 max_abs=0.00071438401937484741 max_rel=1.7668480431309903 max_ulp=1896646145
FIRST_DIVERGENCE_OBJECT row=1 layer=15 checkpoint=CP2-KV-P subobject=kv_raw result=MISMATCH elements=512 mismatch_count=512 first_index=0 actual_bits=0xbdc4d07c expected_bits=0xbdc45e7a max_abs=0.00067543983459472656 max_rel=0.68174992072466634 max_ulp=13856960
FIRST_DIVERGENCE_OBJECT row=1 layer=15 checkpoint=CP2-KV-R subobject=raw_cache result=MISMATCH elements=512 mismatch_count=90 first_index=11 actual_bits=0xbc900000 expected_bits=0xbc700000 max_abs=0.0625 max_rel=0.69999999999999996 max_ulp=14680064
FIRST_DIVERGENCE_OBJECT row=1 layer=15 checkpoint=CP3-F subobject=attn_state_kv result=MISMATCH elements=65536 mismatch_count=1024 first_index=8192 actual_bits=0xbd7eb7dc expected_bits=0xbd7edbdc max_abs=0.00061109662055969238 max_rel=1.35214101279639 max_ulp=1914218625
FIRST_DIVERGENCE_OBJECT row=1 layer=15 checkpoint=CP3-F subobject=attn_state_score result=MISMATCH elements=65536 mismatch_count=1024 first_index=8192 actual_bits=0x3e788a38 expected_bits=0x3e787b90 max_abs=0.001822054386138916 max_rel=0.328086164043082 max_ulp=4882688
FIRST_DIVERGENCE_OBJECT row=1 layer=15 checkpoint=CP3-F subobject=layer_n_comp result=EXACT elements=1
FIRST_DIVERGENCE_OBJECT row=1 layer=15 checkpoint=CP4 subobject=after_attn_hc result=MISMATCH elements=16384 mismatch_count=16383 first_index=0 actual_bits=0x3d842e79 expected_bits=0x3d84209c max_abs=0.0044571924954652786 max_rel=1.3974199291004918 max_ulp=1936893823
FIRST_DIVERGENCE_OBJECT row=1 layer=15 checkpoint=CP5 subobject=layer_output result=MISMATCH elements=16384 mismatch_count=16382 first_index=0 actual_bits=0x3d882410 expected_bits=0x3d881b91 max_abs=0.0056641995906829834 max_rel=1.7462664644868935 max_ulp=1958937222
FIRST_DIVERGENCE_OBJECT row=1 layer=16 checkpoint=CP1 subobject=attn_norm result=MISMATCH elements=4096 mismatch_count=4096 first_index=0 actual_bits=0x3dc05daa expected_bits=0x3dc04a34 max_abs=0.0036387443542480469 max_rel=1.37642934376911 max_ulp=1914243325
FIRST_DIVERGENCE_OBJECT row=1 layer=16 checkpoint=CP2-Q subobject=qr result=MISMATCH elements=1024 mismatch_count=1024 first_index=0 actual_bits=0xbea3ec47 expected_bits=0xbea3bc27 max_abs=0.0011300444602966309 max_rel=0.65111701181708359 max_ulp=12649280
FIRST_DIVERGENCE_OBJECT row=1 layer=16 checkpoint=CP2-KV-P subobject=kv_raw result=MISMATCH elements=512 mismatch_count=512 first_index=0 actual_bits=0xbe8474ba expected_bits=0xbe847a4e max_abs=0.0010383725166320801 max_rel=0.46472956548161654 max_ulp=7794304
FIRST_DIVERGENCE_OBJECT row=1 layer=16 checkpoint=CP2-KV-R subobject=raw_cache result=MISMATCH elements=512 mismatch_count=74 first_index=2 actual_bits=0x3cd00000 expected_bits=0x3cc00000 max_abs=0.125 max_rel=0.44444444444444442 max_ulp=7340032
FIRST_DIVERGENCE_OBJECT row=1 layer=16 checkpoint=CP3-F subobject=attn_state_kv result=MISMATCH elements=8192 mismatch_count=2048 first_index=4096 actual_bits=0x3dba4e8a expected_bits=0x3dba56ec max_abs=0.00090485811233520508 max_rel=1.3669618032767323 max_ulp=1922297473
FIRST_DIVERGENCE_OBJECT row=1 layer=16 checkpoint=CP3-F subobject=attn_state_score result=MISMATCH elements=8192 mismatch_count=2048 first_index=4096 actual_bits=0xbfcc9287 expected_bits=0xbfcc7700 max_abs=0.0031836032867431641 max_rel=0.040699101575924199 max_ulp=424448
FIRST_DIVERGENCE_OBJECT row=1 layer=16 checkpoint=CP3-F subobject=layer_n_comp result=EXACT elements=1
FIRST_DIVERGENCE_OBJECT row=1 layer=16 checkpoint=CP3-F subobject=index_state_kv result=MISMATCH elements=2048 mismatch_count=512 first_index=1024 actual_bits=0x3e22a0c4 expected_bits=0x3e228174 max_abs=0.0012974441051483154 max_rel=1.1882677974813673 max_ulp=1912400385
FIRST_DIVERGENCE_OBJECT row=1 layer=16 checkpoint=CP3-F subobject=index_state_score result=MISMATCH elements=2048 mismatch_count=512 first_index=1024 actual_bits=0xbfd35cb0 expected_bits=0xbfd34018 max_abs=0.0046854019165039062 max_rel=0.04687358149936164 max_ulp=652628
FIRST_DIVERGENCE_OBJECT row=1 layer=16 checkpoint=CP3-F subobject=layer_n_index_comp result=EXACT elements=1
FIRST_DIVERGENCE_OBJECT row=1 layer=16 checkpoint=CP4 subobject=after_attn_hc result=MISMATCH elements=16384 mismatch_count=16382 first_index=0 actual_bits=0x3d881b1c expected_bits=0x3d881281 max_abs=0.059597089886665344 max_rel=1.7763568526340578 max_ulp=1982943581
FIRST_DIVERGENCE_OBJECT row=1 layer=16 checkpoint=CP5 subobject=layer_output result=MISMATCH elements=16384 mismatch_count=16379 first_index=0 actual_bits=0x3d8976f8 expected_bits=0x3d89791c max_abs=0.017631828784942627 max_rel=1.5754076465734996 max_ulp=1987181299
FIRST_DIVERGENCE_OBJECT row=1 layer=17 checkpoint=CP1 subobject=attn_norm result=MISMATCH elements=4096 mismatch_count=4096 first_index=0 actual_bits=0x3d8581e8 expected_bits=0x3d858dd5 max_abs=0.0019382834434509277 max_rel=1.3288211805031551 max_ulp=1918377889
FIRST_DIVERGENCE_OBJECT row=1 layer=17 checkpoint=CP2-Q subobject=qr result=MISMATCH elements=1024 mismatch_count=1024 first_index=0 actual_bits=0x3e7a7642 expected_bits=0x3e7a036b max_abs=0.0015702396631240845 max_rel=1.2475546005580322 max_ulp=1924391553
FIRST_DIVERGENCE_OBJECT row=1 layer=17 checkpoint=CP2-KV-P subobject=kv_raw result=MISMATCH elements=512 mismatch_count=512 first_index=0 actual_bits=0x3bb28520 expected_bits=0x3bb2a580 max_abs=0.0013861749321222305 max_rel=1.2683413372737347 max_ulp=1934155009
FIRST_DIVERGENCE_OBJECT row=1 layer=17 checkpoint=CP2-KV-R subobject=raw_cache result=MISMATCH elements=512 mismatch_count=98 first_index=7 actual_bits=0x3e400000 expected_bits=0x3e300000 max_abs=0.125 max_rel=1.2692307692307692 max_ulp=1974468609
FIRST_DIVERGENCE_OBJECT row=1 layer=17 checkpoint=CP3-F subobject=attn_state_kv result=MISMATCH elements=65536 mismatch_count=1024 first_index=8192 actual_bits=0x3ba71d28 expected_bits=0x3b9e7080 max_abs=0.0012883096933364868 max_rel=1.1071159902587053 max_ulp=1889301121
FIRST_DIVERGENCE_OBJECT row=1 layer=17 checkpoint=CP3-F subobject=attn_state_score result=MISMATCH elements=65536 mismatch_count=1024 first_index=8192 actual_bits=0x3e92f626 expected_bits=0x3e92ffcd max_abs=0.0061132311820983887 max_rel=0.61141971862438593 max_ulp=11058112
FIRST_DIVERGENCE_OBJECT row=1 layer=17 checkpoint=CP3-F subobject=layer_n_comp result=EXACT elements=1
FIRST_DIVERGENCE_OBJECT row=1 layer=17 checkpoint=CP4 subobject=after_attn_hc result=MISMATCH elements=16384 mismatch_count=16382 first_index=0 actual_bits=0x3d89326e expected_bits=0x3d893426 max_abs=0.018246173858642578 max_rel=1.87987053700523 max_ulp=1984991749
FIRST_DIVERGENCE_OBJECT row=1 layer=17 checkpoint=CP5 subobject=layer_output result=MISMATCH elements=16384 mismatch_count=16382 first_index=0 actual_bits=0x3d91c66a expected_bits=0x3d91a0e5 max_abs=0.019215583801269531 max_rel=1.437270093042418 max_ulp=1960982406
FIRST_DIVERGENCE_OBJECT row=1 layer=18 checkpoint=CP1 subobject=attn_norm result=MISMATCH elements=4096 mismatch_count=4096 first_index=0 actual_bits=0x3d13d3b2 expected_bits=0x3d132ef3 max_abs=0.0040090084075927734 max_rel=1.7951743455575233 max_ulp=1912348389
FIRST_DIVERGENCE_OBJECT row=1 layer=18 checkpoint=CP2-Q subobject=qr result=MISMATCH elements=1024 mismatch_count=1024 first_index=0 actual_bits=0xbd5852e0 expected_bits=0xbd59e78d max_abs=0.00097263604402542114 max_rel=0.68244966617627323 max_ulp=13621152
FIRST_DIVERGENCE_OBJECT row=1 layer=18 checkpoint=CP2-KV-P subobject=kv_raw result=MISMATCH elements=512 mismatch_count=512 first_index=0 actual_bits=0x3d00d01e expected_bits=0x3cfc4dd8 max_abs=0.0010796636343002319 max_rel=0.50582615445058787 max_ulp=8544256
FIRST_DIVERGENCE_OBJECT row=1 layer=18 checkpoint=CP2-KV-R subobject=raw_cache result=MISMATCH elements=512 mismatch_count=82 first_index=8 actual_bits=0xbbb00000 expected_bits=0xbba00000 max_abs=0.125 max_rel=0.55000000000000004 max_ulp=9437184
FIRST_DIVERGENCE_OBJECT row=1 layer=18 checkpoint=CP3-F subobject=attn_state_kv result=MISMATCH elements=8192 mismatch_count=2048 first_index=4096 actual_bits=0xbc627954 expected_bits=0xbc63238c max_abs=0.00098577141761779785 max_rel=1.5560774086340399 max_ulp=1910865025
FIRST_DIVERGENCE_OBJECT row=1 layer=18 checkpoint=CP3-F subobject=attn_state_score result=MISMATCH elements=8192 mismatch_count=2048 first_index=4096 actual_bits=0x3f37ba90 expected_bits=0x3f37d8ae max_abs=0.0044696331024169922 max_rel=0.12292423015382076 max_ulp=1953800
FIRST_DIVERGENCE_OBJECT row=1 layer=18 checkpoint=CP3-F subobject=layer_n_comp result=EXACT elements=1
FIRST_DIVERGENCE_OBJECT row=1 layer=18 checkpoint=CP3-F subobject=index_state_kv result=MISMATCH elements=2048 mismatch_count=512 first_index=1024 actual_bits=0x3d51cad3 expected_bits=0x3d51dee0 max_abs=0.0014083385467529297 max_rel=0.39199560327399063 max_ulp=6275648
FIRST_DIVERGENCE_OBJECT row=1 layer=18 checkpoint=CP3-F subobject=index_state_score result=MISMATCH elements=2048 mismatch_count=512 first_index=1024 actual_bits=0x3f995ec1 expected_bits=0x3f997072 max_abs=0.0039311647415161133 max_rel=0.045379620161339659 max_ulp=415376
FIRST_DIVERGENCE_OBJECT row=1 layer=18 checkpoint=CP3-F subobject=layer_n_index_comp result=EXACT elements=1
FIRST_DIVERGENCE_OBJECT row=1 layer=18 checkpoint=CP4 subobject=after_attn_hc result=MISMATCH elements=16384 mismatch_count=16384 first_index=0 actual_bits=0x3d97c69e expected_bits=0x3d984320 max_abs=0.016941189765930176 max_rel=1.7247137924768308 max_ulp=1986851845
FIRST_DIVERGENCE_OBJECT row=1 layer=18 checkpoint=CP5 subobject=layer_output result=MISMATCH elements=16384 mismatch_count=16382 first_index=0 actual_bits=0x3dc57990 expected_bits=0x3dc5fcb6 max_abs=0.01719781756401062 max_rel=1.9371490274376431 max_ulp=1995459945
FIRST_DIVERGENCE_OBJECT row=1 layer=19 checkpoint=CP1 subobject=attn_norm result=MISMATCH elements=4096 mismatch_count=4096 first_index=0 actual_bits=0x3cf47cc0 expected_bits=0x3cf4df8e max_abs=0.00043346360325813293 max_rel=1.576950717285464 max_ulp=1920509376
FIRST_DIVERGENCE_OBJECT row=1 layer=19 checkpoint=CP2-Q subobject=qr result=MISMATCH elements=1024 mismatch_count=1024 first_index=0 actual_bits=0x3c74c37e expected_bits=0x3c7558ca max_abs=0.00071002915501594543 max_rel=1.1598920011188045 max_ulp=1912990401
FIRST_DIVERGENCE_OBJECT row=1 layer=19 checkpoint=CP2-KV-P subobject=kv_raw result=MISMATCH elements=512 mismatch_count=512 first_index=0 actual_bits=0xbd4bd151 expected_bits=0xbd4b237f max_abs=0.0007457192987203598 max_rel=0.67815095657379465 max_ulp=13827584
FIRST_DIVERGENCE_OBJECT row=1 layer=19 checkpoint=CP2-KV-R subobject=raw_cache result=MISMATCH elements=512 mismatch_count=106 first_index=8 actual_bits=0x39900000 expected_bits=0x3a600000 max_abs=0.125 max_rel=0.6785714285714286 max_ulp=13631488
FIRST_DIVERGENCE_OBJECT row=1 layer=19 checkpoint=CP3-F subobject=attn_state_kv result=MISMATCH elements=65536 mismatch_count=1024 first_index=8192 actual_bits=0xbb7f5270 expected_bits=0xbb802cc0 max_abs=0.00053951889276504517 max_rel=0.56644182314055147 max_ulp=10282976
FIRST_DIVERGENCE_OBJECT row=1 layer=19 checkpoint=CP3-F subobject=attn_state_score result=MISMATCH elements=65536 mismatch_count=1024 first_index=8192 actual_bits=0x3d3e4291 expected_bits=0x3d3e9bde max_abs=0.0012240558862686157 max_rel=1.5002098515777023 max_ulp=1880726017
FIRST_DIVERGENCE_OBJECT row=1 layer=19 checkpoint=CP3-F subobject=layer_n_comp result=EXACT elements=1
FIRST_DIVERGENCE_OBJECT row=1 layer=19 checkpoint=CP4 subobject=after_attn_hc result=MISMATCH elements=16384 mismatch_count=16382 first_index=0 actual_bits=0x3dd42f36 expected_bits=0x3dd4c45e max_abs=0.024387359619140625 max_rel=1.8564673958377922 max_ulp=2009333823
FIRST_DIVERGENCE_OBJECT row=1 layer=19 checkpoint=CP5 subobject=layer_output result=MISMATCH elements=16384 mismatch_count=16384 first_index=0 actual_bits=0x3dd11041 expected_bits=0x3dd1a9c8 max_abs=0.022928953170776367 max_rel=1.8464914442327458 max_ulp=2008029604
FIRST_DIVERGENCE_OBJECT row=1 layer=20 checkpoint=CP1 subobject=attn_norm result=MISMATCH elements=4096 mismatch_count=4096 first_index=0 actual_bits=0x3d801cd0 expected_bits=0x3d80539a max_abs=0.0024919509887695312 max_rel=1.6049513762864769 max_ulp=1928539783
FIRST_DIVERGENCE_OBJECT row=1 layer=20 checkpoint=CP2-Q subobject=qr result=MISMATCH elements=1024 mismatch_count=1024 first_index=0 actual_bits=0xbc739fa6 expected_bits=0xbc7096ec max_abs=0.001804206520318985 max_rel=1.1562742911217005 max_ulp=1923389345
FIRST_DIVERGENCE_OBJECT row=1 layer=20 checkpoint=CP2-KV-P subobject=kv_raw result=MISMATCH elements=512 mismatch_count=512 first_index=0 actual_bits=0xb990a700 expected_bits=0xb99502c0 max_abs=0.0012050867080688477 max_rel=0.57430081510560116 max_ulp=10326464
FIRST_DIVERGENCE_OBJECT row=1 layer=20 checkpoint=CP2-KV-R subobject=raw_cache result=MISMATCH elements=512 mismatch_count=87 first_index=0 actual_bits=0xbae00000 expected_bits=0xbaf00000 max_abs=0.125 max_rel=0.5714285714285714 max_ulp=10485760
FIRST_DIVERGENCE_OBJECT row=1 layer=20 checkpoint=CP3-F subobject=attn_state_kv result=MISMATCH elements=8192 mismatch_count=2048 first_index=4096 actual_bits=0xbdc0dbd4 expected_bits=0xbdc0f728 max_abs=0.0012337416410446167 max_rel=1.603341173632471 max_ulp=1944272577
FIRST_DIVERGENCE_OBJECT row=1 layer=20 checkpoint=CP3-F subobject=attn_state_score result=MISMATCH elements=8192 mismatch_count=2048 first_index=4096 actual_bits=0xbf84b8ef expected_bits=0xbf84a8dc max_abs=0.00368499755859375 max_rel=0.056069025550622202 max_ulp=819312
FIRST_DIVERGENCE_OBJECT row=1 layer=20 checkpoint=CP3-F subobject=layer_n_comp result=EXACT elements=1
FIRST_DIVERGENCE_OBJECT row=1 layer=20 checkpoint=CP3-F subobject=index_state_kv result=MISMATCH elements=2048 mismatch_count=512 first_index=1024 actual_bits=0xbb5e7684 expected_bits=0xbb595dc0 max_abs=0.0016630291938781738 max_rel=0.37750290552880622 max_ulp=5820672
FIRST_DIVERGENCE_OBJECT row=1 layer=20 checkpoint=CP3-F subobject=index_state_score result=MISMATCH elements=2048 mismatch_count=512 first_index=1024 actual_bits=0xbf6fa4dd expected_bits=0xbf6f8a2d max_abs=0.0043842792510986328 max_rel=0.13418293388212496 max_ulp=2154336
FIRST_DIVERGENCE_OBJECT row=1 layer=20 checkpoint=CP3-F subobject=layer_n_index_comp result=EXACT elements=1
FIRST_DIVERGENCE_OBJECT row=1 layer=20 checkpoint=CP4 subobject=after_attn_hc result=MISMATCH elements=16384 mismatch_count=16384 first_index=0 actual_bits=0xbc9c156f expected_bits=0xbc95efa7 max_abs=0.021120071411132812 max_rel=1.9562980631966926 max_ulp=1988267363
FIRST_DIVERGENCE_OBJECT row=1 layer=20 checkpoint=CP5 subobject=layer_output result=MISMATCH elements=16384 mismatch_count=16384 first_index=0 actual_bits=0x3e410e18 expected_bits=0x3e41ffec max_abs=0.027499496936798096 max_rel=1.8330828481886303 max_ulp=1991920615
FIRST_DIVERGENCE_OBJECT row=1 layer=21 checkpoint=CP1 subobject=attn_norm result=MISMATCH elements=4096 mismatch_count=4096 first_index=0 actual_bits=0x3d82ef85 expected_bits=0x3d833970 max_abs=0.00059199705719947815 max_rel=1.2448716771857233 max_ulp=1916828919
FIRST_DIVERGENCE_OBJECT row=1 layer=21 checkpoint=CP2-Q subobject=qr result=MISMATCH elements=1024 mismatch_count=1024 first_index=0 actual_bits=0xbd5f0b7c expected_bits=0xbd5c5d4f max_abs=0.00090765208005905151 max_rel=1.3014593377406969 max_ulp=1915385857
FIRST_DIVERGENCE_OBJECT row=1 layer=21 checkpoint=CP2-KV-P subobject=kv_raw result=MISMATCH elements=512 mismatch_count=512 first_index=0 actual_bits=0xbd60ede2 expected_bits=0xbd62a491 max_abs=0.0010089874267578125 max_rel=0.2279000384235785 max_ulp=2610032
FIRST_DIVERGENCE_OBJECT row=1 layer=21 checkpoint=CP2-KV-R subobject=raw_cache result=MISMATCH elements=512 mismatch_count=95 first_index=3 actual_bits=0xbb200000 expected_bits=0xbb000000 max_abs=0.0625 max_rel=0.25 max_ulp=3145728
FIRST_DIVERGENCE_OBJECT row=1 layer=21 checkpoint=CP3-F subobject=attn_state_kv result=MISMATCH elements=65536 mismatch_count=1024 first_index=8192 actual_bits=0x3b9d2950 expected_bits=0x3b9baa58 max_abs=0.00076913833618164062 max_rel=1.1875772013410977 max_ulp=1849030657
FIRST_DIVERGENCE_OBJECT row=1 layer=21 checkpoint=CP3-F subobject=attn_state_score result=MISMATCH elements=65536 mismatch_count=1024 first_index=8192 actual_bits=0x3e7ff990 expected_bits=0x3e80048c max_abs=0.0014882683753967285 max_rel=0.58188953162962365 max_ulp=10050672
FIRST_DIVERGENCE_OBJECT row=1 layer=21 checkpoint=CP3-F subobject=layer_n_comp result=EXACT elements=1
FIRST_DIVERGENCE_OBJECT row=1 layer=21 checkpoint=CP4 subobject=after_attn_hc result=MISMATCH elements=16384 mismatch_count=16384 first_index=0 actual_bits=0x3e3e6748 expected_bits=0x3e3e2e6f max_abs=0.026787519454956055 max_rel=1.6081819279616727 max_ulp=1996005148
FIRST_DIVERGENCE_OBJECT row=1 layer=21 checkpoint=CP5 subobject=layer_output result=MISMATCH elements=16384 mismatch_count=16383 first_index=0 actual_bits=0x3d90c683 expected_bits=0x3d902c14 max_abs=0.027099132537841797 max_rel=1.9313117316723616 max_ulp=2004508382
FIRST_DIVERGENCE_OBJECT row=1 layer=22 checkpoint=CP1 subobject=attn_norm result=MISMATCH elements=4096 mismatch_count=4096 first_index=0 actual_bits=0x3da85eee expected_bits=0x3da874fd max_abs=0.011709988117218018 max_rel=1.9837257807108764 max_ulp=1917623792
FIRST_DIVERGENCE_OBJECT row=1 layer=22 checkpoint=CP2-Q subobject=qr result=MISMATCH elements=1024 mismatch_count=1024 first_index=0 actual_bits=0xbda3983f expected_bits=0xbda32b38 max_abs=0.0017052628099918365 max_rel=0.85927744772196701 max_ulp=23302048
FIRST_DIVERGENCE_OBJECT row=1 layer=22 checkpoint=CP2-KV-P subobject=kv_raw result=MISMATCH elements=512 mismatch_count=512 first_index=0 actual_bits=0xbe1e2ed7 expected_bits=0xbe1dbfd2 max_abs=0.0014757513999938965 max_rel=0.63124285169653072 max_ulp=11561216
FIRST_DIVERGENCE_OBJECT row=1 layer=22 checkpoint=CP2-KV-R subobject=raw_cache result=MISMATCH elements=512 mismatch_count=91 first_index=26 actual_bits=0x3bc00000 expected_bits=0x3c000000 max_abs=0.125 max_rel=0.6333333333333333 max_ulp=12582912
FIRST_DIVERGENCE_OBJECT row=1 layer=22 checkpoint=CP3-F subobject=attn_state_kv result=MISMATCH elements=8192 mismatch_count=2048 first_index=4096 actual_bits=0xbde7f544 expected_bits=0xbde7ff4b max_abs=0.0025612413883209229 max_rel=1.2586154684755617 max_ulp=1927815425
FIRST_DIVERGENCE_OBJECT row=1 layer=22 checkpoint=CP3-F subobject=attn_state_score result=MISMATCH elements=8192 mismatch_count=2048 first_index=4096 actual_bits=0xbfe4a635 expected_bits=0xbfe499dc max_abs=0.0089482665061950684 max_rel=1.0492729251162332 max_ulp=1935743233
FIRST_DIVERGENCE_OBJECT row=1 layer=22 checkpoint=CP3-F subobject=layer_n_comp result=EXACT elements=1
FIRST_DIVERGENCE_OBJECT row=1 layer=22 checkpoint=CP3-F subobject=index_state_kv result=MISMATCH elements=2048 mismatch_count=512 first_index=1024 actual_bits=0x3e334467 expected_bits=0x3e3322b1 max_abs=0.0033690929412841797 max_rel=0.23164756203205247 max_ulp=3833504
FIRST_DIVERGENCE_OBJECT row=1 layer=22 checkpoint=CP3-F subobject=index_state_score result=MISMATCH elements=2048 mismatch_count=512 first_index=1024 actual_bits=0xc0095cee expected_bits=0xc0095a52 max_abs=0.0076381564140319824 max_rel=0.77223465403009961 max_ulp=17815040
FIRST_DIVERGENCE_OBJECT row=1 layer=22 checkpoint=CP3-F subobject=layer_n_index_comp result=EXACT elements=1
FIRST_DIVERGENCE_OBJECT row=1 layer=22 checkpoint=CP4 subobject=after_attn_hc result=MISMATCH elements=16384 mismatch_count=16384 first_index=0 actual_bits=0xbc5baf15 expected_bits=0xbc65a20a max_abs=0.025759100914001465 max_rel=1.9396179312560851 max_ulp=2010860019
FIRST_DIVERGENCE_OBJECT row=1 layer=22 checkpoint=CP5 subobject=layer_output result=MISMATCH elements=16384 mismatch_count=16384 first_index=0 actual_bits=0xbd1d211e expected_bits=0xbd20083c max_abs=0.02549135684967041 max_rel=1.8838482554522176 max_ulp=2010563981
FIRST_DIVERGENCE_OBJECT row=1 layer=23 checkpoint=CP1 subobject=attn_norm result=MISMATCH elements=4096 mismatch_count=4096 first_index=0 actual_bits=0x3d1913b3 expected_bits=0x3d18d48b max_abs=0.00061931833624839783 max_rel=1.7021240080144735 max_ulp=1904932975
FIRST_DIVERGENCE_OBJECT row=1 layer=23 checkpoint=CP2-Q subobject=qr result=MISMATCH elements=1024 mismatch_count=1024 first_index=0 actual_bits=0x3c6e6184 expected_bits=0x3c6833e0 max_abs=0.00096979737281799316 max_rel=1.5248665790084306 max_ulp=1907789569
FIRST_DIVERGENCE_OBJECT row=1 layer=23 checkpoint=CP2-KV-P subobject=kv_raw result=MISMATCH elements=512 mismatch_count=512 first_index=0 actual_bits=0xbd840c19 expected_bits=0xbd84592c max_abs=0.0010352134704589844 max_rel=1.083485059440934 max_ulp=1918157825
FIRST_DIVERGENCE_OBJECT row=1 layer=23 checkpoint=CP2-KV-R subobject=raw_cache result=MISMATCH elements=512 mismatch_count=80 first_index=17 actual_bits=0x3cd00000 expected_bits=0x3ce00000 max_abs=0.125 max_rel=1.0795454545454546 max_ulp=1955594241
FIRST_DIVERGENCE_OBJECT row=1 layer=23 checkpoint=CP3-F subobject=attn_state_kv result=MISMATCH elements=65536 mismatch_count=1024 first_index=8192 actual_bits=0x3e4b28ac expected_bits=0x3e4b3152 max_abs=0.0012636780738830566 max_rel=0.49369452470416941 max_ulp=8210112
FIRST_DIVERGENCE_OBJECT row=1 layer=23 checkpoint=CP3-F subobject=attn_state_score result=MISMATCH elements=65536 mismatch_count=1024 first_index=8192 actual_bits=0xbdb64bc1 expected_bits=0xbdb54478 max_abs=0.00131988525390625 max_rel=1.0732672245491215 max_ulp=1927820417
FIRST_DIVERGENCE_OBJECT row=1 layer=23 checkpoint=CP3-F subobject=layer_n_comp result=EXACT elements=1
FIRST_DIVERGENCE_OBJECT row=1 layer=23 checkpoint=CP4 subobject=after_attn_hc result=MISMATCH elements=16384 mismatch_count=16383 first_index=0 actual_bits=0xbc6cacd8 expected_bits=0xbc77ecd9 max_abs=0.024665236473083496 max_rel=1.8365298434295798 max_ulp=2003389030
FIRST_DIVERGENCE_OBJECT row=1 layer=23 checkpoint=CP5 subobject=layer_output result=MISMATCH elements=16384 mismatch_count=16384 first_index=0 actual_bits=0xba6fd700 expected_bits=0xbac1687b max_abs=0.024110198020935059 max_rel=1.916146990455976 max_ulp=2008365905
FIRST_DIVERGENCE_OBJECT row=1 layer=24 checkpoint=CP1 subobject=attn_norm result=MISMATCH elements=4096 mismatch_count=4096 first_index=0 actual_bits=0x3d075309 expected_bits=0x3d07357f max_abs=0.0058867931365966797 max_rel=1.6089938135578934 max_ulp=1927083488
FIRST_DIVERGENCE_OBJECT row=1 layer=24 checkpoint=CP2-Q subobject=qr result=MISMATCH elements=1024 mismatch_count=1024 first_index=0 actual_bits=0xbea84846 expected_bits=0xbea8a1b4 max_abs=0.0013569742441177368 max_rel=1.2103518813555989 max_ulp=1919791873
FIRST_DIVERGENCE_OBJECT row=1 layer=24 checkpoint=CP2-KV-P subobject=kv_raw result=MISMATCH elements=512 mismatch_count=512 first_index=0 actual_bits=0xbe60d2d6 expected_bits=0xbe6018a8 max_abs=0.001328587532043457 max_rel=0.96865123116501284 max_ulp=41899008
FIRST_DIVERGENCE_OBJECT row=1 layer=24 checkpoint=CP2-KV-R subobject=raw_cache result=MISMATCH elements=512 mismatch_count=89 first_index=2 actual_bits=0xbad00000 expected_bits=0xb8400000 max_abs=0.03125 max_rel=0.97115384615384615 max_ulp=42991616
FIRST_DIVERGENCE_OBJECT row=1 layer=24 checkpoint=CP3-F subobject=attn_state_kv result=MISMATCH elements=8192 mismatch_count=2047 first_index=4096 actual_bits=0xbe5a5b12 expected_bits=0xbe5a5cb7 max_abs=0.0016353130340576172 max_rel=1.7715747498307126 max_ulp=1930173185
FIRST_DIVERGENCE_OBJECT row=1 layer=24 checkpoint=CP3-F subobject=attn_state_score result=MISMATCH elements=8192 mismatch_count=2048 first_index=4096 actual_bits=0xc011b153 expected_bits=0xc011a085 max_abs=0.0070924758911132812 max_rel=0.31373495199878093 max_ulp=4743552
FIRST_DIVERGENCE_OBJECT row=1 layer=24 checkpoint=CP3-F subobject=layer_n_comp result=EXACT elements=1
FIRST_DIVERGENCE_OBJECT row=1 layer=24 checkpoint=CP3-F subobject=index_state_kv result=MISMATCH elements=2048 mismatch_count=512 first_index=1024 actual_bits=0xbdb2dc1c expected_bits=0xbdb330f4 max_abs=0.00133475661277771 max_rel=0.17282370624865792 max_ulp=2451072
FIRST_DIVERGENCE_OBJECT row=1 layer=24 checkpoint=CP3-F subobject=index_state_score result=MISMATCH elements=2048 mismatch_count=512 first_index=1024 actual_bits=0xc0084a26 expected_bits=0xc008399b max_abs=0.0063238143920898438 max_rel=0.02974595360022184 max_ulp=418784
FIRST_DIVERGENCE_OBJECT row=1 layer=24 checkpoint=CP3-F subobject=layer_n_index_comp result=EXACT elements=1
FIRST_DIVERGENCE_OBJECT row=1 layer=24 checkpoint=CP4 subobject=after_attn_hc result=MISMATCH elements=16384 mismatch_count=16384 first_index=0 actual_bits=0x3f524fa8 expected_bits=0x3f51a59e max_abs=0.023589611053466797 max_rel=1.6466060991132476 max_ulp=1990676598
FIRST_DIVERGENCE_OBJECT row=1 layer=24 checkpoint=CP5 subobject=layer_output result=MISMATCH elements=16384 mismatch_count=16384 first_index=0 actual_bits=0x3f141a58 expected_bits=0x3f132fc3 max_abs=0.023458480834960938 max_rel=1.5936664707735939 max_ulp=1988465169
FIRST_DIVERGENCE_OBJECT row=1 layer=25 checkpoint=CP1 subobject=attn_norm result=MISMATCH elements=4096 mismatch_count=4096 first_index=0 actual_bits=0x3bb14be3 expected_bits=0x3bb193cf max_abs=0.00017343088984489441 max_rel=1.2076607702419555 max_ulp=1890238742
FIRST_DIVERGENCE_OBJECT row=1 layer=25 checkpoint=CP2-Q subobject=qr result=MISMATCH elements=1024 mismatch_count=1024 first_index=0 actual_bits=0xbcefdd6a expected_bits=0xbcf0714f max_abs=0.00024424679577350616 max_rel=1.6660854568025245 max_ulp=1901552769
FIRST_DIVERGENCE_OBJECT row=1 layer=25 checkpoint=CP2-KV-P subobject=kv_raw result=MISMATCH elements=512 mismatch_count=512 first_index=0 actual_bits=0xbc202d8a expected_bits=0xbc1ec7d8 max_abs=0.0002625584602355957 max_rel=1.2565223778278327 max_ulp=1905838529
FIRST_DIVERGENCE_OBJECT row=1 layer=25 checkpoint=CP2-KV-R subobject=raw_cache result=MISMATCH elements=512 mismatch_count=95 first_index=1 actual_bits=0x3d500000 expected_bits=0x3d600000 max_abs=0.0625 max_rel=1.25 max_ulp=1977614337
FIRST_DIVERGENCE_OBJECT row=1 layer=25 checkpoint=CP3-F subobject=attn_state_kv result=MISMATCH elements=65536 mismatch_count=1024 first_index=8192 actual_bits=0x3d92a8c9 expected_bits=0x3d92b538 max_abs=0.00026218965649604797 max_rel=1.3976932361750638 max_ulp=1857667585
FIRST_DIVERGENCE_OBJECT row=1 layer=25 checkpoint=CP3-F subobject=attn_state_score result=MISMATCH elements=65536 mismatch_count=1024 first_index=8192 actual_bits=0xbd07dd10 expected_bits=0xbd07f85b max_abs=0.001087874174118042 max_rel=0.61170676653157541 max_ulp=11175808
FIRST_DIVERGENCE_OBJECT row=1 layer=25 checkpoint=CP3-F subobject=layer_n_comp result=EXACT elements=1
FIRST_DIVERGENCE_OBJECT row=1 layer=25 checkpoint=CP4 subobject=after_attn_hc result=MISMATCH elements=16384 mismatch_count=16384 first_index=0 actual_bits=0x3f1bf33e expected_bits=0x3f1b2e3b max_abs=0.037483185529708862 max_rel=1.9181544827584374 max_ulp=2005112202
FIRST_DIVERGENCE_OBJECT row=1 layer=25 checkpoint=CP5 subobject=layer_output result=MISMATCH elements=16384 mismatch_count=16383 first_index=0 actual_bits=0x3f21ff9b expected_bits=0x3f212fbf max_abs=0.037213265895843506 max_rel=1.7647946282435054 max_ulp=2027488313
FIRST_DIVERGENCE_OBJECT row=1 layer=26 checkpoint=CP1 subobject=attn_norm result=MISMATCH elements=4096 mismatch_count=4096 first_index=0 actual_bits=0x3c9468fc expected_bits=0x3c95cc0a max_abs=0.005283743143081665 max_rel=1.3488525648513201 max_ulp=1910759316
FIRST_DIVERGENCE_OBJECT row=1 layer=26 checkpoint=CP2-Q subobject=qr result=MISMATCH elements=1024 mismatch_count=1024 first_index=0 actual_bits=0xbb75f190 expected_bits=0xbb72c750 max_abs=0.00079897046089172363 max_rel=1.6224259279711644 max_ulp=1932832897
FIRST_DIVERGENCE_OBJECT row=1 layer=26 checkpoint=CP2-KV-P subobject=kv_raw result=MISMATCH elements=512 mismatch_count=512 first_index=0 actual_bits=0x3df2ff46 expected_bits=0x3df2ae22 max_abs=0.00089273042976856232 max_rel=0.87099298510382606 max_ulp=24872192
FIRST_DIVERGENCE_OBJECT row=1 layer=26 checkpoint=CP2-KV-R subobject=raw_cache result=MISMATCH elements=512 mismatch_count=87 first_index=34 actual_bits=0x3ec00000 expected_bits=0x3eb00000 max_abs=0.0625 max_rel=0.8660714285714286 max_ulp=24117248
FIRST_DIVERGENCE_OBJECT row=1 layer=26 checkpoint=CP3-F subobject=attn_state_kv result=MISMATCH elements=8192 mismatch_count=2048 first_index=4096 actual_bits=0xbe8c7f7b expected_bits=0xbe8c7bee max_abs=0.00091254711151123047 max_rel=1.5385721130809775 max_ulp=1927717121
FIRST_DIVERGENCE_OBJECT row=1 layer=26 checkpoint=CP3-F subobject=attn_state_score result=MISMATCH elements=8192 mismatch_count=2048 first_index=4096 actual_bits=0x3e189134 expected_bits=0x3e1b5d1c max_abs=0.005649566650390625 max_rel=1.2385105315375931 max_ulp=1968089601
FIRST_DIVERGENCE_OBJECT row=1 layer=26 checkpoint=CP3-F subobject=layer_n_comp result=EXACT elements=1
FIRST_DIVERGENCE_OBJECT row=1 layer=26 checkpoint=CP3-F subobject=index_state_kv result=MISMATCH elements=2048 mismatch_count=512 first_index=1024 actual_bits=0x3de7c649 expected_bits=0x3de78c8e max_abs=0.00074704363942146301 max_rel=0.42151832402505091 max_ulp=6469176
FIRST_DIVERGENCE_OBJECT row=1 layer=26 checkpoint=CP3-F subobject=index_state_score result=MISMATCH elements=2048 mismatch_count=512 first_index=1024 actual_bits=0x3e48d18f expected_bits=0x3e4bf380 max_abs=0.0070015788078308105 max_rel=1.7662617212199485 max_ulp=1976339553
FIRST_DIVERGENCE_OBJECT row=1 layer=26 checkpoint=CP3-F subobject=layer_n_index_comp result=EXACT elements=1
FIRST_DIVERGENCE_OBJECT row=1 layer=26 checkpoint=CP4 subobject=after_attn_hc result=MISMATCH elements=16384 mismatch_count=16384 first_index=0 actual_bits=0x3f198e10 expected_bits=0x3f18d31c max_abs=0.037006080150604248 max_rel=1.6145494360757788 max_ulp=2022994543
FIRST_DIVERGENCE_OBJECT row=1 layer=26 checkpoint=CP5 subobject=layer_output result=MISMATCH elements=16384 mismatch_count=16384 first_index=0 actual_bits=0x3fa681d2 expected_bits=0x3fa64a6c max_abs=0.036671549081802368 max_rel=1.7163918580987336 max_ulp=2016906096
FIRST_DIVERGENCE_OBJECT row=1 layer=27 checkpoint=CP1 subobject=attn_norm result=MISMATCH elements=4096 mismatch_count=4096 first_index=0 actual_bits=0x3d112c87 expected_bits=0x3d11a2e1 max_abs=0.00043500307947397232 max_rel=1.823098825970098 max_ulp=1913257858
FIRST_DIVERGENCE_OBJECT row=1 layer=27 checkpoint=CP2-Q subobject=qr result=MISMATCH elements=1024 mismatch_count=1024 first_index=0 actual_bits=0x3a0c84e0 expected_bits=0x39ee7f00 max_abs=0.00061951577663421631 max_rel=1.6596608550274661 max_ulp=1890547713
FIRST_DIVERGENCE_OBJECT row=1 layer=27 checkpoint=CP2-KV-P subobject=kv_raw result=MISMATCH elements=512 mismatch_count=512 first_index=0 actual_bits=0x3b959188 expected_bits=0x3b943888 max_abs=0.0011395961046218872 max_rel=0.54516209659000314 max_ulp=9730048
FIRST_DIVERGENCE_OBJECT row=1 layer=27 checkpoint=CP2-KV-R subobject=raw_cache result=MISMATCH elements=512 mismatch_count=87 first_index=14 actual_bits=0xbf100000 expected_bits=0xbf000000 max_abs=0.25 max_rel=0.57692307692307687 max_ulp=10485760
FIRST_DIVERGENCE_OBJECT row=1 layer=27 checkpoint=CP3-F subobject=attn_state_kv result=MISMATCH elements=65536 mismatch_count=1024 first_index=8192 actual_bits=0xbc941f51 expected_bits=0xbc92c48a max_abs=0.00072440505027770996 max_rel=1.3264184936340633 max_ulp=1921543745
FIRST_DIVERGENCE_OBJECT row=1 layer=27 checkpoint=CP3-F subobject=attn_state_score result=MISMATCH elements=65536 mismatch_count=1023 first_index=8192 actual_bits=0xbde74f92 expected_bits=0xbde81cc7 max_abs=0.0017025768756866455 max_rel=0.43766192435082923 max_ulp=6696224
FIRST_DIVERGENCE_OBJECT row=1 layer=27 checkpoint=CP3-F subobject=layer_n_comp result=EXACT elements=1
FIRST_DIVERGENCE_OBJECT row=1 layer=27 checkpoint=CP4 subobject=after_attn_hc result=MISMATCH elements=16384 mismatch_count=16384 first_index=0 actual_bits=0x3fd28c86 expected_bits=0x3fd1a69c max_abs=0.036579400300979614 max_rel=1.674811535711533 max_ulp=2020028504
FIRST_DIVERGENCE_OBJECT row=1 layer=27 checkpoint=CP5 subobject=layer_output result=MISMATCH elements=16384 mismatch_count=16384 first_index=0 actual_bits=0x3fed7526 expected_bits=0x3fec8612 max_abs=0.03638005256652832 max_rel=1.748749535805969 max_ulp=2020393136
FIRST_DIVERGENCE_OBJECT row=1 layer=28 checkpoint=CP1 subobject=attn_norm result=MISMATCH elements=4096 mismatch_count=4095 first_index=0 actual_bits=0x3d0534e9 expected_bits=0x3d05d75f max_abs=0.0016803741455078125 max_rel=1.43645519827614 max_ulp=1905047508
FIRST_DIVERGENCE_OBJECT row=1 layer=28 checkpoint=CP2-Q subobject=qr result=MISMATCH elements=1024 mismatch_count=1024 first_index=0 actual_bits=0x3e484768 expected_bits=0x3e47dd7a max_abs=0.00080835074186325073 max_rel=0.50788108877665161 max_ulp=8626688
FIRST_DIVERGENCE_OBJECT row=1 layer=28 checkpoint=CP2-KV-P subobject=kv_raw result=MISMATCH elements=512 mismatch_count=512 first_index=0 actual_bits=0x3dd994d3 expected_bits=0x3dd8f1d5 max_abs=0.00063634663820266724 max_rel=0.22137645215424126 max_ulp=3056256
FIRST_DIVERGENCE_OBJECT row=1 layer=28 checkpoint=CP2-KV-R subobject=raw_cache result=MISMATCH elements=512 mismatch_count=81 first_index=3 actual_bits=0x3cc00000 expected_bits=0x3cd00000 max_abs=0.0625 max_rel=0.25 max_ulp=3145728
FIRST_DIVERGENCE_OBJECT row=1 layer=28 checkpoint=CP3-F subobject=attn_state_kv result=MISMATCH elements=8192 mismatch_count=2048 first_index=4096 actual_bits=0x3d88c6bc expected_bits=0x3d889c58 max_abs=0.0012931525707244873 max_rel=0.59171652263830421 max_ulp=10931712
FIRST_DIVERGENCE_OBJECT row=1 layer=28 checkpoint=CP3-F subobject=attn_state_score result=MISMATCH elements=8192 mismatch_count=2047 first_index=4096 actual_bits=0x3fbe9be4 expected_bits=0x3fbeed46 max_abs=0.0045015811920166016 max_rel=0.10149471666873089 max_ulp=996480
FIRST_DIVERGENCE_OBJECT row=1 layer=28 checkpoint=CP3-F subobject=layer_n_comp result=EXACT elements=1
FIRST_DIVERGENCE_OBJECT row=1 layer=28 checkpoint=CP3-F subobject=index_state_kv result=MISMATCH elements=2048 mismatch_count=511 first_index=1024 actual_bits=0xbe608b67 expected_bits=0xbe60a306 max_abs=0.00089187175035476685 max_rel=0.6983079158419806 max_ulp=14463872
FIRST_DIVERGENCE_OBJECT row=1 layer=28 checkpoint=CP3-F subobject=index_state_score result=MISMATCH elements=2048 mismatch_count=512 first_index=1024 actual_bits=0x3fc0c15a expected_bits=0x3fc119af max_abs=0.0052189826965332031 max_rel=0.007016437458047798 max_ulp=89896
FIRST_DIVERGENCE_OBJECT row=1 layer=28 checkpoint=CP3-F subobject=layer_n_index_comp result=EXACT elements=1
FIRST_DIVERGENCE_OBJECT row=1 layer=28 checkpoint=CP4 subobject=after_attn_hc result=MISMATCH elements=16384 mismatch_count=16384 first_index=0 actual_bits=0x3fe9a47f expected_bits=0x3fe8bc2e max_abs=0.035780906677246094 max_rel=1.9872282275039905 max_ulp=2018063306
FIRST_DIVERGENCE_OBJECT row=1 layer=28 checkpoint=CP5 subobject=layer_output result=MISMATCH elements=16384 mismatch_count=16384 first_index=0 actual_bits=0x3fc13122 expected_bits=0x3fc040fb max_abs=0.035740315914154053 max_rel=1.7939558879800981 max_ulp=1999193643
FIRST_DIVERGENCE_OBJECT row=1 layer=29 checkpoint=CP1 subobject=attn_norm result=MISMATCH elements=4096 mismatch_count=4096 first_index=0 actual_bits=0x3d050bb6 expected_bits=0x3d06418c max_abs=0.00047506019473075867 max_rel=1.3224872371705714 max_ulp=1898801801
FIRST_DIVERGENCE_OBJECT row=1 layer=29 checkpoint=CP2-Q subobject=qr result=MISMATCH elements=1024 mismatch_count=1024 first_index=0 actual_bits=0xbe164f82 expected_bits=0xbe167a43 max_abs=0.00088425353169441223 max_rel=1.0115337947770455 max_ulp=1876870913
FIRST_DIVERGENCE_OBJECT row=1 layer=29 checkpoint=CP2-KV-P subobject=kv_raw result=MISMATCH elements=512 mismatch_count=512 first_index=0 actual_bits=0xbcc7f33c expected_bits=0xbcc71ddc max_abs=0.00075449980795383453 max_rel=0.48243243243243245 max_ulp=7962624
FIRST_DIVERGENCE_OBJECT row=1 layer=29 checkpoint=CP2-KV-R subobject=raw_cache result=MISMATCH elements=512 mismatch_count=101 first_index=0 actual_bits=0xbe700000 expected_bits=0xbe600000 max_abs=0.125 max_rel=0.5 max_ulp=8388608
FIRST_DIVERGENCE_OBJECT row=1 layer=29 checkpoint=CP3-F subobject=attn_state_kv result=MISMATCH elements=65536 mismatch_count=1024 first_index=8192 actual_bits=0x3e120052 expected_bits=0x3e11cda8 max_abs=0.0022543221712112427 max_rel=0.60009274048122008 max_ulp=10875264
FIRST_DIVERGENCE_OBJECT row=1 layer=29 checkpoint=CP3-F subobject=attn_state_score result=MISMATCH elements=65536 mismatch_count=1024 first_index=8192 actual_bits=0x3dc24f60 expected_bits=0x3dc44ab8 max_abs=0.002624809741973877 max_rel=0.69605971971912828 max_ulp=14759200
FIRST_DIVERGENCE_OBJECT row=1 layer=29 checkpoint=CP3-F subobject=layer_n_comp result=EXACT elements=1
FIRST_DIVERGENCE_OBJECT row=1 layer=29 checkpoint=CP4 subobject=after_attn_hc result=MISMATCH elements=16384 mismatch_count=16384 first_index=0 actual_bits=0x3fc051a6 expected_bits=0x3fbf6356 max_abs=0.03971099853515625 max_rel=1.7775987242718054 max_ulp=2023517815
FIRST_DIVERGENCE_OBJECT row=1 layer=29 checkpoint=CP5 subobject=layer_output result=MISMATCH elements=16384 mismatch_count=16384 first_index=0 actual_bits=0x3f890d03 expected_bits=0x3f881aef max_abs=0.039565563201904297 max_rel=1.9386444088672898 max_ulp=2019305760
FIRST_DIVERGENCE_OBJECT row=1 layer=30 checkpoint=CP1 subobject=attn_norm result=MISMATCH elements=4096 mismatch_count=4096 first_index=0 actual_bits=0x3d3d7eeb expected_bits=0x3d3e6a04 max_abs=0.0062098503112792969 max_rel=1.9779087139280154 max_ulp=1924035514
FIRST_DIVERGENCE_OBJECT row=1 layer=30 checkpoint=CP2-Q subobject=qr result=MISMATCH elements=1024 mismatch_count=1024 first_index=0 actual_bits=0x3b985db8 expected_bits=0x3bab6008 max_abs=0.0014397352933883667 max_rel=0.65302478951835552 max_ulp=12404096
FIRST_DIVERGENCE_OBJECT row=1 layer=30 checkpoint=CP2-KV-P subobject=kv_raw result=MISMATCH elements=512 mismatch_count=512 first_index=0 actual_bits=0xbcdba4d2 expected_bits=0xbcdbfe03 max_abs=0.0018472149968147278 max_rel=1.5210064581838383 max_ulp=1937834881
FIRST_DIVERGENCE_OBJECT row=1 layer=30 checkpoint=CP2-KV-R subobject=raw_cache result=MISMATCH elements=512 mismatch_count=112 first_index=3 actual_bits=0x3e600000 expected_bits=0x3e700000 max_abs=0.0625 max_rel=1.5357142857142858 max_ulp=1968177153
FIRST_DIVERGENCE_OBJECT row=1 layer=30 checkpoint=CP3-F subobject=attn_state_kv result=MISMATCH elements=8192 mismatch_count=2048 first_index=4096 actual_bits=0xbca21a71 expected_bits=0xbca1f6da max_abs=0.0022125095129013062 max_rel=1.1673999699157642 max_ulp=1901779969
FIRST_DIVERGENCE_OBJECT row=1 layer=30 checkpoint=CP3-F subobject=attn_state_score result=MISMATCH elements=8192 mismatch_count=2048 first_index=4096 actual_bits=0x3f4049f8 expected_bits=0x3f3fe71c max_abs=0.010570645332336426 max_rel=0.81141312379920194 max_ulp=19878912
FIRST_DIVERGENCE_OBJECT row=1 layer=30 checkpoint=CP3-F subobject=layer_n_comp result=EXACT elements=1
FIRST_DIVERGENCE_OBJECT row=1 layer=30 checkpoint=CP3-F subobject=index_state_kv result=MISMATCH elements=2048 mismatch_count=512 first_index=1024 actual_bits=0x3bac9784 expected_bits=0x3bb260e0 max_abs=0.0018805563449859619 max_rel=0.21835688217424104 max_ulp=2915872
FIRST_DIVERGENCE_OBJECT row=1 layer=30 checkpoint=CP3-F subobject=index_state_score result=MISMATCH elements=2048 mismatch_count=512 first_index=1024 actual_bits=0x3eed10e6 expected_bits=0x3eebd89c max_abs=0.011871099472045898 max_rel=1.035421870663336 max_ulp=1935699969
FIRST_DIVERGENCE_OBJECT row=1 layer=30 checkpoint=CP3-F subobject=layer_n_index_comp result=EXACT elements=1
FIRST_DIVERGENCE_OBJECT row=1 layer=30 checkpoint=CP4 subobject=after_attn_hc result=MISMATCH elements=16384 mismatch_count=16384 first_index=0 actual_bits=0x3f8bbfb3 expected_bits=0x3f8b4e7a max_abs=0.10326814651489258 max_rel=1.9880231853071419 max_ulp=2039471981
FIRST_DIVERGENCE_OBJECT row=1 layer=30 checkpoint=CP5 subobject=layer_output result=MISMATCH elements=16384 mismatch_count=16384 first_index=0 actual_bits=0x3f58e1d0 expected_bits=0x3f5876d1 max_abs=0.10133171081542969 max_rel=1.9900991845496145 max_ulp=2039523193
FIRST_DIVERGENCE_OBJECT row=1 layer=31 checkpoint=CP1 subobject=attn_norm result=MISMATCH elements=4096 mismatch_count=4096 first_index=0 actual_bits=0x3c2e1ac0 expected_bits=0x3c3380ac max_abs=0.00080816633999347687 max_rel=1.5019692187383988 max_ulp=1913764515
FIRST_DIVERGENCE_OBJECT row=1 layer=31 checkpoint=CP2-Q subobject=qr result=MISMATCH elements=1024 mismatch_count=1024 first_index=0 actual_bits=0xbc44434a expected_bits=0xbc4539c4 max_abs=0.00083338469266891479 max_rel=0.80372892855278955 max_ulp=19572224
FIRST_DIVERGENCE_OBJECT row=1 layer=31 checkpoint=CP2-KV-P subobject=kv_raw result=MISMATCH elements=512 mismatch_count=512 first_index=0 actual_bits=0xbd9640f0 expected_bits=0xbd96f8be max_abs=0.0008436739444732666 max_rel=0.84521767210931031 max_ulp=22143744
FIRST_DIVERGENCE_OBJECT row=1 layer=31 checkpoint=CP2-KV-R subobject=raw_cache result=MISMATCH elements=512 mismatch_count=111 first_index=6 actual_bits=0x3de00000 expected_bits=0x3dd00000 max_abs=0.125 max_rel=0.84999999999999998 max_ulp=23068672
FIRST_DIVERGENCE_OBJECT row=1 layer=31 checkpoint=CP3-F subobject=attn_state_kv result=MISMATCH elements=65536 mismatch_count=1024 first_index=8192 actual_bits=0x3c0d595d expected_bits=0x3c0fee84 max_abs=0.0010635554790496826 max_rel=1.1720591015058912 max_ulp=1906485249
FIRST_DIVERGENCE_OBJECT row=1 layer=31 checkpoint=CP3-F subobject=attn_state_score result=MISMATCH elements=65536 mismatch_count=1024 first_index=8192 actual_bits=0xbd92dc6a expected_bits=0xbd9281ba max_abs=0.0019547343254089355 max_rel=0.82035505017013277 max_ulp=20090752
FIRST_DIVERGENCE_OBJECT row=1 layer=31 checkpoint=CP3-F subobject=layer_n_comp result=EXACT elements=1
FIRST_DIVERGENCE_OBJECT row=1 layer=31 checkpoint=CP4 subobject=after_attn_hc result=MISMATCH elements=16384 mismatch_count=16384 first_index=0 actual_bits=0x3f3d1208 expected_bits=0x3f3d234d max_abs=0.10002613067626953 max_rel=1.9760788892675627 max_ulp=2038697414
FIRST_DIVERGENCE_OBJECT row=1 layer=31 checkpoint=CP5 subobject=layer_output result=MISMATCH elements=16384 mismatch_count=16384 first_index=0 actual_bits=0x3f64ff65 expected_bits=0x3f65253e max_abs=0.095271110534667969 max_rel=1.7896645016141888 max_ulp=2044544785
FIRST_DIVERGENCE_OBJECT row=1 layer=32 checkpoint=CP1 subobject=attn_norm result=MISMATCH elements=4096 mismatch_count=4096 first_index=0 actual_bits=0x3cb64b08 expected_bits=0x3cb980db max_abs=0.0039784908294677734 max_rel=1.7409917319121873 max_ulp=1938799544
FIRST_DIVERGENCE_OBJECT row=1 layer=32 checkpoint=CP2-Q subobject=qr result=MISMATCH elements=1024 mismatch_count=1024 first_index=0 actual_bits=0x3db4ee8f expected_bits=0x3db4e986 max_abs=0.0012831538915634155 max_rel=0.54035175187807871 max_ulp=9383136
FIRST_DIVERGENCE_OBJECT row=1 layer=32 checkpoint=CP2-KV-P subobject=kv_raw result=MISMATCH elements=512 mismatch_count=512 first_index=0 actual_bits=0xbae1d5c0 expected_bits=0xbaa10be0 max_abs=0.0020236223936080933 max_rel=0.79600029502565672 max_ulp=19012480
FIRST_DIVERGENCE_OBJECT row=1 layer=32 checkpoint=CP2-KV-R subobject=raw_cache result=MISMATCH elements=512 mismatch_count=123 first_index=0 actual_bits=0xbc300000 expected_bits=0xbbf00000 max_abs=0.125 max_rel=0.80555555555555558 max_ulp=19922944
FIRST_DIVERGENCE_OBJECT row=1 layer=32 checkpoint=CP3-F subobject=attn_state_kv result=MISMATCH elements=8192 mismatch_count=2048 first_index=4096 actual_bits=0xbcc9c99a expected_bits=0xbccdaaea max_abs=0.0015924721956253052 max_rel=1.6173265471804159 max_ulp=1922345217
FIRST_DIVERGENCE_OBJECT row=1 layer=32 checkpoint=CP3-F subobject=attn_state_score result=MISMATCH elements=8192 mismatch_count=2048 first_index=4096 actual_bits=0xbfdb9de0 expected_bits=0xbfdd2a83 max_abs=0.016920328140258789 max_rel=0.45387848332571951 max_ulp=7096320
FIRST_DIVERGENCE_OBJECT row=1 layer=32 checkpoint=CP3-F subobject=layer_n_comp result=EXACT elements=1
FIRST_DIVERGENCE_OBJECT row=1 layer=32 checkpoint=CP3-F subobject=index_state_kv result=MISMATCH elements=2048 mismatch_count=512 first_index=1024 actual_bits=0x3e114971 expected_bits=0x3e1129ba max_abs=0.0025470256805419922 max_rel=0.6713026088537406 max_ulp=14117632
FIRST_DIVERGENCE_OBJECT row=1 layer=32 checkpoint=CP3-F subobject=index_state_score result=MISMATCH elements=2048 mismatch_count=512 first_index=1024 actual_bits=0xbfebd91a expected_bits=0xbfed51b2 max_abs=0.015546321868896484 max_rel=0.35239727419289285 max_ulp=4994208
FIRST_DIVERGENCE_OBJECT row=1 layer=32 checkpoint=CP3-F subobject=layer_n_index_comp result=EXACT elements=1
FIRST_DIVERGENCE_OBJECT row=1 layer=32 checkpoint=CP4 subobject=after_attn_hc result=MISMATCH elements=16384 mismatch_count=16384 first_index=0 actual_bits=0x3f6fb605 expected_bits=0x3f6feb46 max_abs=0.098506927490234375 max_rel=1.9682026630185558 max_ulp=2035910984
FIRST_DIVERGENCE_OBJECT row=1 layer=32 checkpoint=CP5 subobject=layer_output result=MISMATCH elements=16384 mismatch_count=16384 first_index=0 actual_bits=0x3fa1d9e6 expected_bits=0x3fa23ac6 max_abs=0.098323822021484375 max_rel=1.8492231005678998 max_ulp=2029536272
FIRST_DIVERGENCE_OBJECT row=1 layer=33 checkpoint=CP1 subobject=attn_norm result=MISMATCH elements=4096 mismatch_count=4096 first_index=0 actual_bits=0x3ce7fc92 expected_bits=0x3ceb1396 max_abs=0.00097281485795974731 max_rel=1.2199716194408854 max_ulp=1907294156
FIRST_DIVERGENCE_OBJECT row=1 layer=33 checkpoint=CP2-Q subobject=qr result=MISMATCH elements=1024 mismatch_count=1024 first_index=0 actual_bits=0xbdee78ea expected_bits=0xbdee61fa max_abs=0.0011530369520187378 max_rel=1.9402231870810482 max_ulp=1938685185
FIRST_DIVERGENCE_OBJECT row=1 layer=33 checkpoint=CP2-KV-P subobject=kv_raw result=MISMATCH elements=512 mismatch_count=512 first_index=0 actual_bits=0x3c9f86d0 expected_bits=0x3c9dd450 max_abs=0.00097021088004112244 max_rel=1.0558401880141011 max_ulp=1904829313
FIRST_DIVERGENCE_OBJECT row=1 layer=33 checkpoint=CP2-KV-R subobject=raw_cache result=MISMATCH elements=512 mismatch_count=109 first_index=2 actual_bits=0x3e100000 expected_bits=0x3e200000 max_abs=0.125 max_rel=1.0562499999999999 max_ulp=1966080001
FIRST_DIVERGENCE_OBJECT row=1 layer=33 checkpoint=CP3-F subobject=attn_state_kv result=MISMATCH elements=65536 mismatch_count=1024 first_index=8192 actual_bits=0x3d1c647d expected_bits=0x3d1c2876 max_abs=0.00094753503799438477 max_rel=1.1641843242131249 max_ulp=1926117793
FIRST_DIVERGENCE_OBJECT row=1 layer=33 checkpoint=CP3-F subobject=attn_state_score result=MISMATCH elements=65536 mismatch_count=1024 first_index=8192 actual_bits=0xbda6535c expected_bits=0xbda66587 max_abs=0.0036223381757736206 max_rel=1.2762388354770002 max_ulp=1952276097
FIRST_DIVERGENCE_OBJECT row=1 layer=33 checkpoint=CP3-F subobject=layer_n_comp result=EXACT elements=1
FIRST_DIVERGENCE_OBJECT row=1 layer=33 checkpoint=CP4 subobject=after_attn_hc result=MISMATCH elements=16384 mismatch_count=16384 first_index=0 actual_bits=0x3f9f6832 expected_bits=0x3f9fcac2 max_abs=0.094029903411865234 max_rel=1.9314368354418177 max_ulp=2036184470
FIRST_DIVERGENCE_OBJECT row=1 layer=33 checkpoint=CP5 subobject=layer_output result=MISMATCH elements=16384 mismatch_count=16384 first_index=0 actual_bits=0x4016f52b expected_bits=0x40172781 max_abs=0.092118263244628906 max_rel=1.941191718186154 max_ulp=2044942012
FIRST_DIVERGENCE_OBJECT row=1 layer=34 checkpoint=CP1 subobject=attn_norm result=MISMATCH elements=4096 mismatch_count=4096 first_index=0 actual_bits=0x3d585a61 expected_bits=0x3d5a5601 max_abs=0.0077381134033203125 max_rel=1.9618227604386678 max_ulp=1936865723
FIRST_DIVERGENCE_OBJECT row=1 layer=34 checkpoint=CP2-Q subobject=qr result=MISMATCH elements=1024 mismatch_count=1024 first_index=0 actual_bits=0x3e9ef9aa expected_bits=0x3e9ef995 max_abs=0.0015122517943382263 max_rel=1.7788684848955769 max_ulp=1938975873
FIRST_DIVERGENCE_OBJECT row=1 layer=34 checkpoint=CP2-KV-P subobject=kv_raw result=MISMATCH elements=512 mismatch_count=512 first_index=0 actual_bits=0x3ea7e816 expected_bits=0x3ea7ac90 max_abs=0.0011413991451263428 max_rel=1.2153715057374148 max_ulp=1928346433
FIRST_DIVERGENCE_OBJECT row=1 layer=34 checkpoint=CP2-KV-R subobject=raw_cache result=MISMATCH elements=512 mismatch_count=106 first_index=30 actual_bits=0x3c500000 expected_bits=0x3c300000 max_abs=0.125 max_rel=1.2083333333333333 max_ulp=1969225729
FIRST_DIVERGENCE_OBJECT row=1 layer=34 checkpoint=CP3-F subobject=attn_state_kv result=MISMATCH elements=8192 mismatch_count=2048 first_index=4096 actual_bits=0x3e017a4b expected_bits=0x3e00d8be max_abs=0.0030207633972167969 max_rel=0.38412562149014556 max_ulp=5498368
FIRST_DIVERGENCE_OBJECT row=1 layer=34 checkpoint=CP3-F subobject=attn_state_score result=MISMATCH elements=8192 mismatch_count=2048 first_index=4096 actual_bits=0x4025c229 expected_bits=0x4023161c max_abs=0.067749977111816406 max_rel=1.1961289348059909 max_ulp=2001638305
FIRST_DIVERGENCE_OBJECT row=1 layer=34 checkpoint=CP3-F subobject=layer_n_comp result=EXACT elements=1
FIRST_DIVERGENCE_OBJECT row=1 layer=34 checkpoint=CP3-F subobject=index_state_kv result=MISMATCH elements=2048 mismatch_count=512 first_index=1024 actual_bits=0x3e6dd3ae expected_bits=0x3e6d339a max_abs=0.0025132596492767334 max_rel=0.39089789727898705 max_ulp=5745984
FIRST_DIVERGENCE_OBJECT row=1 layer=34 checkpoint=CP3-F subobject=index_state_score result=MISMATCH elements=2048 mismatch_count=512 first_index=1024 actual_bits=0x401b3263 expected_bits=0x40189e2b max_abs=0.067545890808105469 max_rel=0.97409489614336786 max_ulp=44723456
FIRST_DIVERGENCE_OBJECT row=1 layer=34 checkpoint=CP3-F subobject=layer_n_index_comp result=EXACT elements=1
FIRST_DIVERGENCE_OBJECT row=1 layer=34 checkpoint=CP4 subobject=after_attn_hc result=MISMATCH elements=16384 mismatch_count=16384 first_index=0 actual_bits=0x40224945 expected_bits=0x4022a264 max_abs=0.090707778930664062 max_rel=1.6988387874275803 max_ulp=2039033550
FIRST_DIVERGENCE_OBJECT row=1 layer=34 checkpoint=CP5 subobject=layer_output result=MISMATCH elements=16384 mismatch_count=16384 first_index=0 actual_bits=0x3ffb2272 expected_bits=0x3ffc2d66 max_abs=0.090143203735351562 max_rel=1.9057139038414164 max_ulp=2038403007
FIRST_DIVERGENCE_OBJECT row=1 layer=35 checkpoint=CP1 subobject=attn_norm result=MISMATCH elements=4096 mismatch_count=4096 first_index=0 actual_bits=0x3d1c1371 expected_bits=0x3d1e4c3b max_abs=0.00076165609061717987 max_rel=1.9858542107504287 max_ulp=1915785181
FIRST_DIVERGENCE_OBJECT row=1 layer=35 checkpoint=CP2-Q subobject=qr result=MISMATCH elements=1024 mismatch_count=1024 first_index=0 actual_bits=0x3cda5a14 expected_bits=0x3cd66796 max_abs=0.0012440979480743408 max_rel=1.0596525564783914 max_ulp=1908958081
FIRST_DIVERGENCE_OBJECT row=1 layer=35 checkpoint=CP2-KV-P subobject=kv_raw result=MISMATCH elements=512 mismatch_count=512 first_index=0 actual_bits=0x3be9d4e0 expected_bits=0x3bee1f40 max_abs=0.0010438300669193268 max_rel=0.48536534301067763 max_ulp=7918880
FIRST_DIVERGENCE_OBJECT row=1 layer=35 checkpoint=CP2-KV-R subobject=raw_cache result=MISMATCH elements=512 mismatch_count=100 first_index=0 actual_bits=0x3d800000 expected_bits=0x3d900000 max_abs=0.125 max_rel=0.5 max_ulp=8388608
FIRST_DIVERGENCE_OBJECT row=1 layer=35 checkpoint=CP3-F subobject=attn_state_kv result=MISMATCH elements=65536 mismatch_count=1024 first_index=8192 actual_bits=0xbce61781 expected_bits=0xbce72835 max_abs=0.0014055445790290833 max_rel=1.0693716176429353 max_ulp=1907943041
FIRST_DIVERGENCE_OBJECT row=1 layer=35 checkpoint=CP3-F subobject=attn_state_score result=MISMATCH elements=65536 mismatch_count=1024 first_index=8192 actual_bits=0xbe6dd74a expected_bits=0xbe6de46c max_abs=0.0041378140449523926 max_rel=0.72901317297075841 max_ulp=16003520
FIRST_DIVERGENCE_OBJECT row=1 layer=35 checkpoint=CP3-F subobject=layer_n_comp result=EXACT elements=1
FIRST_DIVERGENCE_OBJECT row=1 layer=35 checkpoint=CP4 subobject=after_attn_hc result=MISMATCH elements=16384 mismatch_count=16384 first_index=0 actual_bits=0x3ffcc49a expected_bits=0x3ffd9489 max_abs=0.097103595733642578 max_rel=1.9575730053011975 max_ulp=2034103929
FIRST_DIVERGENCE_OBJECT row=1 layer=35 checkpoint=CP5 subobject=layer_output result=MISMATCH elements=16384 mismatch_count=16384 first_index=0 actual_bits=0x400a6041 expected_bits=0x400acec4 max_abs=0.097878694534301758 max_rel=1.9799034954939143 max_ulp=2038221788
FIRST_DIVERGENCE_OBJECT row=1 layer=36 checkpoint=CP1 subobject=attn_norm result=MISMATCH elements=4096 mismatch_count=4096 first_index=0 actual_bits=0x3d91910a expected_bits=0x3d928def max_abs=0.013571500778198242 max_rel=1.9614330409744718 max_ulp=1931774462
FIRST_DIVERGENCE_OBJECT row=1 layer=36 checkpoint=CP2-Q subobject=qr result=MISMATCH elements=1024 mismatch_count=1024 first_index=0 actual_bits=0x3c639b88 expected_bits=0x3c4f4698 max_abs=0.0022982954978942871 max_rel=1.8150922909880565 max_ulp=1938279937
FIRST_DIVERGENCE_OBJECT row=1 layer=36 checkpoint=CP2-KV-P subobject=kv_raw result=MISMATCH elements=512 mismatch_count=512 first_index=0 actual_bits=0x3d5fc74e expected_bits=0x3d5ec09a max_abs=0.001978117972612381 max_rel=0.65427504352795762 max_ulp=12167776
FIRST_DIVERGENCE_OBJECT row=1 layer=36 checkpoint=CP2-KV-R subobject=raw_cache result=MISMATCH elements=512 mismatch_count=132 first_index=3 actual_bits=0xbe800000 expected_bits=0xbe900000 max_abs=0.125 max_rel=0.67500000000000004 max_ulp=13631488
FIRST_DIVERGENCE_OBJECT row=1 layer=36 checkpoint=CP3-F subobject=attn_state_kv result=MISMATCH elements=8192 mismatch_count=2048 first_index=4096 actual_bits=0x3ce70930 expected_bits=0x3ce19d62 max_abs=0.0033540874719619751 max_rel=1.8592033769572329 max_ulp=1966920257
FIRST_DIVERGENCE_OBJECT row=1 layer=36 checkpoint=CP3-F subobject=attn_state_score result=MISMATCH elements=8192 mismatch_count=2048 first_index=4096 actual_bits=0x3e42a561 expected_bits=0x3e47359a max_abs=0.020395159721374512 max_rel=1.9264836007550732 max_ulp=1981282945
FIRST_DIVERGENCE_OBJECT row=1 layer=36 checkpoint=CP3-F subobject=layer_n_comp result=EXACT elements=1
FIRST_DIVERGENCE_OBJECT row=1 layer=36 checkpoint=CP3-F subobject=index_state_kv result=MISMATCH elements=2048 mismatch_count=512 first_index=1024 actual_bits=0xbc8ac258 expected_bits=0xbc8d2a02 max_abs=0.0025870557874441147 max_rel=1.9478875087473757 max_ulp=1918628097
FIRST_DIVERGENCE_OBJECT row=1 layer=36 checkpoint=CP3-F subobject=index_state_score result=MISMATCH elements=2048 mismatch_count=512 first_index=1024 actual_bits=0xbe065d96 expected_bits=0xbe020a3b max_abs=0.021115541458129883 max_rel=1.2019898531653874 max_ulp=1993778849
FIRST_DIVERGENCE_OBJECT row=1 layer=36 checkpoint=CP3-F subobject=layer_n_index_comp result=EXACT elements=1
FIRST_DIVERGENCE_OBJECT row=1 layer=36 checkpoint=CP4 subobject=after_attn_hc result=MISMATCH elements=16384 mismatch_count=16384 first_index=0 actual_bits=0x401604ca expected_bits=0x4016932f max_abs=0.2406611442565918 max_rel=1.9512606356077062 max_ulp=2053694680
FIRST_DIVERGENCE_OBJECT row=1 layer=36 checkpoint=CP5 subobject=layer_output result=MISMATCH elements=16384 mismatch_count=16383 first_index=0 actual_bits=0x3f308ab6 expected_bits=0x3f31143c max_abs=0.23824262619018555 max_rel=1.9553790860186622 max_ulp=2053887726
FIRST_DIVERGENCE_OBJECT row=1 layer=37 checkpoint=CP1 subobject=attn_norm result=MISMATCH elements=4096 mismatch_count=4096 first_index=0 actual_bits=0x3d6b68b6 expected_bits=0x3d6c8061 max_abs=0.0011240066960453987 max_rel=1.5941156845065199 max_ulp=1940399339
FIRST_DIVERGENCE_OBJECT row=1 layer=37 checkpoint=CP2-Q subobject=qr result=MISMATCH elements=1024 mismatch_count=1024 first_index=0 actual_bits=0x3de82786 expected_bits=0x3de5e69e max_abs=0.0018015056848526001 max_rel=1.0912218877034283 max_ulp=1901739649
FIRST_DIVERGENCE_OBJECT row=1 layer=37 checkpoint=CP2-KV-P subobject=kv_raw result=MISMATCH elements=512 mismatch_count=512 first_index=0 actual_bits=0x3cfcb5ec expected_bits=0x3cfeb8bc max_abs=0.0018685758113861084 max_rel=1.2700023437703452 max_ulp=1935605665
FIRST_DIVERGENCE_OBJECT row=1 layer=37 checkpoint=CP2-KV-R subobject=raw_cache result=MISMATCH elements=512 mismatch_count=107 first_index=32 actual_bits=0x3da00000 expected_bits=0x3d900000 max_abs=0.0625 max_rel=1.28125 max_ulp=1980760065
FIRST_DIVERGENCE_OBJECT row=1 layer=37 checkpoint=CP3-F subobject=attn_state_kv result=MISMATCH elements=65536 mismatch_count=1024 first_index=8192 actual_bits=0xbbcf7a50 expected_bits=0xbbd25e3e max_abs=0.0011330544948577881 max_rel=1.8158697393554748 max_ulp=1858893569
FIRST_DIVERGENCE_OBJECT row=1 layer=37 checkpoint=CP3-F subobject=attn_state_score result=MISMATCH elements=65536 mismatch_count=1024 first_index=8192 actual_bits=0xbe613e20 expected_bits=0xbe605df8 max_abs=0.004585564136505127 max_rel=0.88410653474573331 max_ulp=26106432
FIRST_DIVERGENCE_OBJECT row=1 layer=37 checkpoint=CP3-F subobject=layer_n_comp result=EXACT elements=1
FIRST_DIVERGENCE_OBJECT row=1 layer=37 checkpoint=CP4 subobject=after_attn_hc result=MISMATCH elements=16384 mismatch_count=16384 first_index=0 actual_bits=0x3f2c26b6 expected_bits=0x3f2cd20c max_abs=0.28363800048828125 max_rel=1.9748091690421836 max_ulp=2056955598
FIRST_DIVERGENCE_OBJECT row=1 layer=37 checkpoint=CP5 subobject=layer_output result=MISMATCH elements=16384 mismatch_count=16384 first_index=0 actual_bits=0x3f55133c expected_bits=0x3f56618e max_abs=0.28217267990112305 max_rel=1.9473322660358394 max_ulp=2059242470
FIRST_DIVERGENCE_OBJECT row=1 layer=38 checkpoint=CP1 subobject=attn_norm result=MISMATCH elements=4096 mismatch_count=4096 first_index=0 actual_bits=0x3d769a74 expected_bits=0x3d78820d max_abs=0.026398539543151855 max_rel=1.6335233348911253 max_ulp=1939586135
FIRST_DIVERGENCE_OBJECT row=1 layer=38 checkpoint=CP2-Q subobject=qr result=MISMATCH elements=1024 mismatch_count=1024 first_index=0 actual_bits=0xbe3e9262 expected_bits=0xbe3f85ba max_abs=0.0028083175420761108 max_rel=1.0212866526332878 max_ulp=1914610217
FIRST_DIVERGENCE_OBJECT row=1 layer=38 checkpoint=CP2-KV-P subobject=kv_raw result=MISMATCH elements=512 mismatch_count=512 first_index=0 actual_bits=0xbdd08910 expected_bits=0xbdd1e278 max_abs=0.0032269954681396484 max_rel=0.8726150039837296 max_ulp=24932864
FIRST_DIVERGENCE_OBJECT row=1 layer=38 checkpoint=CP2-KV-R subobject=raw_cache result=MISMATCH elements=512 mismatch_count=121 first_index=3 actual_bits=0xbe600000 expected_bits=0xbe700000 max_abs=0.125 max_rel=0.875 max_ulp=25165824
FIRST_DIVERGENCE_OBJECT row=1 layer=38 checkpoint=CP3-F subobject=attn_state_kv result=MISMATCH elements=8192 mismatch_count=2048 first_index=4096 actual_bits=0xbd965618 expected_bits=0xbd991790 max_abs=0.0043522864580154419 max_rel=0.95780318561093147 max_ulp=38614976
FIRST_DIVERGENCE_OBJECT row=1 layer=38 checkpoint=CP3-F subobject=attn_state_score result=MISMATCH elements=8192 mismatch_count=2048 first_index=4096 actual_bits=0xc02f7be1 expected_bits=0xc0302421 max_abs=0.027193307876586914 max_rel=0.2989992533696606 max_ulp=4382688
FIRST_DIVERGENCE_OBJECT row=1 layer=38 checkpoint=CP3-F subobject=layer_n_comp result=EXACT elements=1
FIRST_DIVERGENCE_OBJECT row=1 layer=38 checkpoint=CP3-F subobject=index_state_kv result=MISMATCH elements=2048 mismatch_count=512 first_index=1024 actual_bits=0x3dba1324 expected_bits=0x3dbb3282 max_abs=0.015787243843078613 max_rel=1.5563418727379339 max_ulp=1947739905
FIRST_DIVERGENCE_OBJECT row=1 layer=38 checkpoint=CP3-F subobject=index_state_score result=MISMATCH elements=2048 mismatch_count=512 first_index=1024 actual_bits=0xc02f2552 expected_bits=0xc02fb062 max_abs=0.026586771011352539 max_rel=0.16317125018774165 max_ulp=2320568
FIRST_DIVERGENCE_OBJECT row=1 layer=38 checkpoint=CP3-F subobject=layer_n_index_comp result=EXACT elements=1
FIRST_DIVERGENCE_OBJECT row=1 layer=38 checkpoint=CP4 subobject=after_attn_hc result=MISMATCH elements=16384 mismatch_count=16384 first_index=0 actual_bits=0x3f007fa1 expected_bits=0x3effb6ca max_abs=0.2836143970489502 max_rel=1.8246635167341174 max_ulp=2044852071
FIRST_DIVERGENCE_OBJECT row=1 layer=38 checkpoint=CP5 subobject=layer_output result=MISMATCH elements=16384 mismatch_count=16384 first_index=0 actual_bits=0x3f0afd7d expected_bits=0x3f0ac795 max_abs=0.28265833854675293 max_rel=1.8913497648453372 max_ulp=2057692277
FIRST_DIVERGENCE_OBJECT row=1 layer=39 checkpoint=CP1 subobject=attn_norm result=MISMATCH elements=4096 mismatch_count=4096 first_index=0 actual_bits=0x3ceeae65 expected_bits=0x3cf03ace max_abs=0.0011606626212596893 max_rel=0.99953165160443602 max_ulp=92633126
FIRST_DIVERGENCE_OBJECT row=1 layer=39 checkpoint=CP2-Q subobject=qr result=MISMATCH elements=1024 mismatch_count=1024 first_index=0 actual_bits=0x3e38d660 expected_bits=0x3e3874e0 max_abs=0.0017198994755744934 max_rel=0.54092792690437896 max_ulp=9264704
FIRST_DIVERGENCE_OBJECT row=1 layer=39 checkpoint=CP2-KV-P subobject=kv_raw result=MISMATCH elements=512 mismatch_count=512 first_index=0 actual_bits=0x3ecb379f expected_bits=0x3ecb82b6 max_abs=0.0015760213136672974 max_rel=0.43840411623297204 max_ulp=7266944
FIRST_DIVERGENCE_OBJECT row=1 layer=39 checkpoint=CP2-KV-R subobject=raw_cache result=MISMATCH elements=512 mismatch_count=112 first_index=1 actual_bits=0xbee00000 expected_bits=0xbed00000 max_abs=0.125 max_rel=0.46153846153846156 max_ulp=7340032
FIRST_DIVERGENCE_OBJECT row=1 layer=39 checkpoint=CP3-F subobject=attn_state_kv result=MISMATCH elements=65536 mismatch_count=1024 first_index=8192 actual_bits=0x3ca620cc expected_bits=0x3ca53e4c max_abs=0.0016517192125320435 max_rel=0.80744339936740472 max_ulp=19603968
FIRST_DIVERGENCE_OBJECT row=1 layer=39 checkpoint=CP3-F subobject=attn_state_score result=MISMATCH elements=65536 mismatch_count=1024 first_index=8192 actual_bits=0x3e52cfdc expected_bits=0x3e52acf1 max_abs=0.003800511360168457 max_rel=1.5827416367310283 max_ulp=1940744321
FIRST_DIVERGENCE_OBJECT row=1 layer=39 checkpoint=CP3-F subobject=layer_n_comp result=EXACT elements=1
FIRST_DIVERGENCE_OBJECT row=1 layer=39 checkpoint=CP4 subobject=after_attn_hc result=MISMATCH elements=16384 mismatch_count=16384 first_index=0 actual_bits=0x3f0c1f88 expected_bits=0x3f0ade4a max_abs=0.27710437774658203 max_rel=1.9916124989577544 max_ulp=2062936037
FIRST_DIVERGENCE_OBJECT row=1 layer=39 checkpoint=CP5 subobject=layer_output result=MISMATCH elements=16384 mismatch_count=16384 first_index=0 actual_bits=0x3ec348e6 expected_bits=0x3ec0b6be max_abs=0.27438092231750488 max_rel=1.9797241938363401 max_ulp=2059894915
FIRST_DIVERGENCE_OBJECT row=1 layer=40 checkpoint=CP1 subobject=attn_norm result=MISMATCH elements=4096 mismatch_count=4096 first_index=0 actual_bits=0x3c9981a4 expected_bits=0x3c98e50f max_abs=0.011476516723632812 max_rel=1.4819793434135189 max_ulp=1938161099
FIRST_DIVERGENCE_OBJECT row=1 layer=40 checkpoint=CP2-Q subobject=qr result=MISMATCH elements=1024 mismatch_count=1024 first_index=0 actual_bits=0xbebc34ce expected_bits=0xbebc7eb6 max_abs=0.0020341873168945312 max_rel=1.8949988452952196 max_ulp=1914731009
FIRST_DIVERGENCE_OBJECT row=1 layer=40 checkpoint=CP2-KV-P subobject=kv_raw result=MISMATCH elements=512 mismatch_count=512 first_index=0 actual_bits=0xbdf2e642 expected_bits=0xbdf4543e max_abs=0.0018834620714187622 max_rel=1.9056341937274492 max_ulp=1900140545
FIRST_DIVERGENCE_OBJECT row=1 layer=40 checkpoint=CP2-KV-R subobject=raw_cache result=MISMATCH elements=512 mismatch_count=113 first_index=29 actual_bits=0xbec00000 expected_bits=0xbeb00000 max_abs=0.125 max_rel=1.9375 max_ulp=1945108481
FIRST_DIVERGENCE_OBJECT row=1 layer=40 checkpoint=CP3-F subobject=attn_state_kv result=MISMATCH elements=8192 mismatch_count=2048 first_index=4096 actual_bits=0xbdfa57e3 expected_bits=0xbdf8b5fb max_abs=0.0037412643432617188 max_rel=1.6065765399471437 max_ulp=1926509569
FIRST_DIVERGENCE_OBJECT row=1 layer=40 checkpoint=CP3-F subobject=attn_state_score result=MISMATCH elements=8192 mismatch_count=2048 first_index=4096 actual_bits=0x3f0fe211 expected_bits=0x3f0d8400 max_abs=0.032649040222167969 max_rel=1.1543795049462298 max_ulp=1985762913
FIRST_DIVERGENCE_OBJECT row=1 layer=40 checkpoint=CP3-F subobject=layer_n_comp result=EXACT elements=1
FIRST_DIVERGENCE_OBJECT row=1 layer=40 checkpoint=CP3-F subobject=index_state_kv result=MISMATCH elements=2048 mismatch_count=512 first_index=1024 actual_bits=0x3e6333f3 expected_bits=0x3e63d51e max_abs=0.0035134553909301758 max_rel=0.28939141613346187 max_ulp=4697856
FIRST_DIVERGENCE_OBJECT row=1 layer=40 checkpoint=CP3-F subobject=index_state_score result=MISMATCH elements=2048 mismatch_count=512 first_index=1024 actual_bits=0x3f4b9258 expected_bits=0x3f495b50 max_abs=0.031562328338623047 max_rel=0.19342321052275815 max_ulp=2357880
FIRST_DIVERGENCE_OBJECT row=1 layer=40 checkpoint=CP3-F subobject=layer_n_index_comp result=EXACT elements=1
FIRST_DIVERGENCE_OBJECT row=1 layer=40 checkpoint=CP4 subobject=after_attn_hc result=MISMATCH elements=16384 mismatch_count=16383 first_index=0 actual_bits=0x3ebd6bec expected_bits=0x3eb423ea max_abs=0.26869893074035645 max_rel=1.9391280662487251 max_ulp=2047500049
FIRST_DIVERGENCE_OBJECT row=1 layer=40 checkpoint=CP5 subobject=layer_output result=MISMATCH elements=16384 mismatch_count=16384 first_index=0 actual_bits=0x4020ad1c expected_bits=0x401f9a06 max_abs=0.25849151611328125 max_rel=1.9591477851202017 max_ulp=2057968765
FIRST_DIVERGENCE_OBJECT row=1 layer=41 checkpoint=CP1 subobject=attn_norm result=MISMATCH elements=4096 mismatch_count=4096 first_index=0 actual_bits=0x3d46afd3 expected_bits=0x3d460d41 max_abs=0.0012509636580944061 max_rel=1.8492232070516132 max_ulp=1939724412
FIRST_DIVERGENCE_OBJECT row=1 layer=41 checkpoint=CP2-Q subobject=qr result=MISMATCH elements=1024 mismatch_count=1024 first_index=0 actual_bits=0xbe9fbfb3 expected_bits=0xbea0036f max_abs=0.0014601051807403564 max_rel=1.4887584603914803 max_ulp=1938306561
FIRST_DIVERGENCE_OBJECT row=1 layer=41 checkpoint=CP2-KV-P subobject=kv_raw result=MISMATCH elements=512 mismatch_count=512 first_index=0 actual_bits=0xbe8c2597 expected_bits=0xbe8c7dc6 max_abs=0.0015508085489273071 max_rel=0.95910038021180155 max_ulp=38263040
FIRST_DIVERGENCE_OBJECT row=1 layer=41 checkpoint=CP2-KV-R subobject=raw_cache result=MISMATCH elements=512 mismatch_count=102 first_index=3 actual_bits=0xbbc00000 expected_bits=0xb9900000 max_abs=0.125 max_rel=0.95738636363636365 max_ulp=37748736
FIRST_DIVERGENCE_OBJECT row=1 layer=41 checkpoint=CP3-F subobject=attn_state_kv result=MISMATCH elements=65536 mismatch_count=1024 first_index=8192 actual_bits=0xbba01064 expected_bits=0xbbb40648 max_abs=0.0025358200073242188 max_rel=1.22585796183346 max_ulp=1880885505
FIRST_DIVERGENCE_OBJECT row=1 layer=41 checkpoint=CP3-F subobject=attn_state_score result=MISMATCH elements=65536 mismatch_count=1024 first_index=8192 actual_bits=0x3b107cc8 expected_bits=0x3b4d5f70 max_abs=0.0054712891578674316 max_rel=1.8054626856056946 max_ulp=1950301313
FIRST_DIVERGENCE_OBJECT row=1 layer=41 checkpoint=CP3-F subobject=layer_n_comp result=EXACT elements=1
FIRST_DIVERGENCE_OBJECT row=1 layer=41 checkpoint=CP4 subobject=after_attn_hc result=MISMATCH elements=16384 mismatch_count=16383 first_index=0 actual_bits=0x400eee90 expected_bits=0x400e0121 max_abs=0.26519441604614258 max_rel=1.9807371363595141 max_ulp=2063322037
FIRST_DIVERGENCE_OBJECT row=1 layer=41 checkpoint=CP5 subobject=layer_output result=MISMATCH elements=16384 mismatch_count=16384 first_index=0 actual_bits=0x4008237b expected_bits=0x40000a1f max_abs=0.46877527236938477 max_rel=1.9853772422898532 max_ulp=2089816886
FIRST_DIVERGENCE_OBJECT row=1 layer=42 checkpoint=CP1 subobject=attn_norm result=MISMATCH elements=4096 mismatch_count=4096 first_index=0 actual_bits=0x3d07e77b expected_bits=0x3d079fd4 max_abs=0.010875895619392395 max_rel=1.9419210537587539 max_ulp=1947801172
FIRST_DIVERGENCE_OBJECT row=1 layer=42 checkpoint=CP2-Q subobject=qr result=MISMATCH elements=1024 mismatch_count=1024 first_index=0 actual_bits=0x3d583d1e expected_bits=0x3d50a3d1 max_abs=0.003835238516330719 max_rel=1.4046860453471508 max_ulp=1941982817
FIRST_DIVERGENCE_OBJECT row=1 layer=42 checkpoint=CP2-KV-P subobject=kv_raw result=MISMATCH elements=512 mismatch_count=512 first_index=0 actual_bits=0xbe62f398 expected_bits=0xbe62a15e max_abs=0.0037574172019958496 max_rel=1.8856262182131363 max_ulp=1949006721
FIRST_DIVERGENCE_OBJECT row=1 layer=42 checkpoint=CP2-KV-R subobject=raw_cache result=MISMATCH elements=512 mismatch_count=158 first_index=6 actual_bits=0xbed00000 expected_bits=0xbec00000 max_abs=0.125 max_rel=1.9333333333333333 max_ulp=1984954369
FIRST_DIVERGENCE_OBJECT row=1 layer=42 checkpoint=CP3-F subobject=attn_state_kv result=MISMATCH elements=8192 mismatch_count=2048 first_index=4096 actual_bits=0x3e997bd7 expected_bits=0x3e99ff63 max_abs=0.0041067972779273987 max_rel=1.9792337079909093 max_ulp=1955979697
FIRST_DIVERGENCE_OBJECT row=1 layer=42 checkpoint=CP3-F subobject=attn_state_score result=MISMATCH elements=8192 mismatch_count=2048 first_index=4096 actual_bits=0x3f4af57f expected_bits=0x3f4b2aae max_abs=0.020375370979309082 max_rel=1.7652878437826376 max_ulp=1963355201
FIRST_DIVERGENCE_OBJECT row=1 layer=42 checkpoint=CP3-F subobject=layer_n_comp result=EXACT elements=1
FIRST_DIVERGENCE_OBJECT row=1 layer=42 checkpoint=CP3-F subobject=index_state_kv result=MISMATCH elements=2048 mismatch_count=512 first_index=1024 actual_bits=0xbdadf694 expected_bits=0xbdad898a max_abs=0.0035066306591033936 max_rel=1.735610220818361 max_ulp=1971816969
FIRST_DIVERGENCE_OBJECT row=1 layer=42 checkpoint=CP3-F subobject=index_state_score result=MISMATCH elements=2048 mismatch_count=512 first_index=1024 actual_bits=0xbeef34f6 expected_bits=0xbef3d140 max_abs=0.022734522819519043 max_rel=1.2648459784223336 max_ulp=1948278593
FIRST_DIVERGENCE_OBJECT row=1 layer=42 checkpoint=CP3-F subobject=layer_n_index_comp result=EXACT elements=1
FIRST_DIVERGENCE_OBJECT row=1 layer=42 checkpoint=CP4 subobject=after_attn_hc result=MISMATCH elements=16384 mismatch_count=16384 first_index=0 actual_bits=0x3fc8eb62 expected_bits=0x3fba9d7a max_abs=0.4500579833984375 max_rel=1.9893296992474137 max_ulp=2091565005
FIRST_DIVERGENCE_OBJECT row=1 layer=42 checkpoint=CP5 subobject=layer_output result=MISMATCH elements=16384 mismatch_count=16384 first_index=0 actual_bits=0x3f1fd3d5 expected_bits=0x3f03b8f3 max_abs=0.5772705078125 max_rel=1.974858125578677 max_ulp=2083396106
FIRST_DIVERGENCE_OBJECT row=2 layer=0 checkpoint=CP1 subobject=attn_norm result=EXACT elements=4096
FIRST_DIVERGENCE_OBJECT row=2 layer=0 checkpoint=CP2-Q subobject=qr result=MISMATCH elements=1024 mismatch_count=830 first_index=0 actual_bits=0x3d562d14 expected_bits=0x3d562d16 max_abs=5.9604644775390625e-08 max_rel=0.00027105517909002902 max_ulp=3584
FIRST_DIVERGENCE_OBJECT row=2 layer=0 checkpoint=CP2-KV-P subobject=kv_raw result=MISMATCH elements=512 mismatch_count=415 first_index=0 actual_bits=0x3cd8fd57 expected_bits=0x3cd8fd54 max_abs=5.2154064178466797e-08 max_rel=4.5352159518662414e-05 max_ulp=384
FIRST_DIVERGENCE_OBJECT row=2 layer=0 checkpoint=CP2-KV-R subobject=raw_cache result=EXACT elements=512
FIRST_DIVERGENCE_OBJECT row=2 layer=0 checkpoint=CP4 subobject=after_attn_hc result=MISMATCH elements=16384 mismatch_count=5550 first_index=0 actual_bits=0xbca856a5 expected_bits=0xbca85698 max_abs=6.8545341491699219e-07 max_rel=0.01277108923051111 max_ulp=115091
FIRST_DIVERGENCE_OBJECT row=2 layer=0 checkpoint=CP5 subobject=layer_output result=MISMATCH elements=16384 mismatch_count=13149 first_index=0 actual_bits=0x3c0d4c19 expected_bits=0x3c0d4c1f max_abs=1.2218952178955078e-06 max_rel=0.0034104899734414074 max_ulp=39920
FIRST_DIVERGENCE_OBJECT row=2 layer=1 checkpoint=CP1 subobject=attn_norm result=MISMATCH elements=4096 mismatch_count=3983 first_index=0 actual_bits=0x3cbbd31a expected_bits=0x3cbbd31b max_abs=1.4156103134155273e-07 max_rel=0.0027544384855406486 max_ulp=31328
FIRST_DIVERGENCE_OBJECT row=2 layer=1 checkpoint=CP2-Q subobject=qr result=MISMATCH elements=1024 mismatch_count=1001 first_index=0 actual_bits=0x3e52f0b3 expected_bits=0x3e52f0af max_abs=3.4272670745849609e-07 max_rel=0.00053407373727918262 max_ulp=5112
FIRST_DIVERGENCE_OBJECT row=2 layer=1 checkpoint=CP2-KV-P subobject=kv_raw result=MISMATCH elements=512 mismatch_count=497 first_index=0 actual_bits=0xbd18d282 expected_bits=0xbd18d268 max_abs=3.0174851417541504e-07 max_rel=0.0029585798816568047 max_ulp=45056
FIRST_DIVERGENCE_OBJECT row=2 layer=1 checkpoint=CP2-KV-R subobject=raw_cache result=EXACT elements=512
FIRST_DIVERGENCE_OBJECT row=2 layer=1 checkpoint=CP4 subobject=after_attn_hc result=MISMATCH elements=16384 mismatch_count=13322 first_index=0 actual_bits=0x3cc4d72e expected_bits=0x3cc4d763 max_abs=1.125037670135498e-06 max_rel=0.0069975236372052819 max_ulp=104939
FIRST_DIVERGENCE_OBJECT row=2 layer=1 checkpoint=CP5 subobject=layer_output result=MISMATCH elements=16384 mismatch_count=14543 first_index=0 actual_bits=0x3cbdb099 expected_bits=0x3cbdb0b1 max_abs=1.0132789611816406e-06 max_rel=0.025623933203430808 max_ulp=323477
FIRST_DIVERGENCE_OBJECT row=2 layer=2 checkpoint=CP1 subobject=attn_norm result=MISMATCH elements=4096 mismatch_count=4048 first_index=0 actual_bits=0x3d5959cf expected_bits=0x3d5959f4 max_abs=2.0861625671386719e-06 max_rel=0.0069199431189051926 max_ulp=96162
FIRST_DIVERGENCE_OBJECT row=2 layer=2 checkpoint=CP2-Q subobject=qr result=MISMATCH elements=1024 mismatch_count=1010 first_index=0 actual_bits=0xbe2f535c expected_bits=0xbe2f533e max_abs=8.4936618804931641e-07 max_rel=0.0024427757169999094 max_ulp=20736
FIRST_DIVERGENCE_OBJECT row=2 layer=2 checkpoint=CP2-KV-P subobject=kv_raw result=MISMATCH elements=512 mismatch_count=503 first_index=0 actual_bits=0x3dbb6c5e expected_bits=0x3dbb6c60 max_abs=1.0095536708831787e-06 max_rel=0.0041013181949389015 max_ulp=43648
FIRST_DIVERGENCE_OBJECT row=2 layer=2 checkpoint=CP2-KV-R subobject=raw_cache result=EXACT elements=512
FIRST_DIVERGENCE_OBJECT row=2 layer=2 checkpoint=CP3-F subobject=attn_state_kv result=MISMATCH elements=8192 mismatch_count=3035 first_index=4096 actual_bits=0x3e18ecd1 expected_bits=0x3e18ecbc max_abs=1.3411045074462891e-06 max_rel=0.0053493241956976967 max_ulp=71936
FIRST_DIVERGENCE_OBJECT row=2 layer=2 checkpoint=CP3-F subobject=attn_state_score result=MISMATCH elements=8192 mismatch_count=2967 first_index=4096 actual_bits=0x3f080f62 expected_bits=0x3f080f64 max_abs=3.4570693969726562e-06 max_rel=0.0032352941176470589 max_ulp=45056
FIRST_DIVERGENCE_OBJECT row=2 layer=2 checkpoint=CP3-F subobject=layer_n_comp result=EXACT elements=1
FIRST_DIVERGENCE_OBJECT row=2 layer=2 checkpoint=CP3-F subobject=index_state_kv result=MISMATCH elements=2048 mismatch_count=754 first_index=1024 actual_bits=0xbe43b785 expected_bits=0xbe43b798 max_abs=1.5497207641601562e-06 max_rel=0.00089283057051873452 max_ulp=7680
FIRST_DIVERGENCE_OBJECT row=2 layer=2 checkpoint=CP3-F subobject=index_state_score result=MISMATCH elements=2048 mismatch_count=750 first_index=1024 actual_bits=0xbef764a4 expected_bits=0xbef764ab max_abs=4.4107437133789062e-06 max_rel=0.00032991512183683653 max_ulp=3872
FIRST_DIVERGENCE_OBJECT row=2 layer=2 checkpoint=CP3-F subobject=layer_n_index_comp result=EXACT elements=1
FIRST_DIVERGENCE_OBJECT row=2 layer=2 checkpoint=CP4 subobject=after_attn_hc result=MISMATCH elements=16384 mismatch_count=14826 first_index=0 actual_bits=0x3cc96d83 expected_bits=0x3cc96c90 max_abs=2.08243727684021e-06 max_rel=0.17812969920785546 max_ulp=2162082
FIRST_DIVERGENCE_OBJECT row=2 layer=2 checkpoint=CP5 subobject=layer_output result=MISMATCH elements=16384 mismatch_count=15729 first_index=0 actual_bits=0xbca25faf expected_bits=0xbca26037 max_abs=1.7583370208740234e-06 max_rel=0.063201183017028525 max_ulp=611082
FIRST_DIVERGENCE_OBJECT row=2 layer=3 checkpoint=CP1 subobject=attn_norm result=MISMATCH elements=4096 mismatch_count=4069 first_index=0 actual_bits=0x3bf9d370 expected_bits=0x3bf9d2dc max_abs=1.0877847671508789e-06 max_rel=0.025911140997530131 max_ulp=391069
FIRST_DIVERGENCE_OBJECT row=2 layer=3 checkpoint=CP2-Q subobject=qr result=MISMATCH elements=1024 mismatch_count=1014 first_index=0 actual_bits=0xbdca4ac0 expected_bits=0xbdca4adf max_abs=1.5944242477416992e-06 max_rel=0.0012886524132164191 max_ulp=14400
FIRST_DIVERGENCE_OBJECT row=2 layer=3 checkpoint=CP2-KV-P subobject=kv_raw result=MISMATCH elements=512 mismatch_count=504 first_index=0 actual_bits=0xbe436691 expected_bits=0xbe436684 max_abs=1.4603137969970703e-06 max_rel=0.00072757175736686485 max_ulp=9280
FIRST_DIVERGENCE_OBJECT row=2 layer=3 checkpoint=CP2-KV-R subobject=raw_cache result=EXACT elements=512
FIRST_DIVERGENCE_OBJECT row=2 layer=3 checkpoint=CP3-F subobject=attn_state_kv result=MISMATCH elements=65536 mismatch_count=1524 first_index=8192 actual_bits=0xbdab48f8 expected_bits=0xbdab48a6 max_abs=2.6673078536987305e-06 max_rel=0.010111117748969473 max_ulp=129984
FIRST_DIVERGENCE_OBJECT row=2 layer=3 checkpoint=CP3-F subobject=attn_state_score result=MISMATCH elements=65536 mismatch_count=1525 first_index=8192 actual_bits=0x3c2eef66 expected_bits=0x3c2eed4f max_abs=6.67572021484375e-06 max_rel=0.0038234636246714756 max_ulp=35008
FIRST_DIVERGENCE_OBJECT row=2 layer=3 checkpoint=CP3-F subobject=layer_n_comp result=EXACT elements=1
FIRST_DIVERGENCE_OBJECT row=2 layer=3 checkpoint=CP4 subobject=after_attn_hc result=MISMATCH elements=16384 mismatch_count=16005 first_index=0 actual_bits=0x3dab840c expected_bits=0x3dab83ff max_abs=3.9935111999511719e-06 max_rel=0.032244236831259793 max_ulp=314049
FIRST_DIVERGENCE_OBJECT row=2 layer=3 checkpoint=CP5 subobject=layer_output result=MISMATCH elements=16384 mismatch_count=16196 first_index=0 actual_bits=0x3db48cd8 expected_bits=0x3db48cd4 max_abs=3.3974647521972656e-06 max_rel=0.026442060826681758 max_ulp=266233
FIRST_DIVERGENCE_OBJECT row=2 layer=4 checkpoint=CP1 subobject=attn_norm result=MISMATCH elements=4096 mismatch_count=4072 first_index=0 actual_bits=0x3d4092fc expected_bits=0x3d40931d max_abs=1.049041748046875e-05 max_rel=0.24775666489471007 max_ulp=3449383
FIRST_DIVERGENCE_OBJECT row=2 layer=4 checkpoint=CP2-Q subobject=qr result=MISMATCH elements=1024 mismatch_count=1017 first_index=0 actual_bits=0xbd2e3629 expected_bits=0xbd2e3612 max_abs=1.8142163753509521e-06 max_rel=0.0048565121412803532 max_ulp=45056
FIRST_DIVERGENCE_OBJECT row=2 layer=4 checkpoint=CP2-KV-P subobject=kv_raw result=MISMATCH elements=512 mismatch_count=507 first_index=0 actual_bits=0x3e375d94 expected_bits=0x3e375d9a max_abs=1.4007091522216797e-06 max_rel=0.0015826978004181266 max_ulp=15232
FIRST_DIVERGENCE_OBJECT row=2 layer=4 checkpoint=CP2-KV-R subobject=raw_cache result=EXACT elements=512
FIRST_DIVERGENCE_OBJECT row=2 layer=4 checkpoint=CP3-F subobject=attn_state_kv result=MISMATCH elements=8192 mismatch_count=3059 first_index=4096 actual_bits=0x3d0047bf expected_bits=0x3d00475d max_abs=3.1143426895141602e-06 max_rel=0.055815213709950552 max_ulp=843776
FIRST_DIVERGENCE_OBJECT row=2 layer=4 checkpoint=CP3-F subobject=attn_state_score result=MISMATCH elements=8192 mismatch_count=3015 first_index=4096 actual_bits=0xbf9262f8 expected_bits=0xbf926313 max_abs=1.0967254638671875e-05 max_rel=0.00039927286892163863 max_ulp=4940
FIRST_DIVERGENCE_OBJECT row=2 layer=4 checkpoint=CP3-F subobject=layer_n_comp result=EXACT elements=1
FIRST_DIVERGENCE_OBJECT row=2 layer=4 checkpoint=CP3-F subobject=index_state_kv result=MISMATCH elements=2048 mismatch_count=767 first_index=1024 actual_bits=0x3ce932aa expected_bits=0x3ce92ed0 max_abs=6.9141387939453125e-06 max_rel=0.0086647300410698184 max_ulp=143936
FIRST_DIVERGENCE_OBJECT row=2 layer=4 checkpoint=CP3-F subobject=index_state_score result=MISMATCH elements=2048 mismatch_count=757 first_index=1024 actual_bits=0xbf9e5cc9 expected_bits=0xbf9e5cf4 max_abs=1.1920928955078125e-05 max_rel=9.9716086143618869e-05 max_ulp=1448
FIRST_DIVERGENCE_OBJECT row=2 layer=4 checkpoint=CP3-F subobject=layer_n_index_comp result=EXACT elements=1
FIRST_DIVERGENCE_OBJECT row=2 layer=4 checkpoint=CP4 subobject=after_attn_hc result=MISMATCH elements=16384 mismatch_count=16208 first_index=0 actual_bits=0x3db6c945 expected_bits=0x3db6c916 max_abs=3.986060619354248e-06 max_rel=0.26556918931221696 max_ulp=4044188
FIRST_DIVERGENCE_OBJECT row=2 layer=4 checkpoint=CP5 subobject=layer_output result=MISMATCH elements=16384 mismatch_count=16224 first_index=0 actual_bits=0x3db5feed expected_bits=0x3db5feb8 max_abs=3.6191195249557495e-06 max_rel=0.36504997755168928 max_ulp=5672572
FIRST_DIVERGENCE_OBJECT row=2 layer=5 checkpoint=CP1 subobject=attn_norm result=MISMATCH elements=4096 mismatch_count=4086 first_index=0 actual_bits=0x3cbb8d73 expected_bits=0x3cbb8d5b max_abs=9.015202522277832e-07 max_rel=0.0095113961082605239 max_ulp=114838
FIRST_DIVERGENCE_OBJECT row=2 layer=5 checkpoint=CP2-Q subobject=qr result=MISMATCH elements=1024 mismatch_count=1020 first_index=0 actual_bits=0x3daebbbb expected_bits=0x3daebbd9 max_abs=1.7676502466201782e-06 max_rel=0.020213822515627738 max_ulp=177152
FIRST_DIVERGENCE_OBJECT row=2 layer=5 checkpoint=CP2-KV-P subobject=kv_raw result=MISMATCH elements=512 mismatch_count=509 first_index=0 actual_bits=0xbdb3727e expected_bits=0xbdb372e0 max_abs=1.8924474716186523e-06 max_rel=0.023487432851037132 max_ulp=306688
FIRST_DIVERGENCE_OBJECT row=2 layer=5 checkpoint=CP2-KV-R subobject=raw_cache result=MISMATCH elements=512 mismatch_count=6 first_index=476 actual_bits=0xbab86000 expected_bits=0xbab7e000 max_abs=3.0517578125e-05 max_rel=0.0027118644067796612 max_ulp=32768
FIRST_DIVERGENCE_OBJECT row=2 layer=5 checkpoint=CP3-F subobject=attn_state_kv result=MISMATCH elements=65536 mismatch_count=1528 first_index=8192 actual_bits=0xbd9a4814 expected_bits=0xbd9a476d max_abs=3.5800039768218994e-06 max_rel=0.0057897224043049434 max_ulp=60768
FIRST_DIVERGENCE_OBJECT row=2 layer=5 checkpoint=CP3-F subobject=attn_state_score result=MISMATCH elements=65536 mismatch_count=1528 first_index=8192 actual_bits=0x3ec41db6 expected_bits=0x3ec41d7b max_abs=1.1935830116271973e-05 max_rel=0.0067572712045073854 max_ulp=90880
FIRST_DIVERGENCE_OBJECT row=2 layer=5 checkpoint=CP3-F subobject=layer_n_comp result=EXACT elements=1
FIRST_DIVERGENCE_OBJECT row=2 layer=5 checkpoint=CP4 subobject=after_attn_hc result=MISMATCH elements=16384 mismatch_count=16244 first_index=0 actual_bits=0x3dafee77 expected_bits=0x3dafee47 max_abs=1.163780689239502e-05 max_rel=0.84322344929660764 max_ulp=22076282
FIRST_DIVERGENCE_OBJECT row=2 layer=5 checkpoint=CP5 subobject=layer_output result=MISMATCH elements=16384 mismatch_count=16291 first_index=0 actual_bits=0x3db9dee8 expected_bits=0x3db9dedf max_abs=3.1948089599609375e-05 max_rel=0.16053677769879773 max_ulp=1744718
FIRST_DIVERGENCE_OBJECT row=2 layer=6 checkpoint=CP1 subobject=attn_norm result=MISMATCH elements=4096 mismatch_count=4092 first_index=0 actual_bits=0x3d8aff9a expected_bits=0x3d8affc0 max_abs=5.9604644775390625e-05 max_rel=0.14396273776066193 max_ulp=1986514
FIRST_DIVERGENCE_OBJECT row=2 layer=6 checkpoint=CP2-Q subobject=qr result=MISMATCH elements=1024 mismatch_count=1023 first_index=0 actual_bits=0x3e1f33f6 expected_bits=0x3e1f3522 max_abs=1.0192394256591797e-05 max_rel=0.0063236029528376007 max_ulp=83256
FIRST_DIVERGENCE_OBJECT row=2 layer=6 checkpoint=CP2-KV-P subobject=kv_raw result=MISMATCH elements=512 mismatch_count=511 first_index=0 actual_bits=0x3cc2a21f expected_bits=0x3cc294c2 max_abs=8.9257955551147461e-06 max_rel=0.2451841359773371 max_ulp=3545088
FIRST_DIVERGENCE_OBJECT row=2 layer=6 checkpoint=CP2-KV-R subobject=raw_cache result=MISMATCH elements=512 mismatch_count=8 first_index=52 actual_bits=0xb8800000 expected_bits=0xb8400000 max_abs=0.001953125 max_rel=0.25 max_ulp=4194304
FIRST_DIVERGENCE_OBJECT row=2 layer=6 checkpoint=CP3-F subobject=attn_state_kv result=MISMATCH elements=8192 mismatch_count=3070 first_index=4096 actual_bits=0xbdbbb680 expected_bits=0xbdbbb762 max_abs=1.2936070561408997e-05 max_rel=1.3112338858195212 max_ulp=1798356993
FIRST_DIVERGENCE_OBJECT row=2 layer=6 checkpoint=CP3-F subobject=attn_state_score result=MISMATCH elements=8192 mismatch_count=3071 first_index=4096 actual_bits=0xbfb32ff8 expected_bits=0xbfb32f17 max_abs=5.9366226196289062e-05 max_rel=0.0025727764160762851 max_ulp=39232
FIRST_DIVERGENCE_OBJECT row=2 layer=6 checkpoint=CP3-F subobject=layer_n_comp result=EXACT elements=1
FIRST_DIVERGENCE_OBJECT row=2 layer=6 checkpoint=CP3-F subobject=index_state_kv result=MISMATCH elements=2048 mismatch_count=767 first_index=1024 actual_bits=0xbd869947 expected_bits=0xbd869aca max_abs=4.7445297241210938e-05 max_rel=0.010024806802984983 max_ulp=125696
FIRST_DIVERGENCE_OBJECT row=2 layer=6 checkpoint=CP3-F subobject=index_state_score result=MISMATCH elements=2048 mismatch_count=767 first_index=1024 actual_bits=0xbff59748 expected_bits=0xbff59642 max_abs=5.340576171875e-05 max_rel=0.00083146419849589623 max_ulp=10688
FIRST_DIVERGENCE_OBJECT row=2 layer=6 checkpoint=CP3-F subobject=layer_n_index_comp result=EXACT elements=1
FIRST_DIVERGENCE_OBJECT row=2 layer=6 checkpoint=CP4 subobject=after_attn_hc result=MISMATCH elements=16384 mismatch_count=16321 first_index=0 actual_bits=0x3dcfdd06 expected_bits=0x3dcfdca8 max_abs=2.2768974304199219e-05 max_rel=0.40092855945910666 max_ulp=6195199
FIRST_DIVERGENCE_OBJECT row=2 layer=6 checkpoint=CP5 subobject=layer_output result=MISMATCH elements=16384 mismatch_count=16357 first_index=0 actual_bits=0x3dd7ab35 expected_bits=0x3dd7aaea max_abs=1.9289553165435791e-05 max_rel=0.79034881787786704 max_ulp=19015873
FIRST_DIVERGENCE_OBJECT row=2 layer=7 checkpoint=CP1 subobject=attn_norm result=MISMATCH elements=4096 mismatch_count=4092 first_index=0 actual_bits=0x3ce1f280 expected_bits=0x3ce1f076 max_abs=2.719927579164505e-06 max_rel=0.16654942589255955 max_ulp=2758285
FIRST_DIVERGENCE_OBJECT row=2 layer=7 checkpoint=CP2-Q subobject=qr result=MISMATCH elements=1024 mismatch_count=1020 first_index=0 actual_bits=0x3d9569c2 expected_bits=0x3d9568da max_abs=5.3346157073974609e-06 max_rel=0.14000886132033674 max_ulp=1732608
FIRST_DIVERGENCE_OBJECT row=2 layer=7 checkpoint=CP2-KV-P subobject=kv_raw result=MISMATCH elements=512 mismatch_count=512 first_index=0 actual_bits=0x3b7e8994 expected_bits=0x3b7e6014 max_abs=5.2098184823989868e-06 max_rel=0.0034236275952439772 max_ulp=40800
FIRST_DIVERGENCE_OBJECT row=2 layer=7 checkpoint=CP2-KV-R subobject=raw_cache result=MISMATCH elements=512 mismatch_count=9 first_index=84 actual_bits=0xbde00000 expected_bits=0xbdf00000 max_abs=0.0078125 max_rel=0.066666666666666666 max_ulp=1048576
FIRST_DIVERGENCE_OBJECT row=2 layer=7 checkpoint=CP3-F subobject=attn_state_kv result=MISMATCH elements=65536 mismatch_count=1536 first_index=8192 actual_bits=0xbd81f6a4 expected_bits=0xbd81f718 max_abs=7.9870223999023438e-06 max_rel=0.093853684175946916 max_ulp=1462784
FIRST_DIVERGENCE_OBJECT row=2 layer=7 checkpoint=CP3-F subobject=attn_state_score result=MISMATCH elements=65536 mismatch_count=1534 first_index=8192 actual_bits=0xbd9280ba expected_bits=0xbd928248 max_abs=2.2411346435546875e-05 max_rel=0.058506843968290284 max_ulp=556416
FIRST_DIVERGENCE_OBJECT row=2 layer=7 checkpoint=CP3-F subobject=layer_n_comp result=EXACT elements=1
FIRST_DIVERGENCE_OBJECT row=2 layer=7 checkpoint=CP4 subobject=after_attn_hc result=MISMATCH elements=16384 mismatch_count=16344 first_index=0 actual_bits=0x3ddcfd10 expected_bits=0x3ddcfc98 max_abs=7.3552131652832031e-05 max_rel=0.34035064529149189 max_ulp=4619241
FIRST_DIVERGENCE_OBJECT row=2 layer=7 checkpoint=CP5 subobject=layer_output result=MISMATCH elements=16384 mismatch_count=16358 first_index=0 actual_bits=0x3ddd87a3 expected_bits=0x3ddd86f8 max_abs=7.4788928031921387e-05 max_rel=0.68695483095985777 max_ulp=14509479
FIRST_DIVERGENCE_OBJECT row=2 layer=8 checkpoint=CP1 subobject=attn_norm result=MISMATCH elements=4096 mismatch_count=4095 first_index=0 actual_bits=0x3da6fb98 expected_bits=0x3da6f84f max_abs=8.2492828369140625e-05 max_rel=0.73375355428029132 max_ulp=15811968
FIRST_DIVERGENCE_OBJECT row=2 layer=8 checkpoint=CP2-Q subobject=qr result=MISMATCH elements=1024 mismatch_count=1024 first_index=0 actual_bits=0xbeb6356b expected_bits=0xbeb63300 max_abs=3.1188130378723145e-05 max_rel=0.36962156557801967 max_ulp=5298176
FIRST_DIVERGENCE_OBJECT row=2 layer=8 checkpoint=CP2-KV-P subobject=kv_raw result=MISMATCH elements=512 mismatch_count=512 first_index=0 actual_bits=0x3e06b169 expected_bits=0x3e06b1a4 max_abs=3.980100154876709e-05 max_rel=0.01061480373299138 max_ulp=152576
FIRST_DIVERGENCE_OBJECT row=2 layer=8 checkpoint=CP2-KV-R subobject=raw_cache result=MISMATCH elements=512 mismatch_count=11 first_index=89 actual_bits=0x3a000000 expected_bits=0x39f00000 max_abs=0.00048828125 max_rel=0.0625 max_ulp=1048576
FIRST_DIVERGENCE_OBJECT row=2 layer=8 checkpoint=CP3-F subobject=attn_state_kv result=MISMATCH elements=8192 mismatch_count=3071 first_index=4096 actual_bits=0xbd9ed69b expected_bits=0xbd9ed4e8 max_abs=3.1586736440658569e-05 max_rel=0.16048837893498089 max_ulp=2234368
FIRST_DIVERGENCE_OBJECT row=2 layer=8 checkpoint=CP3-F subobject=attn_state_score result=MISMATCH elements=8192 mismatch_count=3066 first_index=4096 actual_bits=0xbf055de2 expected_bits=0xbf055fee max_abs=0.00010633468627929688 max_rel=0.012461480501164038 max_ulp=165120
FIRST_DIVERGENCE_OBJECT row=2 layer=8 checkpoint=CP3-F subobject=layer_n_comp result=EXACT elements=1
FIRST_DIVERGENCE_OBJECT row=2 layer=8 checkpoint=CP3-F subobject=index_state_kv result=MISMATCH elements=2048 mismatch_count=768 first_index=1024 actual_bits=0xba8367e0 expected_bits=0xba834d60 max_abs=4.1276216506958008e-05 max_rel=0.0068992390900495691 max_ulp=82112
FIRST_DIVERGENCE_OBJECT row=2 layer=8 checkpoint=CP3-F subobject=index_state_score result=MISMATCH elements=2048 mismatch_count=767 first_index=1024 actual_bits=0xbf305bcf expected_bits=0xbf305e80 max_abs=0.00013589859008789062 max_rel=0.0056092311919043909 max_ulp=94080
FIRST_DIVERGENCE_OBJECT row=2 layer=8 checkpoint=CP3-F subobject=layer_n_index_comp result=EXACT elements=1
FIRST_DIVERGENCE_OBJECT row=2 layer=8 checkpoint=CP4 subobject=after_attn_hc result=MISMATCH elements=16384 mismatch_count=16354 first_index=0 actual_bits=0x3ddad49b expected_bits=0x3ddad3dd max_abs=0.0001163482666015625 max_rel=0.61690755445458212 max_ulp=11319394
FIRST_DIVERGENCE_OBJECT row=2 layer=8 checkpoint=CP5 subobject=layer_output result=MISMATCH elements=16384 mismatch_count=16361 first_index=0 actual_bits=0x3dd4c095 expected_bits=0x3dd4bfde max_abs=0.00015822052955627441 max_rel=0.44572333592878427 max_ulp=7026150
FIRST_DIVERGENCE_OBJECT row=2 layer=9 checkpoint=CP1 subobject=attn_norm result=MISMATCH elements=4096 mismatch_count=4096 first_index=0 actual_bits=0x3c8e3726 expected_bits=0x3c8e2f47 max_abs=8.1921461969614029e-06 max_rel=0.22976176013777158 max_ulp=3632689
FIRST_DIVERGENCE_OBJECT row=2 layer=9 checkpoint=CP2-Q subobject=qr result=MISMATCH elements=1024 mismatch_count=1021 first_index=0 actual_bits=0x3d7f05a8 expected_bits=0x3d7f0684 max_abs=1.3127923011779785e-05 max_rel=0.060169306984593607 max_ulp=565888
FIRST_DIVERGENCE_OBJECT row=2 layer=9 checkpoint=CP2-KV-P subobject=kv_raw result=MISMATCH elements=512 mismatch_count=511 first_index=0 actual_bits=0x3d87d9c6 expected_bits=0x3d87d617 max_abs=1.3716518878936768e-05 max_rel=0.016152293048745311 max_ulp=172032
FIRST_DIVERGENCE_OBJECT row=2 layer=9 checkpoint=CP2-KV-R subobject=raw_cache result=MISMATCH elements=512 mismatch_count=15 first_index=379 actual_bits=0xbc300000 expected_bits=0xbc200000 max_abs=0.00390625 max_rel=0.090909090909090912 max_ulp=1048576
FIRST_DIVERGENCE_OBJECT row=2 layer=9 checkpoint=CP3-F subobject=attn_state_kv result=MISMATCH elements=65536 mismatch_count=1535 first_index=8192 actual_bits=0xbe109538 expected_bits=0xbe109536 max_abs=3.0487775802612305e-05 max_rel=0.72054540640720144 max_ulp=15212544
FIRST_DIVERGENCE_OBJECT row=2 layer=9 checkpoint=CP3-F subobject=attn_state_score result=MISMATCH elements=65536 mismatch_count=1535 first_index=8192 actual_bits=0x3d43fbd0 expected_bits=0x3d43fa20 max_abs=8.6963176727294922e-05 max_rel=0.045343292242912087 max_ulp=565952
FIRST_DIVERGENCE_OBJECT row=2 layer=9 checkpoint=CP3-F subobject=layer_n_comp result=EXACT elements=1
FIRST_DIVERGENCE_OBJECT row=2 layer=9 checkpoint=CP4 subobject=after_attn_hc result=MISMATCH elements=16384 mismatch_count=16375 first_index=0 actual_bits=0x3e18f9bc expected_bits=0x3e18cea5 max_abs=0.00064329057931900024 max_rel=0.8169290571007809 max_ulp=20191651
FIRST_DIVERGENCE_OBJECT row=2 layer=9 checkpoint=CP5 subobject=layer_output result=MISMATCH elements=16384 mismatch_count=16373 first_index=0 actual_bits=0x3e1d4725 expected_bits=0x3e1d1ddf max_abs=0.0006402134895324707 max_rel=1.8413901487812734 max_ulp=1893374667
FIRST_DIVERGENCE_OBJECT row=2 layer=10 checkpoint=CP1 subobject=attn_norm result=MISMATCH elements=4096 mismatch_count=4096 first_index=0 actual_bits=0x3d8be57f expected_bits=0x3d8bc3ea max_abs=0.00054931640625 max_rel=1.758528512558968 max_ulp=1883689332
FIRST_DIVERGENCE_OBJECT row=2 layer=10 checkpoint=CP2-Q subobject=qr result=MISMATCH elements=1024 mismatch_count=1024 first_index=0 actual_bits=0x3da625da expected_bits=0x3da6285c max_abs=0.00031112134456634521 max_rel=0.19559493326686456 max_ulp=2762176
FIRST_DIVERGENCE_OBJECT row=2 layer=10 checkpoint=CP2-KV-P subobject=kv_raw result=MISMATCH elements=512 mismatch_count=512 first_index=0 actual_bits=0xbc95e211 expected_bits=0xbc96161a max_abs=0.00038586556911468506 max_rel=1.3676804915514593 max_ulp=1882803201
FIRST_DIVERGENCE_OBJECT row=2 layer=10 checkpoint=CP2-KV-R subobject=raw_cache result=MISMATCH elements=512 mismatch_count=48 first_index=97 actual_bits=0xbf100000 expected_bits=0xbf000000 max_abs=0.0625 max_rel=0.29999999999999999 max_ulp=4194304
FIRST_DIVERGENCE_OBJECT row=2 layer=10 checkpoint=CP3-F subobject=attn_state_kv result=MISMATCH elements=8192 mismatch_count=3070 first_index=4096 actual_bits=0x3de9dde8 expected_bits=0x3de9df76 max_abs=0.00046589970588684082 max_rel=0.85353453404727131 max_ulp=23540224
FIRST_DIVERGENCE_OBJECT row=2 layer=10 checkpoint=CP3-F subobject=attn_state_score result=MISMATCH elements=8192 mismatch_count=3072 first_index=4096 actual_bits=0x3ee6f218 expected_bits=0x3ee6f61a max_abs=0.0014045238494873047 max_rel=1.066287683031869 max_ulp=1914964289
FIRST_DIVERGENCE_OBJECT row=2 layer=10 checkpoint=CP3-F subobject=layer_n_comp result=EXACT elements=1
FIRST_DIVERGENCE_OBJECT row=2 layer=10 checkpoint=CP3-F subobject=index_state_kv result=MISMATCH elements=2048 mismatch_count=768 first_index=1024 actual_bits=0x3d0a82de expected_bits=0x3d0a6a96 max_abs=0.00064909458160400391 max_rel=0.26841726618705036 max_ulp=3342976
FIRST_DIVERGENCE_OBJECT row=2 layer=10 checkpoint=CP3-F subobject=index_state_score result=MISMATCH elements=2048 mismatch_count=768 first_index=1024 actual_bits=0x3ebe99e8 expected_bits=0x3ebe9ec0 max_abs=0.0018463134765625 max_rel=0.10395947321221648 max_ulp=1320608
FIRST_DIVERGENCE_OBJECT row=2 layer=10 checkpoint=CP3-F subobject=layer_n_index_comp result=EXACT elements=1
FIRST_DIVERGENCE_OBJECT row=2 layer=10 checkpoint=CP4 subobject=after_attn_hc result=MISMATCH elements=16384 mismatch_count=16373 first_index=0 actual_bits=0x3e1bd6ec expected_bits=0x3e1bb727 max_abs=0.0013605356216430664 max_rel=1.9193666903491049 max_ulp=1902716324
FIRST_DIVERGENCE_OBJECT row=2 layer=10 checkpoint=CP5 subobject=layer_output result=MISMATCH elements=16384 mismatch_count=16383 first_index=0 actual_bits=0x3e41a702 expected_bits=0x3e418b8e max_abs=0.0010296106338500977 max_rel=0.67828753632667027 max_ulp=13455048
FIRST_DIVERGENCE_OBJECT row=2 layer=11 checkpoint=CP1 subobject=attn_norm result=MISMATCH elements=4096 mismatch_count=4096 first_index=0 actual_bits=0x3d0575bd expected_bits=0x3d056fef max_abs=9.5069175586104393e-05 max_rel=1.9753292189914713 max_ulp=1858259249
FIRST_DIVERGENCE_OBJECT row=2 layer=11 checkpoint=CP2-Q subobject=qr result=MISMATCH elements=1024 mismatch_count=1024 first_index=0 actual_bits=0x3e3ce253 expected_bits=0x3e3cd863 max_abs=0.0001567453145980835 max_rel=1.011200193384634 max_ulp=1833757185
FIRST_DIVERGENCE_OBJECT row=2 layer=11 checkpoint=CP2-KV-P subobject=kv_raw result=MISMATCH elements=512 mismatch_count=512 first_index=0 actual_bits=0x3d759fe4 expected_bits=0x3d75aea5 max_abs=0.00016175210475921631 max_rel=0.29313268539423831 max_ulp=3872128
FIRST_DIVERGENCE_OBJECT row=2 layer=11 checkpoint=CP2-KV-R subobject=raw_cache result=MISMATCH elements=512 mismatch_count=43 first_index=40 actual_bits=0x3e800000 expected_bits=0x3e700000 max_abs=0.0625 max_rel=0.25 max_ulp=3145728
FIRST_DIVERGENCE_OBJECT row=2 layer=11 checkpoint=CP3-F subobject=attn_state_kv result=MISMATCH elements=65536 mismatch_count=1536 first_index=8192 actual_bits=0xbbbb1748 expected_bits=0xbbbb2908 max_abs=0.00013901293277740479 max_rel=0.65360014740139238 max_ulp=13026944
FIRST_DIVERGENCE_OBJECT row=2 layer=11 checkpoint=CP3-F subobject=attn_state_score result=MISMATCH elements=65536 mismatch_count=1535 first_index=8192 actual_bits=0xbd0a3c2f expected_bits=0xbd0a4529 max_abs=0.00035339593887329102 max_rel=1.8055489117436021 max_ulp=1859463169
FIRST_DIVERGENCE_OBJECT row=2 layer=11 checkpoint=CP3-F subobject=layer_n_comp result=EXACT elements=1
FIRST_DIVERGENCE_OBJECT row=2 layer=11 checkpoint=CP4 subobject=after_attn_hc result=MISMATCH elements=16384 mismatch_count=16382 first_index=0 actual_bits=0x3e420e5d expected_bits=0x3e41f243 max_abs=0.0015606284141540527 max_rel=1.1803845302831224 max_ulp=1933384274
FIRST_DIVERGENCE_OBJECT row=2 layer=11 checkpoint=CP5 subobject=layer_output result=MISMATCH elements=16384 mismatch_count=16382 first_index=0 actual_bits=0x3e44e0ce expected_bits=0x3e44c642 max_abs=0.0017942413687705994 max_rel=1.9861042985027744 max_ulp=1942329763
FIRST_DIVERGENCE_OBJECT row=2 layer=12 checkpoint=CP1 subobject=attn_norm result=MISMATCH elements=4096 mismatch_count=4096 first_index=0 actual_bits=0x3d161feb expected_bits=0x3d161cc1 max_abs=0.0018608570098876953 max_rel=1.3369109827004062 max_ulp=1896542774
FIRST_DIVERGENCE_OBJECT row=2 layer=12 checkpoint=CP2-Q subobject=qr result=MISMATCH elements=1024 mismatch_count=1024 first_index=0 actual_bits=0xbdc10b8e expected_bits=0xbdc0be38 max_abs=0.00043427944183349609 max_rel=1.3209450830140486 max_ulp=1896988673
FIRST_DIVERGENCE_OBJECT row=2 layer=12 checkpoint=CP2-KV-P subobject=kv_raw result=MISMATCH elements=512 mismatch_count=512 first_index=0 actual_bits=0xbe160536 expected_bits=0xbe164120 max_abs=0.000400543212890625 max_rel=1.7865317139001349 max_ulp=1895064577
FIRST_DIVERGENCE_OBJECT row=2 layer=12 checkpoint=CP2-KV-R subobject=raw_cache result=MISMATCH elements=512 mismatch_count=61 first_index=14 actual_bits=0xbf200000 expected_bits=0xbf300000 max_abs=0.125 max_rel=1.8 max_ulp=1931476993
FIRST_DIVERGENCE_OBJECT row=2 layer=12 checkpoint=CP3-F subobject=attn_state_kv result=MISMATCH elements=8192 mismatch_count=3072 first_index=4096 actual_bits=0x3cd370b0 expected_bits=0x3cd352f2 max_abs=0.0005054473876953125 max_rel=1.3099060572069545 max_ulp=1894319105
FIRST_DIVERGENCE_OBJECT row=2 layer=12 checkpoint=CP3-F subobject=attn_state_score result=MISMATCH elements=8192 mismatch_count=3072 first_index=4096 actual_bits=0xbcac09c0 expected_bits=0xbcabf600 max_abs=0.0019288063049316406 max_rel=0.56576766611420826 max_ulp=10176512
FIRST_DIVERGENCE_OBJECT row=2 layer=12 checkpoint=CP3-F subobject=layer_n_comp result=EXACT elements=1
FIRST_DIVERGENCE_OBJECT row=2 layer=12 checkpoint=CP3-F subobject=index_state_kv result=MISMATCH elements=2048 mismatch_count=768 first_index=1024 actual_bits=0xbe1c5528 expected_bits=0xbe1c5f64 max_abs=0.00087022781372070312 max_rel=0.062400286426070761 max_ulp=666472
FIRST_DIVERGENCE_OBJECT row=2 layer=12 checkpoint=CP3-F subobject=index_state_score result=MISMATCH elements=2048 mismatch_count=767 first_index=1024 actual_bits=0x3d40ebe8 expected_bits=0x3d40e2e0 max_abs=0.0020971298217773438 max_rel=0.13106030135206212 max_ulp=2168832
FIRST_DIVERGENCE_OBJECT row=2 layer=12 checkpoint=CP3-F subobject=layer_n_index_comp result=EXACT elements=1
FIRST_DIVERGENCE_OBJECT row=2 layer=12 checkpoint=CP4 subobject=after_attn_hc result=MISMATCH elements=16384 mismatch_count=16384 first_index=0 actual_bits=0x3e44721c expected_bits=0x3e445850 max_abs=0.0048545412719249725 max_rel=1.8935417414027025 max_ulp=1970329904
FIRST_DIVERGENCE_OBJECT row=2 layer=12 checkpoint=CP5 subobject=layer_output result=MISMATCH elements=16384 mismatch_count=16383 first_index=0 actual_bits=0x3e4507a8 expected_bits=0x3e44eead max_abs=0.0049120038747787476 max_rel=1.9453016464620423 max_ulp=1969596794
FIRST_DIVERGENCE_OBJECT row=2 layer=13 checkpoint=CP1 subobject=attn_norm result=MISMATCH elements=4096 mismatch_count=4096 first_index=0 actual_bits=0x3cbd3b2c expected_bits=0x3cbddbcb max_abs=0.00032593589276075363 max_rel=1.6235625135137151 max_ulp=1868685575
FIRST_DIVERGENCE_OBJECT row=2 layer=13 checkpoint=CP2-Q subobject=qr result=MISMATCH elements=1024 mismatch_count=1024 first_index=0 actual_bits=0x3d6d39ed expected_bits=0x3d6d884c max_abs=0.00043630227446556091 max_rel=0.71206543967280167 max_ulp=15257600
FIRST_DIVERGENCE_OBJECT row=2 layer=13 checkpoint=CP2-KV-P subobject=kv_raw result=MISMATCH elements=512 mismatch_count=512 first_index=0 actual_bits=0x3d0756d0 expected_bits=0x3d06d753 max_abs=0.00048390030860900879 max_rel=0.36205955964338865 max_ulp=4842144
FIRST_DIVERGENCE_OBJECT row=2 layer=13 checkpoint=CP2-KV-R subobject=raw_cache result=MISMATCH elements=512 mismatch_count=65 first_index=38 actual_bits=0xbb600000 expected_bits=0xbb100000 max_abs=0.0625 max_rel=0.35714285714285715 max_ulp=5242880
FIRST_DIVERGENCE_OBJECT row=2 layer=13 checkpoint=CP3-F subobject=attn_state_kv result=MISMATCH elements=65536 mismatch_count=1536 first_index=8192 actual_bits=0x3d408540 expected_bits=0x3d406b01 max_abs=0.0008252263069152832 max_rel=1.7199312205389701 max_ulp=1908505345
FIRST_DIVERGENCE_OBJECT row=2 layer=13 checkpoint=CP3-F subobject=attn_state_score result=MISMATCH elements=65536 mismatch_count=1536 first_index=8192 actual_bits=0xbc60fed0 expected_bits=0xbc610f5a max_abs=0.0012912750244140625 max_rel=0.5620063477819055 max_ulp=9591424
FIRST_DIVERGENCE_OBJECT row=2 layer=13 checkpoint=CP3-F subobject=layer_n_comp result=EXACT elements=1
FIRST_DIVERGENCE_OBJECT row=2 layer=13 checkpoint=CP4 subobject=after_attn_hc result=MISMATCH elements=16384 mismatch_count=16383 first_index=0 actual_bits=0x3e452a51 expected_bits=0x3e4511fa max_abs=0.00555400550365448 max_rel=1.3075446123738665 max_ulp=1955048149
FIRST_DIVERGENCE_OBJECT row=2 layer=13 checkpoint=CP5 subobject=layer_output result=MISMATCH elements=16384 mismatch_count=16383 first_index=0 actual_bits=0x3e4527c3 expected_bits=0x3e450f9f max_abs=0.0059218406677246094 max_rel=1.8876654277022318 max_ulp=1957126361
FIRST_DIVERGENCE_OBJECT row=2 layer=14 checkpoint=CP1 subobject=attn_norm result=MISMATCH elements=4096 mismatch_count=4096 first_index=0 actual_bits=0x3d9836ed expected_bits=0x3d982e90 max_abs=0.0078454017639160156 max_rel=1.7615480716750902 max_ulp=1917959715
FIRST_DIVERGENCE_OBJECT row=2 layer=14 checkpoint=CP2-Q subobject=qr result=MISMATCH elements=1024 mismatch_count=1024 first_index=0 actual_bits=0x3dcb6de5 expected_bits=0x3dcb5533 max_abs=0.00082889199256896973 max_rel=0.56792628443782578 max_ulp=10256896
FIRST_DIVERGENCE_OBJECT row=2 layer=14 checkpoint=CP2-KV-P subobject=kv_raw result=MISMATCH elements=512 mismatch_count=512 first_index=0 actual_bits=0x3e4fc7e8 expected_bits=0x3e501d32 max_abs=0.0010205507278442383 max_rel=0.56837403782191387 max_ulp=9862144
FIRST_DIVERGENCE_OBJECT row=2 layer=14 checkpoint=CP2-KV-R subobject=raw_cache result=MISMATCH elements=512 mismatch_count=70 first_index=71 actual_bits=0xbf000000 expected_bits=0xbf100000 max_abs=0.0625 max_rel=0.58333333333333337 max_ulp=10485760
FIRST_DIVERGENCE_OBJECT row=2 layer=14 checkpoint=CP3-F subobject=attn_state_kv result=MISMATCH elements=8192 mismatch_count=3072 first_index=4096 actual_bits=0x3e31060b expected_bits=0x3e311923 max_abs=0.0024672746658325195 max_rel=0.81080133347423844 max_ulp=20017536
FIRST_DIVERGENCE_OBJECT row=2 layer=14 checkpoint=CP3-F subobject=attn_state_score result=MISMATCH elements=8192 mismatch_count=3072 first_index=4096 actual_bits=0xbed5c678 expected_bits=0xbed62efa max_abs=0.0081911087036132812 max_rel=0.14769362083053592 max_ulp=2070080
FIRST_DIVERGENCE_OBJECT row=2 layer=14 checkpoint=CP3-F subobject=layer_n_comp result=EXACT elements=1
FIRST_DIVERGENCE_OBJECT row=2 layer=14 checkpoint=CP3-F subobject=index_state_kv result=MISMATCH elements=2048 mismatch_count=768 first_index=1024 actual_bits=0x3f0b10b0 expected_bits=0x3f0b1100 max_abs=0.0015396773815155029 max_rel=0.73421530168387905 max_ulp=16171520
FIRST_DIVERGENCE_OBJECT row=2 layer=14 checkpoint=CP3-F subobject=index_state_score result=MISMATCH elements=2048 mismatch_count=768 first_index=1024 actual_bits=0xbf4c9d95 expected_bits=0xbf4cc603 max_abs=0.0098274946212768555 max_rel=0.068327415332412406 max_ulp=943360
FIRST_DIVERGENCE_OBJECT row=2 layer=14 checkpoint=CP3-F subobject=layer_n_index_comp result=EXACT elements=1
FIRST_DIVERGENCE_OBJECT row=2 layer=14 checkpoint=CP4 subobject=after_attn_hc result=MISMATCH elements=16384 mismatch_count=16383 first_index=0 actual_bits=0x3e45a18e expected_bits=0x3e458996 max_abs=0.0081114768981933594 max_rel=1.9406411723530592 max_ulp=1952840093
FIRST_DIVERGENCE_OBJECT row=2 layer=14 checkpoint=CP5 subobject=layer_output result=MISMATCH elements=16384 mismatch_count=16384 first_index=0 actual_bits=0x3e47c127 expected_bits=0x3e47a889 max_abs=0.0068892240524291992 max_rel=1.6839449883484894 max_ulp=1969926508
FIRST_DIVERGENCE_OBJECT row=2 layer=15 checkpoint=CP1 subobject=attn_norm result=MISMATCH elements=4096 mismatch_count=4096 first_index=0 actual_bits=0x3d33ad7c expected_bits=0x3d33341a max_abs=0.0007642209529876709 max_rel=0.90562210486913453 max_ulp=28417808
FIRST_DIVERGENCE_OBJECT row=2 layer=15 checkpoint=CP2-Q subobject=qr result=MISMATCH elements=1024 mismatch_count=1024 first_index=0 actual_bits=0xbd86f8d8 expected_bits=0xbd874ae2 max_abs=0.00061598420143127441 max_rel=1.1322580645161291 max_ulp=1865850881
FIRST_DIVERGENCE_OBJECT row=2 layer=15 checkpoint=CP2-KV-P subobject=kv_raw result=MISMATCH elements=512 mismatch_count=512 first_index=0 actual_bits=0x3d81aa2c expected_bits=0x3d820f58 max_abs=0.00070930644869804382 max_rel=1.6126805054151625 max_ulp=1906373377
FIRST_DIVERGENCE_OBJECT row=2 layer=15 checkpoint=CP2-KV-R subobject=raw_cache result=MISMATCH elements=512 mismatch_count=77 first_index=25 actual_bits=0x3ef00000 expected_bits=0x3ee00000 max_abs=0.25 max_rel=1.6428571428571428 max_ulp=1953497089
FIRST_DIVERGENCE_OBJECT row=2 layer=15 checkpoint=CP3-F subobject=attn_state_kv result=MISMATCH elements=65536 mismatch_count=1536 first_index=8192 actual_bits=0xbd7eb7dc expected_bits=0xbd7edbdc max_abs=0.00081232935190200806 max_rel=1.35214101279639 max_ulp=1914218625
FIRST_DIVERGENCE_OBJECT row=2 layer=15 checkpoint=CP3-F subobject=attn_state_score result=MISMATCH elements=65536 mismatch_count=1536 first_index=8192 actual_bits=0x3e788a38 expected_bits=0x3e787b90 max_abs=0.0018330812454223633 max_rel=0.68933245409353761 max_ulp=14327808
FIRST_DIVERGENCE_OBJECT row=2 layer=15 checkpoint=CP3-F subobject=layer_n_comp result=EXACT elements=1
FIRST_DIVERGENCE_OBJECT row=2 layer=15 checkpoint=CP4 subobject=after_attn_hc result=MISMATCH elements=16384 mismatch_count=16383 first_index=0 actual_bits=0x3e4a2620 expected_bits=0x3e4a0b26 max_abs=0.017665386199951172 max_rel=1.9297945778002559 max_ulp=1982969310
FIRST_DIVERGENCE_OBJECT row=2 layer=15 checkpoint=CP5 subobject=layer_output result=MISMATCH elements=16384 mismatch_count=16383 first_index=0 actual_bits=0x3e4a9fe2 expected_bits=0x3e4a7898 max_abs=0.01444697380065918 max_rel=1.92096787377138 max_ulp=1996365331
FIRST_DIVERGENCE_OBJECT row=2 layer=16 checkpoint=CP1 subobject=attn_norm result=MISMATCH elements=4096 mismatch_count=4096 first_index=0 actual_bits=0x3d4b85f4 expected_bits=0x3d4a289c max_abs=0.013704061508178711 max_rel=1.60620914873479 max_ulp=1922764028
FIRST_DIVERGENCE_OBJECT row=2 layer=16 checkpoint=CP2-Q subobject=qr result=MISMATCH elements=1024 mismatch_count=1024 first_index=0 actual_bits=0xbd9ba536 expected_bits=0xbd9a8cd2 max_abs=0.001993127167224884 max_rel=1.1066275322756101 max_ulp=1910548737
FIRST_DIVERGENCE_OBJECT row=2 layer=16 checkpoint=CP2-KV-P subobject=kv_raw result=MISMATCH elements=512 mismatch_count=512 first_index=0 actual_bits=0x3dd69ebc expected_bits=0x3dd6068e max_abs=0.0017824321985244751 max_rel=0.55507192417478801 max_ulp=9766000
FIRST_DIVERGENCE_OBJECT row=2 layer=16 checkpoint=CP2-KV-R subobject=raw_cache result=MISMATCH elements=512 mismatch_count=95 first_index=12 actual_bits=0x3d900000 expected_bits=0x3d800000 max_abs=0.25 max_rel=0.56666666666666665 max_ulp=10485760
FIRST_DIVERGENCE_OBJECT row=2 layer=16 checkpoint=CP3-F subobject=attn_state_kv result=MISMATCH elements=8192 mismatch_count=3072 first_index=4096 actual_bits=0x3dba4e8a expected_bits=0x3dba56ec max_abs=0.0018655657768249512 max_rel=1.5169396397775397 max_ulp=1922297473
FIRST_DIVERGENCE_OBJECT row=2 layer=16 checkpoint=CP3-F subobject=attn_state_score result=MISMATCH elements=8192 mismatch_count=3072 first_index=4096 actual_bits=0xbfcc9287 expected_bits=0xbfcc7700 max_abs=0.012756660580635071 max_rel=0.63666797951949583 max_ulp=12030720
FIRST_DIVERGENCE_OBJECT row=2 layer=16 checkpoint=CP3-F subobject=layer_n_comp result=EXACT elements=1
FIRST_DIVERGENCE_OBJECT row=2 layer=16 checkpoint=CP3-F subobject=index_state_kv result=MISMATCH elements=2048 mismatch_count=768 first_index=1024 actual_bits=0x3e22a0c4 expected_bits=0x3e228174 max_abs=0.0023514628410339355 max_rel=1.1882677974813673 max_ulp=1912400385
FIRST_DIVERGENCE_OBJECT row=2 layer=16 checkpoint=CP3-F subobject=index_state_score result=MISMATCH elements=2048 mismatch_count=768 first_index=1024 actual_bits=0xbfd35cb0 expected_bits=0xbfd34018 max_abs=0.015980005264282227 max_rel=1.2014276410308622 max_ulp=1989750505
FIRST_DIVERGENCE_OBJECT row=2 layer=16 checkpoint=CP3-F subobject=layer_n_index_comp result=EXACT elements=1
FIRST_DIVERGENCE_OBJECT row=2 layer=16 checkpoint=CP4 subobject=after_attn_hc result=MISMATCH elements=16384 mismatch_count=16383 first_index=0 actual_bits=0x3e4b2f46 expected_bits=0x3e4b088f max_abs=0.051047801971435547 max_rel=1.9497099797687416 max_ulp=1991244460
FIRST_DIVERGENCE_OBJECT row=2 layer=16 checkpoint=CP5 subobject=layer_output result=MISMATCH elements=16384 mismatch_count=16381 first_index=0 actual_bits=0x3e38254f expected_bits=0x3e3803c0 max_abs=0.019908666610717773 max_rel=1.8018236298149914 max_ulp=2007642658
FIRST_DIVERGENCE_OBJECT row=2 layer=17 checkpoint=CP1 subobject=attn_norm result=MISMATCH elements=4096 mismatch_count=4096 first_index=0 actual_bits=0xbd0b5d9a expected_bits=0xbd0bd510 max_abs=0.0040613412857055664 max_rel=1.9886230229232111 max_ulp=1947777633
FIRST_DIVERGENCE_OBJECT row=2 layer=17 checkpoint=CP2-Q subobject=qr result=MISMATCH elements=1024 mismatch_count=1024 first_index=0 actual_bits=0x3e14c774 expected_bits=0x3e1618ec max_abs=0.0019336231052875519 max_rel=0.82657909307113475 max_ulp=21130328
FIRST_DIVERGENCE_OBJECT row=2 layer=17 checkpoint=CP2-KV-P subobject=kv_raw result=MISMATCH elements=512 mismatch_count=512 first_index=0 actual_bits=0x3df2982b expected_bits=0x3df3f7f7 max_abs=0.0024648904800415039 max_rel=1.839766781282703 max_ulp=1943933185
FIRST_DIVERGENCE_OBJECT row=2 layer=17 checkpoint=CP2-KV-R subobject=raw_cache result=MISMATCH elements=512 mismatch_count=136 first_index=0 actual_bits=0x3f100000 expected_bits=0x3f200000 max_abs=0.125 max_rel=1.8999999999999999 max_ulp=1982857217
FIRST_DIVERGENCE_OBJECT row=2 layer=17 checkpoint=CP3-F subobject=attn_state_kv result=MISMATCH elements=65536 mismatch_count=1536 first_index=8192 actual_bits=0x3ba71d28 expected_bits=0x3b9e7080 max_abs=0.0031727850437164307 max_rel=1.210759973068507 max_ulp=1918249985
FIRST_DIVERGENCE_OBJECT row=2 layer=17 checkpoint=CP3-F subobject=attn_state_score result=MISMATCH elements=65536 mismatch_count=1536 first_index=8192 actual_bits=0x3e92f626 expected_bits=0x3e92ffcd max_abs=0.0069444179534912109 max_rel=1.3018347790085933 max_ulp=1954577473
FIRST_DIVERGENCE_OBJECT row=2 layer=17 checkpoint=CP3-F subobject=layer_n_comp result=EXACT elements=1
FIRST_DIVERGENCE_OBJECT row=2 layer=17 checkpoint=CP4 subobject=after_attn_hc result=MISMATCH elements=16384 mismatch_count=16384 first_index=0 actual_bits=0x3e37f5a0 expected_bits=0x3e37d437 max_abs=0.0235595703125 max_rel=1.6262774017989612 max_ulp=2003296921
FIRST_DIVERGENCE_OBJECT row=2 layer=17 checkpoint=CP5 subobject=layer_output result=MISMATCH elements=16384 mismatch_count=16382 first_index=0 actual_bits=0x3e3c46db expected_bits=0x3e3c2513 max_abs=0.027882933616638184 max_rel=1.8208204650308117 max_ulp=2008065002
FIRST_DIVERGENCE_OBJECT row=2 layer=18 checkpoint=CP1 subobject=attn_norm result=MISMATCH elements=4096 mismatch_count=4096 first_index=0 actual_bits=0x3b2aaadd expected_bits=0x3b24d2d3 max_abs=0.0049912929534912109 max_rel=1.9801708963578546 max_ulp=1925538802
FIRST_DIVERGENCE_OBJECT row=2 layer=18 checkpoint=CP2-Q subobject=qr result=MISMATCH elements=1024 mismatch_count=1024 first_index=0 actual_bits=0x3d875246 expected_bits=0x3d85d030 max_abs=0.0017470419406890869 max_rel=0.36010256423784459 max_ulp=5469092
FIRST_DIVERGENCE_OBJECT row=2 layer=18 checkpoint=CP2-KV-P subobject=kv_raw result=MISMATCH elements=512 mismatch_count=512 first_index=0 actual_bits=0xbc580d30 expected_bits=0xbc5cb7a4 max_abs=0.001943930983543396 max_rel=0.92510577964341933 max_ulp=31280768
FIRST_DIVERGENCE_OBJECT row=2 layer=18 checkpoint=CP2-KV-R subobject=raw_cache result=MISMATCH elements=512 mismatch_count=106 first_index=0 actual_bits=0xbd600000 expected_bits=0xbd700000 max_abs=0.125 max_rel=0.92500000000000004 max_ulp=31457280
FIRST_DIVERGENCE_OBJECT row=2 layer=18 checkpoint=CP3-F subobject=attn_state_kv result=MISMATCH elements=8192 mismatch_count=3072 first_index=4096 actual_bits=0xbc627954 expected_bits=0xbc63238c max_abs=0.00151081383228302 max_rel=1.5560774086340399 max_ulp=1910865025
FIRST_DIVERGENCE_OBJECT row=2 layer=18 checkpoint=CP3-F subobject=attn_state_score result=MISMATCH elements=8192 mismatch_count=3072 first_index=4096 actual_bits=0x3f37ba90 expected_bits=0x3f37d8ae max_abs=0.0060769319534301758 max_rel=0.12292423015382076 max_ulp=1953800
FIRST_DIVERGENCE_OBJECT row=2 layer=18 checkpoint=CP3-F subobject=layer_n_comp result=EXACT elements=1
FIRST_DIVERGENCE_OBJECT row=2 layer=18 checkpoint=CP3-F subobject=index_state_kv result=MISMATCH elements=2048 mismatch_count=768 first_index=1024 actual_bits=0x3d51cad3 expected_bits=0x3d51dee0 max_abs=0.0019119083881378174 max_rel=0.39199560327399063 max_ulp=6275648
FIRST_DIVERGENCE_OBJECT row=2 layer=18 checkpoint=CP3-F subobject=index_state_score result=MISMATCH elements=2048 mismatch_count=768 first_index=1024 actual_bits=0x3f995ec1 expected_bits=0x3f997072 max_abs=0.0085222721099853516 max_rel=0.045379620161339659 max_ulp=415376
FIRST_DIVERGENCE_OBJECT row=2 layer=18 checkpoint=CP3-F subobject=layer_n_index_comp result=EXACT elements=1
FIRST_DIVERGENCE_OBJECT row=2 layer=18 checkpoint=CP4 subobject=after_attn_hc result=MISMATCH elements=16384 mismatch_count=16381 first_index=0 actual_bits=0x3e2fabf8 expected_bits=0x3e2f4749 max_abs=0.039377093315124512 max_rel=1.9221242533189473 max_ulp=2020088951
FIRST_DIVERGENCE_OBJECT row=2 layer=18 checkpoint=CP5 subobject=layer_output result=MISMATCH elements=16384 mismatch_count=16384 first_index=0 actual_bits=0x3df71704 expected_bits=0x3df5da13 max_abs=0.040510177612304688 max_rel=1.8775771380476709 max_ulp=2015209693
FIRST_DIVERGENCE_OBJECT row=2 layer=19 checkpoint=CP1 subobject=attn_norm result=MISMATCH elements=4096 mismatch_count=4096 first_index=0 actual_bits=0xbc490f99 expected_bits=0xbc4c4a06 max_abs=0.00079402700066566467 max_rel=1.8029762528734254 max_ulp=1925305322
FIRST_DIVERGENCE_OBJECT row=2 layer=19 checkpoint=CP2-Q subobject=qr result=MISMATCH elements=1024 mismatch_count=1024 first_index=0 actual_bits=0x3d983ccc expected_bits=0x3d9859e9 max_abs=0.0011126101016998291 max_rel=0.87298680746176682 max_ulp=25018624
FIRST_DIVERGENCE_OBJECT row=2 layer=19 checkpoint=CP2-KV-P subobject=kv_raw result=MISMATCH elements=512 mismatch_count=512 first_index=0 actual_bits=0x3c04de70 expected_bits=0x3c04d78c max_abs=0.0013683997094631195 max_rel=1.0326319877229428 max_ulp=1915399425
FIRST_DIVERGENCE_OBJECT row=2 layer=19 checkpoint=CP2-KV-R subobject=raw_cache result=MISMATCH elements=512 mismatch_count=122 first_index=4 actual_bits=0xbd400000 expected_bits=0xbd100000 max_abs=0.125 max_rel=1.03515625 max_ulp=1972371457
FIRST_DIVERGENCE_OBJECT row=2 layer=19 checkpoint=CP3-F subobject=attn_state_kv result=MISMATCH elements=65536 mismatch_count=1536 first_index=8192 actual_bits=0xbb7f5270 expected_bits=0xbb802cc0 max_abs=0.0014816820621490479 max_rel=1.9525665732305537 max_ulp=1939707873
FIRST_DIVERGENCE_OBJECT row=2 layer=19 checkpoint=CP3-F subobject=attn_state_score result=MISMATCH elements=65536 mismatch_count=1536 first_index=8192 actual_bits=0x3d3e4291 expected_bits=0x3d3e9bde max_abs=0.0058483481407165527 max_rel=1.9152234288210697 max_ulp=1944026753
FIRST_DIVERGENCE_OBJECT row=2 layer=19 checkpoint=CP3-F subobject=layer_n_comp result=EXACT elements=1
FIRST_DIVERGENCE_OBJECT row=2 layer=19 checkpoint=CP4 subobject=after_attn_hc result=MISMATCH elements=16384 mismatch_count=16384 first_index=0 actual_bits=0x3e1012f2 expected_bits=0x3e0f59be max_abs=0.045424699783325195 max_rel=1.9455967824878417 max_ulp=2022988445
FIRST_DIVERGENCE_OBJECT row=2 layer=19 checkpoint=CP5 subobject=layer_output result=MISMATCH elements=16384 mismatch_count=16384 first_index=0 actual_bits=0x3d8460ee expected_bits=0x3d82d6d0 max_abs=0.041443943977355957 max_rel=1.8495267995584075 max_ulp=2023566517
FIRST_DIVERGENCE_OBJECT row=2 layer=20 checkpoint=CP1 subobject=attn_norm result=MISMATCH elements=4096 mismatch_count=4096 first_index=0 actual_bits=0xbc044d85 expected_bits=0xbc0a38fc max_abs=0.0066988468170166016 max_rel=1.8818042478140511 max_ulp=1930979284
FIRST_DIVERGENCE_OBJECT row=2 layer=20 checkpoint=CP2-Q subobject=qr result=MISMATCH elements=1024 mismatch_count=1024 first_index=0 actual_bits=0xbcd10c18 expected_bits=0xbcd1c2d2 max_abs=0.001954883337020874 max_rel=1.3373434112262106 max_ulp=1899020801
FIRST_DIVERGENCE_OBJECT row=2 layer=20 checkpoint=CP2-KV-P subobject=kv_raw result=MISMATCH elements=512 mismatch_count=512 first_index=0 actual_bits=0x3e1e519e expected_bits=0x3e1e9581 max_abs=0.0018929392099380493 max_rel=0.58955036656414639 max_ulp=10855808
FIRST_DIVERGENCE_OBJECT row=2 layer=20 checkpoint=CP2-KV-R subobject=raw_cache result=MISMATCH elements=512 mismatch_count=108 first_index=7 actual_bits=0x3e600000 expected_bits=0x3e700000 max_abs=0.125 max_rel=0.5883487654320988 max_ulp=10264576
FIRST_DIVERGENCE_OBJECT row=2 layer=20 checkpoint=CP3-F subobject=attn_state_kv result=MISMATCH elements=8192 mismatch_count=3072 first_index=4096 actual_bits=0xbdc0dbd4 expected_bits=0xbdc0f728 max_abs=0.0021410956978797913 max_rel=1.6883754132167976 max_ulp=1949172301
FIRST_DIVERGENCE_OBJECT row=2 layer=20 checkpoint=CP3-F subobject=attn_state_score result=MISMATCH elements=8192 mismatch_count=3072 first_index=4096 actual_bits=0xbf84b8ef expected_bits=0xbf84a8dc max_abs=0.0092694759368896484 max_rel=0.33784885393689462 max_ulp=4734576
FIRST_DIVERGENCE_OBJECT row=2 layer=20 checkpoint=CP3-F subobject=layer_n_comp result=EXACT elements=1
FIRST_DIVERGENCE_OBJECT row=2 layer=20 checkpoint=CP3-F subobject=index_state_kv result=MISMATCH elements=2048 mismatch_count=768 first_index=1024 actual_bits=0xbb5e7684 expected_bits=0xbb595dc0 max_abs=0.0031399726867675781 max_rel=0.53785501517286893 max_ulp=9126504
FIRST_DIVERGENCE_OBJECT row=2 layer=20 checkpoint=CP3-F subobject=index_state_score result=MISMATCH elements=2048 mismatch_count=768 first_index=1024 actual_bits=0xbf6fa4dd expected_bits=0xbf6f8a2d max_abs=0.011651039123535156 max_rel=0.13418293388212496 max_ulp=2154336
FIRST_DIVERGENCE_OBJECT row=2 layer=20 checkpoint=CP3-F subobject=layer_n_index_comp result=EXACT elements=1
FIRST_DIVERGENCE_OBJECT row=2 layer=20 checkpoint=CP4 subobject=after_attn_hc result=MISMATCH elements=16384 mismatch_count=16384 first_index=0 actual_bits=0xbdf8fcbe expected_bits=0xbdfc9140 max_abs=0.037848353385925293 max_rel=1.9390644154356906 max_ulp=2025623323
FIRST_DIVERGENCE_OBJECT row=2 layer=20 checkpoint=CP5 subobject=layer_output result=MISMATCH elements=16384 mismatch_count=16383 first_index=0 actual_bits=0xbe0ae7a1 expected_bits=0xbe0c94a0 max_abs=0.044500049203634262 max_rel=1.930852899338888 max_ulp=2010711170
FIRST_DIVERGENCE_OBJECT row=2 layer=21 checkpoint=CP1 subobject=attn_norm result=MISMATCH elements=4096 mismatch_count=4096 first_index=0 actual_bits=0xbc6bc3ca expected_bits=0xbc6ec991 max_abs=0.00083074532449245453 max_rel=1.7447760836297643 max_ulp=1912540371
FIRST_DIVERGENCE_OBJECT row=2 layer=21 checkpoint=CP2-Q subobject=qr result=MISMATCH elements=1024 mismatch_count=1024 first_index=0 actual_bits=0x3e0a84ee expected_bits=0x3e0a995c max_abs=0.001105964183807373 max_rel=1.9437789143075421 max_ulp=1922594945
FIRST_DIVERGENCE_OBJECT row=2 layer=21 checkpoint=CP2-KV-P subobject=kv_raw result=MISMATCH elements=512 mismatch_count=512 first_index=0 actual_bits=0x3e4d31be expected_bits=0x3e4d796b max_abs=0.0011970922350883484 max_rel=1.1740913058449514 max_ulp=1922940545
FIRST_DIVERGENCE_OBJECT row=2 layer=21 checkpoint=CP2-KV-R subobject=raw_cache result=MISMATCH elements=512 mismatch_count=92 first_index=9 actual_bits=0xb9900000 expected_bits=0xbb600000 max_abs=0.25 max_rel=1.1833333333333333 max_ulp=1973420033
FIRST_DIVERGENCE_OBJECT row=2 layer=21 checkpoint=CP3-F subobject=attn_state_kv result=MISMATCH elements=65536 mismatch_count=1536 first_index=8192 actual_bits=0x3b9d2950 expected_bits=0x3b9baa58 max_abs=0.0019004940986633301 max_rel=1.6037812888336589 max_ulp=1911312385
FIRST_DIVERGENCE_OBJECT row=2 layer=21 checkpoint=CP3-F subobject=attn_state_score result=MISMATCH elements=65536 mismatch_count=1536 first_index=8192 actual_bits=0x3e7ff990 expected_bits=0x3e80048c max_abs=0.0024514049291610718 max_rel=0.61970988763328261 max_ulp=11271360
FIRST_DIVERGENCE_OBJECT row=2 layer=21 checkpoint=CP3-F subobject=layer_n_comp result=EXACT elements=1
FIRST_DIVERGENCE_OBJECT row=2 layer=21 checkpoint=CP4 subobject=after_attn_hc result=MISMATCH elements=16384 mismatch_count=16384 first_index=0 actual_bits=0x3ec142b5 expected_bits=0x3ec1e89b max_abs=0.041598722338676453 max_rel=1.986392892608519 max_ulp=2019465571
FIRST_DIVERGENCE_OBJECT row=2 layer=21 checkpoint=CP5 subobject=layer_output result=MISMATCH elements=16384 mismatch_count=16384 first_index=0 actual_bits=0x3ecb2620 expected_bits=0x3ecc21fa max_abs=0.056870460510253906 max_rel=1.9521425263512835 max_ulp=2015235745
FIRST_DIVERGENCE_OBJECT row=2 layer=22 checkpoint=CP1 subobject=attn_norm result=MISMATCH elements=4096 mismatch_count=4096 first_index=0 actual_bits=0x3ca85a54 expected_bits=0x3ca837c0 max_abs=0.026000261306762695 max_rel=1.7838477965235 max_ulp=1933874903
FIRST_DIVERGENCE_OBJECT row=2 layer=22 checkpoint=CP2-Q subobject=qr result=MISMATCH elements=1024 mismatch_count=1024 first_index=0 actual_bits=0xbdd035fa expected_bits=0xbdce5701 max_abs=0.0028017163276672363 max_rel=0.87223315582310723 max_ulp=24921088
FIRST_DIVERGENCE_OBJECT row=2 layer=22 checkpoint=CP2-KV-P subobject=kv_raw result=MISMATCH elements=512 mismatch_count=512 first_index=0 actual_bits=0xbdfa6dd3 expected_bits=0xbdf84055 max_abs=0.0026249885559082031 max_rel=0.45796675081050314 max_ulp=7519008
FIRST_DIVERGENCE_OBJECT row=2 layer=22 checkpoint=CP2-KV-R subobject=raw_cache result=MISMATCH elements=512 mismatch_count=98 first_index=69 actual_bits=0xbe800000 expected_bits=0xbe700000 max_abs=0.25 max_rel=0.45454545454545453 max_ulp=7340032
FIRST_DIVERGENCE_OBJECT row=2 layer=22 checkpoint=CP3-F subobject=attn_state_kv result=MISMATCH elements=8192 mismatch_count=3072 first_index=4096 actual_bits=0xbde7f544 expected_bits=0xbde7ff4b max_abs=0.0029774904251098633 max_rel=1.6534907525554916 max_ulp=1942050689
FIRST_DIVERGENCE_OBJECT row=2 layer=22 checkpoint=CP3-F subobject=attn_state_score result=MISMATCH elements=8192 mismatch_count=3072 first_index=4096 actual_bits=0xbfe4a635 expected_bits=0xbfe499dc max_abs=0.01930844783782959 max_rel=1.0492729251162332 max_ulp=1935743233
FIRST_DIVERGENCE_OBJECT row=2 layer=22 checkpoint=CP3-F subobject=layer_n_comp result=EXACT elements=1
FIRST_DIVERGENCE_OBJECT row=2 layer=22 checkpoint=CP3-F subobject=index_state_kv result=MISMATCH elements=2048 mismatch_count=768 first_index=1024 actual_bits=0x3e334467 expected_bits=0x3e3322b1 max_abs=0.0080595016479492188 max_rel=0.9365807109716906 max_ulp=33382784
FIRST_DIVERGENCE_OBJECT row=2 layer=22 checkpoint=CP3-F subobject=index_state_score result=MISMATCH elements=2048 mismatch_count=768 first_index=1024 actual_bits=0xc0095cee expected_bits=0xc0095a52 max_abs=0.020510435104370117 max_rel=0.77223465403009961 max_ulp=17815040
FIRST_DIVERGENCE_OBJECT row=2 layer=22 checkpoint=CP3-F subobject=layer_n_index_comp result=EXACT elements=1
FIRST_DIVERGENCE_OBJECT row=2 layer=22 checkpoint=CP4 subobject=after_attn_hc result=MISMATCH elements=16384 mismatch_count=16384 first_index=0 actual_bits=0x3f006871 expected_bits=0x3f00bcf6 max_abs=0.051285743713378906 max_rel=1.9605839007010777 max_ulp=2019468580
FIRST_DIVERGENCE_OBJECT row=2 layer=22 checkpoint=CP5 subobject=layer_output result=MISMATCH elements=16384 mismatch_count=16384 first_index=0 actual_bits=0x3ef9a6a3 expected_bits=0x3efa2d80 max_abs=0.039155244827270508 max_rel=1.9489803473099412 max_ulp=2023055504
FIRST_DIVERGENCE_OBJECT row=2 layer=23 checkpoint=CP1 subobject=attn_norm result=MISMATCH elements=4096 mismatch_count=4096 first_index=0 actual_bits=0x3be85e6e expected_bits=0x3be41fbb max_abs=0.00088223069906234741 max_rel=1.9269010660495351 max_ulp=1904020321
FIRST_DIVERGENCE_OBJECT row=2 layer=23 checkpoint=CP2-Q subobject=qr result=MISMATCH elements=1024 mismatch_count=1024 first_index=0 actual_bits=0x3e3ee992 expected_bits=0x3e3f6cbe max_abs=0.0013407319784164429 max_rel=1.2528625407912062 max_ulp=1930591233
FIRST_DIVERGENCE_OBJECT row=2 layer=23 checkpoint=CP2-KV-P subobject=kv_raw result=MISMATCH elements=512 mismatch_count=512 first_index=0 actual_bits=0xbe93804b expected_bits=0xbe92fb0c max_abs=0.0015527009963989258 max_rel=0.12324466683522528 max_ulp=1479884
FIRST_DIVERGENCE_OBJECT row=2 layer=23 checkpoint=CP2-KV-R subobject=raw_cache result=MISMATCH elements=512 mismatch_count=64 first_index=10 actual_bits=0x3e200000 expected_bits=0x3e100000 max_abs=0.125 max_rel=0.1111111111111111 max_ulp=1048576
FIRST_DIVERGENCE_OBJECT row=2 layer=23 checkpoint=CP3-F subobject=attn_state_kv result=MISMATCH elements=65536 mismatch_count=1536 first_index=8192 actual_bits=0x3e4b28ac expected_bits=0x3e4b3152 max_abs=0.0012636780738830566 max_rel=0.83380074445844654 max_ulp=22270016
FIRST_DIVERGENCE_OBJECT row=2 layer=23 checkpoint=CP3-F subobject=attn_state_score result=MISMATCH elements=65536 mismatch_count=1536 first_index=8192 actual_bits=0xbdb64bc1 expected_bits=0xbdb54478 max_abs=0.00131988525390625 max_rel=1.0732672245491215 max_ulp=1927820417
FIRST_DIVERGENCE_OBJECT row=2 layer=23 checkpoint=CP3-F subobject=layer_n_comp result=EXACT elements=1
FIRST_DIVERGENCE_OBJECT row=2 layer=23 checkpoint=CP4 subobject=after_attn_hc result=MISMATCH elements=16384 mismatch_count=16384 first_index=0 actual_bits=0x3ef4bc3b expected_bits=0x3ef537a5 max_abs=0.037632226943969727 max_rel=1.8752187076942202 max_ulp=2009598910
FIRST_DIVERGENCE_OBJECT row=2 layer=23 checkpoint=CP5 subobject=layer_output result=MISMATCH elements=16384 mismatch_count=16384 first_index=0 actual_bits=0x3ee66126 expected_bits=0x3ee6cc77 max_abs=0.036625385284423828 max_rel=1.8462099490220594 max_ulp=2011833381
FIRST_DIVERGENCE_OBJECT row=2 layer=24 checkpoint=CP1 subobject=attn_norm result=MISMATCH elements=4096 mismatch_count=4096 first_index=0 actual_bits=0x3c3efc85 expected_bits=0x3c3dcd85 max_abs=0.0047500133514404297 max_rel=1.5727991972011424 max_ulp=1932146391
FIRST_DIVERGENCE_OBJECT row=2 layer=24 checkpoint=CP2-Q subobject=qr result=MISMATCH elements=1024 mismatch_count=1024 first_index=0 actual_bits=0xbed3ad53 expected_bits=0xbed371b4 max_abs=0.0021167919039726257 max_rel=1.6177697451922006 max_ulp=1957044737
FIRST_DIVERGENCE_OBJECT row=2 layer=24 checkpoint=CP2-KV-P subobject=kv_raw result=MISMATCH elements=512 mismatch_count=512 first_index=0 actual_bits=0xbdde1524 expected_bits=0xbddb865c max_abs=0.0030889213085174561 max_rel=1.0220531635497849 max_ulp=1937914673
FIRST_DIVERGENCE_OBJECT row=2 layer=24 checkpoint=CP2-KV-R subobject=raw_cache result=MISMATCH elements=512 mismatch_count=113 first_index=7 actual_bits=0xbdc00000 expected_bits=0xbdb00000 max_abs=0.0625 max_rel=1.0223214285714286 max_ulp=1962934273
FIRST_DIVERGENCE_OBJECT row=2 layer=24 checkpoint=CP3-F subobject=attn_state_kv result=MISMATCH elements=8192 mismatch_count=3071 first_index=4096 actual_bits=0xbe5a5b12 expected_bits=0xbe5a5cb7 max_abs=0.0046769827604293823 max_rel=1.7715747498307126 max_ulp=1932926081
FIRST_DIVERGENCE_OBJECT row=2 layer=24 checkpoint=CP3-F subobject=attn_state_score result=MISMATCH elements=8192 mismatch_count=3072 first_index=4096 actual_bits=0xc011b153 expected_bits=0xc011a085 max_abs=0.0076074600219726562 max_rel=1.2265253499430715 max_ulp=1981148673
FIRST_DIVERGENCE_OBJECT row=2 layer=24 checkpoint=CP3-F subobject=layer_n_comp result=EXACT elements=1
FIRST_DIVERGENCE_OBJECT row=2 layer=24 checkpoint=CP3-F subobject=index_state_kv result=MISMATCH elements=2048 mismatch_count=768 first_index=1024 actual_bits=0xbdb2dc1c expected_bits=0xbdb330f4 max_abs=0.0046981126070022583 max_rel=0.20004041220448576 max_ulp=3294720
FIRST_DIVERGENCE_OBJECT row=2 layer=24 checkpoint=CP3-F subobject=index_state_score result=MISMATCH elements=2048 mismatch_count=768 first_index=1024 actual_bits=0xc0084a26 expected_bits=0xc008399b max_abs=0.0076973438262939453 max_rel=0.17675362338878883 max_ulp=2403616
FIRST_DIVERGENCE_OBJECT row=2 layer=24 checkpoint=CP3-F subobject=layer_n_index_comp result=EXACT elements=1
FIRST_DIVERGENCE_OBJECT row=2 layer=24 checkpoint=CP4 subobject=after_attn_hc result=MISMATCH elements=16384 mismatch_count=16384 first_index=0 actual_bits=0xbec7cd36 expected_bits=0xbecdfb9d max_abs=0.049883842468261719 max_rel=1.7911839696959189 max_ulp=2023186987
FIRST_DIVERGENCE_OBJECT row=2 layer=24 checkpoint=CP5 subobject=layer_output result=MISMATCH elements=16384 mismatch_count=16384 first_index=0 actual_bits=0xbeddfc08 expected_bits=0xbee41954 max_abs=0.048055648803710938 max_rel=1.9843426427981388 max_ulp=2028329001
FIRST_DIVERGENCE_OBJECT row=2 layer=25 checkpoint=CP1 subobject=attn_norm result=MISMATCH elements=4096 mismatch_count=4096 first_index=0 actual_bits=0xbbc22267 expected_bits=0xbbc4205f max_abs=0.00032628700137138367 max_rel=1.8738822954529715 max_ulp=1888849134
FIRST_DIVERGENCE_OBJECT row=2 layer=25 checkpoint=CP2-Q subobject=qr result=MISMATCH elements=1024 mismatch_count=1024 first_index=0 actual_bits=0x3d36f9dc expected_bits=0x3d378874 max_abs=0.00048454850912094116 max_rel=1.6140988063378785 max_ulp=1899948417
FIRST_DIVERGENCE_OBJECT row=2 layer=25 checkpoint=CP2-KV-P subobject=kv_raw result=MISMATCH elements=512 mismatch_count=512 first_index=0 actual_bits=0x3cd23fbc expected_bits=0x3cd24c88 max_abs=0.0004631727933883667 max_rel=0.47082853894180687 max_ulp=7840192
FIRST_DIVERGENCE_OBJECT row=2 layer=25 checkpoint=CP2-KV-R subobject=raw_cache result=MISMATCH elements=512 mismatch_count=90 first_index=2 actual_bits=0xbc900000 expected_bits=0xbc600000 max_abs=0.0625 max_rel=0.45000000000000001 max_ulp=7340032
FIRST_DIVERGENCE_OBJECT row=2 layer=25 checkpoint=CP3-F subobject=attn_state_kv result=MISMATCH elements=65536 mismatch_count=1536 first_index=8192 actual_bits=0x3d92a8c9 expected_bits=0x3d92b538 max_abs=0.00049561262130737305 max_rel=1.3976932361750638 max_ulp=1857667585
FIRST_DIVERGENCE_OBJECT row=2 layer=25 checkpoint=CP3-F subobject=attn_state_score result=MISMATCH elements=65536 mismatch_count=1536 first_index=8192 actual_bits=0xbd07dd10 expected_bits=0xbd07f85b max_abs=0.001087874174118042 max_rel=1.451409736622203 max_ulp=1935692801
FIRST_DIVERGENCE_OBJECT row=2 layer=25 checkpoint=CP3-F subobject=layer_n_comp result=EXACT elements=1
FIRST_DIVERGENCE_OBJECT row=2 layer=25 checkpoint=CP4 subobject=after_attn_hc result=MISMATCH elements=16384 mismatch_count=16384 first_index=0 actual_bits=0xbecf7cc1 expected_bits=0xbed591b0 max_abs=0.047423362731933594 max_rel=1.8253615596007899 max_ulp=2030344095
FIRST_DIVERGENCE_OBJECT row=2 layer=25 checkpoint=CP5 subobject=layer_output result=MISMATCH elements=16384 mismatch_count=16383 first_index=0 actual_bits=0xbe5b529d expected_bits=0xbe66e320 max_abs=0.047341346740722656 max_rel=1.9104525650411264 max_ulp=2031489697
FIRST_DIVERGENCE_OBJECT row=2 layer=26 checkpoint=CP1 subobject=attn_norm result=MISMATCH elements=4096 mismatch_count=4096 first_index=0 actual_bits=0xba090f5d expected_bits=0xba2c25c3 max_abs=0.0040941238403320312 max_rel=1.8828723667336758 max_ulp=1925398058
FIRST_DIVERGENCE_OBJECT row=2 layer=26 checkpoint=CP2-Q subobject=qr result=MISMATCH elements=1024 mismatch_count=1024 first_index=0 actual_bits=0x3de56cb8 expected_bits=0x3de3d7eb max_abs=0.0012291371822357178 max_rel=1.4009713241112112 max_ulp=1889469697
FIRST_DIVERGENCE_OBJECT row=2 layer=26 checkpoint=CP2-KV-P subobject=kv_raw result=MISMATCH elements=512 mismatch_count=512 first_index=0 actual_bits=0x3d8337d4 expected_bits=0x3d825a0a max_abs=0.001308441162109375 max_rel=1.3408927285817134 max_ulp=1929330689
FIRST_DIVERGENCE_OBJECT row=2 layer=26 checkpoint=CP2-KV-R subobject=raw_cache result=MISMATCH elements=512 mismatch_count=99 first_index=2 actual_bits=0xbd800000 expected_bits=0xbd700000 max_abs=0.125 max_rel=1.3571428571428572 max_ulp=1979711489
FIRST_DIVERGENCE_OBJECT row=2 layer=26 checkpoint=CP3-F subobject=attn_state_kv result=MISMATCH elements=8192 mismatch_count=3072 first_index=4096 actual_bits=0xbe8c7f7b expected_bits=0xbe8c7bee max_abs=0.0020666718482971191 max_rel=1.5385721130809775 max_ulp=1927717121
FIRST_DIVERGENCE_OBJECT row=2 layer=26 checkpoint=CP3-F subobject=attn_state_score result=MISMATCH elements=8192 mismatch_count=3072 first_index=4096 actual_bits=0x3e189134 expected_bits=0x3e1b5d1c max_abs=0.0065312385559082031 max_rel=1.2385105315375931 max_ulp=1968089601
FIRST_DIVERGENCE_OBJECT row=2 layer=26 checkpoint=CP3-F subobject=layer_n_comp result=EXACT elements=1
FIRST_DIVERGENCE_OBJECT row=2 layer=26 checkpoint=CP3-F subobject=index_state_kv result=MISMATCH elements=2048 mismatch_count=768 first_index=1024 actual_bits=0x3de7c649 expected_bits=0x3de78c8e max_abs=0.0010339505970478058 max_rel=1.9612737606504649 max_ulp=1904180865
FIRST_DIVERGENCE_OBJECT row=2 layer=26 checkpoint=CP3-F subobject=index_state_score result=MISMATCH elements=2048 mismatch_count=768 first_index=1024 actual_bits=0x3e48d18f expected_bits=0x3e4bf380 max_abs=0.0070015788078308105 max_rel=1.7662617212199485 max_ulp=1976339553
FIRST_DIVERGENCE_OBJECT row=2 layer=26 checkpoint=CP3-F subobject=layer_n_index_comp result=EXACT elements=1
FIRST_DIVERGENCE_OBJECT row=2 layer=26 checkpoint=CP4 subobject=after_attn_hc result=MISMATCH elements=16384 mismatch_count=16384 first_index=0 actual_bits=0xbe65d800 expected_bits=0xbe711f31 max_abs=0.046527862548828125 max_rel=1.9691430037080704 max_ulp=2030771401
FIRST_DIVERGENCE_OBJECT row=2 layer=26 checkpoint=CP5 subobject=layer_output result=MISMATCH elements=16384 mismatch_count=16384 first_index=0 actual_bits=0xbe198d7d expected_bits=0xbe23d65e max_abs=0.044955253601074219 max_rel=1.9500052420561396 max_ulp=2026968885
FIRST_DIVERGENCE_OBJECT row=2 layer=27 checkpoint=CP1 subobject=attn_norm result=MISMATCH elements=4096 mismatch_count=4096 first_index=0 actual_bits=0xbb006776 expected_bits=0xbb060bec max_abs=0.00046742893755435944 max_rel=1.4906602732147587 max_ulp=1911190445
FIRST_DIVERGENCE_OBJECT row=2 layer=27 checkpoint=CP2-Q subobject=qr result=MISMATCH elements=1024 mismatch_count=1024 first_index=0 actual_bits=0x3b6e4eac expected_bits=0x3b8b738a max_abs=0.00061943568289279938 max_rel=1.3673490915353483 max_ulp=1913222465
FIRST_DIVERGENCE_OBJECT row=2 layer=27 checkpoint=CP2-KV-P subobject=kv_raw result=MISMATCH elements=512 mismatch_count=512 first_index=0 actual_bits=0xbe8e73d8 expected_bits=0xbe8e870f max_abs=0.00063724443316459656 max_rel=0.53195195745851287 max_ulp=9102336
FIRST_DIVERGENCE_OBJECT row=2 layer=27 checkpoint=CP2-KV-R subobject=raw_cache result=MISMATCH elements=512 mismatch_count=78 first_index=4 actual_bits=0xbd700000 expected_bits=0xbd600000 max_abs=0.125 max_rel=0.54545454545454541 max_ulp=9437184
FIRST_DIVERGENCE_OBJECT row=2 layer=27 checkpoint=CP3-F subobject=attn_state_kv result=MISMATCH elements=65536 mismatch_count=1536 first_index=8192 actual_bits=0xbc941f51 expected_bits=0xbc92c48a max_abs=0.00081752240657806396 max_rel=1.3264184936340633 max_ulp=1921543745
FIRST_DIVERGENCE_OBJECT row=2 layer=27 checkpoint=CP3-F subobject=attn_state_score result=MISMATCH elements=65536 mismatch_count=1535 first_index=8192 actual_bits=0xbde74f92 expected_bits=0xbde81cc7 max_abs=0.0017025768756866455 max_rel=0.64945164356077179 max_ulp=12192896
FIRST_DIVERGENCE_OBJECT row=2 layer=27 checkpoint=CP3-F subobject=layer_n_comp result=EXACT elements=1
FIRST_DIVERGENCE_OBJECT row=2 layer=27 checkpoint=CP4 subobject=after_attn_hc result=MISMATCH elements=16384 mismatch_count=16384 first_index=0 actual_bits=0x3f012872 expected_bits=0x3ef8f405 max_abs=0.06288030743598938 max_rel=1.9035864470247073 max_ulp=2034920726
FIRST_DIVERGENCE_OBJECT row=2 layer=27 checkpoint=CP5 subobject=layer_output result=MISMATCH elements=16384 mismatch_count=16384 first_index=0 actual_bits=0x3f370d5c expected_bits=0x3f333f0b max_abs=0.0636177659034729 max_rel=1.9730121432844496 max_ulp=2030512412
FIRST_DIVERGENCE_OBJECT row=2 layer=28 checkpoint=CP1 subobject=attn_norm result=MISMATCH elements=4096 mismatch_count=4096 first_index=0 actual_bits=0x3d2617ed expected_bits=0x3d27caa9 max_abs=0.0082979202270507812 max_rel=1.1128224716428292 max_ulp=1906823950
FIRST_DIVERGENCE_OBJECT row=2 layer=28 checkpoint=CP2-Q subobject=qr result=MISMATCH elements=1024 mismatch_count=1024 first_index=0 actual_bits=0x3e168200 expected_bits=0x3e167a4c max_abs=0.0012091994285583496 max_rel=0.90301331609034019 max_ulp=27949600
FIRST_DIVERGENCE_OBJECT row=2 layer=28 checkpoint=CP2-KV-P subobject=kv_raw result=MISMATCH elements=512 mismatch_count=512 first_index=0 actual_bits=0x3cf5c95e expected_bits=0x3cf701a0 max_abs=0.0016119927167892456 max_rel=0.9704281129399781 max_ulp=42725824
FIRST_DIVERGENCE_OBJECT row=2 layer=28 checkpoint=CP2-KV-R subobject=raw_cache result=MISMATCH elements=512 mismatch_count=116 first_index=17 actual_bits=0xbf200000 expected_bits=0xbf300000 max_abs=0.25 max_rel=0.97115384615384615 max_ulp=42991616
FIRST_DIVERGENCE_OBJECT row=2 layer=28 checkpoint=CP3-F subobject=attn_state_kv result=MISMATCH elements=8192 mismatch_count=3072 first_index=4096 actual_bits=0x3d88c6bc expected_bits=0x3d889c58 max_abs=0.0015410184860229492 max_rel=0.74963090678202338 max_ulp=16763488
FIRST_DIVERGENCE_OBJECT row=2 layer=28 checkpoint=CP3-F subobject=attn_state_score result=MISMATCH elements=8192 mismatch_count=3071 first_index=4096 actual_bits=0x3fbe9be4 expected_bits=0x3fbeed46 max_abs=0.0067276954650878906 max_rel=0.10149471666873089 max_ulp=996480
FIRST_DIVERGENCE_OBJECT row=2 layer=28 checkpoint=CP3-F subobject=layer_n_comp result=EXACT elements=1
FIRST_DIVERGENCE_OBJECT row=2 layer=28 checkpoint=CP3-F subobject=index_state_kv result=MISMATCH elements=2048 mismatch_count=767 first_index=1024 actual_bits=0xbe608b67 expected_bits=0xbe60a306 max_abs=0.0014133453369140625 max_rel=1.0902664440859111 max_ulp=1911073153
FIRST_DIVERGENCE_OBJECT row=2 layer=28 checkpoint=CP3-F subobject=index_state_score result=MISMATCH elements=2048 mismatch_count=768 first_index=1024 actual_bits=0x3fc0c15a expected_bits=0x3fc119af max_abs=0.0069358348846435547 max_rel=0.015137870488544973 max_ulp=173240
FIRST_DIVERGENCE_OBJECT row=2 layer=28 checkpoint=CP3-F subobject=layer_n_index_comp result=EXACT elements=1
FIRST_DIVERGENCE_OBJECT row=2 layer=28 checkpoint=CP4 subobject=after_attn_hc result=MISMATCH elements=16384 mismatch_count=16384 first_index=0 actual_bits=0x3f360877 expected_bits=0x3f32439a max_abs=0.063071727752685547 max_rel=1.9681305549877188 max_ulp=2027691096
FIRST_DIVERGENCE_OBJECT row=2 layer=28 checkpoint=CP5 subobject=layer_output result=MISMATCH elements=16384 mismatch_count=16384 first_index=0 actual_bits=0x3f333995 expected_bits=0x3f2fa6ff max_abs=0.061652898788452148 max_rel=1.9786150671930562 max_ulp=2035779604
FIRST_DIVERGENCE_OBJECT row=2 layer=29 checkpoint=CP1 subobject=attn_norm result=MISMATCH elements=4096 mismatch_count=4096 first_index=0 actual_bits=0xbac67866 expected_bits=0xbacb648f max_abs=0.00084900110960006714 max_rel=1.4013220856534245 max_ulp=1927278732
FIRST_DIVERGENCE_OBJECT row=2 layer=29 checkpoint=CP2-Q subobject=qr result=MISMATCH elements=1024 mismatch_count=1024 first_index=0 actual_bits=0xbe335622 expected_bits=0xbe33201a max_abs=0.0012764036655426025 max_rel=1.7268231664979408 max_ulp=1933453697
FIRST_DIVERGENCE_OBJECT row=2 layer=29 checkpoint=CP2-KV-P subobject=kv_raw result=MISMATCH elements=512 mismatch_count=512 first_index=0 actual_bits=0xbd21b1a0 expected_bits=0xbd20a66c max_abs=0.0011731088161468506 max_rel=1.3280352688671038 max_ulp=1913016705
FIRST_DIVERGENCE_OBJECT row=2 layer=29 checkpoint=CP2-KV-R subobject=raw_cache result=MISMATCH elements=512 mismatch_count=115 first_index=1 actual_bits=0xbcc00000 expected_bits=0xbce00000 max_abs=0.125 max_rel=1.3055555555555556 max_ulp=1967128577
FIRST_DIVERGENCE_OBJECT row=2 layer=29 checkpoint=CP3-F subobject=attn_state_kv result=MISMATCH elements=65536 mismatch_count=1536 first_index=8192 actual_bits=0x3e120052 expected_bits=0x3e11cda8 max_abs=0.0022543221712112427 max_rel=1.8486540874814874 max_ulp=1916755841
FIRST_DIVERGENCE_OBJECT row=2 layer=29 checkpoint=CP3-F subobject=attn_state_score result=MISMATCH elements=65536 mismatch_count=1536 first_index=8192 actual_bits=0x3dc24f60 expected_bits=0x3dc44ab8 max_abs=0.005314946174621582 max_rel=1.2654570939106058 max_ulp=1932937729
FIRST_DIVERGENCE_OBJECT row=2 layer=29 checkpoint=CP3-F subobject=layer_n_comp result=EXACT elements=1
FIRST_DIVERGENCE_OBJECT row=2 layer=29 checkpoint=CP4 subobject=after_attn_hc result=MISMATCH elements=16384 mismatch_count=16384 first_index=0 actual_bits=0x3f32f173 expected_bits=0x3f2f62be max_abs=0.068033039569854736 max_rel=1.9496412909578882 max_ulp=2035705747
FIRST_DIVERGENCE_OBJECT row=2 layer=29 checkpoint=CP5 subobject=layer_output result=MISMATCH elements=16384 mismatch_count=16383 first_index=0 actual_bits=0x3f1b116e expected_bits=0x3f178fe8 max_abs=0.068835258483886719 max_rel=1.9923226058771291 max_ulp=2036966942
FIRST_DIVERGENCE_OBJECT row=2 layer=30 checkpoint=CP1 subobject=attn_norm result=MISMATCH elements=4096 mismatch_count=4096 first_index=0 actual_bits=0xbcf0d163 expected_bits=0xbcf40f99 max_abs=0.013011932373046875 max_rel=1.7309668473177759 max_ulp=1935872770
FIRST_DIVERGENCE_OBJECT row=2 layer=30 checkpoint=CP2-Q subobject=qr result=MISMATCH elements=1024 mismatch_count=1024 first_index=0 actual_bits=0xbe062679 expected_bits=0xbe067928 max_abs=0.0021413862705230713 max_rel=1.4288400709767011 max_ulp=1928871169
FIRST_DIVERGENCE_OBJECT row=2 layer=30 checkpoint=CP2-KV-P subobject=kv_raw result=MISMATCH elements=512 mismatch_count=512 first_index=0 actual_bits=0xbcbaae54 expected_bits=0xbcbd63ea max_abs=0.004604339599609375 max_rel=0.51751629670657406 max_ulp=8809600
FIRST_DIVERGENCE_OBJECT row=2 layer=30 checkpoint=CP2-KV-R subobject=raw_cache result=MISMATCH elements=512 mismatch_count=139 first_index=3 actual_bits=0x3b800000 expected_bits=0x3c100000 max_abs=0.0625 max_rel=0.55555555555555558 max_ulp=9437184
FIRST_DIVERGENCE_OBJECT row=2 layer=30 checkpoint=CP3-F subobject=attn_state_kv result=MISMATCH elements=8192 mismatch_count=3072 first_index=4096 actual_bits=0xbca21a71 expected_bits=0xbca1f6da max_abs=0.0040267854928970337 max_rel=1.1673999699157642 max_ulp=1917629889
FIRST_DIVERGENCE_OBJECT row=2 layer=30 checkpoint=CP3-F subobject=attn_state_score result=MISMATCH elements=8192 mismatch_count=3072 first_index=4096 actual_bits=0x3f4049f8 expected_bits=0x3f3fe71c max_abs=0.019535541534423828 max_rel=0.81141312379920194 max_ulp=19878912
FIRST_DIVERGENCE_OBJECT row=2 layer=30 checkpoint=CP3-F subobject=layer_n_comp result=EXACT elements=1
FIRST_DIVERGENCE_OBJECT row=2 layer=30 checkpoint=CP3-F subobject=index_state_kv result=MISMATCH elements=2048 mismatch_count=768 first_index=1024 actual_bits=0x3bac9784 expected_bits=0x3bb260e0 max_abs=0.0045758485794067383 max_rel=1.2981239401742375 max_ulp=1943764097
FIRST_DIVERGENCE_OBJECT row=2 layer=30 checkpoint=CP3-F subobject=index_state_score result=MISMATCH elements=2048 mismatch_count=768 first_index=1024 actual_bits=0x3eed10e6 expected_bits=0x3eebd89c max_abs=0.020780086517333984 max_rel=1.035421870663336 max_ulp=1935699969
FIRST_DIVERGENCE_OBJECT row=2 layer=30 checkpoint=CP3-F subobject=layer_n_index_comp result=EXACT elements=1
FIRST_DIVERGENCE_OBJECT row=2 layer=30 checkpoint=CP4 subobject=after_attn_hc result=MISMATCH elements=16384 mismatch_count=16384 first_index=0 actual_bits=0x3f095fc2 expected_bits=0x3f059699 max_abs=0.12229299545288086 max_rel=1.9029978049863687 max_ulp=2042648655
FIRST_DIVERGENCE_OBJECT row=2 layer=30 checkpoint=CP5 subobject=layer_output result=MISMATCH elements=16384 mismatch_count=16384 first_index=0 actual_bits=0x3f4ef816 expected_bits=0x3f4b8a59 max_abs=0.1175236701965332 max_rel=1.9982767215884647 max_ulp=2031927063
FIRST_DIVERGENCE_OBJECT row=2 layer=31 checkpoint=CP1 subobject=attn_norm result=MISMATCH elements=4096 mismatch_count=4096 first_index=0 actual_bits=0x3c8bbd09 expected_bits=0x3c8c8b07 max_abs=0.0008811168372631073 max_rel=1.961717176713824 max_ulp=1926869514
FIRST_DIVERGENCE_OBJECT row=2 layer=31 checkpoint=CP2-Q subobject=qr result=MISMATCH elements=1024 mismatch_count=1024 first_index=0 actual_bits=0xbc338b36 expected_bits=0xbc2da930 max_abs=0.0010699480772018433 max_rel=1.3537041791752251 max_ulp=1926345089
FIRST_DIVERGENCE_OBJECT row=2 layer=31 checkpoint=CP2-KV-P subobject=kv_raw result=MISMATCH elements=512 mismatch_count=512 first_index=0 actual_bits=0xbe26d72c expected_bits=0xbe27b5f6 max_abs=0.0011802837252616882 max_rel=1.303021281082724 max_ulp=1918650305
FIRST_DIVERGENCE_OBJECT row=2 layer=31 checkpoint=CP2-KV-R subobject=raw_cache result=MISMATCH elements=512 mismatch_count=113 first_index=5 actual_bits=0x3f100000 expected_bits=0x3f000000 max_abs=0.0625 max_rel=1.3076923076923077 max_ulp=1976565761
FIRST_DIVERGENCE_OBJECT row=2 layer=31 checkpoint=CP3-F subobject=attn_state_kv result=MISMATCH elements=65536 mismatch_count=1536 first_index=8192 actual_bits=0x3c0d595d expected_bits=0x3c0fee84 max_abs=0.0010963603854179382 max_rel=1.1720591015058912 max_ulp=1906485249
FIRST_DIVERGENCE_OBJECT row=2 layer=31 checkpoint=CP3-F subobject=attn_state_score result=MISMATCH elements=65536 mismatch_count=1536 first_index=8192 actual_bits=0xbd92dc6a expected_bits=0xbd9281ba max_abs=0.0022008121013641357 max_rel=0.82035505017013277 max_ulp=20090752
FIRST_DIVERGENCE_OBJECT row=2 layer=31 checkpoint=CP3-F subobject=layer_n_comp result=EXACT elements=1
FIRST_DIVERGENCE_OBJECT row=2 layer=31 checkpoint=CP4 subobject=after_attn_hc result=MISMATCH elements=16384 mismatch_count=16384 first_index=0 actual_bits=0x3f103a83 expected_bits=0x3f0bcd95 max_abs=0.11882877349853516 max_rel=1.9659052885478197 max_ulp=2043576349
FIRST_DIVERGENCE_OBJECT row=2 layer=31 checkpoint=CP5 subobject=layer_output result=MISMATCH elements=16384 mismatch_count=16384 first_index=0 actual_bits=0x3f6efa5f expected_bits=0x3f69fdbd max_abs=0.12429714202880859 max_rel=1.9619319027232522 max_ulp=2045769713
FIRST_DIVERGENCE_OBJECT row=2 layer=32 checkpoint=CP1 subobject=attn_norm result=MISMATCH elements=4096 mismatch_count=4096 first_index=0 actual_bits=0x3d0c6db2 expected_bits=0x3d0b9f54 max_abs=0.010594367980957031 max_rel=1.7190340065133161 max_ulp=1925597408
FIRST_DIVERGENCE_OBJECT row=2 layer=32 checkpoint=CP2-Q subobject=qr result=MISMATCH elements=1024 mismatch_count=1024 first_index=0 actual_bits=0x3dfcd76e expected_bits=0x3dfbf4f3 max_abs=0.0021839439868927002 max_rel=1.047887480164658 max_ulp=1910085649
FIRST_DIVERGENCE_OBJECT row=2 layer=32 checkpoint=CP2-KV-P subobject=kv_raw result=MISMATCH elements=512 mismatch_count=512 first_index=0 actual_bits=0x3e53da5a expected_bits=0x3e5444d7 max_abs=0.0022099614143371582 max_rel=1.4872652446555061 max_ulp=1935933633
FIRST_DIVERGENCE_OBJECT row=2 layer=32 checkpoint=CP2-KV-R subobject=raw_cache result=MISMATCH elements=512 mismatch_count=140 first_index=24 actual_bits=0xbd500000 expected_bits=0xbd200000 max_abs=0.125 max_rel=1.1666666666666667 max_ulp=1950351361
FIRST_DIVERGENCE_OBJECT row=2 layer=32 checkpoint=CP3-F subobject=attn_state_kv result=MISMATCH elements=8192 mismatch_count=3072 first_index=4096 actual_bits=0xbcc9c99a expected_bits=0xbccdaaea max_abs=0.0033103525638580322 max_rel=1.9816246250252851 max_ulp=1942070049
FIRST_DIVERGENCE_OBJECT row=2 layer=32 checkpoint=CP3-F subobject=attn_state_score result=MISMATCH elements=8192 mismatch_count=3072 first_index=4096 actual_bits=0xbfdb9de0 expected_bits=0xbfdd2a83 max_abs=0.016920328140258789 max_rel=0.45387848332571951 max_ulp=7096320
FIRST_DIVERGENCE_OBJECT row=2 layer=32 checkpoint=CP3-F subobject=layer_n_comp result=EXACT elements=1
FIRST_DIVERGENCE_OBJECT row=2 layer=32 checkpoint=CP3-F subobject=index_state_kv result=MISMATCH elements=2048 mismatch_count=768 first_index=1024 actual_bits=0x3e114971 expected_bits=0x3e1129ba max_abs=0.0026341676712036133 max_rel=0.93434731915858338 max_ulp=32756992
FIRST_DIVERGENCE_OBJECT row=2 layer=32 checkpoint=CP3-F subobject=index_state_score result=MISMATCH elements=2048 mismatch_count=768 first_index=1024 actual_bits=0xbfebd91a expected_bits=0xbfed51b2 max_abs=0.015546321868896484 max_rel=0.35239727419289285 max_ulp=4994208
FIRST_DIVERGENCE_OBJECT row=2 layer=32 checkpoint=CP3-F subobject=layer_n_index_comp result=EXACT elements=1
FIRST_DIVERGENCE_OBJECT row=2 layer=32 checkpoint=CP4 subobject=after_attn_hc result=MISMATCH elements=16384 mismatch_count=16384 first_index=0 actual_bits=0x3f71d5c7 expected_bits=0x3f6cb7e6 max_abs=0.12695217132568359 max_rel=1.9716700115302996 max_ulp=2044879354
FIRST_DIVERGENCE_OBJECT row=2 layer=32 checkpoint=CP5 subobject=layer_output result=MISMATCH elements=16384 mismatch_count=16384 first_index=0 actual_bits=0x3f63d2e2 expected_bits=0x3f5e9809 max_abs=0.12852764129638672 max_rel=1.9662331453114115 max_ulp=2040937178
FIRST_DIVERGENCE_OBJECT row=2 layer=33 checkpoint=CP1 subobject=attn_norm result=MISMATCH elements=4096 mismatch_count=4096 first_index=0 actual_bits=0x3c1dfc2d expected_bits=0x3c19a7f4 max_abs=0.0013325847685337067 max_rel=1.9534432737488401 max_ulp=1940975765
FIRST_DIVERGENCE_OBJECT row=2 layer=33 checkpoint=CP2-Q subobject=qr result=MISMATCH elements=1024 mismatch_count=1024 first_index=0 actual_bits=0xbcdb9cf5 expected_bits=0xbcd9ac92 max_abs=0.0017952285706996918 max_rel=1.0034305402727504 max_ulp=1869636289
FIRST_DIVERGENCE_OBJECT row=2 layer=33 checkpoint=CP2-KV-P subobject=kv_raw result=MISMATCH elements=512 mismatch_count=512 first_index=0 actual_bits=0x3d166c34 expected_bits=0x3d14bea2 max_abs=0.0015210136771202087 max_rel=1.7443302735985542 max_ulp=1918434497
FIRST_DIVERGENCE_OBJECT row=2 layer=33 checkpoint=CP2-KV-R subobject=raw_cache result=MISMATCH elements=512 mismatch_count=122 first_index=6 actual_bits=0xbac00000 expected_bits=0x3b000000 max_abs=0.125 max_rel=1.75 max_ulp=1975517185
FIRST_DIVERGENCE_OBJECT row=2 layer=33 checkpoint=CP3-F subobject=attn_state_kv result=MISMATCH elements=65536 mismatch_count=1536 first_index=8192 actual_bits=0x3d1c647d expected_bits=0x3d1c2876 max_abs=0.0015468671917915344 max_rel=1.5648906511223295 max_ulp=1943893233
FIRST_DIVERGENCE_OBJECT row=2 layer=33 checkpoint=CP3-F subobject=attn_state_score result=MISMATCH elements=65536 mismatch_count=1536 first_index=8192 actual_bits=0xbda6535c expected_bits=0xbda66587 max_abs=0.0039418339729309082 max_rel=1.2762388354770002 max_ulp=1952276097
FIRST_DIVERGENCE_OBJECT row=2 layer=33 checkpoint=CP3-F subobject=layer_n_comp result=EXACT elements=1
FIRST_DIVERGENCE_OBJECT row=2 layer=33 checkpoint=CP4 subobject=after_attn_hc result=MISMATCH elements=16384 mismatch_count=16384 first_index=0 actual_bits=0x3f62936f expected_bits=0x3f5d57d4 max_abs=0.11649060249328613 max_rel=1.9878391442473002 max_ulp=2047012545
FIRST_DIVERGENCE_OBJECT row=2 layer=33 checkpoint=CP5 subobject=layer_output result=MISMATCH elements=16384 mismatch_count=16384 first_index=0 actual_bits=0x3f941fe2 expected_bits=0x3f9125df max_abs=0.11494064331054688 max_rel=1.976942637348083 max_ulp=2043357898
FIRST_DIVERGENCE_OBJECT row=2 layer=34 checkpoint=CP1 subobject=attn_norm result=MISMATCH elements=4096 mismatch_count=4096 first_index=0 actual_bits=0x3d1b7ebd expected_bits=0x3d19e69b max_abs=0.021870613098144531 max_rel=1.7132422003584735 max_ulp=1938483811
FIRST_DIVERGENCE_OBJECT row=2 layer=34 checkpoint=CP2-Q subobject=qr result=MISMATCH elements=1024 mismatch_count=1024 first_index=0 actual_bits=0x3e485af8 expected_bits=0x3e4852d6 max_abs=0.0020925737917423248 max_rel=1.3775336668610167 max_ulp=1948780913
FIRST_DIVERGENCE_OBJECT row=2 layer=34 checkpoint=CP2-KV-P subobject=kv_raw result=MISMATCH elements=512 mismatch_count=512 first_index=0 actual_bits=0x3e89813a expected_bits=0x3e89db36 max_abs=0.0020254477858543396 max_rel=1.2647478808624408 max_ulp=1921849217
FIRST_DIVERGENCE_OBJECT row=2 layer=34 checkpoint=CP2-KV-R subobject=raw_cache result=MISMATCH elements=512 mismatch_count=121 first_index=7 actual_bits=0x3e800000 expected_bits=0x3e700000 max_abs=0.125 max_rel=1.2727272727272727 max_ulp=1970274305
FIRST_DIVERGENCE_OBJECT row=2 layer=34 checkpoint=CP3-F subobject=attn_state_kv result=MISMATCH elements=8192 mismatch_count=3072 first_index=4096 actual_bits=0x3e017a4b expected_bits=0x3e00d8be max_abs=0.003674626350402832 max_rel=0.52384190101383177 max_ulp=8918240
FIRST_DIVERGENCE_OBJECT row=2 layer=34 checkpoint=CP3-F subobject=attn_state_score result=MISMATCH elements=8192 mismatch_count=3072 first_index=4096 actual_bits=0x4025c229 expected_bits=0x4023161c max_abs=0.067749977111816406 max_rel=1.1961289348059909 max_ulp=2001638305
FIRST_DIVERGENCE_OBJECT row=2 layer=34 checkpoint=CP3-F subobject=layer_n_comp result=EXACT elements=1
FIRST_DIVERGENCE_OBJECT row=2 layer=34 checkpoint=CP3-F subobject=index_state_kv result=MISMATCH elements=2048 mismatch_count=768 first_index=1024 actual_bits=0x3e6dd3ae expected_bits=0x3e6d339a max_abs=0.0029010772705078125 max_rel=0.979667214079881 max_ulp=47220032
FIRST_DIVERGENCE_OBJECT row=2 layer=34 checkpoint=CP3-F subobject=index_state_score result=MISMATCH elements=2048 mismatch_count=768 first_index=1024 actual_bits=0x401b3263 expected_bits=0x40189e2b max_abs=0.067545890808105469 max_rel=0.97409489614336786 max_ulp=44723456
FIRST_DIVERGENCE_OBJECT row=2 layer=34 checkpoint=CP3-F subobject=layer_n_index_comp result=EXACT elements=1
FIRST_DIVERGENCE_OBJECT row=2 layer=34 checkpoint=CP4 subobject=after_attn_hc result=MISMATCH elements=16384 mismatch_count=16384 first_index=0 actual_bits=0x3fae60cc expected_bits=0x3fabae3e max_abs=0.11362433433532715 max_rel=1.9847945233877333 max_ulp=2037671845
FIRST_DIVERGENCE_OBJECT row=2 layer=34 checkpoint=CP5 subobject=layer_output result=MISMATCH elements=16384 mismatch_count=16384 first_index=0 actual_bits=0x3f859a13 expected_bits=0x3f82ddac max_abs=0.11154842376708984 max_rel=1.9426818462662785 max_ulp=2042189426
FIRST_DIVERGENCE_OBJECT row=2 layer=35 checkpoint=CP1 subobject=attn_norm result=MISMATCH elements=4096 mismatch_count=4096 first_index=0 actual_bits=0x3cfae219 expected_bits=0x3cfa0761 max_abs=0.0013795718550682068 max_rel=1.8265578350519682 max_ulp=1933120774
FIRST_DIVERGENCE_OBJECT row=2 layer=35 checkpoint=CP2-Q subobject=qr result=MISMATCH elements=1024 mismatch_count=1024 first_index=0 actual_bits=0x3e4fb7d5 expected_bits=0x3e4f4f82 max_abs=0.0017524659633636475 max_rel=1.5699380238044933 max_ulp=1940437057
FIRST_DIVERGENCE_OBJECT row=2 layer=35 checkpoint=CP2-KV-P subobject=kv_raw result=MISMATCH elements=512 mismatch_count=512 first_index=0 actual_bits=0xbd7f6054 expected_bits=0xbd7e8814 max_abs=0.0022406429052352905 max_rel=1.3939512457094823 max_ulp=1940593281
FIRST_DIVERGENCE_OBJECT row=2 layer=35 checkpoint=CP2-KV-R subobject=raw_cache result=MISMATCH elements=512 mismatch_count=152 first_index=0 actual_bits=0xbf300000 expected_bits=0xbf200000 max_abs=0.125 max_rel=1.4230769230769231 max_ulp=1996488705
FIRST_DIVERGENCE_OBJECT row=2 layer=35 checkpoint=CP3-F subobject=attn_state_kv result=MISMATCH elements=65536 mismatch_count=1536 first_index=8192 actual_bits=0xbce61781 expected_bits=0xbce72835 max_abs=0.0019290447235107422 max_rel=1.0693716176429353 max_ulp=1907943041
FIRST_DIVERGENCE_OBJECT row=2 layer=35 checkpoint=CP3-F subobject=attn_state_score result=MISMATCH elements=65536 mismatch_count=1536 first_index=8192 actual_bits=0xbe6dd74a expected_bits=0xbe6de46c max_abs=0.0041378140449523926 max_rel=1.9962597419189982 max_ulp=1949379489
FIRST_DIVERGENCE_OBJECT row=2 layer=35 checkpoint=CP3-F subobject=layer_n_comp result=EXACT elements=1
FIRST_DIVERGENCE_OBJECT row=2 layer=35 checkpoint=CP4 subobject=after_attn_hc result=MISMATCH elements=16384 mismatch_count=16384 first_index=0 actual_bits=0x3fb1bf89 expected_bits=0x3faf6e1d max_abs=0.12002754211425781 max_rel=1.9788628932050432 max_ulp=2041170373
FIRST_DIVERGENCE_OBJECT row=2 layer=35 checkpoint=CP5 subobject=layer_output result=MISMATCH elements=16384 mismatch_count=16384 first_index=0 actual_bits=0x3fc9d316 expected_bits=0x3fc76f5a max_abs=0.11339473724365234 max_rel=1.9434007280826453 max_ulp=2032584173
FIRST_DIVERGENCE_OBJECT row=2 layer=36 checkpoint=CP1 subobject=attn_norm result=MISMATCH elements=4096 mismatch_count=4096 first_index=0 actual_bits=0x3ca83d91 expected_bits=0x3ca4d21c max_abs=0.014648675918579102 max_rel=1.880497878378367 max_ulp=1947159001
FIRST_DIVERGENCE_OBJECT row=2 layer=36 checkpoint=CP2-Q subobject=qr result=MISMATCH elements=1024 mismatch_count=1024 first_index=0 actual_bits=0xbc075d04 expected_bits=0xbc0a9fa6 max_abs=0.0026802271604537964 max_rel=1.6372555356467358 max_ulp=1954102321
FIRST_DIVERGENCE_OBJECT row=2 layer=36 checkpoint=CP2-KV-P subobject=kv_raw result=MISMATCH elements=512 mismatch_count=512 first_index=0 actual_bits=0x3c28754c expected_bits=0x3c24b3d6 max_abs=0.0028499821200966835 max_rel=0.58679130656319201 max_ulp=11222976
FIRST_DIVERGENCE_OBJECT row=2 layer=36 checkpoint=CP2-KV-R subobject=raw_cache result=MISMATCH elements=512 mismatch_count=138 first_index=3 actual_bits=0x3e000000 expected_bits=0x3de00000 max_abs=0.125 max_rel=0.61538461538461542 max_ulp=11534336
FIRST_DIVERGENCE_OBJECT row=2 layer=36 checkpoint=CP3-F subobject=attn_state_kv result=MISMATCH elements=8192 mismatch_count=3072 first_index=4096 actual_bits=0x3ce70930 expected_bits=0x3ce19d62 max_abs=0.0035404413938522339 max_rel=1.8592033769572329 max_ulp=1966920257
FIRST_DIVERGENCE_OBJECT row=2 layer=36 checkpoint=CP3-F subobject=attn_state_score result=MISMATCH elements=8192 mismatch_count=3072 first_index=4096 actual_bits=0x3e42a561 expected_bits=0x3e47359a max_abs=0.020395159721374512 max_rel=1.9264836007550732 max_ulp=1995821313
FIRST_DIVERGENCE_OBJECT row=2 layer=36 checkpoint=CP3-F subobject=layer_n_comp result=EXACT elements=1
FIRST_DIVERGENCE_OBJECT row=2 layer=36 checkpoint=CP3-F subobject=index_state_kv result=MISMATCH elements=2048 mismatch_count=768 first_index=1024 actual_bits=0xbc8ac258 expected_bits=0xbc8d2a02 max_abs=0.0032719075679779053 max_rel=1.9478875087473757 max_ulp=1924593409
FIRST_DIVERGENCE_OBJECT row=2 layer=36 checkpoint=CP3-F subobject=index_state_score result=MISMATCH elements=2048 mismatch_count=768 first_index=1024 actual_bits=0xbe065d96 expected_bits=0xbe020a3b max_abs=0.021115541458129883 max_rel=1.2019898531653874 max_ulp=1993778849
FIRST_DIVERGENCE_OBJECT row=2 layer=36 checkpoint=CP3-F subobject=layer_n_index_comp result=EXACT elements=1
FIRST_DIVERGENCE_OBJECT row=2 layer=36 checkpoint=CP4 subobject=after_attn_hc result=MISMATCH elements=16384 mismatch_count=16383 first_index=0 actual_bits=0x3fb8b965 expected_bits=0x3fb6aa22 max_abs=0.31130504608154297 max_rel=1.9917461538590575 max_ulp=2044683445
FIRST_DIVERGENCE_OBJECT row=2 layer=36 checkpoint=CP5 subobject=layer_output result=MISMATCH elements=16384 mismatch_count=16384 first_index=0 actual_bits=0x3f13cfb9 expected_bits=0x3f0ef322 max_abs=0.31102943420410156 max_rel=1.8906760436533336 max_ulp=2052891605
FIRST_DIVERGENCE_OBJECT row=2 layer=37 checkpoint=CP1 subobject=attn_norm result=MISMATCH elements=4096 mismatch_count=4096 first_index=0 actual_bits=0x3dad9a95 expected_bits=0x3dadded1 max_abs=0.0017473548650741577 max_rel=1.7662642140157094 max_ulp=1935386091
FIRST_DIVERGENCE_OBJECT row=2 layer=37 checkpoint=CP2-Q subobject=qr result=MISMATCH elements=1024 mismatch_count=1024 first_index=0 actual_bits=0x3e975dee expected_bits=0x3e96a474 max_abs=0.0023452341556549072 max_rel=1.9608871827681809 max_ulp=1942025345
FIRST_DIVERGENCE_OBJECT row=2 layer=37 checkpoint=CP2-KV-P subobject=kv_raw result=MISMATCH elements=512 mismatch_count=512 first_index=0 actual_bits=0xbe932c9c expected_bits=0xbe924ea2 max_abs=0.0022799000144004822 max_rel=1.3407919032853708 max_ulp=1928926465
FIRST_DIVERGENCE_OBJECT row=2 layer=37 checkpoint=CP2-KV-R subobject=raw_cache result=MISMATCH elements=512 mismatch_count=123 first_index=9 actual_bits=0x3d400000 expected_bits=0x3d600000 max_abs=0.125 max_rel=1.3333333333333333 max_ulp=1968177153
FIRST_DIVERGENCE_OBJECT row=2 layer=37 checkpoint=CP3-F subobject=attn_state_kv result=MISMATCH elements=65536 mismatch_count=1536 first_index=8192 actual_bits=0xbbcf7a50 expected_bits=0xbbd25e3e max_abs=0.0028493106365203857 max_rel=1.8158697393554748 max_ulp=1858893569
FIRST_DIVERGENCE_OBJECT row=2 layer=37 checkpoint=CP3-F subobject=attn_state_score result=MISMATCH elements=65536 mismatch_count=1536 first_index=8192 actual_bits=0xbe613e20 expected_bits=0xbe605df8 max_abs=0.0053654909133911133 max_rel=0.88410653474573331 max_ulp=26106432
FIRST_DIVERGENCE_OBJECT row=2 layer=37 checkpoint=CP3-F subobject=layer_n_comp result=EXACT elements=1
FIRST_DIVERGENCE_OBJECT row=2 layer=37 checkpoint=CP4 subobject=after_attn_hc result=MISMATCH elements=16384 mismatch_count=16384 first_index=0 actual_bits=0x3ec90f16 expected_bits=0x3ec081b5 max_abs=0.33243560791015625 max_rel=1.9916735671405688 max_ulp=2055059979
FIRST_DIVERGENCE_OBJECT row=2 layer=37 checkpoint=CP5 subobject=layer_output result=MISMATCH elements=16384 mismatch_count=16384 first_index=0 actual_bits=0x3f3b0b3a expected_bits=0x3f3880cc max_abs=0.32161903381347656 max_rel=1.9695654285028457 max_ulp=2054502656
FIRST_DIVERGENCE_OBJECT row=2 layer=38 checkpoint=CP1 subobject=attn_norm result=MISMATCH elements=4096 mismatch_count=4096 first_index=0 actual_bits=0x3d3498ba expected_bits=0x3d34c743 max_abs=0.011996269226074219 max_rel=1.8865883839264814 max_ulp=1956200083
FIRST_DIVERGENCE_OBJECT row=2 layer=38 checkpoint=CP2-Q subobject=qr result=MISMATCH elements=1024 mismatch_count=1024 first_index=0 actual_bits=0x3d5f6392 expected_bits=0x3d553db8 max_abs=0.0046750307083129883 max_rel=1.2034344262295082 max_ulp=1950622337
FIRST_DIVERGENCE_OBJECT row=2 layer=38 checkpoint=CP2-KV-P subobject=kv_raw result=MISMATCH elements=512 mismatch_count=512 first_index=0 actual_bits=0xbe0952de expected_bits=0xbe08af6e max_abs=0.0055004805326461792 max_rel=1.9757390773524026 max_ulp=1941602049
FIRST_DIVERGENCE_OBJECT row=2 layer=38 checkpoint=CP2-KV-R subobject=raw_cache result=MISMATCH elements=512 mismatch_count=143 first_index=5 actual_bits=0xbe900000 expected_bits=0xbea00000 max_abs=0.125 max_rel=2 max_ulp=1973420033
FIRST_DIVERGENCE_OBJECT row=2 layer=38 checkpoint=CP3-F subobject=attn_state_kv result=MISMATCH elements=8192 mismatch_count=3072 first_index=4096 actual_bits=0xbd965618 expected_bits=0xbd991790 max_abs=0.011939287185668945 max_rel=0.99794741697416978 max_ulp=75010048
FIRST_DIVERGENCE_OBJECT row=2 layer=38 checkpoint=CP3-F subobject=attn_state_score result=MISMATCH elements=8192 mismatch_count=3072 first_index=4096 actual_bits=0xc02f7be1 expected_bits=0xc0302421 max_abs=0.027193307876586914 max_rel=0.2989992533696606 max_ulp=4382688
FIRST_DIVERGENCE_OBJECT row=2 layer=38 checkpoint=CP3-F subobject=layer_n_comp result=EXACT elements=1
FIRST_DIVERGENCE_OBJECT row=2 layer=38 checkpoint=CP3-F subobject=index_state_kv result=MISMATCH elements=2048 mismatch_count=768 first_index=1024 actual_bits=0x3dba1324 expected_bits=0x3dbb3282 max_abs=0.015787243843078613 max_rel=1.5563418727379339 max_ulp=1947739905
FIRST_DIVERGENCE_OBJECT row=2 layer=38 checkpoint=CP3-F subobject=index_state_score result=MISMATCH elements=2048 mismatch_count=768 first_index=1024 actual_bits=0xc02f2552 expected_bits=0xc02fb062 max_abs=0.026586771011352539 max_rel=0.16317125018774165 max_ulp=2320568
FIRST_DIVERGENCE_OBJECT row=2 layer=38 checkpoint=CP3-F subobject=layer_n_index_comp result=EXACT elements=1
FIRST_DIVERGENCE_OBJECT row=2 layer=38 checkpoint=CP4 subobject=after_attn_hc result=MISMATCH elements=16384 mismatch_count=16384 first_index=0 actual_bits=0xbe00358e expected_bits=0xbde56b10 max_abs=0.39973545074462891 max_rel=1.9455876913630439 max_ulp=2054597241
FIRST_DIVERGENCE_OBJECT row=2 layer=38 checkpoint=CP5 subobject=layer_output result=MISMATCH elements=16384 mismatch_count=16383 first_index=0 actual_bits=0x3f52e4d7 expected_bits=0x3f52fe2b max_abs=0.3929290771484375 max_rel=1.9730764647040049 max_ulp=2055685901
FIRST_DIVERGENCE_OBJECT row=2 layer=39 checkpoint=CP1 subobject=attn_norm result=MISMATCH elements=4096 mismatch_count=4096 first_index=0 actual_bits=0x3d93f452 expected_bits=0x3d947994 max_abs=0.0019773393869400024 max_rel=1.6867858538775347 max_ulp=1946550097
FIRST_DIVERGENCE_OBJECT row=2 layer=39 checkpoint=CP2-Q subobject=qr result=MISMATCH elements=1024 mismatch_count=1024 first_index=0 actual_bits=0x3e6ccc25 expected_bits=0x3e6cbc95 max_abs=0.0023630335927009583 max_rel=1.66554244712585 max_ulp=1960216449
FIRST_DIVERGENCE_OBJECT row=2 layer=39 checkpoint=CP2-KV-P subobject=kv_raw result=MISMATCH elements=512 mismatch_count=512 first_index=0 actual_bits=0x3e95eb2c expected_bits=0x3e966e42 max_abs=0.0026892274618148804 max_rel=1.6929320257017246 max_ulp=1924019201
FIRST_DIVERGENCE_OBJECT row=2 layer=39 checkpoint=CP2-KV-R subobject=raw_cache result=MISMATCH elements=512 mismatch_count=131 first_index=1 actual_bits=0x3b300000 expected_bits=0x3c100000 max_abs=0.125 max_rel=1.6428571428571428 max_ulp=1970274305
FIRST_DIVERGENCE_OBJECT row=2 layer=39 checkpoint=CP3-F subobject=attn_state_kv result=MISMATCH elements=65536 mismatch_count=1536 first_index=8192 actual_bits=0x3ca620cc expected_bits=0x3ca53e4c max_abs=0.0022917389869689941 max_rel=1.1052085309643651 max_ulp=1908559233
FIRST_DIVERGENCE_OBJECT row=2 layer=39 checkpoint=CP3-F subobject=attn_state_score result=MISMATCH elements=65536 mismatch_count=1536 first_index=8192 actual_bits=0x3e52cfdc expected_bits=0x3e52acf1 max_abs=0.011040389537811279 max_rel=1.5827416367310283 max_ulp=1940744321
FIRST_DIVERGENCE_OBJECT row=2 layer=39 checkpoint=CP3-F subobject=layer_n_comp result=EXACT elements=1
FIRST_DIVERGENCE_OBJECT row=2 layer=39 checkpoint=CP4 subobject=after_attn_hc result=MISMATCH elements=16384 mismatch_count=16383 first_index=0 actual_bits=0x3f8dd6ec expected_bits=0x3f8e4593 max_abs=0.3856348991394043 max_rel=1.9428089931218013 max_ulp=2057551276
FIRST_DIVERGENCE_OBJECT row=2 layer=39 checkpoint=CP5 subobject=layer_output result=MISMATCH elements=16384 mismatch_count=16384 first_index=0 actual_bits=0x3f8911dc expected_bits=0x3f89ae56 max_abs=0.39514446258544922 max_rel=1.9723474304221145 max_ulp=2057939247
FIRST_DIVERGENCE_OBJECT row=2 layer=40 checkpoint=CP1 subobject=attn_norm result=MISMATCH elements=4096 mismatch_count=4096 first_index=0 actual_bits=0x3d01314f expected_bits=0x3d01e1e7 max_abs=0.012326717376708984 max_rel=1.8073264422481865 max_ulp=1952146283
FIRST_DIVERGENCE_OBJECT row=2 layer=40 checkpoint=CP2-Q subobject=qr result=MISMATCH elements=1024 mismatch_count=1024 first_index=0 actual_bits=0xbea54e9e expected_bits=0xbea4bd7d max_abs=0.0037720054388046265 max_rel=1.2156904280936198 max_ulp=1963403457
FIRST_DIVERGENCE_OBJECT row=2 layer=40 checkpoint=CP2-KV-P subobject=kv_raw result=MISMATCH elements=512 mismatch_count=512 first_index=0 actual_bits=0xbe993f55 expected_bits=0xbe992596 max_abs=0.0057708024978637695 max_rel=1.6323465637434003 max_ulp=1964506177
FIRST_DIVERGENCE_OBJECT row=2 layer=40 checkpoint=CP2-KV-R subobject=raw_cache result=MISMATCH elements=512 mismatch_count=144 first_index=6 actual_bits=0x3dc00000 expected_bits=0x3da00000 max_abs=0.125 max_rel=1.6666666666666667 max_ulp=2005925889
FIRST_DIVERGENCE_OBJECT row=2 layer=40 checkpoint=CP3-F subobject=attn_state_kv result=MISMATCH elements=8192 mismatch_count=3072 first_index=4096 actual_bits=0xbdfa57e3 expected_bits=0xbdf8b5fb max_abs=0.0054351389408111572 max_rel=1.6065765399471437 max_ulp=1966092961
FIRST_DIVERGENCE_OBJECT row=2 layer=40 checkpoint=CP3-F subobject=attn_state_score result=MISMATCH elements=8192 mismatch_count=3072 first_index=4096 actual_bits=0x3f0fe211 expected_bits=0x3f0d8400 max_abs=0.032649040222167969 max_rel=1.1543795049462298 max_ulp=1985762913
FIRST_DIVERGENCE_OBJECT row=2 layer=40 checkpoint=CP3-F subobject=layer_n_comp result=EXACT elements=1
FIRST_DIVERGENCE_OBJECT row=2 layer=40 checkpoint=CP3-F subobject=index_state_kv result=MISMATCH elements=2048 mismatch_count=768 first_index=1024 actual_bits=0x3e6333f3 expected_bits=0x3e63d51e max_abs=0.0063772797584533691 max_rel=0.34065223778278325 max_ulp=5565440
FIRST_DIVERGENCE_OBJECT row=2 layer=40 checkpoint=CP3-F subobject=index_state_score result=MISMATCH elements=2048 mismatch_count=768 first_index=1024 actual_bits=0x3f4b9258 expected_bits=0x3f495b50 max_abs=0.031562328338623047 max_rel=0.19342321052275815 max_ulp=2357880
FIRST_DIVERGENCE_OBJECT row=2 layer=40 checkpoint=CP3-F subobject=layer_n_index_comp result=EXACT elements=1
FIRST_DIVERGENCE_OBJECT row=2 layer=40 checkpoint=CP4 subobject=after_attn_hc result=MISMATCH elements=16384 mismatch_count=16384 first_index=0 actual_bits=0x3f974bc4 expected_bits=0x3f978308 max_abs=0.3835902214050293 max_rel=1.9908230547438273 max_ulp=2062157778
FIRST_DIVERGENCE_OBJECT row=2 layer=40 checkpoint=CP5 subobject=layer_output result=MISMATCH elements=16384 mismatch_count=16384 first_index=0 actual_bits=0x400b8e93 expected_bits=0x400c3bed max_abs=0.38846302032470703 max_rel=1.9693089375992086 max_ulp=2058505333
FIRST_DIVERGENCE_OBJECT row=2 layer=41 checkpoint=CP1 subobject=attn_norm result=MISMATCH elements=4096 mismatch_count=4096 first_index=0 actual_bits=0x3d3a2ff2 expected_bits=0x3d3b64a4 max_abs=0.0021836964879184961 max_rel=1.8602258274609995 max_ulp=1942759207
FIRST_DIVERGENCE_OBJECT row=2 layer=41 checkpoint=CP2-Q subobject=qr result=MISMATCH elements=1024 mismatch_count=1024 first_index=0 actual_bits=0xbe348762 expected_bits=0xbe3498ec max_abs=0.0030944347381591797 max_rel=0.95931991581162857 max_ulp=38989824
FIRST_DIVERGENCE_OBJECT row=2 layer=41 checkpoint=CP2-KV-P subobject=kv_raw result=MISMATCH elements=512 mismatch_count=512 first_index=0 actual_bits=0xbe9e3a64 expected_bits=0xbe9e229f max_abs=0.0027548670768737793 max_rel=0.89791726753891465 max_ulp=27179616
FIRST_DIVERGENCE_OBJECT row=2 layer=41 checkpoint=CP2-KV-R subobject=raw_cache result=MISMATCH elements=512 mismatch_count=143 first_index=2 actual_bits=0xbda00000 expected_bits=0xbd800000 max_abs=0.125 max_rel=0.90000000000000002 max_ulp=27262976
FIRST_DIVERGENCE_OBJECT row=2 layer=41 checkpoint=CP3-F subobject=attn_state_kv result=MISMATCH elements=65536 mismatch_count=1536 first_index=8192 actual_bits=0xbba01064 expected_bits=0xbbb40648 max_abs=0.0038711130619049072 max_rel=1.22585796183346 max_ulp=1916425505
FIRST_DIVERGENCE_OBJECT row=2 layer=41 checkpoint=CP3-F subobject=attn_state_score result=MISMATCH elements=65536 mismatch_count=1536 first_index=8192 actual_bits=0x3b107cc8 expected_bits=0x3b4d5f70 max_abs=0.0061182975769042969 max_rel=1.8054626856056946 max_ulp=1950301313
FIRST_DIVERGENCE_OBJECT row=2 layer=41 checkpoint=CP3-F subobject=layer_n_comp result=EXACT elements=1
FIRST_DIVERGENCE_OBJECT row=2 layer=41 checkpoint=CP4 subobject=after_attn_hc result=MISMATCH elements=16384 mismatch_count=16384 first_index=0 actual_bits=0x3fa40242 expected_bits=0x3fa5404b max_abs=0.40243840217590332 max_rel=1.9206823519797371 max_ulp=2067799222
FIRST_DIVERGENCE_OBJECT row=2 layer=41 checkpoint=CP5 subobject=layer_output result=MISMATCH elements=16384 mismatch_count=16384 first_index=0 actual_bits=0x3f9e3e53 expected_bits=0x3f9fdc08 max_abs=0.40205478668212891 max_rel=1.8834779109411239 max_ulp=2062972658
FIRST_DIVERGENCE_OBJECT row=2 layer=42 checkpoint=CP1 subobject=attn_norm result=MISMATCH elements=4096 mismatch_count=4096 first_index=0 actual_bits=0xbcae2e63 expected_bits=0xbcaad881 max_abs=0.0052126646041870117 max_rel=1.7341104863634733 max_ulp=1946513396
FIRST_DIVERGENCE_OBJECT row=2 layer=42 checkpoint=CP2-Q subobject=qr result=MISMATCH elements=1024 mismatch_count=1024 first_index=0 actual_bits=0xbcc8df6c expected_bits=0xbcd5bf30 max_abs=0.0028496980667114258 max_rel=1.7663489720830647 max_ulp=1958936865
FIRST_DIVERGENCE_OBJECT row=2 layer=42 checkpoint=CP2-KV-P subobject=kv_raw result=MISMATCH elements=512 mismatch_count=512 first_index=0 actual_bits=0xbe6e1aef expected_bits=0xbe6e9bbc max_abs=0.0026126503944396973 max_rel=1.6650998677359408 max_ulp=1938063041
FIRST_DIVERGENCE_OBJECT row=2 layer=42 checkpoint=CP2-KV-R subobject=raw_cache result=MISMATCH elements=512 mismatch_count=146 first_index=3 actual_bits=0xbb600000 expected_bits=0xbbb00000 max_abs=0.125 max_rel=1.6666666666666667 max_ulp=1976565761
FIRST_DIVERGENCE_OBJECT row=2 layer=42 checkpoint=CP3-F subobject=attn_state_kv result=MISMATCH elements=8192 mismatch_count=3072 first_index=4096 actual_bits=0x3e997bd7 expected_bits=0x3e99ff63 max_abs=0.004653003066778183 max_rel=1.9792337079909093 max_ulp=1963471041
FIRST_DIVERGENCE_OBJECT row=2 layer=42 checkpoint=CP3-F subobject=attn_state_score result=MISMATCH elements=8192 mismatch_count=3072 first_index=4096 actual_bits=0x3f4af57f expected_bits=0x3f4b2aae max_abs=0.020375370979309082 max_rel=1.7652878437826376 max_ulp=1963355201
FIRST_DIVERGENCE_OBJECT row=2 layer=42 checkpoint=CP3-F subobject=layer_n_comp result=EXACT elements=1
FIRST_DIVERGENCE_OBJECT row=2 layer=42 checkpoint=CP3-F subobject=index_state_kv result=MISMATCH elements=2048 mismatch_count=768 first_index=1024 actual_bits=0xbdadf694 expected_bits=0xbdad898a max_abs=0.0038890428841114044 max_rel=1.735610220818361 max_ulp=1971816969
FIRST_DIVERGENCE_OBJECT row=2 layer=42 checkpoint=CP3-F subobject=index_state_score result=MISMATCH elements=2048 mismatch_count=768 first_index=1024 actual_bits=0xbeef34f6 expected_bits=0xbef3d140 max_abs=0.022734522819519043 max_rel=1.2648459784223336 max_ulp=1948278593
FIRST_DIVERGENCE_OBJECT row=2 layer=42 checkpoint=CP3-F subobject=layer_n_index_comp result=EXACT elements=1
FIRST_DIVERGENCE_OBJECT row=2 layer=42 checkpoint=CP4 subobject=after_attn_hc result=MISMATCH elements=16384 mismatch_count=16384 first_index=0 actual_bits=0x3f322212 expected_bits=0x3f31457c max_abs=0.51722335815429688 max_rel=1.9865800854579636 max_ulp=2073734918
FIRST_DIVERGENCE_OBJECT row=2 layer=42 checkpoint=CP5 subobject=layer_output result=MISMATCH elements=16384 mismatch_count=16384 first_index=0 actual_bits=0x3f134207 expected_bits=0x3f12ca21 max_abs=0.50668907165527344 max_rel=1.9995003864694993 max_ulp=2073291444
FIRST_DIVERGENCE_OBJECT row=3 layer=0 checkpoint=CP1 subobject=attn_norm result=EXACT elements=4096
FIRST_DIVERGENCE_OBJECT row=3 layer=0 checkpoint=CP2-Q subobject=qr result=MISMATCH elements=1024 mismatch_count=838 first_index=0 actual_bits=0xbd1c7b46 expected_bits=0xbd1c7b41 max_abs=6.7055225372314453e-08 max_rel=0.00016168148746968473 max_ulp=2560
FIRST_DIVERGENCE_OBJECT row=3 layer=0 checkpoint=CP2-KV-P subobject=kv_raw result=MISMATCH elements=512 mismatch_count=408 first_index=1 actual_bits=0xbc1b2fa2 expected_bits=0xbc1b2fb6 max_abs=3.7252902984619141e-08 max_rel=0.00010223903486351089 max_ulp=1536
FIRST_DIVERGENCE_OBJECT row=3 layer=0 checkpoint=CP2-KV-R subobject=raw_cache result=EXACT elements=512
FIRST_DIVERGENCE_OBJECT row=3 layer=0 checkpoint=CP4 subobject=after_attn_hc result=MISMATCH elements=16384 mismatch_count=5690 first_index=0 actual_bits=0xbc6368a2 expected_bits=0xbc636954 max_abs=1.5646219253540039e-06 max_rel=0.014914460197004013 max_ulp=144419
FIRST_DIVERGENCE_OBJECT row=3 layer=0 checkpoint=CP5 subobject=layer_output result=MISMATCH elements=16384 mismatch_count=13523 first_index=0 actual_bits=0xbcd8af84 expected_bits=0xbcd8afa4 max_abs=1.4863908290863037e-06 max_rel=0.0062526381139928026 max_ulp=72333
FIRST_DIVERGENCE_OBJECT row=3 layer=1 checkpoint=CP1 subobject=attn_norm result=MISMATCH elements=4096 mismatch_count=4000 first_index=0 actual_bits=0x3cdce185 expected_bits=0x3cdce171 max_abs=1.8998980522155762e-07 max_rel=0.0015859146926947463 max_ulp=15960
FIRST_DIVERGENCE_OBJECT row=3 layer=1 checkpoint=CP2-Q subobject=qr result=MISMATCH elements=1024 mismatch_count=989 first_index=0 actual_bits=0x3e19ce32 expected_bits=0x3e19ce42 max_abs=4.0046870708465576e-07 max_rel=0.0023122202801313654 max_ulp=28320
FIRST_DIVERGENCE_OBJECT row=3 layer=1 checkpoint=CP2-KV-P subobject=kv_raw result=MISMATCH elements=512 mismatch_count=497 first_index=0 actual_bits=0x3e39fcd9 expected_bits=0x3e39fcd4 max_abs=4.76837158203125e-07 max_rel=0.00023203526936094288 max_ulp=3712
FIRST_DIVERGENCE_OBJECT row=3 layer=1 checkpoint=CP2-KV-R subobject=raw_cache result=EXACT elements=512
FIRST_DIVERGENCE_OBJECT row=3 layer=1 checkpoint=CP4 subobject=after_attn_hc result=MISMATCH elements=16384 mismatch_count=15161 first_index=0 actual_bits=0xbdb19d77 expected_bits=0xbdb19d4a max_abs=1.6242265701293945e-06 max_rel=0.0082138302076665785 max_ulp=107202
FIRST_DIVERGENCE_OBJECT row=3 layer=1 checkpoint=CP5 subobject=layer_output result=MISMATCH elements=16384 mismatch_count=15547 first_index=0 actual_bits=0xbd39b00f expected_bits=0xbd39affd max_abs=1.6689300537109375e-06 max_rel=1.3134561517501973 max_ulp=1726754235
FIRST_DIVERGENCE_OBJECT row=3 layer=2 checkpoint=CP1 subobject=attn_norm result=MISMATCH elements=4096 mismatch_count=4043 first_index=0 actual_bits=0x3c13a661 expected_bits=0x3c13a6b2 max_abs=7.674098014831543e-07 max_rel=0.0020426008388929173 max_ulp=27167
FIRST_DIVERGENCE_OBJECT row=3 layer=2 checkpoint=CP2-Q subobject=qr result=MISMATCH elements=1024 mismatch_count=1009 first_index=0 actual_bits=0x3cd4d9b1 expected_bits=0x3cd4d954 max_abs=8.5681676864624023e-07 max_rel=0.00072506153883648947 max_ulp=7616
FIRST_DIVERGENCE_OBJECT row=3 layer=2 checkpoint=CP2-KV-P subobject=kv_raw result=MISMATCH elements=512 mismatch_count=504 first_index=0 actual_bits=0xb9f67700 expected_bits=0xb9f68280 max_abs=8.6054205894470215e-07 max_rel=0.066155321188878236 max_ulp=974848
FIRST_DIVERGENCE_OBJECT row=3 layer=2 checkpoint=CP2-KV-R subobject=raw_cache result=EXACT elements=512
FIRST_DIVERGENCE_OBJECT row=3 layer=2 checkpoint=CP3-F subobject=attn_state_kv result=MISMATCH elements=8192 mismatch_count=8088 first_index=0 actual_bits=0x3e18ecd1 expected_bits=0x3e18ecbc max_abs=1.3411045074462891e-06 max_rel=0.0053493241956976967 max_ulp=71936
FIRST_DIVERGENCE_OBJECT row=3 layer=2 checkpoint=CP3-F subobject=attn_state_score result=MISMATCH elements=8192 mismatch_count=7890 first_index=0 actual_bits=0x3f080f62 expected_bits=0x3f080f64 max_abs=3.4570693969726562e-06 max_rel=0.0032352941176470589 max_ulp=45056
FIRST_DIVERGENCE_OBJECT row=3 layer=2 checkpoint=CP3-F subobject=layer_n_comp result=EXACT elements=1
FIRST_DIVERGENCE_OBJECT row=3 layer=2 checkpoint=CP3-F subobject=attn_cache result=EXACT elements=512
FIRST_DIVERGENCE_OBJECT row=3 layer=2 checkpoint=CP3-F subobject=index_state_kv result=MISMATCH elements=2048 mismatch_count=2012 first_index=0 actual_bits=0xbe43b785 expected_bits=0xbe43b798 max_abs=1.5497207641601562e-06 max_rel=0.00089283057051873452 max_ulp=7680
FIRST_DIVERGENCE_OBJECT row=3 layer=2 checkpoint=CP3-F subobject=index_state_score result=MISMATCH elements=2048 mismatch_count=1992 first_index=0 actual_bits=0xbef764a4 expected_bits=0xbef764ab max_abs=4.4107437133789062e-06 max_rel=0.00068323511828507989 max_ulp=8192
FIRST_DIVERGENCE_OBJECT row=3 layer=2 checkpoint=CP3-F subobject=layer_n_index_comp result=EXACT elements=1
FIRST_DIVERGENCE_OBJECT row=3 layer=2 checkpoint=CP3-F subobject=index_cache result=EXACT elements=128
FIRST_DIVERGENCE_OBJECT row=3 layer=2 checkpoint=CP4 subobject=after_attn_hc result=MISMATCH elements=16384 mismatch_count=15372 first_index=0 actual_bits=0xbe104adf expected_bits=0xbe104b04 max_abs=2.1532177925109863e-06 max_rel=0.015091360306000659 max_ulp=191433
FIRST_DIVERGENCE_OBJECT row=3 layer=2 checkpoint=CP5 subobject=layer_output result=MISMATCH elements=16384 mismatch_count=15733 first_index=0 actual_bits=0xbdedc263 expected_bits=0xbdedc2a2 max_abs=2.1308660507202148e-06 max_rel=0.037062076886190648 max_ulp=396728
FIRST_DIVERGENCE_OBJECT row=3 layer=3 checkpoint=CP1 subobject=attn_norm result=MISMATCH elements=4096 mismatch_count=4037 first_index=0 actual_bits=0xbbfc461f expected_bits=0xbbfc4716 max_abs=6.1839818954467773e-07 max_rel=0.028523675487617032 max_ulp=255600
FIRST_DIVERGENCE_OBJECT row=3 layer=3 checkpoint=CP2-Q subobject=qr result=MISMATCH elements=1024 mismatch_count=1014 first_index=0 actual_bits=0xbe1a66c3 expected_bits=0xbe1a66c5 max_abs=9.5367431640625e-07 max_rel=0.00057283884611161761 max_ulp=7680
FIRST_DIVERGENCE_OBJECT row=3 layer=3 checkpoint=CP2-KV-P subobject=kv_raw result=MISMATCH elements=512 mismatch_count=502 first_index=0 actual_bits=0xbcde9395 expected_bits=0xbcde95d1 max_abs=1.0654330253601074e-06 max_rel=0.0022816656158996069 max_ulp=19456
FIRST_DIVERGENCE_OBJECT row=3 layer=3 checkpoint=CP2-KV-R subobject=raw_cache result=MISMATCH elements=512 mismatch_count=2 first_index=489 actual_bits=0x3b24c000 expected_bits=0x3b24e000 max_abs=0.000244140625 max_rel=0.00082236842105263153 max_ulp=8192
FIRST_DIVERGENCE_OBJECT row=3 layer=3 checkpoint=CP3-F subobject=attn_state_kv result=MISMATCH elements=65536 mismatch_count=2030 first_index=8192 actual_bits=0xbdab48f8 expected_bits=0xbdab48a6 max_abs=2.6673078536987305e-06 max_rel=0.010111117748969473 max_ulp=129984
FIRST_DIVERGENCE_OBJECT row=3 layer=3 checkpoint=CP3-F subobject=attn_state_score result=MISMATCH elements=65536 mismatch_count=2031 first_index=8192 actual_bits=0x3c2eef66 expected_bits=0x3c2eed4f max_abs=6.67572021484375e-06 max_rel=0.0038234636246714756 max_ulp=35008
FIRST_DIVERGENCE_OBJECT row=3 layer=3 checkpoint=CP3-F subobject=layer_n_comp result=EXACT elements=1
FIRST_DIVERGENCE_OBJECT row=3 layer=3 checkpoint=CP4 subobject=after_attn_hc result=MISMATCH elements=16384 mismatch_count=16197 first_index=0 actual_bits=0x3cccfd73 expected_bits=0x3ccd01f7 max_abs=8.0838799476623535e-06 max_rel=0.10186384956254717 max_ulp=1186673
FIRST_DIVERGENCE_OBJECT row=3 layer=3 checkpoint=CP5 subobject=layer_output result=MISMATCH elements=16384 mismatch_count=16248 first_index=0 actual_bits=0xbb411bf4 expected_bits=0xbb40fb59 max_abs=7.9572200775146484e-06 max_rel=0.21815964475665306 max_ulp=2482742
FIRST_DIVERGENCE_OBJECT row=3 layer=4 checkpoint=CP1 subobject=attn_norm result=MISMATCH elements=4096 mismatch_count=4080 first_index=0 actual_bits=0xbd587e59 expected_bits=0xbd587e32 max_abs=7.152557373046875e-06 max_rel=0.80936314876931681 max_ulp=20227510
FIRST_DIVERGENCE_OBJECT row=3 layer=4 checkpoint=CP2-Q subobject=qr result=MISMATCH elements=1024 mismatch_count=1019 first_index=0 actual_bits=0x3b8bf838 expected_bits=0x3b8bf788 max_abs=1.9408762454986572e-06 max_rel=0.025567892431496386 max_ulp=257024
FIRST_DIVERGENCE_OBJECT row=3 layer=4 checkpoint=CP2-KV-P subobject=kv_raw result=MISMATCH elements=512 mismatch_count=510 first_index=0 actual_bits=0xba9c3360 expected_bits=0xba9c51c0 max_abs=1.3895332813262939e-06 max_rel=0.001884025182746542 max_ulp=30912
FIRST_DIVERGENCE_OBJECT row=3 layer=4 checkpoint=CP2-KV-R subobject=raw_cache result=EXACT elements=512
FIRST_DIVERGENCE_OBJECT row=3 layer=4 checkpoint=CP3-F subobject=attn_state_kv result=MISMATCH elements=8192 mismatch_count=8152 first_index=0 actual_bits=0x3d0047bf expected_bits=0x3d00475d max_abs=3.1143426895141602e-06 max_rel=0.32146957520091851 max_ulp=4587520
FIRST_DIVERGENCE_OBJECT row=3 layer=4 checkpoint=CP3-F subobject=attn_state_score result=MISMATCH elements=8192 mismatch_count=8074 first_index=0 actual_bits=0xbf9262f8 expected_bits=0xbf926313 max_abs=1.0967254638671875e-05 max_rel=0.00066837342922472596 max_ulp=10944
FIRST_DIVERGENCE_OBJECT row=3 layer=4 checkpoint=CP3-F subobject=layer_n_comp result=EXACT elements=1
FIRST_DIVERGENCE_OBJECT row=3 layer=4 checkpoint=CP3-F subobject=attn_cache result=EXACT elements=512
FIRST_DIVERGENCE_OBJECT row=3 layer=4 checkpoint=CP3-F subobject=index_state_kv result=MISMATCH elements=2048 mismatch_count=2040 first_index=0 actual_bits=0x3ce932aa expected_bits=0x3ce92ed0 max_abs=6.9141387939453125e-06 max_rel=0.0086647300410698184 max_ulp=143936
FIRST_DIVERGENCE_OBJECT row=3 layer=4 checkpoint=CP3-F subobject=index_state_score result=MISMATCH elements=2048 mismatch_count=2026 first_index=0 actual_bits=0xbf9e5cc9 expected_bits=0xbf9e5cf4 max_abs=1.1920928955078125e-05 max_rel=0.0021266522302683154 max_ulp=35072
FIRST_DIVERGENCE_OBJECT row=3 layer=4 checkpoint=CP3-F subobject=layer_n_index_comp result=EXACT elements=1
FIRST_DIVERGENCE_OBJECT row=3 layer=4 checkpoint=CP3-F subobject=index_cache result=EXACT elements=128
FIRST_DIVERGENCE_OBJECT row=3 layer=4 checkpoint=CP4 subobject=after_attn_hc result=MISMATCH elements=16384 mismatch_count=16252 first_index=0 actual_bits=0x3caa0973 expected_bits=0x3caa0e5e max_abs=7.9870223999023438e-06 max_rel=0.20295268587691212 max_ulp=3049618
FIRST_DIVERGENCE_OBJECT row=3 layer=4 checkpoint=CP5 subobject=layer_output result=MISMATCH elements=16384 mismatch_count=16260 first_index=0 actual_bits=0x3dd18008 expected_bits=0x3dd1811f max_abs=8.0559402704238892e-06 max_rel=0.63713349923399487 max_ulp=11675861
FIRST_DIVERGENCE_OBJECT row=3 layer=5 checkpoint=CP1 subobject=attn_norm result=MISMATCH elements=4096 mismatch_count=4071 first_index=0 actual_bits=0xbc11fee1 expected_bits=0xbc11fec7 max_abs=6.814952939748764e-07 max_rel=0.0066958056762228824 max_ulp=81365
FIRST_DIVERGENCE_OBJECT row=3 layer=5 checkpoint=CP2-Q subobject=qr result=MISMATCH elements=1024 mismatch_count=1017 first_index=0 actual_bits=0x3dac0cec expected_bits=0x3dac0d12 max_abs=1.2107193470001221e-06 max_rel=0.013212134023887538 max_ulp=128000
FIRST_DIVERGENCE_OBJECT row=3 layer=5 checkpoint=CP2-KV-P subobject=kv_raw result=MISMATCH elements=512 mismatch_count=508 first_index=0 actual_bits=0xbde6ea1c expected_bits=0xbde6ea24 max_abs=9.6112489700317383e-07 max_rel=0.00087594674986613181 max_ulp=13584
FIRST_DIVERGENCE_OBJECT row=3 layer=5 checkpoint=CP2-KV-R subobject=raw_cache result=EXACT elements=512
FIRST_DIVERGENCE_OBJECT row=3 layer=5 checkpoint=CP3-F subobject=attn_state_kv result=MISMATCH elements=65536 mismatch_count=2038 first_index=8192 actual_bits=0xbd9a4814 expected_bits=0xbd9a476d max_abs=3.5800039768218994e-06 max_rel=0.0057897224043049434 max_ulp=60768
FIRST_DIVERGENCE_OBJECT row=3 layer=5 checkpoint=CP3-F subobject=attn_state_score result=MISMATCH elements=65536 mismatch_count=2037 first_index=8192 actual_bits=0x3ec41db6 expected_bits=0x3ec41d7b max_abs=1.1935830116271973e-05 max_rel=0.0067572712045073854 max_ulp=90880
FIRST_DIVERGENCE_OBJECT row=3 layer=5 checkpoint=CP3-F subobject=layer_n_comp result=EXACT elements=1
FIRST_DIVERGENCE_OBJECT row=3 layer=5 checkpoint=CP4 subobject=after_attn_hc result=MISMATCH elements=16384 mismatch_count=16303 first_index=0 actual_bits=0x3db1f0c3 expected_bits=0x3db1f1bc max_abs=1.4871358871459961e-05 max_rel=0.089674533228368922 max_ulp=1108810
FIRST_DIVERGENCE_OBJECT row=3 layer=5 checkpoint=CP5 subobject=layer_output result=MISMATCH elements=16384 mismatch_count=16310 first_index=0 actual_bits=0x3db54ca8 expected_bits=0x3db54d8c max_abs=2.7716159820556641e-05 max_rel=0.087718655530025516 max_ulp=1048751
FIRST_DIVERGENCE_OBJECT row=3 layer=6 checkpoint=CP1 subobject=attn_norm result=MISMATCH elements=4096 mismatch_count=4092 first_index=0 actual_bits=0x3d758873 expected_bits=0x3d758742 max_abs=5.245208740234375e-05 max_rel=0.12088712272538353 max_ulp=1280643
FIRST_DIVERGENCE_OBJECT row=3 layer=6 checkpoint=CP2-Q subobject=qr result=MISMATCH elements=1024 mismatch_count=1023 first_index=0 actual_bits=0x3e03aa36 expected_bits=0x3e03ab0b max_abs=7.413327693939209e-06 max_rel=0.59240420481519163 max_ulp=10620928
FIRST_DIVERGENCE_OBJECT row=3 layer=6 checkpoint=CP2-KV-P subobject=kv_raw result=MISMATCH elements=512 mismatch_count=512 first_index=0 actual_bits=0xbd002885 expected_bits=0xbd002c0d max_abs=8.3595514297485352e-06 max_rel=0.028828063866273745 max_ulp=443264
FIRST_DIVERGENCE_OBJECT row=3 layer=6 checkpoint=CP2-KV-R subobject=raw_cache result=MISMATCH elements=512 mismatch_count=6 first_index=247 actual_bits=0x3a900000 expected_bits=0x3aa00000 max_abs=0.000244140625 max_rel=0.10000000000000001 max_ulp=1048576
FIRST_DIVERGENCE_OBJECT row=3 layer=6 checkpoint=CP3-F subobject=attn_state_kv result=MISMATCH elements=8192 mismatch_count=8182 first_index=0 actual_bits=0xbdbbb680 expected_bits=0xbdbbb762 max_abs=1.2936070561408997e-05 max_rel=1.3112338858195212 max_ulp=1798356993
FIRST_DIVERGENCE_OBJECT row=3 layer=6 checkpoint=CP3-F subobject=attn_state_score result=MISMATCH elements=8192 mismatch_count=8190 first_index=0 actual_bits=0xbfb32ff8 expected_bits=0xbfb32f17 max_abs=5.9366226196289062e-05 max_rel=0.38051823416506719 max_ulp=6348800
FIRST_DIVERGENCE_OBJECT row=3 layer=6 checkpoint=CP3-F subobject=layer_n_comp result=EXACT elements=1
FIRST_DIVERGENCE_OBJECT row=3 layer=6 checkpoint=CP3-F subobject=attn_cache result=MISMATCH elements=512 mismatch_count=3 first_index=466 actual_raw=0x2407 expected_raw=0x2406 max_abs=undefined max_rel=undefined max_ulp=undefined
FIRST_DIVERGENCE_OBJECT row=3 layer=6 checkpoint=CP3-F subobject=index_state_kv result=MISMATCH elements=2048 mismatch_count=2042 first_index=0 actual_bits=0xbd869947 expected_bits=0xbd869aca max_abs=4.7445297241210938e-05 max_rel=0.010024806802984983 max_ulp=125696
FIRST_DIVERGENCE_OBJECT row=3 layer=6 checkpoint=CP3-F subobject=index_state_score result=MISMATCH elements=2048 mismatch_count=2046 first_index=0 actual_bits=0xbff59748 expected_bits=0xbff59642 max_abs=5.340576171875e-05 max_rel=0.0027773102171351626 max_ulp=38656
FIRST_DIVERGENCE_OBJECT row=3 layer=6 checkpoint=CP3-F subobject=layer_n_index_comp result=EXACT elements=1
FIRST_DIVERGENCE_OBJECT row=3 layer=6 checkpoint=CP3-F subobject=index_cache result=EXACT elements=128
FIRST_DIVERGENCE_OBJECT row=3 layer=6 checkpoint=CP4 subobject=after_attn_hc result=MISMATCH elements=16384 mismatch_count=16323 first_index=0 actual_bits=0x3df2030b expected_bits=0x3df203ea max_abs=2.314150333404541e-05 max_rel=0.30872179467988592 max_ulp=4027909
FIRST_DIVERGENCE_OBJECT row=3 layer=6 checkpoint=CP5 subobject=layer_output result=MISMATCH elements=16384 mismatch_count=16338 first_index=0 actual_bits=0x3e0dae6d expected_bits=0x3e0daebd max_abs=2.0898878574371338e-05 max_rel=0.45126658057186864 max_ulp=7092066
FIRST_DIVERGENCE_OBJECT row=3 layer=7 checkpoint=CP1 subobject=attn_norm result=MISMATCH elements=4096 mismatch_count=4089 first_index=0 actual_bits=0x3ce5f0ca expected_bits=0x3ce5f146 max_abs=2.168118953704834e-06 max_rel=0.22262137114372033 max_ulp=3341669
FIRST_DIVERGENCE_OBJECT row=3 layer=7 checkpoint=CP2-Q subobject=qr result=MISMATCH elements=1024 mismatch_count=1018 first_index=0 actual_bits=0x3c997d53 expected_bits=0x3c997ccb max_abs=3.9413571357727051e-06 max_rel=0.0048599175691234628 max_ulp=74560
FIRST_DIVERGENCE_OBJECT row=3 layer=7 checkpoint=CP2-KV-P subobject=kv_raw result=MISMATCH elements=512 mismatch_count=511 first_index=0 actual_bits=0xbc374504 expected_bits=0xbc3744cc max_abs=4.032626748085022e-06 max_rel=0.0037762143451190184 max_ulp=43008
FIRST_DIVERGENCE_OBJECT row=3 layer=7 checkpoint=CP2-KV-R subobject=raw_cache result=MISMATCH elements=512 mismatch_count=3 first_index=467 actual_bits=0x3f31c000 expected_bits=0x3f31a000 max_abs=0.00048828125 max_rel=0.00074460163812360388 max_ulp=8192
FIRST_DIVERGENCE_OBJECT row=3 layer=7 checkpoint=CP3-F subobject=attn_state_kv result=MISMATCH elements=65536 mismatch_count=2046 first_index=8192 actual_bits=0xbd81f6a4 expected_bits=0xbd81f718 max_abs=7.9870223999023438e-06 max_rel=0.093853684175946916 max_ulp=1462784
FIRST_DIVERGENCE_OBJECT row=3 layer=7 checkpoint=CP3-F subobject=attn_state_score result=MISMATCH elements=65536 mismatch_count=2046 first_index=8192 actual_bits=0xbd9280ba expected_bits=0xbd928248 max_abs=2.2411346435546875e-05 max_rel=0.058506843968290284 max_ulp=556416
FIRST_DIVERGENCE_OBJECT row=3 layer=7 checkpoint=CP3-F subobject=layer_n_comp result=EXACT elements=1
FIRST_DIVERGENCE_OBJECT row=3 layer=7 checkpoint=CP4 subobject=after_attn_hc result=MISMATCH elements=16384 mismatch_count=16333 first_index=0 actual_bits=0x3e133ae5 expected_bits=0x3e133b36 max_abs=5.7039316743612289e-05 max_rel=0.18950506649310433 max_ulp=2193029
FIRST_DIVERGENCE_OBJECT row=3 layer=7 checkpoint=CP5 subobject=layer_output result=MISMATCH elements=16384 mismatch_count=16343 first_index=0 actual_bits=0x3e16cddb expected_bits=0x3e16ce46 max_abs=5.8501958847045898e-05 max_rel=0.17231606398709504 max_ulp=2403486
FIRST_DIVERGENCE_OBJECT row=3 layer=8 checkpoint=CP1 subobject=attn_norm result=MISMATCH elements=4096 mismatch_count=4095 first_index=0 actual_bits=0x3d94a4cf expected_bits=0x3d94a3a1 max_abs=2.86102294921875e-05 max_rel=0.037692271577230867 max_ulp=552343
FIRST_DIVERGENCE_OBJECT row=3 layer=8 checkpoint=CP2-Q subobject=qr result=MISMATCH elements=1024 mismatch_count=1023 first_index=0 actual_bits=0xbedcb42e expected_bits=0xbedcb426 max_abs=1.4588236808776855e-05 max_rel=1.1380490587564176 max_ulp=1800216577
FIRST_DIVERGENCE_OBJECT row=3 layer=8 checkpoint=CP2-KV-P subobject=kv_raw result=MISMATCH elements=512 mismatch_count=512 first_index=0 actual_bits=0x3d1064e2 expected_bits=0x3d105e1c max_abs=2.419203519821167e-05 max_rel=0.0035191441441441442 max_ulp=34800
FIRST_DIVERGENCE_OBJECT row=3 layer=8 checkpoint=CP2-KV-R subobject=raw_cache result=MISMATCH elements=512 mismatch_count=6 first_index=478 actual_bits=0xbdcbc000 expected_bits=0xbdcbe000 max_abs=0.0001220703125 max_rel=0.001554001554001554 max_ulp=16384
FIRST_DIVERGENCE_OBJECT row=3 layer=8 checkpoint=CP3-F subobject=attn_state_kv result=MISMATCH elements=8192 mismatch_count=8188 first_index=0 actual_bits=0xbd9ed69b expected_bits=0xbd9ed4e8 max_abs=3.1586736440658569e-05 max_rel=0.16048837893498089 max_ulp=2234368
FIRST_DIVERGENCE_OBJECT row=3 layer=8 checkpoint=CP3-F subobject=attn_state_score result=MISMATCH elements=8192 mismatch_count=8168 first_index=0 actual_bits=0xbf055de2 expected_bits=0xbf055fee max_abs=0.00010633468627929688 max_rel=0.012461480501164038 max_ulp=165120
FIRST_DIVERGENCE_OBJECT row=3 layer=8 checkpoint=CP3-F subobject=layer_n_comp result=EXACT elements=1
FIRST_DIVERGENCE_OBJECT row=3 layer=8 checkpoint=CP3-F subobject=attn_cache result=MISMATCH elements=512 mismatch_count=3 first_index=152 actual_raw=0xab80 expected_raw=0xab00 max_abs=undefined max_rel=undefined max_ulp=undefined
FIRST_DIVERGENCE_OBJECT row=3 layer=8 checkpoint=CP3-F subobject=index_state_kv result=MISMATCH elements=2048 mismatch_count=2048 first_index=0 actual_bits=0xba8367e0 expected_bits=0xba834d60 max_abs=4.1276216506958008e-05 max_rel=0.0068992390900495691 max_ulp=82112
FIRST_DIVERGENCE_OBJECT row=3 layer=8 checkpoint=CP3-F subobject=index_state_score result=MISMATCH elements=2048 mismatch_count=2044 first_index=0 actual_bits=0xbf305bcf expected_bits=0xbf305e80 max_abs=0.00013589859008789062 max_rel=0.0056092311919043909 max_ulp=94080
FIRST_DIVERGENCE_OBJECT row=3 layer=8 checkpoint=CP3-F subobject=layer_n_index_comp result=EXACT elements=1
FIRST_DIVERGENCE_OBJECT row=3 layer=8 checkpoint=CP3-F subobject=index_cache result=EXACT elements=128
FIRST_DIVERGENCE_OBJECT row=3 layer=8 checkpoint=CP4 subobject=after_attn_hc result=MISMATCH elements=16384 mismatch_count=16351 first_index=0 actual_bits=0x3e0f7084 expected_bits=0x3e0f70dc max_abs=0.00011810660362243652 max_rel=0.18191141032518204 max_ulp=2217853
FIRST_DIVERGENCE_OBJECT row=3 layer=8 checkpoint=CP5 subobject=layer_output result=MISMATCH elements=16384 mismatch_count=16360 first_index=0 actual_bits=0x3e02a440 expected_bits=0x3e02a484 max_abs=0.00017893314361572266 max_rel=1.4028307187685993 max_ulp=1797992499
FIRST_DIVERGENCE_OBJECT row=3 layer=9 checkpoint=CP1 subobject=attn_norm result=MISMATCH elements=4096 mismatch_count=4094 first_index=0 actual_bits=0x3c854beb expected_bits=0x3c8546f9 max_abs=7.4965064413845539e-06 max_rel=0.36846000452791644 max_ulp=5928565
FIRST_DIVERGENCE_OBJECT row=3 layer=9 checkpoint=CP2-Q subobject=qr result=MISMATCH elements=1024 mismatch_count=1024 first_index=0 actual_bits=0x3cf58a68 expected_bits=0x3cf58661 max_abs=1.1411495506763458e-05 max_rel=0.15294646873594242 max_ulp=2068480
FIRST_DIVERGENCE_OBJECT row=3 layer=9 checkpoint=CP2-KV-P subobject=kv_raw result=MISMATCH elements=512 mismatch_count=512 first_index=0 actual_bits=0x3db345b6 expected_bits=0x3db344e6 max_abs=9.5167197287082672e-06 max_rel=0.013942799379267045 max_ulp=225984
FIRST_DIVERGENCE_OBJECT row=3 layer=9 checkpoint=CP2-KV-R subobject=raw_cache result=MISMATCH elements=512 mismatch_count=7 first_index=469 actual_bits=0xbdc64000 expected_bits=0xbdc62000 max_abs=0.000244140625 max_rel=0.0018832391713747645 max_ulp=24576
FIRST_DIVERGENCE_OBJECT row=3 layer=9 checkpoint=CP3-F subobject=attn_state_kv result=MISMATCH elements=65536 mismatch_count=2046 first_index=8192 actual_bits=0xbe109538 expected_bits=0xbe109536 max_abs=3.0487775802612305e-05 max_rel=0.72054540640720144 max_ulp=15212544
FIRST_DIVERGENCE_OBJECT row=3 layer=9 checkpoint=CP3-F subobject=attn_state_score result=MISMATCH elements=65536 mismatch_count=2047 first_index=8192 actual_bits=0x3d43fbd0 expected_bits=0x3d43fa20 max_abs=8.6963176727294922e-05 max_rel=0.045343292242912087 max_ulp=565952
FIRST_DIVERGENCE_OBJECT row=3 layer=9 checkpoint=CP3-F subobject=layer_n_comp result=EXACT elements=1
FIRST_DIVERGENCE_OBJECT row=3 layer=9 checkpoint=CP4 subobject=after_attn_hc result=MISMATCH elements=16384 mismatch_count=16374 first_index=0 actual_bits=0x3e2cefee expected_bits=0x3e2cddad max_abs=0.00065954029560089111 max_rel=1.96254875807617 max_ulp=1909034996
FIRST_DIVERGENCE_OBJECT row=3 layer=9 checkpoint=CP5 subobject=layer_output result=MISMATCH elements=16384 mismatch_count=16376 first_index=0 actual_bits=0x3e28e5ed expected_bits=0x3e28d43f max_abs=0.00063109397888183594 max_rel=1.3492835404933055 max_ulp=1893585117
FIRST_DIVERGENCE_OBJECT row=3 layer=10 checkpoint=CP1 subobject=attn_norm result=MISMATCH elements=4096 mismatch_count=4096 first_index=0 actual_bits=0x3ceeacaa expected_bits=0x3cee8d49 max_abs=0.0010886192321777344 max_rel=1.5165975729858021 max_ulp=1862436589
FIRST_DIVERGENCE_OBJECT row=3 layer=10 checkpoint=CP2-Q subobject=qr result=MISMATCH elements=1024 mismatch_count=1024 first_index=0 actual_bits=0x3dfb94ce expected_bits=0x3dfba3e6 max_abs=0.00023093819618225098 max_rel=0.40340565303829201 max_ulp=6099968
FIRST_DIVERGENCE_OBJECT row=3 layer=10 checkpoint=CP2-KV-P subobject=kv_raw result=MISMATCH elements=512 mismatch_count=512 first_index=0 actual_bits=0xbd61a213 expected_bits=0xbd61a1f6 max_abs=0.00026616454124450684 max_rel=0.10860524632117723 max_ulp=1517248
FIRST_DIVERGENCE_OBJECT row=3 layer=10 checkpoint=CP2-KV-R subobject=raw_cache result=MISMATCH elements=512 mismatch_count=43 first_index=172 actual_bits=0xbc800000 expected_bits=0xbc900000 max_abs=0.03125 max_rel=0.1111111111111111 max_ulp=1048576
FIRST_DIVERGENCE_OBJECT row=3 layer=10 checkpoint=CP3-F subobject=attn_state_kv result=MISMATCH elements=8192 mismatch_count=8188 first_index=0 actual_bits=0x3de9dde8 expected_bits=0x3de9df76 max_abs=0.00046589970588684082 max_rel=1.7632657842333372 max_ulp=1859191809
FIRST_DIVERGENCE_OBJECT row=3 layer=10 checkpoint=CP3-F subobject=attn_state_score result=MISMATCH elements=8192 mismatch_count=8192 first_index=0 actual_bits=0x3ee6f218 expected_bits=0x3ee6f61a max_abs=0.0014045238494873047 max_rel=1.066287683031869 max_ulp=1914964289
FIRST_DIVERGENCE_OBJECT row=3 layer=10 checkpoint=CP3-F subobject=layer_n_comp result=EXACT elements=1
FIRST_DIVERGENCE_OBJECT row=3 layer=10 checkpoint=CP3-F subobject=attn_cache result=MISMATCH elements=512 mismatch_count=25 first_index=96 actual_raw=0x9b80 expected_raw=0x9c80 max_abs=undefined max_rel=undefined max_ulp=undefined
FIRST_DIVERGENCE_OBJECT row=3 layer=10 checkpoint=CP3-F subobject=index_state_kv result=MISMATCH elements=2048 mismatch_count=2048 first_index=0 actual_bits=0x3d0a82de expected_bits=0x3d0a6a96 max_abs=0.00064909458160400391 max_rel=0.26841726618705036 max_ulp=3342976
FIRST_DIVERGENCE_OBJECT row=3 layer=10 checkpoint=CP3-F subobject=index_state_score result=MISMATCH elements=2048 mismatch_count=2048 first_index=0 actual_bits=0x3ebe99e8 expected_bits=0x3ebe9ec0 max_abs=0.0018463134765625 max_rel=0.10395947321221648 max_ulp=1320608
FIRST_DIVERGENCE_OBJECT row=3 layer=10 checkpoint=CP3-F subobject=layer_n_index_comp result=EXACT elements=1
FIRST_DIVERGENCE_OBJECT row=3 layer=10 checkpoint=CP3-F subobject=index_cache result=EXACT elements=128
FIRST_DIVERGENCE_OBJECT row=3 layer=10 checkpoint=CP4 subobject=after_attn_hc result=MISMATCH elements=16384 mismatch_count=16374 first_index=0 actual_bits=0x3daa04a5 expected_bits=0x3daa1947 max_abs=0.0014568567276000977 max_rel=1.9995571232514644 max_ulp=1919262406
FIRST_DIVERGENCE_OBJECT row=3 layer=10 checkpoint=CP5 subobject=layer_output result=MISMATCH elements=16384 mismatch_count=16375 first_index=0 actual_bits=0x3df72594 expected_bits=0x3df735ba max_abs=0.0013247132301330566 max_rel=1.8357748353675836 max_ulp=1918219738
FIRST_DIVERGENCE_OBJECT row=3 layer=11 checkpoint=CP1 subobject=attn_norm result=MISMATCH elements=4096 mismatch_count=4096 first_index=0 actual_bits=0x3c774963 expected_bits=0x3c774e7e max_abs=8.8490545749664307e-05 max_rel=1.3755356213817314 max_ulp=1841020549
FIRST_DIVERGENCE_OBJECT row=3 layer=11 checkpoint=CP2-Q subobject=qr result=MISMATCH elements=1024 mismatch_count=1024 first_index=0 actual_bits=0x3e48a246 expected_bits=0x3e48a06e max_abs=0.00012987852096557617 max_rel=0.22110637319882953 max_ulp=3448000
FIRST_DIVERGENCE_OBJECT row=3 layer=11 checkpoint=CP2-KV-P subobject=kv_raw result=MISMATCH elements=512 mismatch_count=512 first_index=0 actual_bits=0xb9fee640 expected_bits=0xba110e80 max_abs=0.00010248273611068726 max_rel=0.91438320752766 max_ulp=29891584
FIRST_DIVERGENCE_OBJECT row=3 layer=11 checkpoint=CP2-KV-R subobject=raw_cache result=MISMATCH elements=512 mismatch_count=48 first_index=0 actual_bits=0xbb900000 expected_bits=0xbba00000 max_abs=0.03125 max_rel=0.90000000000000002 max_ulp=27262976
FIRST_DIVERGENCE_OBJECT row=3 layer=11 checkpoint=CP3-F subobject=attn_state_kv result=MISMATCH elements=65536 mismatch_count=2048 first_index=8192 actual_bits=0xbbbb1748 expected_bits=0xbbbb2908 max_abs=0.00013901293277740479 max_rel=0.65360014740139238 max_ulp=13026944
FIRST_DIVERGENCE_OBJECT row=3 layer=11 checkpoint=CP3-F subobject=attn_state_score result=MISMATCH elements=65536 mismatch_count=2047 first_index=8192 actual_bits=0xbd0a3c2f expected_bits=0xbd0a4529 max_abs=0.00035339593887329102 max_rel=1.8055489117436021 max_ulp=1859463169
FIRST_DIVERGENCE_OBJECT row=3 layer=11 checkpoint=CP3-F subobject=layer_n_comp result=EXACT elements=1
FIRST_DIVERGENCE_OBJECT row=3 layer=11 checkpoint=CP4 subobject=after_attn_hc result=MISMATCH elements=16384 mismatch_count=16379 first_index=0 actual_bits=0x3df2b11d expected_bits=0x3df2bea9 max_abs=0.0017671585083007812 max_rel=1.8022132795147012 max_ulp=1923953105
FIRST_DIVERGENCE_OBJECT row=3 layer=11 checkpoint=CP5 subobject=layer_output result=MISMATCH elements=16384 mismatch_count=16383 first_index=0 actual_bits=0x3df87037 expected_bits=0x3df87fb7 max_abs=0.0016341209411621094 max_rel=1.7363067009515352 max_ulp=1922937253
FIRST_DIVERGENCE_OBJECT row=3 layer=12 checkpoint=CP1 subobject=attn_norm result=MISMATCH elements=4096 mismatch_count=4096 first_index=0 actual_bits=0x3ce5b355 expected_bits=0x3ce5f132 max_abs=0.0013742446899414062 max_rel=0.54973346636655129 max_ulp=10003109
FIRST_DIVERGENCE_OBJECT row=3 layer=12 checkpoint=CP2-Q subobject=qr result=MISMATCH elements=1024 mismatch_count=1024 first_index=0 actual_bits=0xbe38010d expected_bits=0xbe380541 max_abs=0.00036760419607162476 max_rel=0.14913090137478557 max_ulp=2347936
FIRST_DIVERGENCE_OBJECT row=3 layer=12 checkpoint=CP2-KV-P subobject=kv_raw result=MISMATCH elements=512 mismatch_count=512 first_index=0 actual_bits=0xbdbca76b expected_bits=0xbdbcdf28 max_abs=0.00030496716499328613 max_rel=0.24453136354480343 max_ulp=3364976
FIRST_DIVERGENCE_OBJECT row=3 layer=12 checkpoint=CP2-KV-R subobject=raw_cache result=MISMATCH elements=512 mismatch_count=54 first_index=36 actual_bits=0x3c300000 expected_bits=0x3c100000 max_abs=0.0625 max_rel=0.20000000000000001 max_ulp=3145728
FIRST_DIVERGENCE_OBJECT row=3 layer=12 checkpoint=CP3-F subobject=attn_state_kv result=MISMATCH elements=8192 mismatch_count=8192 first_index=0 actual_bits=0x3cd370b0 expected_bits=0x3cd352f2 max_abs=0.0005054473876953125 max_rel=1.3099060572069545 max_ulp=1894319105
FIRST_DIVERGENCE_OBJECT row=3 layer=12 checkpoint=CP3-F subobject=attn_state_score result=MISMATCH elements=8192 mismatch_count=8192 first_index=0 actual_bits=0xbcac09c0 expected_bits=0xbcabf600 max_abs=0.0019288063049316406 max_rel=0.56576766611420826 max_ulp=10176512
FIRST_DIVERGENCE_OBJECT row=3 layer=12 checkpoint=CP3-F subobject=layer_n_comp result=EXACT elements=1
FIRST_DIVERGENCE_OBJECT row=3 layer=12 checkpoint=CP3-F subobject=attn_cache result=MISMATCH elements=512 mismatch_count=32 first_index=13 actual_raw=0x1580 expected_raw=0x1500 max_abs=undefined max_rel=undefined max_ulp=undefined
FIRST_DIVERGENCE_OBJECT row=3 layer=12 checkpoint=CP3-F subobject=index_state_kv result=MISMATCH elements=2048 mismatch_count=2048 first_index=0 actual_bits=0xbe1c5528 expected_bits=0xbe1c5f64 max_abs=0.0011143684387207031 max_rel=0.22207015667702126 max_ulp=3349088
FIRST_DIVERGENCE_OBJECT row=3 layer=12 checkpoint=CP3-F subobject=index_state_score result=MISMATCH elements=2048 mismatch_count=2046 first_index=0 actual_bits=0x3d40ebe8 expected_bits=0x3d40e2e0 max_abs=0.0020971298217773438 max_rel=0.17268721189806627 max_ulp=2608128
FIRST_DIVERGENCE_OBJECT row=3 layer=12 checkpoint=CP3-F subobject=layer_n_index_comp result=EXACT elements=1
FIRST_DIVERGENCE_OBJECT row=3 layer=12 checkpoint=CP3-F subobject=index_cache result=EXACT elements=128
FIRST_DIVERGENCE_OBJECT row=3 layer=12 checkpoint=CP4 subobject=after_attn_hc result=MISMATCH elements=16384 mismatch_count=16383 first_index=0 actual_bits=0x3df8a7e3 expected_bits=0x3df8b8b0 max_abs=0.0049513578414916992 max_rel=1.9253149931433196 max_ulp=1953184833
FIRST_DIVERGENCE_OBJECT row=3 layer=12 checkpoint=CP5 subobject=layer_output result=MISMATCH elements=16384 mismatch_count=16377 first_index=0 actual_bits=0x3df90d87 expected_bits=0x3df91eab max_abs=0.0048020482063293457 max_rel=1.2188659853701609 max_ulp=1961043849
FIRST_DIVERGENCE_OBJECT row=3 layer=13 checkpoint=CP1 subobject=attn_norm result=MISMATCH elements=4096 mismatch_count=4096 first_index=0 actual_bits=0x3ce7e20a expected_bits=0x3ce87874 max_abs=0.00031034275889396667 max_rel=1.4488508713913382 max_ulp=1899314577
FIRST_DIVERGENCE_OBJECT row=3 layer=13 checkpoint=CP2-Q subobject=qr result=MISMATCH elements=1024 mismatch_count=1024 first_index=0 actual_bits=0xbcbb9b20 expected_bits=0xbcba6621 max_abs=0.00034508481621742249 max_rel=1.8427996781979084 max_ulp=1913666561
FIRST_DIVERGENCE_OBJECT row=3 layer=13 checkpoint=CP2-KV-P subobject=kv_raw result=MISMATCH elements=512 mismatch_count=512 first_index=0 actual_bits=0x3a9b8090 expected_bits=0x3a86c8b0 max_abs=0.00038003921508789062 max_rel=0.67257424641281371 max_ulp=13569664
FIRST_DIVERGENCE_OBJECT row=3 layer=13 checkpoint=CP2-KV-R subobject=raw_cache result=MISMATCH elements=512 mismatch_count=68 first_index=0 actual_bits=0x3c500000 expected_bits=0x3c300000 max_abs=0.125 max_rel=0.69230769230769229 max_ulp=13631488
FIRST_DIVERGENCE_OBJECT row=3 layer=13 checkpoint=CP3-F subobject=attn_state_kv result=MISMATCH elements=65536 mismatch_count=2048 first_index=8192 actual_bits=0x3d408540 expected_bits=0x3d406b01 max_abs=0.0008252263069152832 max_rel=1.7199312205389701 max_ulp=1908505345
FIRST_DIVERGENCE_OBJECT row=3 layer=13 checkpoint=CP3-F subobject=attn_state_score result=MISMATCH elements=65536 mismatch_count=2048 first_index=8192 actual_bits=0xbc60fed0 expected_bits=0xbc610f5a max_abs=0.0012912750244140625 max_rel=1.1761738592694024 max_ulp=1886970241
FIRST_DIVERGENCE_OBJECT row=3 layer=13 checkpoint=CP3-F subobject=layer_n_comp result=EXACT elements=1
FIRST_DIVERGENCE_OBJECT row=3 layer=13 checkpoint=CP4 subobject=after_attn_hc result=MISMATCH elements=16384 mismatch_count=16380 first_index=0 actual_bits=0x3dfa0d68 expected_bits=0x3dfa1f6f max_abs=0.0067877024412155151 max_rel=1.6179636460469038 max_ulp=1959894154
FIRST_DIVERGENCE_OBJECT row=3 layer=13 checkpoint=CP5 subobject=layer_output result=MISMATCH elements=16384 mismatch_count=16382 first_index=0 actual_bits=0x3dfd8057 expected_bits=0x3dfd965c max_abs=0.0076847076416015625 max_rel=1.6095723805766584 max_ulp=1960490872
FIRST_DIVERGENCE_OBJECT row=3 layer=14 checkpoint=CP1 subobject=attn_norm result=MISMATCH elements=4096 mismatch_count=4096 first_index=0 actual_bits=0x3d2fd06d expected_bits=0x3d2fbe01 max_abs=0.00649261474609375 max_rel=1.2220695646015223 max_ulp=1897252606
FIRST_DIVERGENCE_OBJECT row=3 layer=14 checkpoint=CP2-Q subobject=qr result=MISMATCH elements=1024 mismatch_count=1024 first_index=0 actual_bits=0xbca4e786 expected_bits=0xbca21e10 max_abs=0.0012814551591873169 max_rel=0.50869480934136102 max_ulp=8583808
FIRST_DIVERGENCE_OBJECT row=3 layer=14 checkpoint=CP2-KV-P subobject=kv_raw result=MISMATCH elements=512 mismatch_count=512 first_index=0 actual_bits=0x3dfa5241 expected_bits=0x3df9dbee max_abs=0.0014007091522216797 max_rel=0.61416325161383911 max_ulp=11024032
FIRST_DIVERGENCE_OBJECT row=3 layer=14 checkpoint=CP2-KV-R subobject=raw_cache result=MISMATCH elements=512 mismatch_count=95 first_index=9 actual_bits=0xbe500000 expected_bits=0xbe400000 max_abs=0.125 max_rel=0.6071428571428571 max_ulp=11534336
FIRST_DIVERGENCE_OBJECT row=3 layer=14 checkpoint=CP3-F subobject=attn_state_kv result=MISMATCH elements=8192 mismatch_count=8192 first_index=0 actual_bits=0x3e31060b expected_bits=0x3e311923 max_abs=0.0024672746658325195 max_rel=0.81080133347423844 max_ulp=20017536
FIRST_DIVERGENCE_OBJECT row=3 layer=14 checkpoint=CP3-F subobject=attn_state_score result=MISMATCH elements=8192 mismatch_count=8192 first_index=0 actual_bits=0xbed5c678 expected_bits=0xbed62efa max_abs=0.0081911087036132812 max_rel=0.14769362083053592 max_ulp=2070080
FIRST_DIVERGENCE_OBJECT row=3 layer=14 checkpoint=CP3-F subobject=layer_n_comp result=EXACT elements=1
FIRST_DIVERGENCE_OBJECT row=3 layer=14 checkpoint=CP3-F subobject=attn_cache result=MISMATCH elements=512 mismatch_count=65 first_index=24 actual_raw=0xb400 expected_raw=0xb480 max_abs=undefined max_rel=undefined max_ulp=undefined
FIRST_DIVERGENCE_OBJECT row=3 layer=14 checkpoint=CP3-F subobject=index_state_kv result=MISMATCH elements=2048 mismatch_count=2048 first_index=0 actual_bits=0x3f0b10b0 expected_bits=0x3f0b1100 max_abs=0.001555711030960083 max_rel=0.91801458928005075 max_ulp=29609984
FIRST_DIVERGENCE_OBJECT row=3 layer=14 checkpoint=CP3-F subobject=index_state_score result=MISMATCH elements=2048 mismatch_count=2048 first_index=0 actual_bits=0xbf4c9d95 expected_bits=0xbf4cc603 max_abs=0.0098274946212768555 max_rel=0.068327415332412406 max_ulp=943360
FIRST_DIVERGENCE_OBJECT row=3 layer=14 checkpoint=CP3-F subobject=layer_n_index_comp result=EXACT elements=1
FIRST_DIVERGENCE_OBJECT row=3 layer=14 checkpoint=CP3-F subobject=index_cache result=MISMATCH elements=128 mismatch_count=2 first_index=97 actual_bits=0x3f800000 expected_bits=0x3f400000 max_abs=0.25 max_rel=1 max_ulp=1040187392
FIRST_DIVERGENCE_OBJECT row=3 layer=14 checkpoint=CP4 subobject=after_attn_hc result=MISMATCH elements=16384 mismatch_count=16380 first_index=0 actual_bits=0x3dff4d65 expected_bits=0x3dff6334 max_abs=0.01211237907409668 max_rel=1.8950567052618255 max_ulp=1975201871
FIRST_DIVERGENCE_OBJECT row=3 layer=14 checkpoint=CP5 subobject=layer_output result=MISMATCH elements=16384 mismatch_count=16383 first_index=0 actual_bits=0x3e0110f9 expected_bits=0x3e011bdd max_abs=0.008619353175163269 max_rel=1.619047424186423 max_ulp=1991473860
FIRST_DIVERGENCE_OBJECT row=3 layer=15 checkpoint=CP1 subobject=attn_norm result=MISMATCH elements=4096 mismatch_count=4096 first_index=0 actual_bits=0x3c53879b expected_bits=0x3c518df4 max_abs=0.0005281493067741394 max_rel=1.706343904454229 max_ulp=1915834800
FIRST_DIVERGENCE_OBJECT row=3 layer=15 checkpoint=CP2-Q subobject=qr result=MISMATCH elements=1024 mismatch_count=1024 first_index=0 actual_bits=0xbd69b286 expected_bits=0xbd6a95f8 max_abs=0.00081418454647064209 max_rel=0.81122979487664237 max_ulp=19639296
FIRST_DIVERGENCE_OBJECT row=3 layer=15 checkpoint=CP2-KV-P subobject=kv_raw result=MISMATCH elements=512 mismatch_count=512 first_index=0 actual_bits=0xbdd843cb expected_bits=0xbdd78fc8 max_abs=0.0010119453072547913 max_rel=1.957636624768055 max_ulp=1936504961
FIRST_DIVERGENCE_OBJECT row=3 layer=15 checkpoint=CP2-KV-R subobject=raw_cache result=MISMATCH elements=512 mismatch_count=89 first_index=7 actual_bits=0xbcf00000 expected_bits=0xbce00000 max_abs=0.125 max_rel=1.9166666666666667 max_ulp=1987051521
FIRST_DIVERGENCE_OBJECT row=3 layer=15 checkpoint=CP3-F subobject=attn_state_kv result=MISMATCH elements=65536 mismatch_count=2048 first_index=8192 actual_bits=0xbd7eb7dc expected_bits=0xbd7edbdc max_abs=0.0011657476425170898 max_rel=1.35214101279639 max_ulp=1914218625
FIRST_DIVERGENCE_OBJECT row=3 layer=15 checkpoint=CP3-F subobject=attn_state_score result=MISMATCH elements=65536 mismatch_count=2048 first_index=8192 actual_bits=0x3e788a38 expected_bits=0x3e787b90 max_abs=0.0041528940200805664 max_rel=0.68933245409353761 max_ulp=14327808
FIRST_DIVERGENCE_OBJECT row=3 layer=15 checkpoint=CP3-F subobject=layer_n_comp result=EXACT elements=1
FIRST_DIVERGENCE_OBJECT row=3 layer=15 checkpoint=CP4 subobject=after_attn_hc result=MISMATCH elements=16384 mismatch_count=16382 first_index=0 actual_bits=0x3e0185da expected_bits=0x3e019016 max_abs=0.01041722297668457 max_rel=1.8469496665672211 max_ulp=1986756508
FIRST_DIVERGENCE_OBJECT row=3 layer=15 checkpoint=CP5 subobject=layer_output result=MISMATCH elements=16384 mismatch_count=16381 first_index=0 actual_bits=0x3e0836a0 expected_bits=0x3e083ee8 max_abs=0.01014283299446106 max_rel=1.9208140771891542 max_ulp=1986481252
FIRST_DIVERGENCE_OBJECT row=3 layer=16 checkpoint=CP1 subobject=attn_norm result=MISMATCH elements=4096 mismatch_count=4095 first_index=0 actual_bits=0x3d502196 expected_bits=0x3d4fc088 max_abs=0.0052344799041748047 max_rel=1.5078748517274718 max_ulp=1926639575
FIRST_DIVERGENCE_OBJECT row=3 layer=16 checkpoint=CP2-Q subobject=qr result=MISMATCH elements=1024 mismatch_count=1024 first_index=0 actual_bits=0xbcf444ca expected_bits=0xbcf3e534 max_abs=0.0021358728408813477 max_rel=1.0231655675112807 max_ulp=1901935745
FIRST_DIVERGENCE_OBJECT row=3 layer=16 checkpoint=CP2-KV-P subobject=kv_raw result=MISMATCH elements=512 mismatch_count=512 first_index=0 actual_bits=0xbcbd3f1e expected_bits=0xbcc46dc8 max_abs=0.0028396397829055786 max_rel=1.8675728372717859 max_ulp=1938226561
FIRST_DIVERGENCE_OBJECT row=3 layer=16 checkpoint=CP2-KV-R subobject=raw_cache result=MISMATCH elements=512 mismatch_count=109 first_index=0 actual_bits=0xbe100000 expected_bits=0xbe200000 max_abs=0.125 max_rel=1.8999999999999999 max_ulp=1982857217
FIRST_DIVERGENCE_OBJECT row=3 layer=16 checkpoint=CP3-F subobject=attn_state_kv result=MISMATCH elements=8192 mismatch_count=8192 first_index=0 actual_bits=0x3dba4e8a expected_bits=0x3dba56ec max_abs=0.0021577253937721252 max_rel=1.5169396397775397 max_ulp=1925474753
FIRST_DIVERGENCE_OBJECT row=3 layer=16 checkpoint=CP3-F subobject=attn_state_score result=MISMATCH elements=8192 mismatch_count=8192 first_index=0 actual_bits=0xbfcc9287 expected_bits=0xbfcc7700 max_abs=0.012756660580635071 max_rel=0.63666797951949583 max_ulp=12030720
FIRST_DIVERGENCE_OBJECT row=3 layer=16 checkpoint=CP3-F subobject=layer_n_comp result=EXACT elements=1
FIRST_DIVERGENCE_OBJECT row=3 layer=16 checkpoint=CP3-F subobject=attn_cache result=MISMATCH elements=512 mismatch_count=46 first_index=118 actual_raw=0x2f80 expected_raw=0x3000 max_abs=undefined max_rel=undefined max_ulp=undefined
FIRST_DIVERGENCE_OBJECT row=3 layer=16 checkpoint=CP3-F subobject=index_state_kv result=MISMATCH elements=2048 mismatch_count=2048 first_index=0 actual_bits=0x3e22a0c4 expected_bits=0x3e228174 max_abs=0.0026248693466186523 max_rel=1.1882677974813673 max_ulp=1912400385
FIRST_DIVERGENCE_OBJECT row=3 layer=16 checkpoint=CP3-F subobject=index_state_score result=MISMATCH elements=2048 mismatch_count=2048 first_index=0 actual_bits=0xbfd35cb0 expected_bits=0xbfd34018 max_abs=0.015980005264282227 max_rel=1.2014276410308622 max_ulp=1989750505
FIRST_DIVERGENCE_OBJECT row=3 layer=16 checkpoint=CP3-F subobject=layer_n_index_comp result=EXACT elements=1
FIRST_DIVERGENCE_OBJECT row=3 layer=16 checkpoint=CP3-F subobject=index_cache result=MISMATCH elements=128 mismatch_count=1 first_index=56 actual_bits=0xbf400000 expected_bits=0xbf000000 max_abs=0.25 max_rel=0.33333333333333331 max_ulp=4194304
FIRST_DIVERGENCE_OBJECT row=3 layer=16 checkpoint=CP4 subobject=after_attn_hc result=MISMATCH elements=16384 mismatch_count=16382 first_index=0 actual_bits=0x3e0833a1 expected_bits=0x3e083bcd max_abs=0.016755819320678711 max_rel=1.9488719673575381 max_ulp=1999104804
FIRST_DIVERGENCE_OBJECT row=3 layer=16 checkpoint=CP5 subobject=layer_output result=MISMATCH elements=16384 mismatch_count=16384 first_index=0 actual_bits=0x3e049bca expected_bits=0x3e0494a7 max_abs=0.01725006103515625 max_rel=1.8403539361089889 max_ulp=2000150486
FIRST_DIVERGENCE_OBJECT row=3 layer=17 checkpoint=CP1 subobject=attn_norm result=MISMATCH elements=4096 mismatch_count=4096 first_index=0 actual_bits=0xbc0000c4 expected_bits=0xbc06e195 max_abs=0.0013519302010536194 max_rel=1.9105743013029974 max_ulp=1936186181
FIRST_DIVERGENCE_OBJECT row=3 layer=17 checkpoint=CP2-Q subobject=qr result=MISMATCH elements=1024 mismatch_count=1024 first_index=0 actual_bits=0x3d61fe02 expected_bits=0x3d62d8fe max_abs=0.0020987465977668762 max_rel=0.67354872541291511 max_ulp=13866064
FIRST_DIVERGENCE_OBJECT row=3 layer=17 checkpoint=CP2-KV-P subobject=kv_raw result=MISMATCH elements=512 mismatch_count=512 first_index=0 actual_bits=0x3c104de4 expected_bits=0x3c1ade24 max_abs=0.0026658773422241211 max_rel=1.5840343800831551 max_ulp=1938716737
FIRST_DIVERGENCE_OBJECT row=3 layer=17 checkpoint=CP2-KV-R subobject=raw_cache result=MISMATCH elements=512 mismatch_count=118 first_index=0 actual_bits=0x3d700000 expected_bits=0x3d800000 max_abs=0.25 max_rel=1.5769230769230769 max_ulp=1983905793
FIRST_DIVERGENCE_OBJECT row=3 layer=17 checkpoint=CP3-F subobject=attn_state_kv result=MISMATCH elements=65536 mismatch_count=2048 first_index=8192 actual_bits=0x3ba71d28 expected_bits=0x3b9e7080 max_abs=0.0037133917212486267 max_rel=1.210759973068507 max_ulp=1918249985
FIRST_DIVERGENCE_OBJECT row=3 layer=17 checkpoint=CP3-F subobject=attn_state_score result=MISMATCH elements=65536 mismatch_count=2048 first_index=8192 actual_bits=0x3e92f626 expected_bits=0x3e92ffcd max_abs=0.0073566436767578125 max_rel=1.3018347790085933 max_ulp=1956381057
FIRST_DIVERGENCE_OBJECT row=3 layer=17 checkpoint=CP3-F subobject=layer_n_comp result=EXACT elements=1
FIRST_DIVERGENCE_OBJECT row=3 layer=17 checkpoint=CP4 subobject=after_attn_hc result=MISMATCH elements=16384 mismatch_count=16382 first_index=0 actual_bits=0x3e04888b expected_bits=0x3e048227 max_abs=0.021085560321807861 max_rel=1.5099338679702463 max_ulp=1993580752
FIRST_DIVERGENCE_OBJECT row=3 layer=17 checkpoint=CP5 subobject=layer_output result=MISMATCH elements=16384 mismatch_count=16384 first_index=0 actual_bits=0x3def148c expected_bits=0x3deeead5 max_abs=0.03192293643951416 max_rel=1.5603331902819115 max_ulp=2010099661
FIRST_DIVERGENCE_OBJECT row=3 layer=18 checkpoint=CP1 subobject=attn_norm result=MISMATCH elements=4096 mismatch_count=4096 first_index=0 actual_bits=0xbcb6fa0b expected_bits=0xbcb8547f max_abs=0.0084443092346191406 max_rel=1.5592780197994391 max_ulp=1930213052
FIRST_DIVERGENCE_OBJECT row=3 layer=18 checkpoint=CP2-Q subobject=qr result=MISMATCH elements=1024 mismatch_count=1024 first_index=0 actual_bits=0x3db3b458 expected_bits=0x3db337fc max_abs=0.0013601724058389664 max_rel=0.84122426490559599 max_ulp=22795904
FIRST_DIVERGENCE_OBJECT row=3 layer=18 checkpoint=CP2-KV-P subobject=kv_raw result=MISMATCH elements=512 mismatch_count=512 first_index=0 actual_bits=0x3e433de3 expected_bits=0x3e4308f8 max_abs=0.0012661162763834 max_rel=0.84369723151752363 max_ulp=21827104
FIRST_DIVERGENCE_OBJECT row=3 layer=18 checkpoint=CP2-KV-R subobject=raw_cache result=MISMATCH elements=512 mismatch_count=109 first_index=8 actual_bits=0xbde00000 expected_bits=0xbdf00000 max_abs=0.0625 max_rel=0.83333333333333337 max_ulp=22020096
FIRST_DIVERGENCE_OBJECT row=3 layer=18 checkpoint=CP3-F subobject=attn_state_kv result=MISMATCH elements=8192 mismatch_count=8192 first_index=0 actual_bits=0xbc627954 expected_bits=0xbc63238c max_abs=0.00151081383228302 max_rel=1.7608595697311424 max_ulp=1936205857
FIRST_DIVERGENCE_OBJECT row=3 layer=18 checkpoint=CP3-F subobject=attn_state_score result=MISMATCH elements=8192 mismatch_count=8192 first_index=0 actual_bits=0x3f37ba90 expected_bits=0x3f37d8ae max_abs=0.0095155239105224609 max_rel=0.12292423015382076 max_ulp=1953800
FIRST_DIVERGENCE_OBJECT row=3 layer=18 checkpoint=CP3-F subobject=layer_n_comp result=EXACT elements=1
FIRST_DIVERGENCE_OBJECT row=3 layer=18 checkpoint=CP3-F subobject=attn_cache result=MISMATCH elements=512 mismatch_count=53 first_index=21 actual_raw=0x3900 expected_raw=0x3980 max_abs=undefined max_rel=undefined max_ulp=undefined
FIRST_DIVERGENCE_OBJECT row=3 layer=18 checkpoint=CP3-F subobject=index_state_kv result=MISMATCH elements=2048 mismatch_count=2048 first_index=0 actual_bits=0x3d51cad3 expected_bits=0x3d51dee0 max_abs=0.0019119083881378174 max_rel=1.6192750034482986 max_ulp=1940613889
FIRST_DIVERGENCE_OBJECT row=3 layer=18 checkpoint=CP3-F subobject=index_state_score result=MISMATCH elements=2048 mismatch_count=2048 first_index=0 actual_bits=0x3f995ec1 expected_bits=0x3f997072 max_abs=0.0097570419311523438 max_rel=0.045379620161339659 max_ulp=415376
FIRST_DIVERGENCE_OBJECT row=3 layer=18 checkpoint=CP3-F subobject=layer_n_index_comp result=EXACT elements=1
FIRST_DIVERGENCE_OBJECT row=3 layer=18 checkpoint=CP3-F subobject=index_cache result=EXACT elements=128
FIRST_DIVERGENCE_OBJECT row=3 layer=18 checkpoint=CP4 subobject=after_attn_hc result=MISMATCH elements=16384 mismatch_count=16382 first_index=0 actual_bits=0x3e00c35b expected_bits=0x3e015659 max_abs=0.034362077713012695 max_rel=1.9929886772734662 max_ulp=2024241076
FIRST_DIVERGENCE_OBJECT row=3 layer=18 checkpoint=CP5 subobject=layer_output result=MISMATCH elements=16384 mismatch_count=16383 first_index=0 actual_bits=0xbc4c74bd expected_bits=0xbc5079f0 max_abs=0.036566793918609619 max_rel=1.5369717692058005 max_ulp=2009274368
FIRST_DIVERGENCE_OBJECT row=3 layer=19 checkpoint=CP1 subobject=attn_norm result=MISMATCH elements=4096 mismatch_count=4096 first_index=0 actual_bits=0xbd0a6b38 expected_bits=0xbd0a58fb max_abs=0.00078724697232246399 max_rel=1.3616419330300082 max_ulp=1907511738
FIRST_DIVERGENCE_OBJECT row=3 layer=19 checkpoint=CP2-Q subobject=qr result=MISMATCH elements=1024 mismatch_count=1024 first_index=0 actual_bits=0xbbee0f50 expected_bits=0xbbf5e720 max_abs=0.0014996528625488281 max_rel=1.0401585998820904 max_ulp=1918559969
FIRST_DIVERGENCE_OBJECT row=3 layer=19 checkpoint=CP2-KV-P subobject=kv_raw result=MISMATCH elements=512 mismatch_count=511 first_index=0 actual_bits=0xbc8c3e05 expected_bits=0xbc8adbdf max_abs=0.0011652931571006775 max_rel=1.9629109202879695 max_ulp=1941569537
FIRST_DIVERGENCE_OBJECT row=3 layer=19 checkpoint=CP2-KV-R subobject=raw_cache result=MISMATCH elements=512 mismatch_count=128 first_index=7 actual_bits=0x3ce00000 expected_bits=0x3d000000 max_abs=0.125 max_rel=2 max_ulp=1994391553
FIRST_DIVERGENCE_OBJECT row=3 layer=19 checkpoint=CP3-F subobject=attn_state_kv result=MISMATCH elements=65536 mismatch_count=2048 first_index=8192 actual_bits=0xbb7f5270 expected_bits=0xbb802cc0 max_abs=0.0014816820621490479 max_rel=1.9525665732305537 max_ulp=1939707873
FIRST_DIVERGENCE_OBJECT row=3 layer=19 checkpoint=CP3-F subobject=attn_state_score result=MISMATCH elements=65536 mismatch_count=2048 first_index=8192 actual_bits=0x3d3e4291 expected_bits=0x3d3e9bde max_abs=0.0058483481407165527 max_rel=1.9152234288210697 max_ulp=1944026753
FIRST_DIVERGENCE_OBJECT row=3 layer=19 checkpoint=CP3-F subobject=layer_n_comp result=EXACT elements=1
FIRST_DIVERGENCE_OBJECT row=3 layer=19 checkpoint=CP4 subobject=after_attn_hc result=MISMATCH elements=16384 mismatch_count=16384 first_index=0 actual_bits=0x3cb3f39b expected_bits=0x3cb0defa max_abs=0.043465137481689453 max_rel=1.890337744626059 max_ulp=2019395484
FIRST_DIVERGENCE_OBJECT row=3 layer=19 checkpoint=CP5 subobject=layer_output result=MISMATCH elements=16384 mismatch_count=16384 first_index=0 actual_bits=0x3b40f523 expected_bits=0x3b28aa4b max_abs=0.041448354721069336 max_rel=1.8000853898004154 max_ulp=2020431342
FIRST_DIVERGENCE_OBJECT row=3 layer=20 checkpoint=CP1 subobject=attn_norm result=MISMATCH elements=4096 mismatch_count=4096 first_index=0 actual_bits=0xbcf00c15 expected_bits=0xbcf04039 max_abs=0.014074802398681641 max_rel=1.8534976423788025 max_ulp=1940925641
FIRST_DIVERGENCE_OBJECT row=3 layer=20 checkpoint=CP2-Q subobject=qr result=MISMATCH elements=1024 mismatch_count=1024 first_index=0 actual_bits=0x3bb20b00 expected_bits=0x3baae060 max_abs=0.0021243244409561157 max_rel=0.9420581136677918 max_ulp=34641280
FIRST_DIVERGENCE_OBJECT row=3 layer=20 checkpoint=CP2-KV-P subobject=kv_raw result=MISMATCH elements=512 mismatch_count=512 first_index=0 actual_bits=0x3e087df1 expected_bits=0x3e092e5c max_abs=0.0016482621431350708 max_rel=1.2639982750402869 max_ulp=1919015169
FIRST_DIVERGENCE_OBJECT row=3 layer=20 checkpoint=CP2-KV-R subobject=raw_cache result=MISMATCH elements=512 mismatch_count=110 first_index=4 actual_bits=0x3c600000 expected_bits=0x3c700000 max_abs=0.25 max_rel=1.2727272727272727 max_ulp=1970274305
FIRST_DIVERGENCE_OBJECT row=3 layer=20 checkpoint=CP3-F subobject=attn_state_kv result=MISMATCH elements=8192 mismatch_count=8192 first_index=0 actual_bits=0xbdc0dbd4 expected_bits=0xbdc0f728 max_abs=0.0021771788597106934 max_rel=1.8922730085757227 max_ulp=1949172301
FIRST_DIVERGENCE_OBJECT row=3 layer=20 checkpoint=CP3-F subobject=attn_state_score result=MISMATCH elements=8192 mismatch_count=8192 first_index=0 actual_bits=0xbf84b8ef expected_bits=0xbf84a8dc max_abs=0.011633396148681641 max_rel=1.7500893981004693 max_ulp=1976919105
FIRST_DIVERGENCE_OBJECT row=3 layer=20 checkpoint=CP3-F subobject=layer_n_comp result=EXACT elements=1
FIRST_DIVERGENCE_OBJECT row=3 layer=20 checkpoint=CP3-F subobject=attn_cache result=MISMATCH elements=512 mismatch_count=78 first_index=9 actual_raw=0x2e00 expected_raw=0x2e80 max_abs=undefined max_rel=undefined max_ulp=undefined
FIRST_DIVERGENCE_OBJECT row=3 layer=20 checkpoint=CP3-F subobject=index_state_kv result=MISMATCH elements=2048 mismatch_count=2048 first_index=0 actual_bits=0xbb5e7684 expected_bits=0xbb595dc0 max_abs=0.0031399726867675781 max_rel=1.3547078244958033 max_ulp=1909438977
FIRST_DIVERGENCE_OBJECT row=3 layer=20 checkpoint=CP3-F subobject=index_state_score result=MISMATCH elements=2048 mismatch_count=2048 first_index=0 actual_bits=0xbf6fa4dd expected_bits=0xbf6f8a2d max_abs=0.015100955963134766 max_rel=0.22253707010325285 max_ulp=2898944
FIRST_DIVERGENCE_OBJECT row=3 layer=20 checkpoint=CP3-F subobject=layer_n_index_comp result=EXACT elements=1
FIRST_DIVERGENCE_OBJECT row=3 layer=20 checkpoint=CP3-F subobject=index_cache result=EXACT elements=128
FIRST_DIVERGENCE_OBJECT row=3 layer=20 checkpoint=CP4 subobject=after_attn_hc result=MISMATCH elements=16384 mismatch_count=16384 first_index=0 actual_bits=0xbcbae8a0 expected_bits=0xbca2cc41 max_abs=0.039548635482788086 max_rel=1.9776558386665588 max_ulp=2016287749
FIRST_DIVERGENCE_OBJECT row=3 layer=20 checkpoint=CP5 subobject=layer_output result=MISMATCH elements=16384 mismatch_count=16384 first_index=0 actual_bits=0xbe31405d expected_bits=0xbe2e09a7 max_abs=0.042204439640045166 max_rel=1.8952845872495798 max_ulp=2025777360
FIRST_DIVERGENCE_OBJECT row=3 layer=21 checkpoint=CP1 subobject=attn_norm result=MISMATCH elements=4096 mismatch_count=4096 first_index=0 actual_bits=0xbd173f4f expected_bits=0xbd16d982 max_abs=0.00077847950160503387 max_rel=1.9927321380679246 max_ulp=1917655124
FIRST_DIVERGENCE_OBJECT row=3 layer=21 checkpoint=CP2-Q subobject=qr result=MISMATCH elements=1024 mismatch_count=1024 first_index=0 actual_bits=0x3e2eeeba expected_bits=0x3e2edfed max_abs=0.0012611746788024902 max_rel=0.61521925817148448 max_ulp=12066256
FIRST_DIVERGENCE_OBJECT row=3 layer=21 checkpoint=CP2-KV-P subobject=kv_raw result=MISMATCH elements=512 mismatch_count=512 first_index=0 actual_bits=0x3d9324d6 expected_bits=0x3d934742 max_abs=0.0015691518783569336 max_rel=1.0045297353942888 max_ulp=1888649345
FIRST_DIVERGENCE_OBJECT row=3 layer=21 checkpoint=CP2-KV-R subobject=raw_cache result=MISMATCH elements=512 mismatch_count=101 first_index=6 actual_bits=0xbed00000 expected_bits=0xbee00000 max_abs=0.125 max_rel=1.0052083333333333 max_ulp=1941962753
FIRST_DIVERGENCE_OBJECT row=3 layer=21 checkpoint=CP3-F subobject=attn_state_kv result=MISMATCH elements=65536 mismatch_count=2048 first_index=8192 actual_bits=0x3b9d2950 expected_bits=0x3b9baa58 max_abs=0.0019004940986633301 max_rel=1.6037812888336589 max_ulp=1911312385
FIRST_DIVERGENCE_OBJECT row=3 layer=21 checkpoint=CP3-F subobject=attn_state_score result=MISMATCH elements=65536 mismatch_count=2047 first_index=8192 actual_bits=0x3e7ff990 expected_bits=0x3e80048c max_abs=0.0024514049291610718 max_rel=1.2828546562228025 max_ulp=1927172609
FIRST_DIVERGENCE_OBJECT row=3 layer=21 checkpoint=CP3-F subobject=layer_n_comp result=EXACT elements=1
FIRST_DIVERGENCE_OBJECT row=3 layer=21 checkpoint=CP4 subobject=after_attn_hc result=MISMATCH elements=16384 mismatch_count=16384 first_index=0 actual_bits=0x3e03911e expected_bits=0x3e089b46 max_abs=0.041347980499267578 max_rel=1.9589568116397411 max_ulp=2017045277
FIRST_DIVERGENCE_OBJECT row=3 layer=21 checkpoint=CP5 subobject=layer_output result=MISMATCH elements=16384 mismatch_count=16384 first_index=0 actual_bits=0xbbe98907 expected_bits=0xba9f76e1 max_abs=0.057114601135253906 max_rel=1.9740663984448203 max_ulp=2014766851
FIRST_DIVERGENCE_OBJECT row=3 layer=22 checkpoint=CP1 subobject=attn_norm result=MISMATCH elements=4096 mismatch_count=4096 first_index=0 actual_bits=0xbd602097 expected_bits=0xbd5da6d2 max_abs=0.021591663360595703 max_rel=1.7564044181128686 max_ulp=1936736312
FIRST_DIVERGENCE_OBJECT row=3 layer=22 checkpoint=CP2-Q subobject=qr result=MISMATCH elements=1024 mismatch_count=1024 first_index=0 actual_bits=0xbd7054bc expected_bits=0xbd6e245e max_abs=0.0028896555304527283 max_rel=0.89996977236263864 max_ulp=27365120
FIRST_DIVERGENCE_OBJECT row=3 layer=22 checkpoint=CP2-KV-P subobject=kv_raw result=MISMATCH elements=512 mismatch_count=512 first_index=0 actual_bits=0xbe89aaa8 expected_bits=0xbe895d18 max_abs=0.0030430257320404053 max_rel=1.4851081651390925 max_ulp=1918748929
FIRST_DIVERGENCE_OBJECT row=3 layer=22 checkpoint=CP2-KV-R subobject=raw_cache result=MISMATCH elements=512 mismatch_count=103 first_index=1 actual_bits=0x3cc00000 expected_bits=0x3ca00000 max_abs=0.125 max_rel=1.45 max_ulp=1957691393
FIRST_DIVERGENCE_OBJECT row=3 layer=22 checkpoint=CP3-F subobject=attn_state_kv result=MISMATCH elements=8192 mismatch_count=8192 first_index=0 actual_bits=0xbde7f544 expected_bits=0xbde7ff4b max_abs=0.0029774904251098633 max_rel=1.6534907525554916 max_ulp=1942050689
FIRST_DIVERGENCE_OBJECT row=3 layer=22 checkpoint=CP3-F subobject=attn_state_score result=MISMATCH elements=8192 mismatch_count=8192 first_index=0 actual_bits=0xbfe4a635 expected_bits=0xbfe499dc max_abs=0.01930844783782959 max_rel=1.0492729251162332 max_ulp=1935743233
FIRST_DIVERGENCE_OBJECT row=3 layer=22 checkpoint=CP3-F subobject=layer_n_comp result=EXACT elements=1
FIRST_DIVERGENCE_OBJECT row=3 layer=22 checkpoint=CP3-F subobject=attn_cache result=MISMATCH elements=512 mismatch_count=63 first_index=18 actual_raw=0xa900 expected_raw=0xa880 max_abs=undefined max_rel=undefined max_ulp=undefined
FIRST_DIVERGENCE_OBJECT row=3 layer=22 checkpoint=CP3-F subobject=index_state_kv result=MISMATCH elements=2048 mismatch_count=2048 first_index=0 actual_bits=0x3e334467 expected_bits=0x3e3322b1 max_abs=0.0080595016479492188 max_rel=1.4026799531405927 max_ulp=1969262721
FIRST_DIVERGENCE_OBJECT row=3 layer=22 checkpoint=CP3-F subobject=index_state_score result=MISMATCH elements=2048 mismatch_count=2048 first_index=0 actual_bits=0xc0095cee expected_bits=0xc0095a52 max_abs=0.020510435104370117 max_rel=0.77223465403009961 max_ulp=17815040
FIRST_DIVERGENCE_OBJECT row=3 layer=22 checkpoint=CP3-F subobject=layer_n_index_comp result=EXACT elements=1
FIRST_DIVERGENCE_OBJECT row=3 layer=22 checkpoint=CP3-F subobject=index_cache result=EXACT elements=128
FIRST_DIVERGENCE_OBJECT row=3 layer=22 checkpoint=CP4 subobject=after_attn_hc result=MISMATCH elements=16384 mismatch_count=16383 first_index=0 actual_bits=0xbda4d996 expected_bits=0xbd95c502 max_abs=0.054342269897460938 max_rel=1.9287022545067434 max_ulp=2016086358
FIRST_DIVERGENCE_OBJECT row=3 layer=22 checkpoint=CP5 subobject=layer_output result=MISMATCH elements=16384 mismatch_count=16384 first_index=0 actual_bits=0xbdc4d6ad expected_bits=0xbdb73c3f max_abs=0.042433738708496094 max_rel=1.9797079119434733 max_ulp=2021168898
FIRST_DIVERGENCE_OBJECT row=3 layer=23 checkpoint=CP1 subobject=attn_norm result=MISMATCH elements=4096 mismatch_count=4096 first_index=0 actual_bits=0xbce31c5c expected_bits=0xbce1ad36 max_abs=0.00083281472325325012 max_rel=1.0460058549291189 max_ulp=1895682393
FIRST_DIVERGENCE_OBJECT row=3 layer=23 checkpoint=CP2-Q subobject=qr result=MISMATCH elements=1024 mismatch_count=1024 first_index=0 actual_bits=0x3e1cc287 expected_bits=0x3e1d1190 max_abs=0.0019311606884002686 max_rel=1.142085637135142 max_ulp=1904027649
FIRST_DIVERGENCE_OBJECT row=3 layer=23 checkpoint=CP2-KV-P subobject=kv_raw result=MISMATCH elements=512 mismatch_count=512 first_index=0 actual_bits=0xbe1ebabd expected_bits=0xbe1ea248 max_abs=0.0025044083595275879 max_rel=0.1715510358448544 max_ulp=2612736
FIRST_DIVERGENCE_OBJECT row=3 layer=23 checkpoint=CP2-KV-R subobject=raw_cache result=MISMATCH elements=512 mismatch_count=68 first_index=17 actual_bits=0x3f400000 expected_bits=0x3f300000 max_abs=0.125 max_rel=0.1875 max_ulp=3145728
FIRST_DIVERGENCE_OBJECT row=3 layer=23 checkpoint=CP3-F subobject=attn_state_kv result=MISMATCH elements=65536 mismatch_count=2048 first_index=8192 actual_bits=0x3e4b28ac expected_bits=0x3e4b3152 max_abs=0.0012636780738830566 max_rel=0.83380074445844654 max_ulp=22270016
FIRST_DIVERGENCE_OBJECT row=3 layer=23 checkpoint=CP3-F subobject=attn_state_score result=MISMATCH elements=65536 mismatch_count=2048 first_index=8192 actual_bits=0xbdb64bc1 expected_bits=0xbdb54478 max_abs=0.0020229816436767578 max_rel=1.6437364228819695 max_ulp=1927820417
FIRST_DIVERGENCE_OBJECT row=3 layer=23 checkpoint=CP3-F subobject=layer_n_comp result=EXACT elements=1
FIRST_DIVERGENCE_OBJECT row=3 layer=23 checkpoint=CP4 subobject=after_attn_hc result=MISMATCH elements=16384 mismatch_count=16384 first_index=0 actual_bits=0xbdbd41f3 expected_bits=0xbdb0607b max_abs=0.040555953979492188 max_rel=1.9456994793825531 max_ulp=2018209649
FIRST_DIVERGENCE_OBJECT row=3 layer=23 checkpoint=CP5 subobject=layer_output result=MISMATCH elements=16384 mismatch_count=16384 first_index=0 actual_bits=0xbdbea67c expected_bits=0xbdb230aa max_abs=0.039448738098144531 max_rel=1.9839519190215098 max_ulp=2016705732
FIRST_DIVERGENCE_OBJECT row=3 layer=24 checkpoint=CP1 subobject=attn_norm result=MISMATCH elements=4096 mismatch_count=4096 first_index=0 actual_bits=0xbd4c2fad expected_bits=0xbd4a0d0f max_abs=0.0092386007308959961 max_rel=1.8158613866352467 max_ulp=1938749945
FIRST_DIVERGENCE_OBJECT row=3 layer=24 checkpoint=CP2-Q subobject=qr result=MISMATCH elements=1024 mismatch_count=1024 first_index=0 actual_bits=0xbefd26fc expected_bits=0xbefd9832 max_abs=0.0029023140668869019 max_rel=1.9615759966777409 max_ulp=1951994305
FIRST_DIVERGENCE_OBJECT row=3 layer=24 checkpoint=CP2-KV-P subobject=kv_raw result=MISMATCH elements=512 mismatch_count=512 first_index=0 actual_bits=0xbe8bcc99 expected_bits=0xbe8b7ba2 max_abs=0.0025897696614265442 max_rel=0.82736198389770776 max_ulp=20767104
FIRST_DIVERGENCE_OBJECT row=3 layer=24 checkpoint=CP2-KV-R subobject=raw_cache result=MISMATCH elements=512 mismatch_count=106 first_index=7 actual_bits=0xbe700000 expected_bits=0xbe600000 max_abs=0.125 max_rel=0.81818181818181823 max_ulp=19922944
FIRST_DIVERGENCE_OBJECT row=3 layer=24 checkpoint=CP3-F subobject=attn_state_kv result=MISMATCH elements=8192 mismatch_count=8190 first_index=0 actual_bits=0xbe5a5b12 expected_bits=0xbe5a5cb7 max_abs=0.0046769827604293823 max_rel=1.7715747498307126 max_ulp=1934561217
FIRST_DIVERGENCE_OBJECT row=3 layer=24 checkpoint=CP3-F subobject=attn_state_score result=MISMATCH elements=8192 mismatch_count=8192 first_index=0 actual_bits=0xc011b153 expected_bits=0xc011a085 max_abs=0.012993335723876953 max_rel=1.2265253499430715 max_ulp=1981148673
FIRST_DIVERGENCE_OBJECT row=3 layer=24 checkpoint=CP3-F subobject=layer_n_comp result=EXACT elements=1
FIRST_DIVERGENCE_OBJECT row=3 layer=24 checkpoint=CP3-F subobject=attn_cache result=MISMATCH elements=512 mismatch_count=81 first_index=8 actual_raw=0x1500 expected_raw=0x9200 max_abs=undefined max_rel=undefined max_ulp=undefined
FIRST_DIVERGENCE_OBJECT row=3 layer=24 checkpoint=CP3-F subobject=index_state_kv result=MISMATCH elements=2048 mismatch_count=2048 first_index=0 actual_bits=0xbdb2dc1c expected_bits=0xbdb330f4 max_abs=0.0046981126070022583 max_rel=0.72409620329753444 max_ulp=15407216
FIRST_DIVERGENCE_OBJECT row=3 layer=24 checkpoint=CP3-F subobject=index_state_score result=MISMATCH elements=2048 mismatch_count=2048 first_index=0 actual_bits=0xc0084a26 expected_bits=0xc008399b max_abs=0.012618601322174072 max_rel=0.53422674721702601 max_ulp=9102912
FIRST_DIVERGENCE_OBJECT row=3 layer=24 checkpoint=CP3-F subobject=layer_n_index_comp result=EXACT elements=1
FIRST_DIVERGENCE_OBJECT row=3 layer=24 checkpoint=CP3-F subobject=index_cache result=EXACT elements=128
FIRST_DIVERGENCE_OBJECT row=3 layer=24 checkpoint=CP4 subobject=after_attn_hc result=MISMATCH elements=16384 mismatch_count=16384 first_index=0 actual_bits=0x3eade079 expected_bits=0x3eb0151a max_abs=0.085231781005859375 max_rel=1.9988385607211232 max_ulp=2017574893
FIRST_DIVERGENCE_OBJECT row=3 layer=24 checkpoint=CP5 subobject=layer_output result=MISMATCH elements=16384 mismatch_count=16384 first_index=0 actual_bits=0x3de4a589 expected_bits=0x3ded96c0 max_abs=0.084490776062011719 max_rel=1.9066163470402155 max_ulp=2025579451
FIRST_DIVERGENCE_OBJECT row=3 layer=25 checkpoint=CP1 subobject=attn_norm result=MISMATCH elements=4096 mismatch_count=4096 first_index=0 actual_bits=0xbc7593ff expected_bits=0xbc74db10 max_abs=0.00026033073663711548 max_rel=1.5304982483588763 max_ulp=1899403494
FIRST_DIVERGENCE_OBJECT row=3 layer=25 checkpoint=CP2-Q subobject=qr result=MISMATCH elements=1024 mismatch_count=1024 first_index=0 actual_bits=0xbc996902 expected_bits=0xbc984bfe max_abs=0.00040481984615325928 max_rel=0.45255446490951245 max_ulp=7556304
FIRST_DIVERGENCE_OBJECT row=3 layer=25 checkpoint=CP2-KV-P subobject=kv_raw result=MISMATCH elements=512 mismatch_count=512 first_index=0 actual_bits=0x3caff02c expected_bits=0x3cb0dc64 max_abs=0.00040416419506072998 max_rel=0.95840173952381991 max_ulp=39038528
FIRST_DIVERGENCE_OBJECT row=3 layer=25 checkpoint=CP2-KV-R subobject=raw_cache result=MISMATCH elements=512 mismatch_count=103 first_index=10 actual_bits=0x3ed00000 expected_bits=0x3ec00000 max_abs=0.125 max_rel=0.9598214285714286 max_ulp=38797312
FIRST_DIVERGENCE_OBJECT row=3 layer=25 checkpoint=CP3-F subobject=attn_state_kv result=MISMATCH elements=65536 mismatch_count=2048 first_index=8192 actual_bits=0x3d92a8c9 expected_bits=0x3d92b538 max_abs=0.00065667927265167236 max_rel=1.3976932361750638 max_ulp=1857667585
FIRST_DIVERGENCE_OBJECT row=3 layer=25 checkpoint=CP3-F subobject=attn_state_score result=MISMATCH elements=65536 mismatch_count=2048 first_index=8192 actual_bits=0xbd07dd10 expected_bits=0xbd07f85b max_abs=0.0011550635099411011 max_rel=1.451409736622203 max_ulp=1935692801
FIRST_DIVERGENCE_OBJECT row=3 layer=25 checkpoint=CP3-F subobject=layer_n_comp result=EXACT elements=1
FIRST_DIVERGENCE_OBJECT row=3 layer=25 checkpoint=CP4 subobject=after_attn_hc result=MISMATCH elements=16384 mismatch_count=16383 first_index=0 actual_bits=0x3df32714 expected_bits=0x3dfc30c5 max_abs=0.08504486083984375 max_rel=1.9508832037856025 max_ulp=2020118648
FIRST_DIVERGENCE_OBJECT row=3 layer=25 checkpoint=CP5 subobject=layer_output result=MISMATCH elements=16384 mismatch_count=16384 first_index=0 actual_bits=0x3f004995 expected_bits=0x3f016370 max_abs=0.081450939178466797 max_rel=1.9813675248155616 max_ulp=2027846089
FIRST_DIVERGENCE_OBJECT row=3 layer=26 checkpoint=CP1 subobject=attn_norm result=MISMATCH elements=4096 mismatch_count=4096 first_index=0 actual_bits=0xbd145220 expected_bits=0xbd13a0b4 max_abs=0.011933326721191406 max_rel=1.6819349495596514 max_ulp=1919436358
FIRST_DIVERGENCE_OBJECT row=3 layer=26 checkpoint=CP2-Q subobject=qr result=MISMATCH elements=1024 mismatch_count=1024 first_index=0 actual_bits=0x3d8cccee expected_bits=0x3d8cec81 max_abs=0.001414155587553978 max_rel=1.4605229820746153 max_ulp=1944283777
FIRST_DIVERGENCE_OBJECT row=3 layer=26 checkpoint=CP2-KV-P subobject=kv_raw result=MISMATCH elements=512 mismatch_count=512 first_index=0 actual_bits=0x3ce08034 expected_bits=0x3ce25680 max_abs=0.0012553483247756958 max_rel=1.167340608209162 max_ulp=1902193409
FIRST_DIVERGENCE_OBJECT row=3 layer=26 checkpoint=CP2-KV-R subobject=raw_cache result=MISMATCH elements=512 mismatch_count=115 first_index=2 actual_bits=0x3d500000 expected_bits=0x3d700000 max_abs=0.0625 max_rel=1.1666666666666667 max_ulp=1950351361
FIRST_DIVERGENCE_OBJECT row=3 layer=26 checkpoint=CP3-F subobject=attn_state_kv result=MISMATCH elements=8192 mismatch_count=8192 first_index=0 actual_bits=0xbe8c7f7b expected_bits=0xbe8c7bee max_abs=0.0020666718482971191 max_rel=1.6483670976514784 max_ulp=1927717121
FIRST_DIVERGENCE_OBJECT row=3 layer=26 checkpoint=CP3-F subobject=attn_state_score result=MISMATCH elements=8192 mismatch_count=8192 first_index=0 actual_bits=0x3e189134 expected_bits=0x3e1b5d1c max_abs=0.0099637508392333984 max_rel=1.2385105315375931 max_ulp=1968089601
FIRST_DIVERGENCE_OBJECT row=3 layer=26 checkpoint=CP3-F subobject=layer_n_comp result=EXACT elements=1
FIRST_DIVERGENCE_OBJECT row=3 layer=26 checkpoint=CP3-F subobject=attn_cache result=MISMATCH elements=512 mismatch_count=43 first_index=43 actual_raw=0x9400 expected_raw=0x9480 max_abs=undefined max_rel=undefined max_ulp=undefined
FIRST_DIVERGENCE_OBJECT row=3 layer=26 checkpoint=CP3-F subobject=index_state_kv result=MISMATCH elements=2048 mismatch_count=2048 first_index=0 actual_bits=0x3de7c649 expected_bits=0x3de78c8e max_abs=0.0015144050121307373 max_rel=1.9612737606504649 max_ulp=1904180865
FIRST_DIVERGENCE_OBJECT row=3 layer=26 checkpoint=CP3-F subobject=index_state_score result=MISMATCH elements=2048 mismatch_count=2048 first_index=0 actual_bits=0x3e48d18f expected_bits=0x3e4bf380 max_abs=0.012797832489013672 max_rel=1.7662617212199485 max_ulp=1976339553
FIRST_DIVERGENCE_OBJECT row=3 layer=26 checkpoint=CP3-F subobject=layer_n_index_comp result=EXACT elements=1
FIRST_DIVERGENCE_OBJECT row=3 layer=26 checkpoint=CP3-F subobject=index_cache result=EXACT elements=128
FIRST_DIVERGENCE_OBJECT row=3 layer=26 checkpoint=CP4 subobject=after_attn_hc result=MISMATCH elements=16384 mismatch_count=16384 first_index=0 actual_bits=0x3ee56206 expected_bits=0x3ee7c72f max_abs=0.079502105712890625 max_rel=1.6570949097925916 max_ulp=2012702056
FIRST_DIVERGENCE_OBJECT row=3 layer=26 checkpoint=CP5 subobject=layer_output result=MISMATCH elements=16384 mismatch_count=16384 first_index=0 actual_bits=0x3f887c30 expected_bits=0x3f891c33 max_abs=0.078723430633544922 max_rel=1.9711592405196552 max_ulp=2023482248
FIRST_DIVERGENCE_OBJECT row=3 layer=27 checkpoint=CP1 subobject=attn_norm result=MISMATCH elements=4096 mismatch_count=4096 first_index=0 actual_bits=0x3bcf13ed expected_bits=0x3bd19f34 max_abs=0.00057747960090637207 max_rel=1.9790424304461334 max_ulp=1915546294
FIRST_DIVERGENCE_OBJECT row=3 layer=27 checkpoint=CP2-Q subobject=qr result=MISMATCH elements=1024 mismatch_count=1024 first_index=0 actual_bits=0x3bb7e78a expected_bits=0x3bbf4c98 max_abs=0.00074116885662078857 max_rel=1.7553954120132811 max_ulp=1932801217
FIRST_DIVERGENCE_OBJECT row=3 layer=27 checkpoint=CP2-KV-P subobject=kv_raw result=MISMATCH elements=512 mismatch_count=512 first_index=0 actual_bits=0xbe3079c6 expected_bits=0xbe2feadd max_abs=0.0010389313101768494 max_rel=1.6039678681982144 max_ulp=1926308353
FIRST_DIVERGENCE_OBJECT row=3 layer=27 checkpoint=CP2-KV-R subobject=raw_cache result=MISMATCH elements=512 mismatch_count=105 first_index=12 actual_bits=0xbfb00000 expected_bits=0xbfa00000 max_abs=0.125 max_rel=1.3571428571428572 max_ulp=1983610881
FIRST_DIVERGENCE_OBJECT row=3 layer=27 checkpoint=CP3-F subobject=attn_state_kv result=MISMATCH elements=65536 mismatch_count=2048 first_index=8192 actual_bits=0xbc941f51 expected_bits=0xbc92c48a max_abs=0.0011083781719207764 max_rel=1.3264184936340633 max_ulp=1921543745
FIRST_DIVERGENCE_OBJECT row=3 layer=27 checkpoint=CP3-F subobject=attn_state_score result=MISMATCH elements=65536 mismatch_count=2047 first_index=8192 actual_bits=0xbde74f92 expected_bits=0xbde81cc7 max_abs=0.0017025768756866455 max_rel=0.64945164356077179 max_ulp=12192896
FIRST_DIVERGENCE_OBJECT row=3 layer=27 checkpoint=CP3-F subobject=layer_n_comp result=EXACT elements=1
FIRST_DIVERGENCE_OBJECT row=3 layer=27 checkpoint=CP4 subobject=after_attn_hc result=MISMATCH elements=16384 mismatch_count=16383 first_index=0 actual_bits=0x3f964659 expected_bits=0x3f968a05 max_abs=0.074013710021972656 max_rel=1.8779973254811393 max_ulp=2020272984
FIRST_DIVERGENCE_OBJECT row=3 layer=27 checkpoint=CP5 subobject=layer_output result=MISMATCH elements=16384 mismatch_count=16384 first_index=0 actual_bits=0x3fdf714b expected_bits=0x3fdfef2a max_abs=0.07459259033203125 max_rel=1.8987184143056113 max_ulp=2033382606
FIRST_DIVERGENCE_OBJECT row=3 layer=28 checkpoint=CP1 subobject=attn_norm result=MISMATCH elements=4096 mismatch_count=4096 first_index=0 actual_bits=0x3d2e8a1f expected_bits=0x3d2f3f94 max_abs=0.0091691017150878906 max_rel=0.96420757949314939 max_ulp=40362754
FIRST_DIVERGENCE_OBJECT row=3 layer=28 checkpoint=CP2-Q subobject=qr result=MISMATCH elements=1024 mismatch_count=1024 first_index=0 actual_bits=0x3e015aae expected_bits=0x3e015a84 max_abs=0.0010623037815093994 max_rel=1.4851151195189911 max_ulp=1898174465
FIRST_DIVERGENCE_OBJECT row=3 layer=28 checkpoint=CP2-KV-P subobject=kv_raw result=MISMATCH elements=512 mismatch_count=512 first_index=0 actual_bits=0x3e0bfc14 expected_bits=0x3e0be259 max_abs=0.0011341869831085205 max_rel=0.56961592434051489 max_ulp=10655552
FIRST_DIVERGENCE_OBJECT row=3 layer=28 checkpoint=CP2-KV-R subobject=raw_cache result=MISMATCH elements=512 mismatch_count=102 first_index=2 actual_bits=0xbd600000 expected_bits=0xbd700000 max_abs=0.125 max_rel=0.5714285714285714 max_ulp=10485760
FIRST_DIVERGENCE_OBJECT row=3 layer=28 checkpoint=CP3-F subobject=attn_state_kv result=MISMATCH elements=8192 mismatch_count=8192 first_index=0 actual_bits=0x3d88c6bc expected_bits=0x3d889c58 max_abs=0.0015410184860229492 max_rel=1.2315263563838972 max_ulp=1917241729
FIRST_DIVERGENCE_OBJECT row=3 layer=28 checkpoint=CP3-F subobject=attn_state_score result=MISMATCH elements=8192 mismatch_count=8190 first_index=0 actual_bits=0x3fbe9be4 expected_bits=0x3fbeed46 max_abs=0.0090503692626953125 max_rel=0.10149471666873089 max_ulp=996480
FIRST_DIVERGENCE_OBJECT row=3 layer=28 checkpoint=CP3-F subobject=layer_n_comp result=EXACT elements=1
FIRST_DIVERGENCE_OBJECT row=3 layer=28 checkpoint=CP3-F subobject=attn_cache result=MISMATCH elements=512 mismatch_count=62 first_index=47 actual_raw=0x9f00 expected_raw=0x9e00 max_abs=undefined max_rel=undefined max_ulp=undefined
FIRST_DIVERGENCE_OBJECT row=3 layer=28 checkpoint=CP3-F subobject=index_state_kv result=MISMATCH elements=2048 mismatch_count=2046 first_index=0 actual_bits=0xbe608b67 expected_bits=0xbe60a306 max_abs=0.0014133453369140625 max_rel=1.0902664440859111 max_ulp=1911073153
FIRST_DIVERGENCE_OBJECT row=3 layer=28 checkpoint=CP3-F subobject=index_state_score result=MISMATCH elements=2048 mismatch_count=2048 first_index=0 actual_bits=0x3fc0c15a expected_bits=0x3fc119af max_abs=0.0074810981750488281 max_rel=0.03041180478310284 max_ulp=321744
FIRST_DIVERGENCE_OBJECT row=3 layer=28 checkpoint=CP3-F subobject=layer_n_index_comp result=EXACT elements=1
FIRST_DIVERGENCE_OBJECT row=3 layer=28 checkpoint=CP3-F subobject=index_cache result=EXACT elements=128
FIRST_DIVERGENCE_OBJECT row=3 layer=28 checkpoint=CP4 subobject=after_attn_hc result=MISMATCH elements=16384 mismatch_count=16384 first_index=0 actual_bits=0x3fde61fa expected_bits=0x3fdedfb5 max_abs=0.077216148376464844 max_rel=1.9726174387521924 max_ulp=2030021790
FIRST_DIVERGENCE_OBJECT row=3 layer=28 checkpoint=CP5 subobject=layer_output result=MISMATCH elements=16384 mismatch_count=16384 first_index=0 actual_bits=0x3fd814d9 expected_bits=0x3fd83ee8 max_abs=0.077048301696777344 max_rel=1.7832810642347949 max_ulp=2017880555
FIRST_DIVERGENCE_OBJECT row=3 layer=29 checkpoint=CP1 subobject=attn_norm result=MISMATCH elements=4096 mismatch_count=4096 first_index=0 actual_bits=0xbcb2357f expected_bits=0xbcaf9bc0 max_abs=0.00074433162808418274 max_rel=1.9523878875844352 max_ulp=1928487548
FIRST_DIVERGENCE_OBJECT row=3 layer=29 checkpoint=CP2-Q subobject=qr result=MISMATCH elements=1024 mismatch_count=1024 first_index=0 actual_bits=0xbe308923 expected_bits=0xbe3076b6 max_abs=0.0011873133480548859 max_rel=1.6557834262039079 max_ulp=1913110209
FIRST_DIVERGENCE_OBJECT row=3 layer=29 checkpoint=CP2-KV-P subobject=kv_raw result=MISMATCH elements=512 mismatch_count=512 first_index=0 actual_bits=0xbc6048b4 expected_bits=0xbc60536e max_abs=0.0011853426694869995 max_rel=0.81866765482295623 max_ulp=20923856
FIRST_DIVERGENCE_OBJECT row=3 layer=29 checkpoint=CP2-KV-R subobject=raw_cache result=MISMATCH elements=512 mismatch_count=118 first_index=5 actual_bits=0x3dd00000 expected_bits=0x3dc00000 max_abs=0.125 max_rel=0.8214285714285714 max_ulp=20971520
FIRST_DIVERGENCE_OBJECT row=3 layer=29 checkpoint=CP3-F subobject=attn_state_kv result=MISMATCH elements=65536 mismatch_count=2048 first_index=8192 actual_bits=0x3e120052 expected_bits=0x3e11cda8 max_abs=0.0022543221712112427 max_rel=1.8486540874814874 max_ulp=1916755841
FIRST_DIVERGENCE_OBJECT row=3 layer=29 checkpoint=CP3-F subobject=attn_state_score result=MISMATCH elements=65536 mismatch_count=2048 first_index=8192 actual_bits=0x3dc24f60 expected_bits=0x3dc44ab8 max_abs=0.0058202743530273438 max_rel=1.3641648109032869 max_ulp=1966701793
FIRST_DIVERGENCE_OBJECT row=3 layer=29 checkpoint=CP3-F subobject=layer_n_comp result=EXACT elements=1
FIRST_DIVERGENCE_OBJECT row=3 layer=29 checkpoint=CP4 subobject=after_attn_hc result=MISMATCH elements=16384 mismatch_count=16384 first_index=0 actual_bits=0x3fd7ad51 expected_bits=0x3fd7d735 max_abs=0.091825485229492188 max_rel=1.9955495186127952 max_ulp=2021445829
FIRST_DIVERGENCE_OBJECT row=3 layer=29 checkpoint=CP5 subobject=layer_output result=MISMATCH elements=16384 mismatch_count=16384 first_index=0 actual_bits=0x3fab7237 expected_bits=0x3fab3e80 max_abs=0.09140777587890625 max_rel=1.9055129492087113 max_ulp=2023668711
FIRST_DIVERGENCE_OBJECT row=3 layer=30 checkpoint=CP1 subobject=attn_norm result=MISMATCH elements=4096 mismatch_count=4095 first_index=0 actual_bits=0xbd284591 expected_bits=0xbd263b47 max_abs=0.019335269927978516 max_rel=1.7561717622461388 max_ulp=1934812080
FIRST_DIVERGENCE_OBJECT row=3 layer=30 checkpoint=CP2-Q subobject=qr result=MISMATCH elements=1024 mismatch_count=1024 first_index=0 actual_bits=0xbd553bc8 expected_bits=0xbd53c412 max_abs=0.0021022558212280273 max_rel=0.76148437392709512 max_ulp=17419456
FIRST_DIVERGENCE_OBJECT row=3 layer=30 checkpoint=CP2-KV-P subobject=kv_raw result=MISMATCH elements=512 mismatch_count=512 first_index=0 actual_bits=0x3d826c8e expected_bits=0x3d819db9 max_abs=0.0023808181285858154 max_rel=1.2129728109184612 max_ulp=1945233217
FIRST_DIVERGENCE_OBJECT row=3 layer=30 checkpoint=CP2-KV-R subobject=raw_cache result=MISMATCH elements=512 mismatch_count=133 first_index=6 actual_bits=0x3e300000 expected_bits=0x3e200000 max_abs=0.125 max_rel=1.4307228915662651 max_ulp=1991573505
FIRST_DIVERGENCE_OBJECT row=3 layer=30 checkpoint=CP3-F subobject=attn_state_kv result=MISMATCH elements=8192 mismatch_count=8192 first_index=0 actual_bits=0xbca21a71 expected_bits=0xbca1f6da max_abs=0.0049665868282318115 max_rel=1.4960976062995783 max_ulp=1942947073
FIRST_DIVERGENCE_OBJECT row=3 layer=30 checkpoint=CP3-F subobject=attn_state_score result=MISMATCH elements=8192 mismatch_count=8192 first_index=0 actual_bits=0x3f4049f8 expected_bits=0x3f3fe71c max_abs=0.024086952209472656 max_rel=0.81141312379920194 max_ulp=19878912
FIRST_DIVERGENCE_OBJECT row=3 layer=30 checkpoint=CP3-F subobject=layer_n_comp result=EXACT elements=1
FIRST_DIVERGENCE_OBJECT row=3 layer=30 checkpoint=CP3-F subobject=attn_cache result=MISMATCH elements=512 mismatch_count=74 first_index=9 actual_raw=0x1d80 expected_raw=0x1e80 max_abs=undefined max_rel=undefined max_ulp=undefined
FIRST_DIVERGENCE_OBJECT row=3 layer=30 checkpoint=CP3-F subobject=index_state_kv result=MISMATCH elements=2048 mismatch_count=2048 first_index=0 actual_bits=0x3bac9784 expected_bits=0x3bb260e0 max_abs=0.0045758485794067383 max_rel=1.3720102291530862 max_ulp=1943764097
FIRST_DIVERGENCE_OBJECT row=3 layer=30 checkpoint=CP3-F subobject=index_state_score result=MISMATCH elements=2048 mismatch_count=2048 first_index=0 actual_bits=0x3eed10e6 expected_bits=0x3eebd89c max_abs=0.024144172668457031 max_rel=1.035421870663336 max_ulp=1935699969
FIRST_DIVERGENCE_OBJECT row=3 layer=30 checkpoint=CP3-F subobject=layer_n_index_comp result=EXACT elements=1
FIRST_DIVERGENCE_OBJECT row=3 layer=30 checkpoint=CP3-F subobject=index_cache result=MISMATCH elements=128 mismatch_count=1 first_index=81 actual_bits=0x3e800000 expected_bits=0x00000000 max_abs=0.25 max_rel=1 max_ulp=1048576000
FIRST_DIVERGENCE_OBJECT row=3 layer=30 checkpoint=CP4 subobject=after_attn_hc result=MISMATCH elements=16384 mismatch_count=16384 first_index=0 actual_bits=0x3fa5f719 expected_bits=0x3fa52c72 max_abs=0.11122989654541016 max_rel=1.8992685270994223 max_ulp=2040707632
FIRST_DIVERGENCE_OBJECT row=3 layer=30 checkpoint=CP5 subobject=layer_output result=MISMATCH elements=16384 mismatch_count=16384 first_index=0 actual_bits=0x3fa236f3 expected_bits=0x3f9fa50c max_abs=0.16703784465789795 max_rel=1.9879171396068014 max_ulp=2057109665
FIRST_DIVERGENCE_OBJECT row=3 layer=31 checkpoint=CP1 subobject=attn_norm result=MISMATCH elements=4096 mismatch_count=4096 first_index=0 actual_bits=0x3bf0e0f7 expected_bits=0x3be57572 max_abs=0.0034196414053440094 max_rel=1.8385625831115755 max_ulp=1963619880
FIRST_DIVERGENCE_OBJECT row=3 layer=31 checkpoint=CP2-Q subobject=qr result=MISMATCH elements=1024 mismatch_count=1024 first_index=0 actual_bits=0xbd541984 expected_bits=0xbd591a80 max_abs=0.007212955504655838 max_rel=1.9943886324554259 max_ulp=1971723921
FIRST_DIVERGENCE_OBJECT row=3 layer=31 checkpoint=CP2-KV-P subobject=kv_raw result=MISMATCH elements=512 mismatch_count=512 first_index=0 actual_bits=0x3c07b321 expected_bits=0x3c21b193 max_abs=0.0043844729661941528 max_rel=1.6878113546615463 max_ulp=1976001617
FIRST_DIVERGENCE_OBJECT row=3 layer=31 checkpoint=CP2-KV-R subobject=raw_cache result=MISMATCH elements=512 mismatch_count=220 first_index=0 actual_bits=0x3dd00000 expected_bits=0x3df00000 max_abs=0.25 max_rel=1.6428571428571428 max_ulp=2035286017
FIRST_DIVERGENCE_OBJECT row=3 layer=31 checkpoint=CP3-F subobject=attn_state_kv result=MISMATCH elements=65536 mismatch_count=2048 first_index=8192 actual_bits=0x3c0d595d expected_bits=0x3c0fee84 max_abs=0.0041390508413314819 max_rel=1.228178662907895 max_ulp=1953610049
FIRST_DIVERGENCE_OBJECT row=3 layer=31 checkpoint=CP3-F subobject=attn_state_score result=MISMATCH elements=65536 mismatch_count=2048 first_index=8192 actual_bits=0xbd92dc6a expected_bits=0xbd9281ba max_abs=0.017670750617980957 max_rel=1.0578082474204893 max_ulp=1941583569
FIRST_DIVERGENCE_OBJECT row=3 layer=31 checkpoint=CP3-F subobject=layer_n_comp result=EXACT elements=1
FIRST_DIVERGENCE_OBJECT row=3 layer=31 checkpoint=CP4 subobject=after_attn_hc result=MISMATCH elements=16384 mismatch_count=16384 first_index=0 actual_bits=0x3f88d7bc expected_bits=0x3f84fd6a max_abs=0.16644918918609619 max_rel=1.966896315276593 max_ulp=2060707440
FIRST_DIVERGENCE_OBJECT row=3 layer=31 checkpoint=CP5 subobject=layer_output result=MISMATCH elements=16384 mismatch_count=16384 first_index=0 actual_bits=0x3fad5655 expected_bits=0x3fa91abe max_abs=0.18078792095184326 max_rel=1.9711218723168196 max_ulp=2064723492
FIRST_DIVERGENCE_OBJECT row=3 layer=32 checkpoint=CP1 subobject=attn_norm result=MISMATCH elements=4096 mismatch_count=4096 first_index=0 actual_bits=0x3c8eda80 expected_bits=0x3c87be4d max_abs=0.054567992687225342 max_rel=1.8622298657209904 max_ulp=1976506292
FIRST_DIVERGENCE_OBJECT row=3 layer=32 checkpoint=CP2-Q subobject=qr result=MISMATCH elements=1024 mismatch_count=1024 first_index=0 actual_bits=0x3de9afc5 expected_bits=0x3de476e0 max_abs=0.0081250518560409546 max_rel=1.6375263351405611 max_ulp=1979494657
FIRST_DIVERGENCE_OBJECT row=3 layer=32 checkpoint=CP2-KV-P subobject=kv_raw result=MISMATCH elements=512 mismatch_count=512 first_index=0 actual_bits=0x3dd3319c expected_bits=0x3dd32ee8 max_abs=0.006471734493970871 max_rel=1.7183100073107489 max_ulp=1981981713
FIRST_DIVERGENCE_OBJECT row=3 layer=32 checkpoint=CP2-KV-R subobject=raw_cache result=MISMATCH elements=512 mismatch_count=230 first_index=1 actual_bits=0xbe600000 expected_bits=0xbe400000 max_abs=0.125 max_rel=1.7333333333333334 max_ulp=2030043137
FIRST_DIVERGENCE_OBJECT row=3 layer=32 checkpoint=CP3-F subobject=attn_state_kv result=MISMATCH elements=8192 mismatch_count=8192 first_index=0 actual_bits=0xbcc9c99a expected_bits=0xbccdaaea max_abs=0.0065015703439712524 max_rel=1.9816246250252851 max_ulp=1972042001
FIRST_DIVERGENCE_OBJECT row=3 layer=32 checkpoint=CP3-F subobject=attn_state_score result=MISMATCH elements=8192 mismatch_count=8192 first_index=0 actual_bits=0xbfdb9de0 expected_bits=0xbfdd2a83 max_abs=0.047706633806228638 max_rel=1.9877924392689774 max_ulp=2035490657
FIRST_DIVERGENCE_OBJECT row=3 layer=32 checkpoint=CP3-F subobject=layer_n_comp result=EXACT elements=1
FIRST_DIVERGENCE_OBJECT row=3 layer=32 checkpoint=CP3-F subobject=attn_cache result=MISMATCH elements=512 mismatch_count=49 first_index=20 actual_raw=0x3300 expected_raw=0x3380 max_abs=undefined max_rel=undefined max_ulp=undefined
FIRST_DIVERGENCE_OBJECT row=3 layer=32 checkpoint=CP3-F subobject=index_state_kv result=MISMATCH elements=2048 mismatch_count=2048 first_index=0 actual_bits=0x3e114971 expected_bits=0x3e1129ba max_abs=0.009141337126493454 max_rel=1.1834111329585253 max_ulp=1939871633
FIRST_DIVERGENCE_OBJECT row=3 layer=32 checkpoint=CP3-F subobject=index_state_score result=MISMATCH elements=2048 mismatch_count=2048 first_index=0 actual_bits=0xbfebd91a expected_bits=0xbfed51b2 max_abs=0.054000139236450195 max_rel=1.7874294757241096 max_ulp=2033786405
FIRST_DIVERGENCE_OBJECT row=3 layer=32 checkpoint=CP3-F subobject=layer_n_index_comp result=EXACT elements=1
FIRST_DIVERGENCE_OBJECT row=3 layer=32 checkpoint=CP3-F subobject=index_cache result=EXACT elements=128
FIRST_DIVERGENCE_OBJECT row=3 layer=32 checkpoint=CP4 subobject=after_attn_hc result=MISMATCH elements=16384 mismatch_count=16384 first_index=0 actual_bits=0x3fb071f3 expected_bits=0x3fac6318 max_abs=0.17529824376106262 max_rel=1.991622875128201 max_ulp=2062873014
FIRST_DIVERGENCE_OBJECT row=3 layer=32 checkpoint=CP5 subobject=layer_output result=MISMATCH elements=16384 mismatch_count=16384 first_index=0 actual_bits=0x3f9496cf expected_bits=0x3f92019c max_abs=0.19685077667236328 max_rel=1.9758361236541877 max_ulp=2073077423
FIRST_DIVERGENCE_OBJECT row=3 layer=33 checkpoint=CP1 subobject=attn_norm result=MISMATCH elements=4096 mismatch_count=4096 first_index=0 actual_bits=0xba9678d6 expected_bits=0xbab2aafe max_abs=0.0036324607208371162 max_rel=1.9885547309619946 max_ulp=1963552778
FIRST_DIVERGENCE_OBJECT row=3 layer=33 checkpoint=CP2-Q subobject=qr result=MISMATCH elements=1024 mismatch_count=1024 first_index=0 actual_bits=0xbd8fa748 expected_bits=0xbd8f24ee max_abs=0.0041094105690717697 max_rel=1.893122433510749 max_ulp=1964339665
FIRST_DIVERGENCE_OBJECT row=3 layer=33 checkpoint=CP2-KV-P subobject=kv_raw result=MISMATCH elements=512 mismatch_count=512 first_index=0 actual_bits=0x3d25a274 expected_bits=0x3d1eb3d6 max_abs=0.0041491575539112091 max_rel=1.9646457393951577 max_ulp=1955648129
FIRST_DIVERGENCE_OBJECT row=3 layer=33 checkpoint=CP2-KV-R subobject=raw_cache result=MISMATCH elements=512 mismatch_count=204 first_index=0 actual_bits=0x3ee00000 expected_bits=0x3ed00000 max_abs=0.125 max_rel=2 max_ulp=2013265921
FIRST_DIVERGENCE_OBJECT row=3 layer=33 checkpoint=CP3-F subobject=attn_state_kv result=MISMATCH elements=65536 mismatch_count=2048 first_index=8192 actual_bits=0x3d1c647d expected_bits=0x3d1c2876 max_abs=0.0061122328042984009 max_rel=1.8949989878399562 max_ulp=1971918977
FIRST_DIVERGENCE_OBJECT row=3 layer=33 checkpoint=CP3-F subobject=attn_state_score result=MISMATCH elements=65536 mismatch_count=2048 first_index=8192 actual_bits=0xbda6535c expected_bits=0xbda66587 max_abs=0.0082450509071350098 max_rel=1.7745109719905552 max_ulp=1983904961
FIRST_DIVERGENCE_OBJECT row=3 layer=33 checkpoint=CP3-F subobject=layer_n_comp result=EXACT elements=1
FIRST_DIVERGENCE_OBJECT row=3 layer=33 checkpoint=CP4 subobject=after_attn_hc result=MISMATCH elements=16384 mismatch_count=16384 first_index=0 actual_bits=0x3f943012 expected_bits=0x3f91a0dd max_abs=0.6404232457280159 max_rel=1.9640365782037337 max_ulp=2096410055
FIRST_DIVERGENCE_OBJECT row=3 layer=33 checkpoint=CP5 subobject=layer_output result=MISMATCH elements=16384 mismatch_count=16384 first_index=0 actual_bits=0x3ffc9010 expected_bits=0x3ff8893d max_abs=0.62988823652267456 max_rel=1.9604519015838049 max_ulp=2101510327
FIRST_DIVERGENCE_OBJECT row=3 layer=34 checkpoint=CP1 subobject=attn_norm result=MISMATCH elements=4096 mismatch_count=4096 first_index=0 actual_bits=0x3d065190 expected_bits=0x3d05206d max_abs=0.15002274513244629 max_rel=1.9781446474097486 max_ulp=1977384399
FIRST_DIVERGENCE_OBJECT row=3 layer=34 checkpoint=CP2-Q subobject=qr result=MISMATCH elements=1024 mismatch_count=1024 first_index=0 actual_bits=0x3e9186ed expected_bits=0x3e927381 max_abs=0.0084154605865478516 max_rel=1.5936962496347287 max_ulp=1973469025
FIRST_DIVERGENCE_OBJECT row=3 layer=34 checkpoint=CP2-KV-P subobject=kv_raw result=MISMATCH elements=512 mismatch_count=512 first_index=0 actual_bits=0x3e9dae6a expected_bits=0x3e9dd976 max_abs=0.0083891451358795166 max_rel=1.2633401697752118 max_ulp=1991786377
FIRST_DIVERGENCE_OBJECT row=3 layer=34 checkpoint=CP2-KV-R subobject=raw_cache result=MISMATCH elements=512 mismatch_count=235 first_index=2 actual_bits=0x3e600000 expected_bits=0x3e700000 max_abs=0.25 max_rel=1.2708333333333333 max_ulp=2038431745
FIRST_DIVERGENCE_OBJECT row=3 layer=34 checkpoint=CP3-F subobject=attn_state_kv result=MISMATCH elements=8192 mismatch_count=8192 first_index=0 actual_bits=0x3e017a4b expected_bits=0x3e00d8be max_abs=0.010259836912155151 max_rel=1.836664836761714 max_ulp=1977246025
FIRST_DIVERGENCE_OBJECT row=3 layer=34 checkpoint=CP3-F subobject=attn_state_score result=MISMATCH elements=8192 mismatch_count=8192 first_index=0 actual_bits=0x4025c229 expected_bits=0x4023161c max_abs=0.1873052716255188 max_rel=1.9975983306227103 max_ulp=2061147413
FIRST_DIVERGENCE_OBJECT row=3 layer=34 checkpoint=CP3-F subobject=layer_n_comp result=EXACT elements=1
FIRST_DIVERGENCE_OBJECT row=3 layer=34 checkpoint=CP3-F subobject=attn_cache result=MISMATCH elements=512 mismatch_count=96 first_index=6 actual_raw=0xaf00 expected_raw=0xae80 max_abs=undefined max_rel=undefined max_ulp=undefined
FIRST_DIVERGENCE_OBJECT row=3 layer=34 checkpoint=CP3-F subobject=index_state_kv result=MISMATCH elements=2048 mismatch_count=2048 first_index=0 actual_bits=0x3e6dd3ae expected_bits=0x3e6d339a max_abs=0.0084570795297622681 max_rel=1.834685223929023 max_ulp=1977450401
FIRST_DIVERGENCE_OBJECT row=3 layer=34 checkpoint=CP3-F subobject=index_state_score result=MISMATCH elements=2048 mismatch_count=2048 first_index=0 actual_bits=0x401b3263 expected_bits=0x40189e2b max_abs=0.19000154733657837 max_rel=1.9374815073767835 max_ulp=2061389173
FIRST_DIVERGENCE_OBJECT row=3 layer=34 checkpoint=CP3-F subobject=layer_n_index_comp result=EXACT elements=1
FIRST_DIVERGENCE_OBJECT row=3 layer=34 checkpoint=CP3-F subobject=index_cache result=EXACT elements=128
FIRST_DIVERGENCE_OBJECT row=3 layer=34 checkpoint=CP4 subobject=after_attn_hc result=MISMATCH elements=16384 mismatch_count=16384 first_index=0 actual_bits=0x4016a143 expected_bits=0x401419a7 max_abs=0.62322336435317993 max_rel=1.8863961756990195 max_ulp=2100138655
FIRST_DIVERGENCE_OBJECT row=3 layer=34 checkpoint=CP5 subobject=layer_output result=MISMATCH elements=16384 mismatch_count=16384 first_index=0 actual_bits=0x40149428 expected_bits=0x40127d89 max_abs=0.60621103644371033 max_rel=1.9839867311805055 max_ulp=2067165231
FIRST_DIVERGENCE_OBJECT row=3 layer=35 checkpoint=CP1 subobject=attn_norm result=MISMATCH elements=4096 mismatch_count=4096 first_index=0 actual_bits=0x3d199a6a expected_bits=0x3d190d4a max_abs=0.0047198017127811909 max_rel=1.996158691561017 max_ulp=1971536973
FIRST_DIVERGENCE_OBJECT row=3 layer=35 checkpoint=CP2-Q subobject=qr result=MISMATCH elements=1024 mismatch_count=1024 first_index=0 actual_bits=0x3e20bc8c expected_bits=0x3e1c694c max_abs=0.0076934322714805603 max_rel=1.918001731182559 max_ulp=1973302177
FIRST_DIVERGENCE_OBJECT row=3 layer=35 checkpoint=CP2-KV-P subobject=kv_raw result=MISMATCH elements=512 mismatch_count=512 first_index=0 actual_bits=0x3be05c84 expected_bits=0x3c099898 max_abs=0.0079251974821090698 max_rel=1.9044772657193696 max_ulp=1989938369
FIRST_DIVERGENCE_OBJECT row=3 layer=35 checkpoint=CP2-KV-R subobject=raw_cache result=MISMATCH elements=512 mismatch_count=244 first_index=0 actual_bits=0x3d900000 expected_bits=0x3db00000 max_abs=0.25 max_rel=1.9230769230769231 max_ulp=2046820353
FIRST_DIVERGENCE_OBJECT row=3 layer=35 checkpoint=CP3-F subobject=attn_state_kv result=MISMATCH elements=65536 mismatch_count=2048 first_index=8192 actual_bits=0xbce61781 expected_bits=0xbce72835 max_abs=0.012134566903114319 max_rel=1.8280521642619312 max_ulp=1989436449
FIRST_DIVERGENCE_OBJECT row=3 layer=35 checkpoint=CP3-F subobject=attn_state_score result=MISMATCH elements=65536 mismatch_count=2048 first_index=8192 actual_bits=0xbe6dd74a expected_bits=0xbe6de46c max_abs=0.017510354518890381 max_rel=1.9962597419189982 max_ulp=1987160641
FIRST_DIVERGENCE_OBJECT row=3 layer=35 checkpoint=CP3-F subobject=layer_n_comp result=EXACT elements=1
FIRST_DIVERGENCE_OBJECT row=3 layer=35 checkpoint=CP4 subobject=after_attn_hc result=MISMATCH elements=16384 mismatch_count=16384 first_index=0 actual_bits=0x40136040 expected_bits=0x4011965d max_abs=0.58098606765270233 max_rel=1.989041149727774 max_ulp=2064567143
FIRST_DIVERGENCE_OBJECT row=3 layer=35 checkpoint=CP5 subobject=layer_output result=MISMATCH elements=16384 mismatch_count=16384 first_index=0 actual_bits=0x40113589 expected_bits=0x400f4608 max_abs=0.54893636703491211 max_rel=1.9863042169495526 max_ulp=2066605802
FIRST_DIVERGENCE_OBJECT row=3 layer=36 checkpoint=CP1 subobject=attn_norm result=MISMATCH elements=4096 mismatch_count=4096 first_index=0 actual_bits=0xbc8dde67 expected_bits=0xbc8d0e20 max_abs=0.014753818511962891 max_rel=1.9518903837474595 max_ulp=1955765923
FIRST_DIVERGENCE_OBJECT row=3 layer=36 checkpoint=CP2-Q subobject=qr result=MISMATCH elements=1024 mismatch_count=1024 first_index=0 actual_bits=0xbdb55d74 expected_bits=0xbdb3442c max_abs=0.0051338076591491699 max_rel=1.5176233141431519 max_ulp=1970515617
FIRST_DIVERGENCE_OBJECT row=3 layer=36 checkpoint=CP2-KV-P subobject=kv_raw result=MISMATCH elements=512 mismatch_count=512 first_index=0 actual_bits=0x3c41aaac expected_bits=0x3c43fdf5 max_abs=0.005339520052075386 max_rel=1.1716140188534945 max_ulp=1954924065
FIRST_DIVERGENCE_OBJECT row=3 layer=36 checkpoint=CP2-KV-R subobject=raw_cache result=MISMATCH elements=512 mismatch_count=205 first_index=1 actual_bits=0xbf900000 expected_bits=0xbf800000 max_abs=0.25 max_rel=1.1666666666666667 max_ulp=2000683009
FIRST_DIVERGENCE_OBJECT row=3 layer=36 checkpoint=CP3-F subobject=attn_state_kv result=MISMATCH elements=8192 mismatch_count=8192 first_index=0 actual_bits=0x3ce70930 expected_bits=0x3ce19d62 max_abs=0.0056800581514835358 max_rel=1.8592033769572329 max_ulp=1977451393
FIRST_DIVERGENCE_OBJECT row=3 layer=36 checkpoint=CP3-F subobject=attn_state_score result=MISMATCH elements=8192 mismatch_count=8192 first_index=0 actual_bits=0x3e42a561 expected_bits=0x3e47359a max_abs=0.020395159721374512 max_rel=1.9264836007550732 max_ulp=1995821313
FIRST_DIVERGENCE_OBJECT row=3 layer=36 checkpoint=CP3-F subobject=layer_n_comp result=EXACT elements=1
FIRST_DIVERGENCE_OBJECT row=3 layer=36 checkpoint=CP3-F subobject=attn_cache result=MISMATCH elements=512 mismatch_count=134 first_index=2 actual_raw=0xa500 expected_raw=0xa700 max_abs=undefined max_rel=undefined max_ulp=undefined
FIRST_DIVERGENCE_OBJECT row=3 layer=36 checkpoint=CP3-F subobject=index_state_kv result=MISMATCH elements=2048 mismatch_count=2048 first_index=0 actual_bits=0xbc8ac258 expected_bits=0xbc8d2a02 max_abs=0.0039798468351364136 max_rel=1.9478875087473757 max_ulp=1924593409
FIRST_DIVERGENCE_OBJECT row=3 layer=36 checkpoint=CP3-F subobject=index_state_score result=MISMATCH elements=2048 mismatch_count=2048 first_index=0 actual_bits=0xbe065d96 expected_bits=0xbe020a3b max_abs=0.021265923976898193 max_rel=1.2019898531653874 max_ulp=1993778849
FIRST_DIVERGENCE_OBJECT row=3 layer=36 checkpoint=CP3-F subobject=layer_n_index_comp result=EXACT elements=1
FIRST_DIVERGENCE_OBJECT row=3 layer=36 checkpoint=CP3-F subobject=index_cache result=MISMATCH elements=128 mismatch_count=3 first_index=61 actual_bits=0x3ec00000 expected_bits=0x3f000000 max_abs=0.25 max_rel=0.5 max_ulp=8388608
FIRST_DIVERGENCE_OBJECT row=3 layer=36 checkpoint=CP4 subobject=after_attn_hc result=MISMATCH elements=16384 mismatch_count=16384 first_index=0 actual_bits=0x402a236b expected_bits=0x40287e91 max_abs=0.33703804016113281 max_rel=1.9661026715815089 max_ulp=2076169769
FIRST_DIVERGENCE_OBJECT row=3 layer=36 checkpoint=CP5 subobject=layer_output result=MISMATCH elements=16384 mismatch_count=16384 first_index=0 actual_bits=0x3faf8504 expected_bits=0x3faaf12e max_abs=0.3338165283203125 max_rel=1.9922499113860823 max_ulp=2075920578
FIRST_DIVERGENCE_OBJECT row=3 layer=37 checkpoint=CP1 subobject=attn_norm result=MISMATCH elements=4096 mismatch_count=4096 first_index=0 actual_bits=0x3d76dccc expected_bits=0x3d747c6d max_abs=0.0058257784694433212 max_rel=1.9522236794102186 max_ulp=1984163379
FIRST_DIVERGENCE_OBJECT row=3 layer=37 checkpoint=CP2-Q subobject=qr result=MISMATCH elements=1024 mismatch_count=1024 first_index=0 actual_bits=0x3e8a3244 expected_bits=0x3e89709f max_abs=0.0091268792748451233 max_rel=1.8114602345952806 max_ulp=1963428417
FIRST_DIVERGENCE_OBJECT row=3 layer=37 checkpoint=CP2-KV-P subobject=kv_raw result=MISMATCH elements=512 mismatch_count=512 first_index=0 actual_bits=0xbe5280da expected_bits=0xbe4e32ca max_abs=0.011026263236999512 max_rel=1.1899928470221024 max_ulp=1978107009
FIRST_DIVERGENCE_OBJECT row=3 layer=37 checkpoint=CP2-KV-R subobject=raw_cache result=MISMATCH elements=512 mismatch_count=252 first_index=1 actual_bits=0xbe000000 expected_bits=0xbe200000 max_abs=0.125 max_rel=1.2 max_ulp=2015363073
FIRST_DIVERGENCE_OBJECT row=3 layer=37 checkpoint=CP3-F subobject=attn_state_kv result=MISMATCH elements=65536 mismatch_count=2048 first_index=8192 actual_bits=0xbbcf7a50 expected_bits=0xbbd25e3e max_abs=0.0064516067504882812 max_rel=1.8593129005930971 max_ulp=1955969025
FIRST_DIVERGENCE_OBJECT row=3 layer=37 checkpoint=CP3-F subobject=attn_state_score result=MISMATCH elements=65536 mismatch_count=2048 first_index=8192 actual_bits=0xbe613e20 expected_bits=0xbe605df8 max_abs=0.025802254676818848 max_rel=0.88410653474573331 max_ulp=26106432
FIRST_DIVERGENCE_OBJECT row=3 layer=37 checkpoint=CP3-F subobject=layer_n_comp result=EXACT elements=1
FIRST_DIVERGENCE_OBJECT row=3 layer=37 checkpoint=CP4 subobject=after_attn_hc result=MISMATCH elements=16384 mismatch_count=16384 first_index=0 actual_bits=0x3fae28a7 expected_bits=0x3fa8e6c0 max_abs=0.33314604312181473 max_rel=1.9993067517200842 max_ulp=2074494936
FIRST_DIVERGENCE_OBJECT row=3 layer=37 checkpoint=CP5 subobject=layer_output result=MISMATCH elements=16384 mismatch_count=16384 first_index=0 actual_bits=0x3f5e968d expected_bits=0x3f4c96f9 max_abs=0.33279180526733398 max_rel=1.9825428388704038 max_ulp=2078560631
FIRST_DIVERGENCE_OBJECT row=3 layer=38 checkpoint=CP1 subobject=attn_norm result=MISMATCH elements=4096 mismatch_count=4096 first_index=0 actual_bits=0x3d1d18b3 expected_bits=0x3d13ee94 max_abs=0.0069322213530540466 max_rel=1.9995090315230475 max_ulp=1984282828
FIRST_DIVERGENCE_OBJECT row=3 layer=38 checkpoint=CP2-Q subobject=qr result=MISMATCH elements=1024 mismatch_count=1024 first_index=0 actual_bits=0xbe1d5ff2 expected_bits=0xbe1dadc9 max_abs=0.01131950318813324 max_rel=1.9833697378872122 max_ulp=1971887873
FIRST_DIVERGENCE_OBJECT row=3 layer=38 checkpoint=CP2-KV-P subobject=kv_raw result=MISMATCH elements=512 mismatch_count=512 first_index=0 actual_bits=0xbe1d60ad expected_bits=0xbe2275f7 max_abs=0.014535188674926758 max_rel=1.3647673894004937 max_ulp=1970282625
FIRST_DIVERGENCE_OBJECT row=3 layer=38 checkpoint=CP2-KV-R subobject=raw_cache result=MISMATCH elements=512 mismatch_count=230 first_index=3 actual_bits=0xbd700000 expected_bits=0xbd500000 max_abs=0.125 max_rel=1.3666666666666667 max_ulp=2004877313
FIRST_DIVERGENCE_OBJECT row=3 layer=38 checkpoint=CP3-F subobject=attn_state_kv result=MISMATCH elements=8192 mismatch_count=8192 first_index=0 actual_bits=0xbd965618 expected_bits=0xbd991790 max_abs=0.018375813961029053 max_rel=1.9237099657606884 max_ulp=1993593297
FIRST_DIVERGENCE_OBJECT row=3 layer=38 checkpoint=CP3-F subobject=attn_state_score result=MISMATCH elements=8192 mismatch_count=8192 first_index=0 actual_bits=0xc02f7be1 expected_bits=0xc0302421 max_abs=0.027193307876586914 max_rel=1.5328084638297346 max_ulp=2001043233
FIRST_DIVERGENCE_OBJECT row=3 layer=38 checkpoint=CP3-F subobject=layer_n_comp result=EXACT elements=1
FIRST_DIVERGENCE_OBJECT row=3 layer=38 checkpoint=CP3-F subobject=attn_cache result=MISMATCH elements=512 mismatch_count=112 first_index=13 actual_raw=0x3700 expected_raw=0x3680 max_abs=undefined max_rel=undefined max_ulp=undefined
FIRST_DIVERGENCE_OBJECT row=3 layer=38 checkpoint=CP3-F subobject=index_state_kv result=MISMATCH elements=2048 mismatch_count=2048 first_index=0 actual_bits=0x3dba1324 expected_bits=0x3dbb3282 max_abs=0.022149920463562012 max_rel=1.5563418727379339 max_ulp=1947739905
FIRST_DIVERGENCE_OBJECT row=3 layer=38 checkpoint=CP3-F subobject=index_state_score result=MISMATCH elements=2048 mismatch_count=2048 first_index=0 actual_bits=0xc02f2552 expected_bits=0xc02fb062 max_abs=0.026586771011352539 max_rel=0.373894033680361 max_ulp=5652048
FIRST_DIVERGENCE_OBJECT row=3 layer=38 checkpoint=CP3-F subobject=layer_n_index_comp result=EXACT elements=1
FIRST_DIVERGENCE_OBJECT row=3 layer=38 checkpoint=CP3-F subobject=index_cache result=MISMATCH elements=128 mismatch_count=2 first_index=5 actual_bits=0x80000000 expected_bits=0x00000000 max_abs=0.25 max_rel=0.33333333333333331 max_ulp=4194304
FIRST_DIVERGENCE_OBJECT row=3 layer=38 checkpoint=CP4 subobject=after_attn_hc result=MISMATCH elements=16384 mismatch_count=16384 first_index=0 actual_bits=0xba8b658d expected_bits=0xbd732efc max_abs=0.38214993476867676 max_rel=1.979426763907409 max_ulp=2077517002
FIRST_DIVERGENCE_OBJECT row=3 layer=38 checkpoint=CP5 subobject=layer_output result=MISMATCH elements=16384 mismatch_count=16384 first_index=0 actual_bits=0x3f26c5b7 expected_bits=0x3f18bcd9 max_abs=0.37870287895202637 max_rel=1.9903495288517206 max_ulp=2085036934
FIRST_DIVERGENCE_OBJECT row=3 layer=39 checkpoint=CP1 subobject=attn_norm result=MISMATCH elements=4096 mismatch_count=4096 first_index=0 actual_bits=0x3cce4f11 expected_bits=0x3cc16ce5 max_abs=0.005295678973197937 max_rel=1.9690474277157866 max_ulp=1971038788
FIRST_DIVERGENCE_OBJECT row=3 layer=39 checkpoint=CP2-Q subobject=qr result=MISMATCH elements=1024 mismatch_count=1024 first_index=0 actual_bits=0x3e5b886c expected_bits=0x3e5ccc59 max_abs=0.0073719620704650879 max_rel=1.9573003523793733 max_ulp=1981726345
FIRST_DIVERGENCE_OBJECT row=3 layer=39 checkpoint=CP2-KV-P subobject=kv_raw result=MISMATCH elements=512 mismatch_count=512 first_index=0 actual_bits=0x3e15876a expected_bits=0x3e0ff032 max_abs=0.011600829660892487 max_rel=1.7334540896075383 max_ulp=2004624081
FIRST_DIVERGENCE_OBJECT row=3 layer=39 checkpoint=CP2-KV-R subobject=raw_cache result=MISMATCH elements=512 mismatch_count=231 first_index=3 actual_bits=0x3f400000 expected_bits=0x3f300000 max_abs=0.125 max_rel=1.7 max_ulp=2046820353
FIRST_DIVERGENCE_OBJECT row=3 layer=39 checkpoint=CP3-F subobject=attn_state_kv result=MISMATCH elements=65536 mismatch_count=2048 first_index=8192 actual_bits=0x3ca620cc expected_bits=0x3ca53e4c max_abs=0.0098774731159210205 max_rel=1.5487404826596984 max_ulp=1968745793
FIRST_DIVERGENCE_OBJECT row=3 layer=39 checkpoint=CP3-F subobject=attn_state_score result=MISMATCH elements=65536 mismatch_count=2048 first_index=8192 actual_bits=0x3e52cfdc expected_bits=0x3e52acf1 max_abs=0.022806525230407715 max_rel=1.5827416367310283 max_ulp=1988251129
FIRST_DIVERGENCE_OBJECT row=3 layer=39 checkpoint=CP3-F subobject=layer_n_comp result=EXACT elements=1
FIRST_DIVERGENCE_OBJECT row=3 layer=39 checkpoint=CP4 subobject=after_attn_hc result=MISMATCH elements=16384 mismatch_count=16384 first_index=0 actual_bits=0x3f7547d0 expected_bits=0x3f699d3e max_abs=0.37109971046447754 max_rel=1.9907393614754421 max_ulp=2071467436
FIRST_DIVERGENCE_OBJECT row=3 layer=39 checkpoint=CP5 subobject=layer_output result=MISMATCH elements=16384 mismatch_count=16384 first_index=0 actual_bits=0x3f8c4995 expected_bits=0x3f863101 max_abs=0.3969273567199707 max_rel=1.997118329472233 max_ulp=2081498518
FIRST_DIVERGENCE_OBJECT row=3 layer=40 checkpoint=CP1 subobject=attn_norm result=MISMATCH elements=4096 mismatch_count=4096 first_index=0 actual_bits=0x3d015729 expected_bits=0x3cf90019 max_abs=0.043255805969238281 max_rel=1.9855377238679879 max_ulp=1971734430
FIRST_DIVERGENCE_OBJECT row=3 layer=40 checkpoint=CP2-Q subobject=qr result=MISMATCH elements=1024 mismatch_count=1024 first_index=0 actual_bits=0xbef3a58b expected_bits=0xbef5e4b2 max_abs=0.0068023987114429474 max_rel=1.3901525304741846 max_ulp=1962615617
FIRST_DIVERGENCE_OBJECT row=3 layer=40 checkpoint=CP2-KV-P subobject=kv_raw result=MISMATCH elements=512 mismatch_count=512 first_index=0 actual_bits=0xbd8e5270 expected_bits=0xbd8fe508 max_abs=0.0085681378841400146 max_rel=1.984207172179107 max_ulp=1985578956
FIRST_DIVERGENCE_OBJECT row=3 layer=40 checkpoint=CP2-KV-R subobject=raw_cache result=MISMATCH elements=512 mismatch_count=203 first_index=1 actual_bits=0x3ed00000 expected_bits=0x3ec00000 max_abs=0.25 max_rel=2 max_ulp=2032140289
FIRST_DIVERGENCE_OBJECT row=3 layer=40 checkpoint=CP3-F subobject=attn_state_kv result=MISMATCH elements=8192 mismatch_count=8192 first_index=0 actual_bits=0xbdfa57e3 expected_bits=0xbdf8b5fb max_abs=0.0096718668937683105 max_rel=1.7447101611868023 max_ulp=1976969201
FIRST_DIVERGENCE_OBJECT row=3 layer=40 checkpoint=CP3-F subobject=attn_state_score result=MISMATCH elements=8192 mismatch_count=8192 first_index=0 actual_bits=0x3f0fe211 expected_bits=0x3f0d8400 max_abs=0.058644294738769531 max_rel=1.1543795049462298 max_ulp=1985762913
FIRST_DIVERGENCE_OBJECT row=3 layer=40 checkpoint=CP3-F subobject=layer_n_comp result=EXACT elements=1
FIRST_DIVERGENCE_OBJECT row=3 layer=40 checkpoint=CP3-F subobject=attn_cache result=MISMATCH elements=512 mismatch_count=96 first_index=27 actual_raw=0x3700 expected_raw=0x3680 max_abs=undefined max_rel=undefined max_ulp=undefined
FIRST_DIVERGENCE_OBJECT row=3 layer=40 checkpoint=CP3-F subobject=index_state_kv result=MISMATCH elements=2048 mismatch_count=2048 first_index=0 actual_bits=0x3e6333f3 expected_bits=0x3e63d51e max_abs=0.01098218560218811 max_rel=0.6954256936052523 max_ulp=14534336
FIRST_DIVERGENCE_OBJECT row=3 layer=40 checkpoint=CP3-F subobject=index_state_score result=MISMATCH elements=2048 mismatch_count=2048 first_index=0 actual_bits=0x3f4b9258 expected_bits=0x3f495b50 max_abs=0.060232162475585938 max_rel=0.55392021843526584 max_ulp=9541248
FIRST_DIVERGENCE_OBJECT row=3 layer=40 checkpoint=CP3-F subobject=layer_n_index_comp result=EXACT elements=1
FIRST_DIVERGENCE_OBJECT row=3 layer=40 checkpoint=CP3-F subobject=index_cache result=EXACT elements=128
FIRST_DIVERGENCE_OBJECT row=3 layer=40 checkpoint=CP4 subobject=after_attn_hc result=MISMATCH elements=16384 mismatch_count=16384 first_index=0 actual_bits=0x3f8d2212 expected_bits=0x3f89aba9 max_abs=0.39401912689208984 max_rel=1.9987793423648306 max_ulp=2081205716
FIRST_DIVERGENCE_OBJECT row=3 layer=40 checkpoint=CP5 subobject=layer_output result=MISMATCH elements=16384 mismatch_count=16383 first_index=0 actual_bits=0x40a87684 expected_bits=0x40a77094 max_abs=0.40088129043579102 max_rel=1.989152306751985 max_ulp=2080317433
FIRST_DIVERGENCE_OBJECT row=3 layer=41 checkpoint=CP1 subobject=attn_norm result=MISMATCH elements=4096 mismatch_count=4096 first_index=0 actual_bits=0x3d86a5f5 expected_bits=0x3d85cb4c max_abs=0.0037486404180526733 max_rel=1.9344864986201404 max_ulp=1955095709
FIRST_DIVERGENCE_OBJECT row=3 layer=41 checkpoint=CP2-Q subobject=qr result=MISMATCH elements=1024 mismatch_count=1024 first_index=0 actual_bits=0xbeb6e439 expected_bits=0xbeb79a3e max_abs=0.0049441903829574585 max_rel=1.9381475445951286 max_ulp=1982077961
FIRST_DIVERGENCE_OBJECT row=3 layer=41 checkpoint=CP2-KV-P subobject=kv_raw result=MISMATCH elements=512 mismatch_count=512 first_index=0 actual_bits=0xbe652979 expected_bits=0xbe637d5e max_abs=0.0061733424663543701 max_rel=1.2412611694295916 max_ulp=1967254657
FIRST_DIVERGENCE_OBJECT row=3 layer=41 checkpoint=CP2-KV-R subobject=raw_cache result=MISMATCH elements=512 mismatch_count=187 first_index=1 actual_bits=0x3c900000 expected_bits=0xbb900000 max_abs=0.25 max_rel=1.25 max_ulp=2015363073
FIRST_DIVERGENCE_OBJECT row=3 layer=41 checkpoint=CP3-F subobject=attn_state_kv result=MISMATCH elements=65536 mismatch_count=2048 first_index=8192 actual_bits=0xbba01064 expected_bits=0xbbb40648 max_abs=0.0038711130619049072 max_rel=1.2264494304520428 max_ulp=1971089953
FIRST_DIVERGENCE_OBJECT row=3 layer=41 checkpoint=CP3-F subobject=attn_state_score result=MISMATCH elements=65536 mismatch_count=2048 first_index=8192 actual_bits=0x3b107cc8 expected_bits=0x3b4d5f70 max_abs=0.010171383619308472 max_rel=1.9397900465133382 max_ulp=1979606305
FIRST_DIVERGENCE_OBJECT row=3 layer=41 checkpoint=CP3-F subobject=layer_n_comp result=EXACT elements=1
FIRST_DIVERGENCE_OBJECT row=3 layer=41 checkpoint=CP4 subobject=after_attn_hc result=MISMATCH elements=16384 mismatch_count=16384 first_index=0 actual_bits=0x4096101d expected_bits=0x40954761 max_abs=0.40660405158996582 max_rel=1.9516651978488833 max_ulp=2086556579
FIRST_DIVERGENCE_OBJECT row=3 layer=41 checkpoint=CP5 subobject=layer_output result=MISMATCH elements=16384 mismatch_count=16384 first_index=0 actual_bits=0x40a6e285 expected_bits=0x40a5ad72 max_abs=0.41305971145629883 max_rel=1.9991956412948302 max_ulp=2086889055
FIRST_DIVERGENCE_OBJECT row=3 layer=42 checkpoint=CP1 subobject=attn_norm result=MISMATCH elements=4096 mismatch_count=4096 first_index=0 actual_bits=0x3a2d6ddf expected_bits=0x3a0d8efd max_abs=0.0092700421810150146 max_rel=1.9393939450579942 max_ulp=1975932763
FIRST_DIVERGENCE_OBJECT row=3 layer=42 checkpoint=CP2-Q subobject=qr result=MISMATCH elements=1024 mismatch_count=1024 first_index=0 actual_bits=0x3ddd6e40 expected_bits=0x3dda6fe8 max_abs=0.0053028911352157593 max_rel=1.8053402632769722 max_ulp=1975554417
FIRST_DIVERGENCE_OBJECT row=3 layer=42 checkpoint=CP2-KV-P subobject=kv_raw result=MISMATCH elements=512 mismatch_count=512 first_index=0 actual_bits=0xbdd2e10e expected_bits=0xbdd7359e max_abs=0.0050188899040222168 max_rel=1.8468959481972156 max_ulp=1966339169
FIRST_DIVERGENCE_OBJECT row=3 layer=42 checkpoint=CP2-KV-R subobject=raw_cache result=MISMATCH elements=512 mismatch_count=189 first_index=1 actual_bits=0xbf700000 expected_bits=0xbf600000 max_abs=0.125 max_rel=1.8181818181818181 max_ulp=2001731585
FIRST_DIVERGENCE_OBJECT row=3 layer=42 checkpoint=CP3-F subobject=attn_state_kv result=MISMATCH elements=8192 mismatch_count=8192 first_index=0 actual_bits=0x3e997bd7 expected_bits=0x3e99ff63 max_abs=0.0063295811414718628 max_rel=1.9792337079909093 max_ulp=1976893985
FIRST_DIVERGENCE_OBJECT row=3 layer=42 checkpoint=CP3-F subobject=attn_state_score result=MISMATCH elements=8192 mismatch_count=8192 first_index=0 actual_bits=0x3f4af57f expected_bits=0x3f4b2aae max_abs=0.025101542472839355 max_rel=1.9480084058347993 max_ulp=1997651329
FIRST_DIVERGENCE_OBJECT row=3 layer=42 checkpoint=CP3-F subobject=layer_n_comp result=EXACT elements=1
FIRST_DIVERGENCE_OBJECT row=3 layer=42 checkpoint=CP3-F subobject=attn_cache result=MISMATCH elements=512 mismatch_count=122 first_index=4 actual_raw=0x1d80 expected_raw=0x1e80 max_abs=undefined max_rel=undefined max_ulp=undefined
FIRST_DIVERGENCE_OBJECT row=3 layer=42 checkpoint=CP3-F subobject=index_state_kv result=MISMATCH elements=2048 mismatch_count=2048 first_index=0 actual_bits=0xbdadf694 expected_bits=0xbdad898a max_abs=0.0051686391234397888 max_rel=1.735610220818361 max_ulp=1971816969
FIRST_DIVERGENCE_OBJECT row=3 layer=42 checkpoint=CP3-F subobject=index_state_score result=MISMATCH elements=2048 mismatch_count=2048 first_index=0 actual_bits=0xbeef34f6 expected_bits=0xbef3d140 max_abs=0.022734522819519043 max_rel=1.2648459784223336 max_ulp=1948278593
FIRST_DIVERGENCE_OBJECT row=3 layer=42 checkpoint=CP3-F subobject=layer_n_index_comp result=EXACT elements=1
FIRST_DIVERGENCE_OBJECT row=3 layer=42 checkpoint=CP3-F subobject=index_cache result=EXACT elements=128
FIRST_DIVERGENCE_OBJECT row=3 layer=42 checkpoint=CP4 subobject=after_attn_hc result=MISMATCH elements=16384 mismatch_count=16384 first_index=0 actual_bits=0x4096ae78 expected_bits=0x4094fd2f max_abs=0.48027610778808594 max_rel=1.9909141550023464 max_ulp=2093677264
FIRST_DIVERGENCE_OBJECT row=3 layer=42 checkpoint=CP5 subobject=layer_output result=MISMATCH elements=16384 mismatch_count=16384 first_index=0 actual_bits=0x406cbf58 expected_bits=0x406980ca max_abs=0.91664886474609375 max_rel=1.957119649077609 max_ulp=2085248584
FIRST_DIVERGENCE_OBJECT row=4 layer=0 checkpoint=CP1 subobject=attn_norm result=EXACT elements=4096
FIRST_DIVERGENCE_OBJECT row=4 layer=0 checkpoint=CP2-Q subobject=qr result=MISMATCH elements=1024 mismatch_count=834 first_index=0 actual_bits=0xbcf034cc expected_bits=0xbcf034c0 max_abs=5.9604644775390625e-08 max_rel=0.0016550810989738498 max_ulp=20480
FIRST_DIVERGENCE_OBJECT row=4 layer=0 checkpoint=CP2-KV-P subobject=kv_raw result=MISMATCH elements=512 mismatch_count=443 first_index=0 actual_bits=0x3d038c75 expected_bits=0x3d038c72 max_abs=5.9604644775390625e-08 max_rel=0.0056285178236397749 max_ulp=49152
FIRST_DIVERGENCE_OBJECT row=4 layer=0 checkpoint=CP2-KV-R subobject=raw_cache result=EXACT elements=512
FIRST_DIVERGENCE_OBJECT row=4 layer=0 checkpoint=CP4 subobject=after_attn_hc result=MISMATCH elements=16384 mismatch_count=6231 first_index=0 actual_bits=0xbc29765c expected_bits=0xbc297634 max_abs=1.4342367649078369e-07 max_rel=0.0093667254982781091 max_ulp=89626
FIRST_DIVERGENCE_OBJECT row=4 layer=0 checkpoint=CP5 subobject=layer_output result=MISMATCH elements=16384 mismatch_count=11379 first_index=0 actual_bits=0xba899705 expected_bits=0xba8996cb max_abs=3.8743019104003906e-07 max_rel=0.047107546213588196 max_ulp=530380
FIRST_DIVERGENCE_OBJECT row=4 layer=1 checkpoint=CP1 subobject=attn_norm result=MISMATCH elements=4096 mismatch_count=3969 first_index=0 actual_bits=0x3ccf1f21 expected_bits=0x3ccf1f2d max_abs=1.3411045074462891e-07 max_rel=0.0078813293662093539 max_ulp=80126
FIRST_DIVERGENCE_OBJECT row=4 layer=1 checkpoint=CP2-Q subobject=qr result=MISMATCH elements=1024 mismatch_count=974 first_index=0 actual_bits=0x3dd06ee1 expected_bits=0x3dd06eec max_abs=2.384185791015625e-07 max_rel=0.0040016849199663012 max_ulp=38912
FIRST_DIVERGENCE_OBJECT row=4 layer=1 checkpoint=CP2-KV-P subobject=kv_raw result=MISMATCH elements=512 mismatch_count=491 first_index=0 actual_bits=0x3c62a20c expected_bits=0x3c62a1c6 max_abs=4.1723251342773438e-07 max_rel=0.00060142154182613451 max_ulp=8448
FIRST_DIVERGENCE_OBJECT row=4 layer=1 checkpoint=CP2-KV-R subobject=raw_cache result=EXACT elements=512
FIRST_DIVERGENCE_OBJECT row=4 layer=1 checkpoint=CP4 subobject=after_attn_hc result=MISMATCH elements=16384 mismatch_count=13445 first_index=1 actual_bits=0xbb92b63f expected_bits=0xbb92b5f9 max_abs=3.5762786865234375e-07 max_rel=0.00824895594280225 max_ulp=124585
FIRST_DIVERGENCE_OBJECT row=4 layer=1 checkpoint=CP5 subobject=layer_output result=MISMATCH elements=16384 mismatch_count=14873 first_index=0 actual_bits=0xbc488ba1 expected_bits=0xbc488b90 max_abs=4.4703483581542969e-07 max_rel=0.29542934921222858 max_ulp=4877100
FIRST_DIVERGENCE_OBJECT row=4 layer=2 checkpoint=CP1 subobject=attn_norm result=MISMATCH elements=4096 mismatch_count=4063 first_index=0 actual_bits=0xbd32cc57 expected_bits=0xbd32cc6f max_abs=2.384185791015625e-06 max_rel=0.0045052234377349577 max_ulp=56140
FIRST_DIVERGENCE_OBJECT row=4 layer=2 checkpoint=CP2-Q subobject=qr result=MISMATCH elements=1024 mismatch_count=1009 first_index=0 actual_bits=0xbd4d0d2f expected_bits=0xbd4d0d08 max_abs=8.6426734924316406e-07 max_rel=0.0027380365071534287 max_ulp=31488
FIRST_DIVERGENCE_OBJECT row=4 layer=2 checkpoint=CP2-KV-P subobject=kv_raw result=MISMATCH elements=512 mismatch_count=508 first_index=0 actual_bits=0x3da9630d expected_bits=0x3da962e7 max_abs=1.0132789611816406e-06 max_rel=0.00024856409846689214 max_ulp=3584
FIRST_DIVERGENCE_OBJECT row=4 layer=2 checkpoint=CP2-KV-R subobject=raw_cache result=EXACT elements=512
FIRST_DIVERGENCE_OBJECT row=4 layer=2 checkpoint=CP3-F subobject=attn_state_kv result=MISMATCH elements=8192 mismatch_count=8087 first_index=0 actual_bits=0x3e18ecd1 expected_bits=0x3e18ecbc max_abs=1.3411045074462891e-06 max_rel=0.0053493241956976967 max_ulp=71936
FIRST_DIVERGENCE_OBJECT row=4 layer=2 checkpoint=CP3-F subobject=attn_state_score result=MISMATCH elements=8192 mismatch_count=7944 first_index=0 actual_bits=0x3f080f62 expected_bits=0x3f080f64 max_abs=3.5762786865234375e-06 max_rel=0.0032352941176470589 max_ulp=45056
FIRST_DIVERGENCE_OBJECT row=4 layer=2 checkpoint=CP3-F subobject=layer_n_comp result=EXACT elements=1
FIRST_DIVERGENCE_OBJECT row=4 layer=2 checkpoint=CP3-F subobject=index_state_kv result=MISMATCH elements=2048 mismatch_count=2011 first_index=0 actual_bits=0xbe43b785 expected_bits=0xbe43b798 max_abs=1.735985279083252e-06 max_rel=0.00089283057051873452 max_ulp=9472
FIRST_DIVERGENCE_OBJECT row=4 layer=2 checkpoint=CP3-F subobject=index_state_score result=MISMATCH elements=2048 mismatch_count=1990 first_index=0 actual_bits=0xbef764a4 expected_bits=0xbef764ab max_abs=4.4107437133789062e-06 max_rel=0.00068323511828507989 max_ulp=8192
FIRST_DIVERGENCE_OBJECT row=4 layer=2 checkpoint=CP3-F subobject=layer_n_index_comp result=EXACT elements=1
FIRST_DIVERGENCE_OBJECT row=4 layer=2 checkpoint=CP4 subobject=after_attn_hc result=MISMATCH elements=16384 mismatch_count=15029 first_index=0 actual_bits=0xbca343cb expected_bits=0xbca34382 max_abs=4.3213367462158203e-07 max_rel=0.27594601029074611 max_ulp=4115997
FIRST_DIVERGENCE_OBJECT row=4 layer=2 checkpoint=CP5 subobject=layer_output result=MISMATCH elements=16384 mismatch_count=14927 first_index=0 actual_bits=0xbca8d707 expected_bits=0xbca8d6ca max_abs=4.6193599700927734e-07 max_rel=0.08146817607320217 max_ulp=1048463
FIRST_DIVERGENCE_OBJECT row=4 layer=3 checkpoint=CP1 subobject=attn_norm result=MISMATCH elements=4096 mismatch_count=4054 first_index=0 actual_bits=0xbcc10e20 expected_bits=0xbcc10dc0 max_abs=7.152557373046875e-07 max_rel=0.012612205161461908 max_ulp=193197
FIRST_DIVERGENCE_OBJECT row=4 layer=3 checkpoint=CP2-Q subobject=qr result=MISMATCH elements=1024 mismatch_count=1014 first_index=0 actual_bits=0xbe19b1d7 expected_bits=0xbe19b1c4 max_abs=1.2516975402832031e-06 max_rel=0.0028146099406166111 max_ulp=44288
FIRST_DIVERGENCE_OBJECT row=4 layer=3 checkpoint=CP2-KV-P subobject=kv_raw result=MISMATCH elements=512 mismatch_count=504 first_index=0 actual_bits=0xbeafdf85 expected_bits=0xbeafdf8a max_abs=1.2814998626708984e-06 max_rel=0.00071664848568291659 max_ulp=6496
FIRST_DIVERGENCE_OBJECT row=4 layer=3 checkpoint=CP2-KV-R subobject=raw_cache result=MISMATCH elements=512 mismatch_count=1 first_index=478 actual_bits=0xbd102000 expected_bits=0xbd104000 max_abs=3.0517578125e-05 max_rel=0.00086655112651646442 max_ulp=8192
FIRST_DIVERGENCE_OBJECT row=4 layer=3 checkpoint=CP3-F subobject=attn_state_kv result=MISMATCH elements=65536 mismatch_count=2538 first_index=8192 actual_bits=0xbdab48f8 expected_bits=0xbdab48a6 max_abs=2.6673078536987305e-06 max_rel=0.010111117748969473 max_ulp=129984
FIRST_DIVERGENCE_OBJECT row=4 layer=3 checkpoint=CP3-F subobject=attn_state_score result=MISMATCH elements=65536 mismatch_count=2537 first_index=8192 actual_bits=0x3c2eef66 expected_bits=0x3c2eed4f max_abs=6.67572021484375e-06 max_rel=0.0038234636246714756 max_ulp=35008
FIRST_DIVERGENCE_OBJECT row=4 layer=3 checkpoint=CP3-F subobject=layer_n_comp result=EXACT elements=1
FIRST_DIVERGENCE_OBJECT row=4 layer=3 checkpoint=CP4 subobject=after_attn_hc result=MISMATCH elements=16384 mismatch_count=15870 first_index=0 actual_bits=0x3964bec5 expected_bits=0x3964cf4b max_abs=8.7916851043701172e-07 max_rel=0.16697712814463891 max_ulp=1990349
FIRST_DIVERGENCE_OBJECT row=4 layer=3 checkpoint=CP5 subobject=layer_output result=MISMATCH elements=16384 mismatch_count=16263 first_index=0 actual_bits=0x3c986a6e expected_bits=0x3c986a9b max_abs=8.2515180110931396e-07 max_rel=0.059357356992273021 max_ulp=803650
FIRST_DIVERGENCE_OBJECT row=4 layer=4 checkpoint=CP1 subobject=attn_norm result=MISMATCH elements=4096 mismatch_count=4085 first_index=0 actual_bits=0x3d0b396d expected_bits=0x3d0b397d max_abs=5.9604644775390625e-06 max_rel=0.015061560991663371 max_ulp=182698
FIRST_DIVERGENCE_OBJECT row=4 layer=4 checkpoint=CP2-Q subobject=qr result=MISMATCH elements=1024 mismatch_count=1018 first_index=0 actual_bits=0xbdb7145f expected_bits=0xbdb7140e max_abs=2.2649765014648438e-06 max_rel=0.0024364775495997215 max_ulp=32256
FIRST_DIVERGENCE_OBJECT row=4 layer=4 checkpoint=CP2-KV-P subobject=kv_raw result=MISMATCH elements=512 mismatch_count=510 first_index=0 actual_bits=0x3da1cad9 expected_bits=0x3da1caff max_abs=2.5779008865356445e-06 max_rel=0.00099238053588548937 max_ulp=15104
FIRST_DIVERGENCE_OBJECT row=4 layer=4 checkpoint=CP2-KV-R subobject=raw_cache result=EXACT elements=512
FIRST_DIVERGENCE_OBJECT row=4 layer=4 checkpoint=CP3-F subobject=attn_state_kv result=MISMATCH elements=8192 mismatch_count=8149 first_index=0 actual_bits=0x3d0047bf expected_bits=0x3d00475d max_abs=3.1143426895141602e-06 max_rel=0.32146957520091851 max_ulp=4587520
FIRST_DIVERGENCE_OBJECT row=4 layer=4 checkpoint=CP3-F subobject=attn_state_score result=MISMATCH elements=8192 mismatch_count=8073 first_index=0 actual_bits=0xbf9262f8 expected_bits=0xbf926313 max_abs=1.0967254638671875e-05 max_rel=0.00066837342922472596 max_ulp=10944
FIRST_DIVERGENCE_OBJECT row=4 layer=4 checkpoint=CP3-F subobject=layer_n_comp result=EXACT elements=1
FIRST_DIVERGENCE_OBJECT row=4 layer=4 checkpoint=CP3-F subobject=index_state_kv result=MISMATCH elements=2048 mismatch_count=2039 first_index=0 actual_bits=0x3ce932aa expected_bits=0x3ce92ed0 max_abs=6.9141387939453125e-06 max_rel=0.0086647300410698184 max_ulp=143936
FIRST_DIVERGENCE_OBJECT row=4 layer=4 checkpoint=CP3-F subobject=index_state_score result=MISMATCH elements=2048 mismatch_count=2024 first_index=0 actual_bits=0xbf9e5cc9 expected_bits=0xbf9e5cf4 max_abs=1.1920928955078125e-05 max_rel=0.0021266522302683154 max_ulp=35072
FIRST_DIVERGENCE_OBJECT row=4 layer=4 checkpoint=CP3-F subobject=layer_n_index_comp result=EXACT elements=1
FIRST_DIVERGENCE_OBJECT row=4 layer=4 checkpoint=CP4 subobject=after_attn_hc result=MISMATCH elements=16384 mismatch_count=16269 first_index=0 actual_bits=0x3ba9b0f2 expected_bits=0x3ba9b419 max_abs=1.4230608940124512e-06 max_rel=0.20472977255499969 max_ulp=3259195
FIRST_DIVERGENCE_OBJECT row=4 layer=4 checkpoint=CP5 subobject=layer_output result=MISMATCH elements=16384 mismatch_count=16265 first_index=0 actual_bits=0x3c719ebb expected_bits=0x3c719ff6 max_abs=1.4360994100570679e-06 max_rel=0.01369352996114777 max_ulp=160855
FIRST_DIVERGENCE_OBJECT row=4 layer=5 checkpoint=CP1 subobject=attn_norm result=MISMATCH elements=4096 mismatch_count=4083 first_index=0 actual_bits=0x3c7e9885 expected_bits=0x3c7e98f5 max_abs=7.0594251155853271e-07 max_rel=0.3704307170263394 max_ulp=5367185
FIRST_DIVERGENCE_OBJECT row=4 layer=5 checkpoint=CP2-Q subobject=qr result=MISMATCH elements=1024 mismatch_count=1021 first_index=0 actual_bits=0x3e5d4129 expected_bits=0x3e5d4160 max_abs=1.2069940567016602e-06 max_rel=0.00555655135328912 max_ulp=63488
FIRST_DIVERGENCE_OBJECT row=4 layer=5 checkpoint=CP2-KV-P subobject=kv_raw result=MISMATCH elements=512 mismatch_count=510 first_index=0 actual_bits=0xbcb0d2e7 expected_bits=0xbcb0d23e max_abs=1.5385448932647705e-06 max_rel=0.0017355533516782836 max_ulp=15904
FIRST_DIVERGENCE_OBJECT row=4 layer=5 checkpoint=CP2-KV-R subobject=raw_cache result=MISMATCH elements=512 mismatch_count=1 first_index=278 actual_bits=0xbd900000 expected_bits=0xbd800000 max_abs=0.0078125 max_rel=0.1111111111111111 max_ulp=1048576
FIRST_DIVERGENCE_OBJECT row=4 layer=5 checkpoint=CP3-F subobject=attn_state_kv result=MISMATCH elements=65536 mismatch_count=2547 first_index=8192 actual_bits=0xbd9a4814 expected_bits=0xbd9a476d max_abs=3.5800039768218994e-06 max_rel=0.0057897224043049434 max_ulp=60768
FIRST_DIVERGENCE_OBJECT row=4 layer=5 checkpoint=CP3-F subobject=attn_state_score result=MISMATCH elements=65536 mismatch_count=2542 first_index=8192 actual_bits=0x3ec41db6 expected_bits=0x3ec41d7b max_abs=1.1935830116271973e-05 max_rel=0.0067572712045073854 max_ulp=90880
FIRST_DIVERGENCE_OBJECT row=4 layer=5 checkpoint=CP3-F subobject=layer_n_comp result=EXACT elements=1
FIRST_DIVERGENCE_OBJECT row=4 layer=5 checkpoint=CP4 subobject=after_attn_hc result=MISMATCH elements=16384 mismatch_count=16351 first_index=0 actual_bits=0x3c6abf2c expected_bits=0x3c6ac065 max_abs=1.3502314686775208e-05 max_rel=0.65328295835020334 max_ulp=12773420
FIRST_DIVERGENCE_OBJECT row=4 layer=5 checkpoint=CP5 subobject=layer_output result=MISMATCH elements=16384 mismatch_count=16359 first_index=0 actual_bits=0x3c6d7154 expected_bits=0x3c6d733f max_abs=1.6481615602970123e-05 max_rel=0.52697769732863253 max_ulp=9252699
FIRST_DIVERGENCE_OBJECT row=4 layer=6 checkpoint=CP1 subobject=attn_norm result=MISMATCH elements=4096 mismatch_count=4096 first_index=0 actual_bits=0x3d15f844 expected_bits=0x3d160037 max_abs=0.0001029670238494873 max_rel=0.23379376118181713 max_ulp=2730374
FIRST_DIVERGENCE_OBJECT row=4 layer=6 checkpoint=CP2-Q subobject=qr result=MISMATCH elements=1024 mismatch_count=1024 first_index=0 actual_bits=0x3e6a7faa expected_bits=0x3e6a825c max_abs=2.2336840629577637e-05 max_rel=0.058666468462699538 max_ulp=656704
FIRST_DIVERGENCE_OBJECT row=4 layer=6 checkpoint=CP2-KV-P subobject=kv_raw result=MISMATCH elements=512 mismatch_count=512 first_index=0 actual_bits=0x3daaebce expected_bits=0x3daae770 max_abs=2.8312206268310547e-05 max_rel=0.15368150684931506 max_ulp=2573312
FIRST_DIVERGENCE_OBJECT row=4 layer=6 checkpoint=CP2-KV-R subobject=raw_cache result=MISMATCH elements=512 mismatch_count=17 first_index=3 actual_bits=0x3c600000 expected_bits=0x3c500000 max_abs=0.0009765625 max_rel=0.20000000000000001 max_ulp=2097152
FIRST_DIVERGENCE_OBJECT row=4 layer=6 checkpoint=CP3-F subobject=attn_state_kv result=MISMATCH elements=8192 mismatch_count=8182 first_index=0 actual_bits=0xbdbbb680 expected_bits=0xbdbbb762 max_abs=3.7238001823425293e-05 max_rel=1.3112338858195212 max_ulp=1798356993
FIRST_DIVERGENCE_OBJECT row=4 layer=6 checkpoint=CP3-F subobject=attn_state_score result=MISMATCH elements=8192 mismatch_count=8189 first_index=0 actual_bits=0xbfb32ff8 expected_bits=0xbfb32f17 max_abs=0.00010061264038085938 max_rel=0.38051823416506719 max_ulp=6348800
FIRST_DIVERGENCE_OBJECT row=4 layer=6 checkpoint=CP3-F subobject=layer_n_comp result=EXACT elements=1
FIRST_DIVERGENCE_OBJECT row=4 layer=6 checkpoint=CP3-F subobject=index_state_kv result=MISMATCH elements=2048 mismatch_count=2042 first_index=0 actual_bits=0xbd869947 expected_bits=0xbd869aca max_abs=4.7445297241210938e-05 max_rel=0.010122372542055471 max_ulp=150480
FIRST_DIVERGENCE_OBJECT row=4 layer=6 checkpoint=CP3-F subobject=index_state_score result=MISMATCH elements=2048 mismatch_count=2046 first_index=0 actual_bits=0xbff59748 expected_bits=0xbff59642 max_abs=9.8705291748046875e-05 max_rel=0.0027773102171351626 max_ulp=38656
FIRST_DIVERGENCE_OBJECT row=4 layer=6 checkpoint=CP3-F subobject=layer_n_index_comp result=EXACT elements=1
FIRST_DIVERGENCE_OBJECT row=4 layer=6 checkpoint=CP4 subobject=after_attn_hc result=MISMATCH elements=16384 mismatch_count=16373 first_index=0 actual_bits=0x3ca5f112 expected_bits=0x3ca5f1d3 max_abs=1.3692304491996765e-05 max_rel=1.8665231087368086 max_ulp=1798343651
FIRST_DIVERGENCE_OBJECT row=4 layer=6 checkpoint=CP5 subobject=layer_output result=MISMATCH elements=16384 mismatch_count=16377 first_index=0 actual_bits=0x3caa1562 expected_bits=0x3caa168e max_abs=2.0086765289306641e-05 max_rel=1.3906533776405461 max_ulp=1792704856
FIRST_DIVERGENCE_OBJECT row=4 layer=7 checkpoint=CP1 subobject=attn_norm result=MISMATCH elements=4096 mismatch_count=4095 first_index=0 actual_bits=0x3cbe6c03 expected_bits=0x3cbe7295 max_abs=9.1269612312316895e-06 max_rel=0.34060523369687934 max_ulp=5676254
FIRST_DIVERGENCE_OBJECT row=4 layer=7 checkpoint=CP2-Q subobject=qr result=MISMATCH elements=1024 mismatch_count=1024 first_index=0 actual_bits=0xbc8577b8 expected_bits=0xbc85786b max_abs=1.4089047908782959e-05 max_rel=0.04123744527427247 max_ulp=573888
FIRST_DIVERGENCE_OBJECT row=4 layer=7 checkpoint=CP2-KV-P subobject=kv_raw result=MISMATCH elements=512 mismatch_count=511 first_index=0 actual_bits=0x3ca2457b expected_bits=0x3ca243b2 max_abs=1.6883015632629395e-05 max_rel=0.024166572456491526 max_ulp=232576
FIRST_DIVERGENCE_OBJECT row=4 layer=7 checkpoint=CP2-KV-R subobject=raw_cache result=MISMATCH elements=512 mismatch_count=9 first_index=472 actual_bits=0xbefb4000 expected_bits=0xbefb6000 max_abs=0.000244140625 max_rel=0.011031439602868174 max_ulp=163840
FIRST_DIVERGENCE_OBJECT row=4 layer=7 checkpoint=CP3-F subobject=attn_state_kv result=MISMATCH elements=65536 mismatch_count=2557 first_index=8192 actual_bits=0xbd81f6a4 expected_bits=0xbd81f718 max_abs=1.6793608665466309e-05 max_rel=0.093853684175946916 max_ulp=1462784
FIRST_DIVERGENCE_OBJECT row=4 layer=7 checkpoint=CP3-F subobject=attn_state_score result=MISMATCH elements=65536 mismatch_count=2558 first_index=8192 actual_bits=0xbd9280ba expected_bits=0xbd928248 max_abs=2.2411346435546875e-05 max_rel=0.058506843968290284 max_ulp=556416
FIRST_DIVERGENCE_OBJECT row=4 layer=7 checkpoint=CP3-F subobject=layer_n_comp result=EXACT elements=1
FIRST_DIVERGENCE_OBJECT row=4 layer=7 checkpoint=CP4 subobject=after_attn_hc result=MISMATCH elements=16384 mismatch_count=16376 first_index=0 actual_bits=0x3caafd19 expected_bits=0x3caafe5b max_abs=2.3525208234786987e-05 max_rel=0.58826663218792941 max_ulp=10397708
FIRST_DIVERGENCE_OBJECT row=4 layer=7 checkpoint=CP5 subobject=layer_output result=MISMATCH elements=16384 mismatch_count=16376 first_index=0 actual_bits=0x3cac6e43 expected_bits=0x3cac6fa1 max_abs=3.7252902984619141e-05 max_rel=0.97556206731807349 max_ulp=45063058
FIRST_DIVERGENCE_OBJECT row=4 layer=8 checkpoint=CP1 subobject=attn_norm result=MISMATCH elements=4096 mismatch_count=4095 first_index=0 actual_bits=0x3a528374 expected_bits=0x3a525b8b max_abs=0.00011706352233886719 max_rel=0.17938336015441789 max_ulp=2566465
FIRST_DIVERGENCE_OBJECT row=4 layer=8 checkpoint=CP2-Q subobject=qr result=MISMATCH elements=1024 mismatch_count=1023 first_index=0 actual_bits=0xbe99b956 expected_bits=0xbe99b8bc max_abs=3.6839395761489868e-05 max_rel=0.034057244428239368 max_ulp=382592
FIRST_DIVERGENCE_OBJECT row=4 layer=8 checkpoint=CP2-KV-P subobject=kv_raw result=MISMATCH elements=512 mismatch_count=512 first_index=0 actual_bits=0x3de5daaa expected_bits=0x3de5d061 max_abs=3.3739954233169556e-05 max_rel=0.045572880217226996 max_ulp=583936
FIRST_DIVERGENCE_OBJECT row=4 layer=8 checkpoint=CP2-KV-R subobject=raw_cache result=MISMATCH elements=512 mismatch_count=12 first_index=450 actual_bits=0x3eb6c000 expected_bits=0x3eb6a000 max_abs=0.00048828125 max_rel=0.0020418580908626851 max_ulp=32768
FIRST_DIVERGENCE_OBJECT row=4 layer=8 checkpoint=CP3-F subobject=attn_state_kv result=MISMATCH elements=8192 mismatch_count=8188 first_index=0 actual_bits=0xbd9ed69b expected_bits=0xbd9ed4e8 max_abs=3.9935111999511719e-05 max_rel=0.16048837893498089 max_ulp=2234368
FIRST_DIVERGENCE_OBJECT row=4 layer=8 checkpoint=CP3-F subobject=attn_state_score result=MISMATCH elements=8192 mismatch_count=8168 first_index=0 actual_bits=0xbf055de2 expected_bits=0xbf055fee max_abs=0.00011968612670898438 max_rel=0.012461480501164038 max_ulp=165120
FIRST_DIVERGENCE_OBJECT row=4 layer=8 checkpoint=CP3-F subobject=layer_n_comp result=EXACT elements=1
FIRST_DIVERGENCE_OBJECT row=4 layer=8 checkpoint=CP3-F subobject=index_state_kv result=MISMATCH elements=2048 mismatch_count=2048 first_index=0 actual_bits=0xba8367e0 expected_bits=0xba834d60 max_abs=4.1276216506958008e-05 max_rel=0.059911035678982413 max_ulp=822336
FIRST_DIVERGENCE_OBJECT row=4 layer=8 checkpoint=CP3-F subobject=index_state_score result=MISMATCH elements=2048 mismatch_count=2044 first_index=0 actual_bits=0xbf305bcf expected_bits=0xbf305e80 max_abs=0.00014638900756835938 max_rel=0.0056092311919043909 max_ulp=94080
FIRST_DIVERGENCE_OBJECT row=4 layer=8 checkpoint=CP3-F subobject=layer_n_index_comp result=EXACT elements=1
FIRST_DIVERGENCE_OBJECT row=4 layer=8 checkpoint=CP4 subobject=after_attn_hc result=MISMATCH elements=16384 mismatch_count=16373 first_index=0 actual_bits=0x3ca0c249 expected_bits=0x3ca0c431 max_abs=3.3199787139892578e-05 max_rel=0.15917625675868982 max_ulp=2337083
FIRST_DIVERGENCE_OBJECT row=4 layer=8 checkpoint=CP5 subobject=layer_output result=MISMATCH elements=16384 mismatch_count=16373 first_index=0 actual_bits=0x3c7930cb expected_bits=0x3c793255 max_abs=4.1939318180084229e-05 max_rel=0.94141422884318027 max_ulp=34162133
FIRST_DIVERGENCE_OBJECT row=4 layer=9 checkpoint=CP1 subobject=attn_norm result=MISMATCH elements=4096 mismatch_count=4096 first_index=0 actual_bits=0xbc38fc1f expected_bits=0xbc390228 max_abs=1.1488795280456543e-05 max_rel=0.15378787971036456 max_ulp=2335371
FIRST_DIVERGENCE_OBJECT row=4 layer=9 checkpoint=CP2-Q subobject=qr result=MISMATCH elements=1024 mismatch_count=1024 first_index=0 actual_bits=0xbc3321ad expected_bits=0xbc332903 max_abs=2.2649765014648438e-05 max_rel=0.10310787832986965 max_ulp=1142784
FIRST_DIVERGENCE_OBJECT row=4 layer=9 checkpoint=CP2-KV-P subobject=kv_raw result=MISMATCH elements=512 mismatch_count=512 first_index=0 actual_bits=0x3dd6fd81 expected_bits=0x3dd6fc10 max_abs=1.6413629055023193e-05 max_rel=0.014132336689587426 max_ulp=235712
FIRST_DIVERGENCE_OBJECT row=4 layer=9 checkpoint=CP2-KV-R subobject=raw_cache result=MISMATCH elements=512 mismatch_count=12 first_index=179 actual_bits=0x3ae00000 expected_bits=0x3af00000 max_abs=0.0009765625 max_rel=0.066666666666666666 max_ulp=1048576
FIRST_DIVERGENCE_OBJECT row=4 layer=9 checkpoint=CP3-F subobject=attn_state_kv result=MISMATCH elements=65536 mismatch_count=2558 first_index=8192 actual_bits=0xbe109538 expected_bits=0xbe109536 max_abs=3.0487775802612305e-05 max_rel=0.72054540640720144 max_ulp=15212544
FIRST_DIVERGENCE_OBJECT row=4 layer=9 checkpoint=CP3-F subobject=attn_state_score result=MISMATCH elements=65536 mismatch_count=2559 first_index=8192 actual_bits=0x3d43fbd0 expected_bits=0x3d43fa20 max_abs=8.6963176727294922e-05 max_rel=0.045343292242912087 max_ulp=565952
FIRST_DIVERGENCE_OBJECT row=4 layer=9 checkpoint=CP3-F subobject=layer_n_comp result=EXACT elements=1
FIRST_DIVERGENCE_OBJECT row=4 layer=9 checkpoint=CP4 subobject=after_attn_hc result=MISMATCH elements=16384 mismatch_count=16383 first_index=0 actual_bits=0x3c604d57 expected_bits=0x3c606d45 max_abs=0.00023963302373886108 max_rel=1.0417554631706258 max_ulp=1829053487
FIRST_DIVERGENCE_OBJECT row=4 layer=9 checkpoint=CP5 subobject=layer_output result=MISMATCH elements=16384 mismatch_count=16381 first_index=0 actual_bits=0x3c4467d5 expected_bits=0x3c4488a2 max_abs=0.00021684169769287109 max_rel=1.7832326331596871 max_ulp=1887448986
FIRST_DIVERGENCE_OBJECT row=4 layer=10 checkpoint=CP1 subobject=attn_norm result=MISMATCH elements=4096 mismatch_count=4095 first_index=0 actual_bits=0x3b5f4f0b expected_bits=0x3b625f81 max_abs=0.00068420171737670898 max_rel=0.27204033397123584 max_ulp=3976888
FIRST_DIVERGENCE_OBJECT row=4 layer=10 checkpoint=CP2-Q subobject=qr result=MISMATCH elements=1024 mismatch_count=1024 first_index=0 actual_bits=0x3dd567aa expected_bits=0x3dd58a89 max_abs=0.00023967772722244263 max_rel=0.090824221923317669 max_ulp=1335040
FIRST_DIVERGENCE_OBJECT row=4 layer=10 checkpoint=CP2-KV-P subobject=kv_raw result=MISMATCH elements=512 mismatch_count=512 first_index=0 actual_bits=0x3c56a880 expected_bits=0x3c5691d8 max_abs=0.00023321062326431274 max_rel=0.57807967543065564 max_ulp=10116544
FIRST_DIVERGENCE_OBJECT row=4 layer=10 checkpoint=CP2-KV-R subobject=raw_cache result=MISMATCH elements=512 mismatch_count=42 first_index=24 actual_bits=0xba200000 expected_bits=0xb9e00000 max_abs=0.015625 max_rel=0.58333333333333337 max_ulp=10485760
FIRST_DIVERGENCE_OBJECT row=4 layer=10 checkpoint=CP3-F subobject=attn_state_kv result=MISMATCH elements=8192 mismatch_count=8190 first_index=0 actual_bits=0x3de9dde8 expected_bits=0x3de9df76 max_abs=0.00046589970588684082 max_rel=1.7632657842333372 max_ulp=1859191809
FIRST_DIVERGENCE_OBJECT row=4 layer=10 checkpoint=CP3-F subobject=attn_state_score result=MISMATCH elements=8192 mismatch_count=8192 first_index=0 actual_bits=0x3ee6f218 expected_bits=0x3ee6f61a max_abs=0.0014045238494873047 max_rel=1.066287683031869 max_ulp=1914964289
FIRST_DIVERGENCE_OBJECT row=4 layer=10 checkpoint=CP3-F subobject=layer_n_comp result=EXACT elements=1
FIRST_DIVERGENCE_OBJECT row=4 layer=10 checkpoint=CP3-F subobject=index_state_kv result=MISMATCH elements=2048 mismatch_count=2048 first_index=0 actual_bits=0x3d0a82de expected_bits=0x3d0a6a96 max_abs=0.00064909458160400391 max_rel=0.26841726618705036 max_ulp=3342976
FIRST_DIVERGENCE_OBJECT row=4 layer=10 checkpoint=CP3-F subobject=index_state_score result=MISMATCH elements=2048 mismatch_count=2048 first_index=0 actual_bits=0x3ebe99e8 expected_bits=0x3ebe9ec0 max_abs=0.0018463134765625 max_rel=0.10395947321221648 max_ulp=1320608
FIRST_DIVERGENCE_OBJECT row=4 layer=10 checkpoint=CP3-F subobject=layer_n_index_comp result=EXACT elements=1
FIRST_DIVERGENCE_OBJECT row=4 layer=10 checkpoint=CP4 subobject=after_attn_hc result=MISMATCH elements=16384 mismatch_count=16383 first_index=0 actual_bits=0xbb42d56d expected_bits=0xbb428369 max_abs=0.00033925473690032959 max_rel=1.1984784028355833 max_ulp=1868818572
FIRST_DIVERGENCE_OBJECT row=4 layer=10 checkpoint=CP5 subobject=layer_output result=MISMATCH elements=16384 mismatch_count=16383 first_index=0 actual_bits=0xbbbf8978 expected_bits=0xbbbf5336 max_abs=0.00042726099491119385 max_rel=1.6731923123416776 max_ulp=1903838048
FIRST_DIVERGENCE_OBJECT row=4 layer=11 checkpoint=CP1 subobject=attn_norm result=MISMATCH elements=4096 mismatch_count=4096 first_index=0 actual_bits=0xbb9b7a63 expected_bits=0xbb9b37fc max_abs=9.3982787802815437e-05 max_rel=1.741420433254232 max_ulp=1832972508
FIRST_DIVERGENCE_OBJECT row=4 layer=11 checkpoint=CP2-Q subobject=qr result=MISMATCH elements=1024 mismatch_count=1024 first_index=0 actual_bits=0x3e025754 expected_bits=0x3e025618 max_abs=0.00014988332986831665 max_rel=1.4750792216136164 max_ulp=1893582465
FIRST_DIVERGENCE_OBJECT row=4 layer=11 checkpoint=CP2-KV-P subobject=kv_raw result=MISMATCH elements=512 mismatch_count=512 first_index=0 actual_bits=0xbd40cf28 expected_bits=0xbd4115cb max_abs=0.00015220046043395996 max_rel=0.48411695644881758 max_ulp=8024960
FIRST_DIVERGENCE_OBJECT row=4 layer=11 checkpoint=CP2-KV-R subobject=raw_cache result=MISMATCH elements=512 mismatch_count=44 first_index=4 actual_bits=0x3c700000 expected_bits=0x3c600000 max_abs=0.0625 max_rel=0.46153846153846156 max_ulp=7340032
FIRST_DIVERGENCE_OBJECT row=4 layer=11 checkpoint=CP3-F subobject=attn_state_kv result=MISMATCH elements=65536 mismatch_count=2560 first_index=8192 actual_bits=0xbbbb1748 expected_bits=0xbbbb2908 max_abs=0.00013901293277740479 max_rel=0.65360014740139238 max_ulp=13026944
FIRST_DIVERGENCE_OBJECT row=4 layer=11 checkpoint=CP3-F subobject=attn_state_score result=MISMATCH elements=65536 mismatch_count=2559 first_index=8192 actual_bits=0xbd0a3c2f expected_bits=0xbd0a4529 max_abs=0.00035339593887329102 max_rel=1.8055489117436021 max_ulp=1859463169
FIRST_DIVERGENCE_OBJECT row=4 layer=11 checkpoint=CP3-F subobject=layer_n_comp result=EXACT elements=1
FIRST_DIVERGENCE_OBJECT row=4 layer=11 checkpoint=CP4 subobject=after_attn_hc result=MISMATCH elements=16384 mismatch_count=16381 first_index=0 actual_bits=0xbc782ab1 expected_bits=0xbc77f1a7 max_abs=0.00075396336615085602 max_rel=1.534964734845788 max_ulp=1916710217
FIRST_DIVERGENCE_OBJECT row=4 layer=11 checkpoint=CP5 subobject=layer_output result=MISMATCH elements=16384 mismatch_count=16380 first_index=0 actual_bits=0xbc2427ca expected_bits=0xbc23d56d max_abs=0.00097994320094585419 max_rel=1.1235403733420983 max_ulp=1878902483
FIRST_DIVERGENCE_OBJECT row=4 layer=12 checkpoint=CP1 subobject=attn_norm result=MISMATCH elements=4096 mismatch_count=4096 first_index=0 actual_bits=0x3d8e0cf1 expected_bits=0x3d8e4320 max_abs=0.0020923614501953125 max_rel=1.4431392511609495 max_ulp=1896856091
FIRST_DIVERGENCE_OBJECT row=4 layer=12 checkpoint=CP2-Q subobject=qr result=MISMATCH elements=1024 mismatch_count=1024 first_index=0 actual_bits=0xbdb137e2 expected_bits=0xbdb13bbe max_abs=0.00046297907829284668 max_rel=1.221993927125506 max_ulp=1902924289
FIRST_DIVERGENCE_OBJECT row=4 layer=12 checkpoint=CP2-KV-P subobject=kv_raw result=MISMATCH elements=512 mismatch_count=512 first_index=0 actual_bits=0xbdde6112 expected_bits=0xbdde081e max_abs=0.00051359832286834717 max_rel=0.097317432473259816 max_ulp=1329680
FIRST_DIVERGENCE_OBJECT row=4 layer=12 checkpoint=CP2-KV-R subobject=raw_cache result=MISMATCH elements=512 mismatch_count=50 first_index=3 actual_bits=0xbea00000 expected_bits=0xbe900000 max_abs=0.0625 max_rel=0.1111111111111111 max_ulp=1048576
FIRST_DIVERGENCE_OBJECT row=4 layer=12 checkpoint=CP3-F subobject=attn_state_kv result=MISMATCH elements=8192 mismatch_count=8192 first_index=0 actual_bits=0x3cd370b0 expected_bits=0x3cd352f2 max_abs=0.0005054473876953125 max_rel=1.4851923999887073 max_ulp=1894319105
FIRST_DIVERGENCE_OBJECT row=4 layer=12 checkpoint=CP3-F subobject=attn_state_score result=MISMATCH elements=8192 mismatch_count=8192 first_index=0 actual_bits=0xbcac09c0 expected_bits=0xbcabf600 max_abs=0.0019288063049316406 max_rel=0.56576766611420826 max_ulp=10176512
FIRST_DIVERGENCE_OBJECT row=4 layer=12 checkpoint=CP3-F subobject=layer_n_comp result=EXACT elements=1
FIRST_DIVERGENCE_OBJECT row=4 layer=12 checkpoint=CP3-F subobject=index_state_kv result=MISMATCH elements=2048 mismatch_count=2048 first_index=0 actual_bits=0xbe1c5528 expected_bits=0xbe1c5f64 max_abs=0.0015850067138671875 max_rel=0.22207015667702126 max_ulp=3349088
FIRST_DIVERGENCE_OBJECT row=4 layer=12 checkpoint=CP3-F subobject=index_state_score result=MISMATCH elements=2048 mismatch_count=2046 first_index=0 actual_bits=0x3d40ebe8 expected_bits=0x3d40e2e0 max_abs=0.0020971298217773438 max_rel=0.17268721189806627 max_ulp=2608128
FIRST_DIVERGENCE_OBJECT row=4 layer=12 checkpoint=CP3-F subobject=layer_n_index_comp result=EXACT elements=1
FIRST_DIVERGENCE_OBJECT row=4 layer=12 checkpoint=CP4 subobject=after_attn_hc result=MISMATCH elements=16384 mismatch_count=16382 first_index=0 actual_bits=0xbb10e229 expected_bits=0xbb0f4b19 max_abs=0.0027888640761375427 max_rel=1.6333778133684211 max_ulp=1939395824
FIRST_DIVERGENCE_OBJECT row=4 layer=12 checkpoint=CP5 subobject=layer_output result=MISMATCH elements=16384 mismatch_count=16383 first_index=0 actual_bits=0xbb237c2a expected_bits=0xbb21d5af max_abs=0.0031333714723587036 max_rel=1.4043175971616324 max_ulp=1933492572
FIRST_DIVERGENCE_OBJECT row=4 layer=13 checkpoint=CP1 subobject=attn_norm result=MISMATCH elements=4096 mismatch_count=4096 first_index=0 actual_bits=0x3c251e02 expected_bits=0x3c26a6a9 max_abs=0.00036665517836809158 max_rel=1.15217473727938 max_ulp=1895822164
FIRST_DIVERGENCE_OBJECT row=4 layer=13 checkpoint=CP2-Q subobject=qr result=MISMATCH elements=1024 mismatch_count=1024 first_index=0 actual_bits=0x3d60a30e expected_bits=0x3d5fc86a max_abs=0.00041209161281585693 max_rel=0.86992832706388645 max_ulp=24710400
FIRST_DIVERGENCE_OBJECT row=4 layer=13 checkpoint=CP2-KV-P subobject=kv_raw result=MISMATCH elements=512 mismatch_count=512 first_index=0 actual_bits=0xbbc795ae expected_bits=0xbbc746a2 max_abs=0.0004032328724861145 max_rel=1.1167724662816347 max_ulp=1900066049
FIRST_DIVERGENCE_OBJECT row=4 layer=13 checkpoint=CP2-KV-R subobject=raw_cache result=MISMATCH elements=512 mismatch_count=92 first_index=15 actual_bits=0x3e400000 expected_bits=0x3e500000 max_abs=0.0625 max_rel=1.1125 max_ulp=1957691393
FIRST_DIVERGENCE_OBJECT row=4 layer=13 checkpoint=CP3-F subobject=attn_state_kv result=MISMATCH elements=65536 mismatch_count=2560 first_index=8192 actual_bits=0x3d408540 expected_bits=0x3d406b01 max_abs=0.0008252263069152832 max_rel=1.7199312205389701 max_ulp=1908505345
FIRST_DIVERGENCE_OBJECT row=4 layer=13 checkpoint=CP3-F subobject=attn_state_score result=MISMATCH elements=65536 mismatch_count=2560 first_index=8192 actual_bits=0xbc60fed0 expected_bits=0xbc610f5a max_abs=0.0012912750244140625 max_rel=1.1761738592694024 max_ulp=1886970241
FIRST_DIVERGENCE_OBJECT row=4 layer=13 checkpoint=CP3-F subobject=layer_n_comp result=EXACT elements=1
FIRST_DIVERGENCE_OBJECT row=4 layer=13 checkpoint=CP4 subobject=after_attn_hc result=MISMATCH elements=16384 mismatch_count=16382 first_index=0 actual_bits=0xbb203c7e expected_bits=0xbb1e8cd7 max_abs=0.0035713315010070801 max_rel=1.9294465835515802 max_ulp=1953815782
FIRST_DIVERGENCE_OBJECT row=4 layer=13 checkpoint=CP5 subobject=layer_output result=MISMATCH elements=16384 mismatch_count=16384 first_index=0 actual_bits=0xbb079f88 expected_bits=0xbb060526 max_abs=0.0046353340148925781 max_rel=1.8504501904926491 max_ulp=1959725481
FIRST_DIVERGENCE_OBJECT row=4 layer=14 checkpoint=CP1 subobject=attn_norm result=MISMATCH elements=4096 mismatch_count=4096 first_index=0 actual_bits=0x3d27392a expected_bits=0x3d278c94 max_abs=0.011489391326904297 max_rel=1.9023569308920107 max_ulp=1915719189
FIRST_DIVERGENCE_OBJECT row=4 layer=14 checkpoint=CP2-Q subobject=qr result=MISMATCH elements=1024 mismatch_count=1024 first_index=0 actual_bits=0x3da24b9c expected_bits=0x3da30574 max_abs=0.0014272630214691162 max_rel=1.4864862960366143 max_ulp=1938910433
FIRST_DIVERGENCE_OBJECT row=4 layer=14 checkpoint=CP2-KV-P subobject=kv_raw result=MISMATCH elements=512 mismatch_count=512 first_index=0 actual_bits=0xbc0c135c expected_bits=0xbc08712b max_abs=0.0012488216161727905 max_rel=1.1720166625827002 max_ulp=1906383745
FIRST_DIVERGENCE_OBJECT row=4 layer=14 checkpoint=CP2-KV-R subobject=raw_cache result=MISMATCH elements=512 mismatch_count=94 first_index=2 actual_bits=0x3f400000 expected_bits=0x3f300000 max_abs=0.125 max_rel=1.1704545454545454 max_ulp=1948254209
FIRST_DIVERGENCE_OBJECT row=4 layer=14 checkpoint=CP3-F subobject=attn_state_kv result=MISMATCH elements=8192 mismatch_count=8192 first_index=0 actual_bits=0x3e31060b expected_bits=0x3e311923 max_abs=0.0024672746658325195 max_rel=1.1096200067675284 max_ulp=1921087713
FIRST_DIVERGENCE_OBJECT row=4 layer=14 checkpoint=CP3-F subobject=attn_state_score result=MISMATCH elements=8192 mismatch_count=8192 first_index=0 actual_bits=0xbed5c678 expected_bits=0xbed62efa max_abs=0.0099964141845703125 max_rel=0.14769362083053592 max_ulp=2070080
FIRST_DIVERGENCE_OBJECT row=4 layer=14 checkpoint=CP3-F subobject=layer_n_comp result=EXACT elements=1
FIRST_DIVERGENCE_OBJECT row=4 layer=14 checkpoint=CP3-F subobject=index_state_kv result=MISMATCH elements=2048 mismatch_count=2048 first_index=0 actual_bits=0x3f0b10b0 expected_bits=0x3f0b1100 max_abs=0.0041742324829101562 max_rel=0.91801458928005075 max_ulp=29609984
FIRST_DIVERGENCE_OBJECT row=4 layer=14 checkpoint=CP3-F subobject=index_state_score result=MISMATCH elements=2048 mismatch_count=2048 first_index=0 actual_bits=0xbf4c9d95 expected_bits=0xbf4cc603 max_abs=0.013325691223144531 max_rel=0.068327415332412406 max_ulp=943360
FIRST_DIVERGENCE_OBJECT row=4 layer=14 checkpoint=CP3-F subobject=layer_n_index_comp result=EXACT elements=1
FIRST_DIVERGENCE_OBJECT row=4 layer=14 checkpoint=CP4 subobject=after_attn_hc result=MISMATCH elements=16384 mismatch_count=16382 first_index=0 actual_bits=0xbb05b6c0 expected_bits=0xbb0416af max_abs=0.0040403902530670166 max_rel=1.7232179064008795 max_ulp=1969881191
FIRST_DIVERGENCE_OBJECT row=4 layer=14 checkpoint=CP5 subobject=layer_output result=MISMATCH elements=16384 mismatch_count=16382 first_index=0 actual_bits=0xba5562a0 expected_bits=0xba4f54de max_abs=0.0051344409584999084 max_rel=1.8812018041689607 max_ulp=1969346645
FIRST_DIVERGENCE_OBJECT row=4 layer=15 checkpoint=CP1 subobject=attn_norm result=MISMATCH elements=4096 mismatch_count=4096 first_index=0 actual_bits=0x3cc506d9 expected_bits=0x3cc44ac3 max_abs=0.00080883502960205078 max_rel=1.737742281299661 max_ulp=1920425362
FIRST_DIVERGENCE_OBJECT row=4 layer=15 checkpoint=CP2-Q subobject=qr result=MISMATCH elements=1024 mismatch_count=1024 first_index=0 actual_bits=0xbdf1f709 expected_bits=0xbdf1e723 max_abs=0.0011387765407562256 max_rel=1.0869166818644829 max_ulp=1911829313
FIRST_DIVERGENCE_OBJECT row=4 layer=15 checkpoint=CP2-KV-P subobject=kv_raw result=MISMATCH elements=512 mismatch_count=512 first_index=0 actual_bits=0x3dc429f0 expected_bits=0x3dc4f6a9 max_abs=0.0011485964059829712 max_rel=0.74248277685561936 max_ulp=16515200
FIRST_DIVERGENCE_OBJECT row=4 layer=15 checkpoint=CP2-KV-R subobject=raw_cache result=MISMATCH elements=512 mismatch_count=96 first_index=5 actual_bits=0xbdf00000 expected_bits=0xbe000000 max_abs=0.125 max_rel=0.73333333333333328 max_ulp=15728640
FIRST_DIVERGENCE_OBJECT row=4 layer=15 checkpoint=CP3-F subobject=attn_state_kv result=MISMATCH elements=65536 mismatch_count=2560 first_index=8192 actual_bits=0xbd7eb7dc expected_bits=0xbd7edbdc max_abs=0.0015234015882015228 max_rel=1.35214101279639 max_ulp=1914218625
FIRST_DIVERGENCE_OBJECT row=4 layer=15 checkpoint=CP3-F subobject=attn_state_score result=MISMATCH elements=65536 mismatch_count=2560 first_index=8192 actual_bits=0x3e788a38 expected_bits=0x3e787b90 max_abs=0.0042881369590759277 max_rel=0.97292391967924496 max_ulp=44015360
FIRST_DIVERGENCE_OBJECT row=4 layer=15 checkpoint=CP3-F subobject=layer_n_comp result=EXACT elements=1
FIRST_DIVERGENCE_OBJECT row=4 layer=15 checkpoint=CP4 subobject=after_attn_hc result=MISMATCH elements=16384 mismatch_count=16383 first_index=0 actual_bits=0xba04fa60 expected_bits=0xb9fe2612 max_abs=0.0070095658302307129 max_rel=1.7590727237460566 max_ulp=1975649227
FIRST_DIVERGENCE_OBJECT row=4 layer=15 checkpoint=CP5 subobject=layer_output result=MISMATCH elements=16384 mismatch_count=16383 first_index=0 actual_bits=0xbab6a3e5 expected_bits=0xbab204e5 max_abs=0.0071549415588378906 max_rel=1.8074369970522874 max_ulp=1979523308
FIRST_DIVERGENCE_OBJECT row=4 layer=16 checkpoint=CP1 subobject=attn_norm result=MISMATCH elements=4096 mismatch_count=4096 first_index=0 actual_bits=0xbca325c8 expected_bits=0xbca0486b max_abs=0.011170864105224609 max_rel=1.4727105128498508 max_ulp=1933350829
FIRST_DIVERGENCE_OBJECT row=4 layer=16 checkpoint=CP2-Q subobject=qr result=MISMATCH elements=1024 mismatch_count=1024 first_index=0 actual_bits=0xbdc73815 expected_bits=0xbdc8bcc8 max_abs=0.0021115802228450775 max_rel=1.2032695600270173 max_ulp=1942151681
FIRST_DIVERGENCE_OBJECT row=4 layer=16 checkpoint=CP2-KV-P subobject=kv_raw result=MISMATCH elements=512 mismatch_count=512 first_index=0 actual_bits=0xbe3c55d5 expected_bits=0xbe3c76f6 max_abs=0.0033428668975830078 max_rel=0.4516838904829667 max_ulp=7394448
FIRST_DIVERGENCE_OBJECT row=4 layer=16 checkpoint=CP2-KV-R subobject=raw_cache result=MISMATCH elements=512 mismatch_count=106 first_index=2 actual_bits=0x3f900000 expected_bits=0x3fa00000 max_abs=0.125 max_rel=0.68214285714285716 max_ulp=14442496
FIRST_DIVERGENCE_OBJECT row=4 layer=16 checkpoint=CP3-F subobject=attn_state_kv result=MISMATCH elements=8192 mismatch_count=8192 first_index=0 actual_bits=0x3dba4e8a expected_bits=0x3dba56ec max_abs=0.0021577253937721252 max_rel=1.5169396397775397 max_ulp=1925474753
FIRST_DIVERGENCE_OBJECT row=4 layer=16 checkpoint=CP3-F subobject=attn_state_score result=MISMATCH elements=8192 mismatch_count=8192 first_index=0 actual_bits=0xbfcc9287 expected_bits=0xbfcc7700 max_abs=0.012756660580635071 max_rel=1.5783990474348548 max_ulp=1984165025
FIRST_DIVERGENCE_OBJECT row=4 layer=16 checkpoint=CP3-F subobject=layer_n_comp result=EXACT elements=1
FIRST_DIVERGENCE_OBJECT row=4 layer=16 checkpoint=CP3-F subobject=index_state_kv result=MISMATCH elements=2048 mismatch_count=2048 first_index=0 actual_bits=0x3e22a0c4 expected_bits=0x3e228174 max_abs=0.0032120943069458008 max_rel=1.1882677974813673 max_ulp=1912400385
FIRST_DIVERGENCE_OBJECT row=4 layer=16 checkpoint=CP3-F subobject=index_state_score result=MISMATCH elements=2048 mismatch_count=2048 first_index=0 actual_bits=0xbfd35cb0 expected_bits=0xbfd34018 max_abs=0.015980005264282227 max_rel=1.382638982084144 max_ulp=1989750505
FIRST_DIVERGENCE_OBJECT row=4 layer=16 checkpoint=CP3-F subobject=layer_n_index_comp result=EXACT elements=1
FIRST_DIVERGENCE_OBJECT row=4 layer=16 checkpoint=CP4 subobject=after_attn_hc result=MISMATCH elements=16384 mismatch_count=16383 first_index=0 actual_bits=0xbaaec70e expected_bits=0xbaaa2551 max_abs=0.010327696800231934 max_rel=1.6532395372793121 max_ulp=1979858674
FIRST_DIVERGENCE_OBJECT row=4 layer=16 checkpoint=CP5 subobject=layer_output result=MISMATCH elements=16384 mismatch_count=16383 first_index=0 actual_bits=0xbae492e5 expected_bits=0xbae17608 max_abs=0.012850672006607056 max_rel=1.5763028591844668 max_ulp=1962453842
FIRST_DIVERGENCE_OBJECT row=4 layer=17 checkpoint=CP1 subobject=attn_norm result=MISMATCH elements=4096 mismatch_count=4096 first_index=0 actual_bits=0xbd7fcc73 expected_bits=0xbd7fa186 max_abs=0.0016418397426605225 max_rel=1.8657329612529523 max_ulp=1934989947
FIRST_DIVERGENCE_OBJECT row=4 layer=17 checkpoint=CP2-Q subobject=qr result=MISMATCH elements=1024 mismatch_count=1024 first_index=0 actual_bits=0x3dbc7c15 expected_bits=0x3dbe88e9 max_abs=0.0023625940084457397 max_rel=1.1814543565128104 max_ulp=1946357377
FIRST_DIVERGENCE_OBJECT row=4 layer=17 checkpoint=CP2-KV-P subobject=kv_raw result=MISMATCH elements=512 mismatch_count=512 first_index=0 actual_bits=0xbd8ab9fe expected_bits=0xbd878e6f max_abs=0.0025606453418731689 max_rel=1.2170745660960534 max_ulp=1944563969
FIRST_DIVERGENCE_OBJECT row=4 layer=17 checkpoint=CP2-KV-R subobject=raw_cache result=MISMATCH elements=512 mismatch_count=146 first_index=0 actual_bits=0xbee00000 expected_bits=0xbed00000 max_abs=0.25 max_rel=1.2115384615384615 max_ulp=1988100097
FIRST_DIVERGENCE_OBJECT row=4 layer=17 checkpoint=CP3-F subobject=attn_state_kv result=MISMATCH elements=65536 mismatch_count=2560 first_index=8192 actual_bits=0x3ba71d28 expected_bits=0x3b9e7080 max_abs=0.0052537024021148682 max_rel=1.210759973068507 max_ulp=1918249985
FIRST_DIVERGENCE_OBJECT row=4 layer=17 checkpoint=CP3-F subobject=attn_state_score result=MISMATCH elements=65536 mismatch_count=2560 first_index=8192 actual_bits=0x3e92f626 expected_bits=0x3e92ffcd max_abs=0.010935187339782715 max_rel=1.3018347790085933 max_ulp=1956381057
FIRST_DIVERGENCE_OBJECT row=4 layer=17 checkpoint=CP3-F subobject=layer_n_comp result=EXACT elements=1
FIRST_DIVERGENCE_OBJECT row=4 layer=17 checkpoint=CP4 subobject=after_attn_hc result=MISMATCH elements=16384 mismatch_count=16384 first_index=0 actual_bits=0xbae9e280 expected_bits=0xbae69eb8 max_abs=0.018584132194519043 max_rel=1.8207590592539344 max_ulp=2000569019
FIRST_DIVERGENCE_OBJECT row=4 layer=17 checkpoint=CP5 subobject=layer_output result=MISMATCH elements=16384 mismatch_count=16384 first_index=0 actual_bits=0x3c085423 expected_bits=0x3c089464 max_abs=0.035408258438110352 max_rel=1.9994916504952889 max_ulp=2003590710
FIRST_DIVERGENCE_OBJECT row=4 layer=18 checkpoint=CP1 subobject=attn_norm result=MISMATCH elements=4096 mismatch_count=4096 first_index=0 actual_bits=0x3bced099 expected_bits=0x3bd94091 max_abs=0.024258017539978027 max_rel=1.7151843189726785 max_ulp=1943688645
FIRST_DIVERGENCE_OBJECT row=4 layer=18 checkpoint=CP2-Q subobject=qr result=MISMATCH elements=1024 mismatch_count=1024 first_index=0 actual_bits=0xbd8f42ee expected_bits=0xbd8fe094 max_abs=0.0025323238223791122 max_rel=1.155235997102849 max_ulp=1927985921
FIRST_DIVERGENCE_OBJECT row=4 layer=18 checkpoint=CP2-KV-P subobject=kv_raw result=MISMATCH elements=512 mismatch_count=512 first_index=0 actual_bits=0x3e4a3c37 expected_bits=0x3e495356 max_abs=0.0035002250224351883 max_rel=0.77541360438923657 max_ulp=17835384
FIRST_DIVERGENCE_OBJECT row=4 layer=18 checkpoint=CP2-KV-R subobject=raw_cache result=MISMATCH elements=512 mismatch_count=159 first_index=2 actual_bits=0xbc700000 expected_bits=0xbb600000 max_abs=0.125 max_rel=0.76666666666666672 max_ulp=17825792
FIRST_DIVERGENCE_OBJECT row=4 layer=18 checkpoint=CP3-F subobject=attn_state_kv result=MISMATCH elements=8192 mismatch_count=8192 first_index=0 actual_bits=0xbc627954 expected_bits=0xbc63238c max_abs=0.0023164749145507812 max_rel=1.8891364671462396 max_ulp=1955988737
FIRST_DIVERGENCE_OBJECT row=4 layer=18 checkpoint=CP3-F subobject=attn_state_score result=MISMATCH elements=8192 mismatch_count=8192 first_index=0 actual_bits=0x3f37ba90 expected_bits=0x3f37d8ae max_abs=0.019270896911621094 max_rel=0.93058140625803898 max_ulp=32383968
FIRST_DIVERGENCE_OBJECT row=4 layer=18 checkpoint=CP3-F subobject=layer_n_comp result=EXACT elements=1
FIRST_DIVERGENCE_OBJECT row=4 layer=18 checkpoint=CP3-F subobject=index_state_kv result=MISMATCH elements=2048 mismatch_count=2048 first_index=0 actual_bits=0x3d51cad3 expected_bits=0x3d51dee0 max_abs=0.0060413777828216553 max_rel=1.6192750034482986 max_ulp=1940613889
FIRST_DIVERGENCE_OBJECT row=4 layer=18 checkpoint=CP3-F subobject=index_state_score result=MISMATCH elements=2048 mismatch_count=2048 first_index=0 actual_bits=0x3f995ec1 expected_bits=0x3f997072 max_abs=0.024765729904174805 max_rel=0.80742481862235327 max_ulp=19493280
FIRST_DIVERGENCE_OBJECT row=4 layer=18 checkpoint=CP3-F subobject=layer_n_index_comp result=EXACT elements=1
FIRST_DIVERGENCE_OBJECT row=4 layer=18 checkpoint=CP4 subobject=after_attn_hc result=MISMATCH elements=16384 mismatch_count=16384 first_index=0 actual_bits=0x3c92e502 expected_bits=0x3c9709d4 max_abs=0.034370183944702148 max_rel=1.8363019722178775 max_ulp=2016057156
FIRST_DIVERGENCE_OBJECT row=4 layer=18 checkpoint=CP5 subobject=layer_output result=MISMATCH elements=16384 mismatch_count=16384 first_index=0 actual_bits=0x3dbdc50c expected_bits=0x3dbef5b2 max_abs=0.037391602993011475 max_rel=1.7584948305056851 max_ulp=2026409552
FIRST_DIVERGENCE_OBJECT row=4 layer=19 checkpoint=CP1 subobject=attn_norm result=MISMATCH elements=4096 mismatch_count=4096 first_index=0 actual_bits=0x3d5a624a expected_bits=0x3d5bbfc9 max_abs=0.0010795574635267258 max_rel=1.7212630610362722 max_ulp=1933385895
FIRST_DIVERGENCE_OBJECT row=4 layer=19 checkpoint=CP2-Q subobject=qr result=MISMATCH elements=1024 mismatch_count=1024 first_index=0 actual_bits=0xbbec3964 expected_bits=0xbbd88cc4 max_abs=0.0014481954276561737 max_rel=1.9101449742973395 max_ulp=1939510993
FIRST_DIVERGENCE_OBJECT row=4 layer=19 checkpoint=CP2-KV-P subobject=kv_raw result=MISMATCH elements=512 mismatch_count=512 first_index=0 actual_bits=0xbcce18f5 expected_bits=0xbcce8704 max_abs=0.0017481856048107147 max_rel=1.0917222457073774 max_ulp=1924819233
FIRST_DIVERGENCE_OBJECT row=4 layer=19 checkpoint=CP2-KV-R subobject=raw_cache result=MISMATCH elements=512 mismatch_count=131 first_index=6 actual_bits=0xbdb00000 expected_bits=0xbda00000 max_abs=0.125 max_rel=1.0902777777777777 max_ulp=1986002945
FIRST_DIVERGENCE_OBJECT row=4 layer=19 checkpoint=CP3-F subobject=attn_state_kv result=MISMATCH elements=65536 mismatch_count=2560 first_index=8192 actual_bits=0xbb7f5270 expected_bits=0xbb802cc0 max_abs=0.0016346275806427002 max_rel=1.9525665732305537 max_ulp=1939707873
FIRST_DIVERGENCE_OBJECT row=4 layer=19 checkpoint=CP3-F subobject=attn_state_score result=MISMATCH elements=65536 mismatch_count=2560 first_index=8192 actual_bits=0x3d3e4291 expected_bits=0x3d3e9bde max_abs=0.0066010951995849609 max_rel=1.9152234288210697 max_ulp=1967718369
FIRST_DIVERGENCE_OBJECT row=4 layer=19 checkpoint=CP3-F subobject=layer_n_comp result=EXACT elements=1
FIRST_DIVERGENCE_OBJECT row=4 layer=19 checkpoint=CP4 subobject=after_attn_hc result=MISMATCH elements=16384 mismatch_count=16383 first_index=0 actual_bits=0x3dd1868c expected_bits=0x3dd2d68e max_abs=0.049965620040893555 max_rel=1.9174046554351387 max_ulp=2016967100
FIRST_DIVERGENCE_OBJECT row=4 layer=19 checkpoint=CP5 subobject=layer_output result=MISMATCH elements=16384 mismatch_count=16384 first_index=0 actual_bits=0x3dd42060 expected_bits=0x3dd56a27 max_abs=0.047158718109130859 max_rel=1.8420168450997232 max_ulp=2010626968
FIRST_DIVERGENCE_OBJECT row=4 layer=20 checkpoint=CP1 subobject=attn_norm result=MISMATCH elements=4096 mismatch_count=4096 first_index=0 actual_bits=0x3dcc1e1f expected_bits=0x3dcd299d max_abs=0.0019731633365154266 max_rel=1.8193884571346253 max_ulp=1932380773
FIRST_DIVERGENCE_OBJECT row=4 layer=20 checkpoint=CP2-Q subobject=qr result=MISMATCH elements=1024 mismatch_count=1024 first_index=0 actual_bits=0x3c8a737e expected_bits=0x3c8e3f1f max_abs=0.0023803859949111938 max_rel=1.462350466184507 max_ulp=1924004993
FIRST_DIVERGENCE_OBJECT row=4 layer=20 checkpoint=CP2-KV-P subobject=kv_raw result=MISMATCH elements=512 mismatch_count=512 first_index=0 actual_bits=0xbe5f0c40 expected_bits=0xbe5edd62 max_abs=0.0021298155188560486 max_rel=1.7887874080422828 max_ulp=1948614257
FIRST_DIVERGENCE_OBJECT row=4 layer=20 checkpoint=CP2-KV-R subobject=raw_cache result=MISMATCH elements=512 mismatch_count=150 first_index=3 actual_bits=0xbf900000 expected_bits=0xbfa00000 max_abs=0.125 max_rel=1.7857142857142858 max_ulp=2005925889
FIRST_DIVERGENCE_OBJECT row=4 layer=20 checkpoint=CP3-F subobject=attn_state_kv result=MISMATCH elements=8192 mismatch_count=8192 first_index=0 actual_bits=0xbdc0dbd4 expected_bits=0xbdc0f728 max_abs=0.0030356571078300476 max_rel=1.8922730085757227 max_ulp=1949172301
FIRST_DIVERGENCE_OBJECT row=4 layer=20 checkpoint=CP3-F subobject=attn_state_score result=MISMATCH elements=8192 mismatch_count=8192 first_index=0 actual_bits=0xbf84b8ef expected_bits=0xbf84a8dc max_abs=0.011633396148681641 max_rel=1.7500893981004693 max_ulp=1976919105
FIRST_DIVERGENCE_OBJECT row=4 layer=20 checkpoint=CP3-F subobject=layer_n_comp result=EXACT elements=1
FIRST_DIVERGENCE_OBJECT row=4 layer=20 checkpoint=CP3-F subobject=index_state_kv result=MISMATCH elements=2048 mismatch_count=2048 first_index=0 actual_bits=0xbb5e7684 expected_bits=0xbb595dc0 max_abs=0.0031399726867675781 max_rel=1.4594514146716169 max_ulp=1956953793
FIRST_DIVERGENCE_OBJECT row=4 layer=20 checkpoint=CP3-F subobject=index_state_score result=MISMATCH elements=2048 mismatch_count=2048 first_index=0 actual_bits=0xbf6fa4dd expected_bits=0xbf6f8a2d max_abs=0.015100955963134766 max_rel=0.22253707010325285 max_ulp=2898944
FIRST_DIVERGENCE_OBJECT row=4 layer=20 checkpoint=CP3-F subobject=layer_n_index_comp result=EXACT elements=1
FIRST_DIVERGENCE_OBJECT row=4 layer=20 checkpoint=CP4 subobject=after_attn_hc result=MISMATCH elements=16384 mismatch_count=16384 first_index=0 actual_bits=0xbd80ef44 expected_bits=0xbd7c207a max_abs=0.042059898376464844 max_rel=1.9589003852701814 max_ulp=2013905949
FIRST_DIVERGENCE_OBJECT row=4 layer=20 checkpoint=CP5 subobject=layer_output result=MISMATCH elements=16384 mismatch_count=16384 first_index=0 actual_bits=0xbe49c267 expected_bits=0xbe484cfe max_abs=0.044110774993896484 max_rel=1.9999676316823205 max_ulp=2019216344
FIRST_DIVERGENCE_OBJECT row=4 layer=21 checkpoint=CP1 subobject=attn_norm result=MISMATCH elements=4096 mismatch_count=4096 first_index=0 actual_bits=0x3bd66f5f expected_bits=0x3be1929f max_abs=0.0010138154029846191 max_rel=1.7675419939253871 max_ulp=1923519538
FIRST_DIVERGENCE_OBJECT row=4 layer=21 checkpoint=CP2-Q subobject=qr result=MISMATCH elements=1024 mismatch_count=1024 first_index=0 actual_bits=0xbdcc398c expected_bits=0xbdccf7f8 max_abs=0.0014058612287044525 max_rel=1.1545418747538894 max_ulp=1910335297
FIRST_DIVERGENCE_OBJECT row=4 layer=21 checkpoint=CP2-KV-P subobject=kv_raw result=MISMATCH elements=512 mismatch_count=512 first_index=0 actual_bits=0x3d59a002 expected_bits=0x3d5bd1c3 max_abs=0.001488126814365387 max_rel=0.91411275493415745 max_ulp=29842624
FIRST_DIVERGENCE_OBJECT row=4 layer=21 checkpoint=CP2-KV-R subobject=raw_cache result=MISMATCH elements=512 mismatch_count=113 first_index=2 actual_bits=0x3f500000 expected_bits=0x3f600000 max_abs=0.125 max_rel=0.91666666666666663 max_ulp=29360128
FIRST_DIVERGENCE_OBJECT row=4 layer=21 checkpoint=CP3-F subobject=attn_state_kv result=MISMATCH elements=65536 mismatch_count=2560 first_index=8192 actual_bits=0x3b9d2950 expected_bits=0x3b9baa58 max_abs=0.0019004940986633301 max_rel=1.6037812888336589 max_ulp=1911312385
FIRST_DIVERGENCE_OBJECT row=4 layer=21 checkpoint=CP3-F subobject=attn_state_score result=MISMATCH elements=65536 mismatch_count=2559 first_index=8192 actual_bits=0x3e7ff990 expected_bits=0x3e80048c max_abs=0.0024514049291610718 max_rel=1.2828546562228025 max_ulp=1927172609
FIRST_DIVERGENCE_OBJECT row=4 layer=21 checkpoint=CP3-F subobject=layer_n_comp result=EXACT elements=1
FIRST_DIVERGENCE_OBJECT row=4 layer=21 checkpoint=CP4 subobject=after_attn_hc result=MISMATCH elements=16384 mismatch_count=16383 first_index=0 actual_bits=0xbce5c026 expected_bits=0xbcc7bb11 max_abs=0.047867178916931152 max_rel=1.8135728530819473 max_ulp=2019626652
FIRST_DIVERGENCE_OBJECT row=4 layer=21 checkpoint=CP5 subobject=layer_output result=MISMATCH elements=16384 mismatch_count=16383 first_index=0 actual_bits=0xbd7236cd expected_bits=0xbd658aac max_abs=0.047234892845153809 max_rel=1.9983257982378686 max_ulp=2025420906
FIRST_DIVERGENCE_OBJECT row=4 layer=22 checkpoint=CP1 subobject=attn_norm result=MISMATCH elements=4096 mismatch_count=4096 first_index=0 actual_bits=0x3cff9636 expected_bits=0x3d030ceb max_abs=0.0061411857604980469 max_rel=1.5834894309023138 max_ulp=1936796893
FIRST_DIVERGENCE_OBJECT row=4 layer=22 checkpoint=CP2-Q subobject=qr result=MISMATCH elements=1024 mismatch_count=1024 first_index=0 actual_bits=0xbe322b80 expected_bits=0xbe30e814 max_abs=0.0033302903175354004 max_rel=1.1249392220421395 max_ulp=1895925761
FIRST_DIVERGENCE_OBJECT row=4 layer=22 checkpoint=CP2-KV-P subobject=kv_raw result=MISMATCH elements=512 mismatch_count=512 first_index=0 actual_bits=0xbe5af0f0 expected_bits=0xbe5a654e max_abs=0.0032759904861450195 max_rel=1.7186162684052504 max_ulp=1958900113
FIRST_DIVERGENCE_OBJECT row=4 layer=22 checkpoint=CP2-KV-R subobject=raw_cache result=MISMATCH elements=512 mismatch_count=124 first_index=15 actual_bits=0xbea00000 expected_bits=0xbeb00000 max_abs=0.125 max_rel=1.7222222222222223 max_ulp=1994391553
FIRST_DIVERGENCE_OBJECT row=4 layer=22 checkpoint=CP3-F subobject=attn_state_kv result=MISMATCH elements=8192 mismatch_count=8192 first_index=0 actual_bits=0xbde7f544 expected_bits=0xbde7ff4b max_abs=0.0029774904251098633 max_rel=1.6534907525554916 max_ulp=1945706817
FIRST_DIVERGENCE_OBJECT row=4 layer=22 checkpoint=CP3-F subobject=attn_state_score result=MISMATCH elements=8192 mismatch_count=8192 first_index=0 actual_bits=0xbfe4a635 expected_bits=0xbfe499dc max_abs=0.01930844783782959 max_rel=1.4951675746791033 max_ulp=1967976705
FIRST_DIVERGENCE_OBJECT row=4 layer=22 checkpoint=CP3-F subobject=layer_n_comp result=EXACT elements=1
FIRST_DIVERGENCE_OBJECT row=4 layer=22 checkpoint=CP3-F subobject=index_state_kv result=MISMATCH elements=2048 mismatch_count=2048 first_index=0 actual_bits=0x3e334467 expected_bits=0x3e3322b1 max_abs=0.0080595016479492188 max_rel=1.4026799531405927 max_ulp=1969262721
FIRST_DIVERGENCE_OBJECT row=4 layer=22 checkpoint=CP3-F subobject=index_state_score result=MISMATCH elements=2048 mismatch_count=2048 first_index=0 actual_bits=0xc0095cee expected_bits=0xc0095a52 max_abs=0.020510435104370117 max_rel=0.77223465403009961 max_ulp=17815040
FIRST_DIVERGENCE_OBJECT row=4 layer=22 checkpoint=CP3-F subobject=layer_n_index_comp result=EXACT elements=1
FIRST_DIVERGENCE_OBJECT row=4 layer=22 checkpoint=CP4 subobject=after_attn_hc result=MISMATCH elements=16384 mismatch_count=16384 first_index=0 actual_bits=0x3e0eea64 expected_bits=0x3e128f99 max_abs=0.045254230499267578 max_rel=1.9863905566408464 max_ulp=2019413687
FIRST_DIVERGENCE_OBJECT row=4 layer=22 checkpoint=CP5 subobject=layer_output result=MISMATCH elements=16384 mismatch_count=16384 first_index=0 actual_bits=0x3dcba439 expected_bits=0x3dd21967 max_abs=0.050148248672485352 max_rel=1.9478431836411825 max_ulp=2013218512
FIRST_DIVERGENCE_OBJECT row=4 layer=23 checkpoint=CP1 subobject=attn_norm result=MISMATCH elements=4096 mismatch_count=4096 first_index=0 actual_bits=0x3c5780c0 expected_bits=0x3c592db9 max_abs=0.0012467056512832642 max_rel=1.9080037290943122 max_ulp=1938054311
FIRST_DIVERGENCE_OBJECT row=4 layer=23 checkpoint=CP2-Q subobject=qr result=MISMATCH elements=1024 mismatch_count=1024 first_index=0 actual_bits=0x3e532760 expected_bits=0x3e530832 max_abs=0.0025765672326087952 max_rel=1.8523985501592413 max_ulp=1928618817
FIRST_DIVERGENCE_OBJECT row=4 layer=23 checkpoint=CP2-KV-P subobject=kv_raw result=MISMATCH elements=512 mismatch_count=512 first_index=0 actual_bits=0xbd4ad4e8 expected_bits=0xbd488af5 max_abs=0.0023984313011169434 max_rel=1.055127764971308 max_ulp=1906062785
FIRST_DIVERGENCE_OBJECT row=4 layer=23 checkpoint=CP2-KV-R subobject=raw_cache result=MISMATCH elements=512 mismatch_count=103 first_index=3 actual_bits=0x3fc00000 expected_bits=0x3fd00000 max_abs=0.125 max_rel=1.0562499999999999 max_ulp=1949302785
FIRST_DIVERGENCE_OBJECT row=4 layer=23 checkpoint=CP3-F subobject=attn_state_kv result=MISMATCH elements=65536 mismatch_count=2560 first_index=8192 actual_bits=0x3e4b28ac expected_bits=0x3e4b3152 max_abs=0.0014250129461288452 max_rel=1.1918880023317666 max_ulp=1920664577
FIRST_DIVERGENCE_OBJECT row=4 layer=23 checkpoint=CP3-F subobject=attn_state_score result=MISMATCH elements=65536 mismatch_count=2560 first_index=8192 actual_bits=0xbdb64bc1 expected_bits=0xbdb54478 max_abs=0.002788931131362915 max_rel=1.6437364228819695 max_ulp=1947967393
FIRST_DIVERGENCE_OBJECT row=4 layer=23 checkpoint=CP3-F subobject=layer_n_comp result=EXACT elements=1
FIRST_DIVERGENCE_OBJECT row=4 layer=23 checkpoint=CP4 subobject=after_attn_hc result=MISMATCH elements=16384 mismatch_count=16384 first_index=0 actual_bits=0x3dadf3eb expected_bits=0x3db3eb19 max_abs=0.04828333854675293 max_rel=1.9886322091928437 max_ulp=2016121079
FIRST_DIVERGENCE_OBJECT row=4 layer=23 checkpoint=CP5 subobject=layer_output result=MISMATCH elements=16384 mismatch_count=16384 first_index=0 actual_bits=0x3e080311 expected_bits=0x3e0baa9a max_abs=0.04711604118347168 max_rel=1.8916690401231504 max_ulp=2012171347
FIRST_DIVERGENCE_OBJECT row=4 layer=24 checkpoint=CP1 subobject=attn_norm result=MISMATCH elements=4096 mismatch_count=4096 first_index=0 actual_bits=0x3cb94b33 expected_bits=0x3cbde0fc max_abs=0.0086280107498168945 max_rel=1.857793155256666 max_ulp=1944333185
FIRST_DIVERGENCE_OBJECT row=4 layer=24 checkpoint=CP2-Q subobject=qr result=MISMATCH elements=1024 mismatch_count=1024 first_index=0 actual_bits=0xbeda375b expected_bits=0xbedb4e12 max_abs=0.0028552114963531494 max_rel=1.7998290502164989 max_ulp=1954984929
FIRST_DIVERGENCE_OBJECT row=4 layer=24 checkpoint=CP2-KV-P subobject=kv_raw result=MISMATCH elements=512 mismatch_count=512 first_index=0 actual_bits=0xbe29fb89 expected_bits=0xbe29bc71 max_abs=0.0037430301308631897 max_rel=1.6561338289962826 max_ulp=1932716545
FIRST_DIVERGENCE_OBJECT row=4 layer=24 checkpoint=CP2-KV-R subobject=raw_cache result=MISMATCH elements=512 mismatch_count=132 first_index=2 actual_bits=0x3d100000 expected_bits=0x3d200000 max_abs=0.125 max_rel=1.6499999999999999 max_ulp=1961885697
FIRST_DIVERGENCE_OBJECT row=4 layer=24 checkpoint=CP3-F subobject=attn_state_kv result=MISMATCH elements=8192 mismatch_count=8190 first_index=0 actual_bits=0xbe5a5b12 expected_bits=0xbe5a5cb7 max_abs=0.0046769827604293823 max_rel=1.8102000751848293 max_ulp=1940100289
FIRST_DIVERGENCE_OBJECT row=4 layer=24 checkpoint=CP3-F subobject=attn_state_score result=MISMATCH elements=8192 mismatch_count=8192 first_index=0 actual_bits=0xc011b153 expected_bits=0xc011a085 max_abs=0.012993335723876953 max_rel=1.2265253499430715 max_ulp=1981148673
FIRST_DIVERGENCE_OBJECT row=4 layer=24 checkpoint=CP3-F subobject=layer_n_comp result=EXACT elements=1
FIRST_DIVERGENCE_OBJECT row=4 layer=24 checkpoint=CP3-F subobject=index_state_kv result=MISMATCH elements=2048 mismatch_count=2048 first_index=0 actual_bits=0xbdb2dc1c expected_bits=0xbdb330f4 max_abs=0.0046981126070022583 max_rel=0.72409620329753444 max_ulp=15407216
FIRST_DIVERGENCE_OBJECT row=4 layer=24 checkpoint=CP3-F subobject=index_state_score result=MISMATCH elements=2048 mismatch_count=2048 first_index=0 actual_bits=0xc0084a26 expected_bits=0xc008399b max_abs=0.013001441955566406 max_rel=0.81897292165815294 max_ulp=20089344
FIRST_DIVERGENCE_OBJECT row=4 layer=24 checkpoint=CP3-F subobject=layer_n_index_comp result=EXACT elements=1
FIRST_DIVERGENCE_OBJECT row=4 layer=24 checkpoint=CP4 subobject=after_attn_hc result=MISMATCH elements=16384 mismatch_count=16384 first_index=0 actual_bits=0xbcb90d67 expected_bits=0xbcdb35f3 max_abs=0.0542755126953125 max_rel=1.9501606138270324 max_ulp=2031191030
FIRST_DIVERGENCE_OBJECT row=4 layer=24 checkpoint=CP5 subobject=layer_output result=MISMATCH elements=16384 mismatch_count=16384 first_index=0 actual_bits=0xbe89b10c expected_bits=0xbe8adb58 max_abs=0.05646204948425293 max_rel=1.8134482363826647 max_ulp=2019759493
FIRST_DIVERGENCE_OBJECT row=4 layer=25 checkpoint=CP1 subobject=attn_norm result=MISMATCH elements=4096 mismatch_count=4096 first_index=0 actual_bits=0x3c5953b1 expected_bits=0x3c5a547a max_abs=0.00030853599309921265 max_rel=1.81886114715616 max_ulp=1895664576
FIRST_DIVERGENCE_OBJECT row=4 layer=25 checkpoint=CP2-Q subobject=qr result=MISMATCH elements=1024 mismatch_count=1024 first_index=0 actual_bits=0x3cb70fec expected_bits=0x3cb64543 max_abs=0.00044427067041397095 max_rel=0.46065504883927438 max_ulp=7436992
FIRST_DIVERGENCE_OBJECT row=4 layer=25 checkpoint=CP2-KV-P subobject=kv_raw result=MISMATCH elements=512 mismatch_count=512 first_index=0 actual_bits=0x3bbba8a8 expected_bits=0x3bc1c968 max_abs=0.00040274113416671753 max_rel=0.24789384295244507 max_ulp=3204544
FIRST_DIVERGENCE_OBJECT row=4 layer=25 checkpoint=CP2-KV-R subobject=raw_cache result=MISMATCH elements=512 mismatch_count=90 first_index=0 actual_bits=0x3db00000 expected_bits=0x3dc00000 max_abs=0.125 max_rel=0.29999999999999999 max_ulp=4194304
FIRST_DIVERGENCE_OBJECT row=4 layer=25 checkpoint=CP3-F subobject=attn_state_kv result=MISMATCH elements=65536 mismatch_count=2560 first_index=8192 actual_bits=0x3d92a8c9 expected_bits=0x3d92b538 max_abs=0.00065667927265167236 max_rel=1.3976932361750638 max_ulp=1857667585
FIRST_DIVERGENCE_OBJECT row=4 layer=25 checkpoint=CP3-F subobject=attn_state_score result=MISMATCH elements=65536 mismatch_count=2560 first_index=8192 actual_bits=0xbd07dd10 expected_bits=0xbd07f85b max_abs=0.0012921690940856934 max_rel=1.451409736622203 max_ulp=1935692801
FIRST_DIVERGENCE_OBJECT row=4 layer=25 checkpoint=CP3-F subobject=layer_n_comp result=EXACT elements=1
FIRST_DIVERGENCE_OBJECT row=4 layer=25 checkpoint=CP4 subobject=after_attn_hc result=MISMATCH elements=16384 mismatch_count=16382 first_index=0 actual_bits=0xbe83927a expected_bits=0xbe8504ba max_abs=0.10626459121704102 max_rel=1.9239639119396998 max_ulp=2025549497
FIRST_DIVERGENCE_OBJECT row=4 layer=25 checkpoint=CP5 subobject=layer_output result=MISMATCH elements=16384 mismatch_count=16383 first_index=0 actual_bits=0x3f030b0a expected_bits=0x3f033c4d max_abs=0.10415410995483398 max_rel=1.9261723219581228 max_ulp=2033325940
FIRST_DIVERGENCE_OBJECT row=4 layer=26 checkpoint=CP1 subobject=attn_norm result=MISMATCH elements=4096 mismatch_count=4096 first_index=0 actual_bits=0x3ca8b176 expected_bits=0x3ca88bb4 max_abs=0.017852842807769775 max_rel=1.4909918673420479 max_ulp=1929479097
FIRST_DIVERGENCE_OBJECT row=4 layer=26 checkpoint=CP2-Q subobject=qr result=MISMATCH elements=1024 mismatch_count=1024 first_index=0 actual_bits=0x3d96d948 expected_bits=0x3d9771df max_abs=0.0016291514039039612 max_rel=0.58864722632100175 max_ulp=10960864
FIRST_DIVERGENCE_OBJECT row=4 layer=26 checkpoint=CP2-KV-P subobject=kv_raw result=MISMATCH elements=512 mismatch_count=512 first_index=0 actual_bits=0x3d85aff0 expected_bits=0x3d86543c max_abs=0.0011568628251552582 max_rel=1.7942518537296406 max_ulp=1941593601
FIRST_DIVERGENCE_OBJECT row=4 layer=26 checkpoint=CP2-KV-R subobject=raw_cache result=MISMATCH elements=512 mismatch_count=107 first_index=1 actual_bits=0xbe200000 expected_bits=0xbe100000 max_abs=0.125 max_rel=1.8125 max_ulp=1993342977
FIRST_DIVERGENCE_OBJECT row=4 layer=26 checkpoint=CP3-F subobject=attn_state_kv result=MISMATCH elements=8192 mismatch_count=8192 first_index=0 actual_bits=0xbe8c7f7b expected_bits=0xbe8c7bee max_abs=0.0020666718482971191 max_rel=1.6483670976514784 max_ulp=1927717121
FIRST_DIVERGENCE_OBJECT row=4 layer=26 checkpoint=CP3-F subobject=attn_state_score result=MISMATCH elements=8192 mismatch_count=8192 first_index=0 actual_bits=0x3e189134 expected_bits=0x3e1b5d1c max_abs=0.014812350273132324 max_rel=1.2385105315375931 max_ulp=1968089601
FIRST_DIVERGENCE_OBJECT row=4 layer=26 checkpoint=CP3-F subobject=layer_n_comp result=EXACT elements=1
FIRST_DIVERGENCE_OBJECT row=4 layer=26 checkpoint=CP3-F subobject=index_state_kv result=MISMATCH elements=2048 mismatch_count=2048 first_index=0 actual_bits=0x3de7c649 expected_bits=0x3de78c8e max_abs=0.0025920867919921875 max_rel=1.9612737606504649 max_ulp=1915806049
FIRST_DIVERGENCE_OBJECT row=4 layer=26 checkpoint=CP3-F subobject=index_state_score result=MISMATCH elements=2048 mismatch_count=2048 first_index=0 actual_bits=0x3e48d18f expected_bits=0x3e4bf380 max_abs=0.018877267837524414 max_rel=1.7662617212199485 max_ulp=1976339553
FIRST_DIVERGENCE_OBJECT row=4 layer=26 checkpoint=CP3-F subobject=layer_n_index_comp result=EXACT elements=1
FIRST_DIVERGENCE_OBJECT row=4 layer=26 checkpoint=CP4 subobject=after_attn_hc result=MISMATCH elements=16384 mismatch_count=16384 first_index=0 actual_bits=0x3ef8e8c9 expected_bits=0x3ef94b19 max_abs=0.10191249847412109 max_rel=1.964675369540817 max_ulp=2037412957
FIRST_DIVERGENCE_OBJECT row=4 layer=26 checkpoint=CP5 subobject=layer_output result=MISMATCH elements=16384 mismatch_count=16383 first_index=0 actual_bits=0x3f81f551 expected_bits=0x3f828182 max_abs=0.099454164505004883 max_rel=1.9982869675550021 max_ulp=2032605633
FIRST_DIVERGENCE_OBJECT row=4 layer=27 checkpoint=CP1 subobject=attn_norm result=MISMATCH elements=4096 mismatch_count=4096 first_index=0 actual_bits=0x3ce6b4ff expected_bits=0x3ce6135e max_abs=0.00092794373631477356 max_rel=1.9638701510611865 max_ulp=1928150749
FIRST_DIVERGENCE_OBJECT row=4 layer=27 checkpoint=CP2-Q subobject=qr result=MISMATCH elements=1024 mismatch_count=1024 first_index=0 actual_bits=0xbae67280 expected_bits=0xbab2dd80 max_abs=0.0013799294829368591 max_rel=1.5564740469115508 max_ulp=1909573761
FIRST_DIVERGENCE_OBJECT row=4 layer=27 checkpoint=CP2-KV-P subobject=kv_raw result=MISMATCH elements=512 mismatch_count=512 first_index=0 actual_bits=0xbd87a27a expected_bits=0xbd87aa7d max_abs=0.0013673007488250732 max_rel=1.4824140575970992 max_ulp=1939024897
FIRST_DIVERGENCE_OBJECT row=4 layer=27 checkpoint=CP2-KV-R subobject=raw_cache result=MISMATCH elements=512 mismatch_count=118 first_index=19 actual_bits=0xbdb00000 expected_bits=0xbdc00000 max_abs=0.125 max_rel=1.4583333333333333 max_ulp=1995440129
FIRST_DIVERGENCE_OBJECT row=4 layer=27 checkpoint=CP3-F subobject=attn_state_kv result=MISMATCH elements=65536 mismatch_count=2560 first_index=8192 actual_bits=0xbc941f51 expected_bits=0xbc92c48a max_abs=0.0011083781719207764 max_rel=1.3264184936340633 max_ulp=1922050049
FIRST_DIVERGENCE_OBJECT row=4 layer=27 checkpoint=CP3-F subobject=attn_state_score result=MISMATCH elements=65536 mismatch_count=2559 first_index=8192 actual_bits=0xbde74f92 expected_bits=0xbde81cc7 max_abs=0.0036222338676452637 max_rel=1.268361723133834 max_ulp=1933839233
FIRST_DIVERGENCE_OBJECT row=4 layer=27 checkpoint=CP3-F subobject=layer_n_comp result=EXACT elements=1
FIRST_DIVERGENCE_OBJECT row=4 layer=27 checkpoint=CP4 subobject=after_attn_hc result=MISMATCH elements=16384 mismatch_count=16384 first_index=0 actual_bits=0x3fae4583 expected_bits=0x3fae116b max_abs=0.097843408584594727 max_rel=1.9681582626799392 max_ulp=2028314212
FIRST_DIVERGENCE_OBJECT row=4 layer=27 checkpoint=CP5 subobject=layer_output result=MISMATCH elements=16384 mismatch_count=16384 first_index=0 actual_bits=0x4001c60f expected_bits=0x4001f870 max_abs=0.09603118896484375 max_rel=1.9795968759281122 max_ulp=2024978986
FIRST_DIVERGENCE_OBJECT row=4 layer=28 checkpoint=CP1 subobject=attn_norm result=MISMATCH elements=4096 mismatch_count=4096 first_index=0 actual_bits=0x3dccc26c expected_bits=0x3dcd1f4e max_abs=0.0058951377868652344 max_rel=1.5950539748038288 max_ulp=1919964522
FIRST_DIVERGENCE_OBJECT row=4 layer=28 checkpoint=CP2-Q subobject=qr result=MISMATCH elements=1024 mismatch_count=1024 first_index=0 actual_bits=0x3d4f1008 expected_bits=0x3d5109d4 max_abs=0.0017296671867370605 max_rel=1.7506138040189483 max_ulp=1932635585
FIRST_DIVERGENCE_OBJECT row=4 layer=28 checkpoint=CP2-KV-P subobject=kv_raw result=MISMATCH elements=512 mismatch_count=512 first_index=0 actual_bits=0x3c45bbfc expected_bits=0x3c42dd44 max_abs=0.0019063055515289307 max_rel=0.73095756954236635 max_ulp=16016640
FIRST_DIVERGENCE_OBJECT row=4 layer=28 checkpoint=CP2-KV-R subobject=raw_cache result=MISMATCH elements=512 mismatch_count=131 first_index=0 actual_bits=0x3dc00000 expected_bits=0x3db00000 max_abs=0.125 max_rel=0.72222222222222221 max_ulp=15728640
FIRST_DIVERGENCE_OBJECT row=4 layer=28 checkpoint=CP3-F subobject=attn_state_kv result=MISMATCH elements=8192 mismatch_count=8192 first_index=0 actual_bits=0x3d88c6bc expected_bits=0x3d889c58 max_abs=0.0016554072499275208 max_rel=1.2315263563838972 max_ulp=1917241729
FIRST_DIVERGENCE_OBJECT row=4 layer=28 checkpoint=CP3-F subobject=attn_state_score result=MISMATCH elements=8192 mismatch_count=8191 first_index=0 actual_bits=0x3fbe9be4 expected_bits=0x3fbeed46 max_abs=0.0090503692626953125 max_rel=0.3503076208309282 max_ulp=4986208
FIRST_DIVERGENCE_OBJECT row=4 layer=28 checkpoint=CP3-F subobject=layer_n_comp result=EXACT elements=1
FIRST_DIVERGENCE_OBJECT row=4 layer=28 checkpoint=CP3-F subobject=index_state_kv result=MISMATCH elements=2048 mismatch_count=2047 first_index=0 actual_bits=0xbe608b67 expected_bits=0xbe60a306 max_abs=0.0023096874356269836 max_rel=1.0902664440859111 max_ulp=1911073153
FIRST_DIVERGENCE_OBJECT row=4 layer=28 checkpoint=CP3-F subobject=index_state_score result=MISMATCH elements=2048 mismatch_count=2048 first_index=0 actual_bits=0x3fc0c15a expected_bits=0x3fc119af max_abs=0.0096586942672729492 max_rel=0.039624285513330297 max_ulp=615200
FIRST_DIVERGENCE_OBJECT row=4 layer=28 checkpoint=CP3-F subobject=layer_n_index_comp result=EXACT elements=1
FIRST_DIVERGENCE_OBJECT row=4 layer=28 checkpoint=CP4 subobject=after_attn_hc result=MISMATCH elements=16384 mismatch_count=16384 first_index=0 actual_bits=0x40015730 expected_bits=0x40018a97 max_abs=0.091736316680908203 max_rel=1.9014962809674685 max_ulp=2026645051
FIRST_DIVERGENCE_OBJECT row=4 layer=28 checkpoint=CP5 subobject=layer_output result=MISMATCH elements=16384 mismatch_count=16384 first_index=0 actual_bits=0x401791bf expected_bits=0x4017c903 max_abs=0.090767383575439453 max_rel=1.9361326280472897 max_ulp=2037495726
FIRST_DIVERGENCE_OBJECT row=4 layer=29 checkpoint=CP1 subobject=attn_norm result=MISMATCH elements=4096 mismatch_count=4096 first_index=0 actual_bits=0x3c82d53b expected_bits=0x3c82a42d max_abs=0.00092133879661560059 max_rel=1.6186387632074315 max_ulp=1931635737
FIRST_DIVERGENCE_OBJECT row=4 layer=29 checkpoint=CP2-Q subobject=qr result=MISMATCH elements=1024 mismatch_count=1024 first_index=0 actual_bits=0xbe10df81 expected_bits=0xbe1070d6 max_abs=0.0013544932007789612 max_rel=1.1696008098235113 max_ulp=1937009025
FIRST_DIVERGENCE_OBJECT row=4 layer=29 checkpoint=CP2-KV-P subobject=kv_raw result=MISMATCH elements=512 mismatch_count=512 first_index=0 actual_bits=0xbce25160 expected_bits=0xbce3c3a6 max_abs=0.0014645159244537354 max_rel=1.4315939236456892 max_ulp=1940299553
FIRST_DIVERGENCE_OBJECT row=4 layer=29 checkpoint=CP2-KV-R subobject=raw_cache result=MISMATCH elements=512 mismatch_count=122 first_index=7 actual_bits=0x3f400000 expected_bits=0x3f300000 max_abs=0.25 max_rel=1.4166666666666667 max_ulp=2004877313
FIRST_DIVERGENCE_OBJECT row=4 layer=29 checkpoint=CP3-F subobject=attn_state_kv result=MISMATCH elements=65536 mismatch_count=2560 first_index=8192 actual_bits=0x3e120052 expected_bits=0x3e11cda8 max_abs=0.0043640732765197754 max_rel=1.8486540874814874 max_ulp=1926992897
FIRST_DIVERGENCE_OBJECT row=4 layer=29 checkpoint=CP3-F subobject=attn_state_score result=MISMATCH elements=65536 mismatch_count=2560 first_index=8192 actual_bits=0x3dc24f60 expected_bits=0x3dc44ab8 max_abs=0.0058202743530273438 max_rel=1.3641648109032869 max_ulp=1966701793
FIRST_DIVERGENCE_OBJECT row=4 layer=29 checkpoint=CP3-F subobject=layer_n_comp result=EXACT elements=1
FIRST_DIVERGENCE_OBJECT row=4 layer=29 checkpoint=CP4 subobject=after_attn_hc result=MISMATCH elements=16384 mismatch_count=16384 first_index=0 actual_bits=0x40176a82 expected_bits=0x4017a30b max_abs=0.076458215713500977 max_rel=1.967198251383075 max_ulp=2030198038
FIRST_DIVERGENCE_OBJECT row=4 layer=29 checkpoint=CP5 subobject=layer_output result=MISMATCH elements=16384 mismatch_count=16384 first_index=0 actual_bits=0x3f7f5528 expected_bits=0x3f7f0624 max_abs=0.075397491455078125 max_rel=1.8922844684921005 max_ulp=2037640631
FIRST_DIVERGENCE_OBJECT row=4 layer=30 checkpoint=CP1 subobject=attn_norm result=MISMATCH elements=4096 mismatch_count=4096 first_index=0 actual_bits=0x3d1fda2b expected_bits=0x3d219712 max_abs=0.006527245044708252 max_rel=1.9916617967972479 max_ulp=1942528093
FIRST_DIVERGENCE_OBJECT row=4 layer=30 checkpoint=CP2-Q subobject=qr result=MISMATCH elements=1024 mismatch_count=1024 first_index=0 actual_bits=0xbdbbdfc6 expected_bits=0xbdbae3d7 max_abs=0.0019370093941688538 max_rel=0.73043830242140551 max_ulp=15812224
FIRST_DIVERGENCE_OBJECT row=4 layer=30 checkpoint=CP2-KV-P subobject=kv_raw result=MISMATCH elements=512 mismatch_count=512 first_index=0 actual_bits=0xbc970356 expected_bits=0xbc98812e max_abs=0.0017453432083129883 max_rel=1.3373715380595714 max_ulp=1932573697
FIRST_DIVERGENCE_OBJECT row=4 layer=30 checkpoint=CP2-KV-R subobject=raw_cache result=MISMATCH elements=512 mismatch_count=123 first_index=1 actual_bits=0x3e000000 expected_bits=0x3df00000 max_abs=0.125 max_rel=1.3333333333333333 max_ulp=1968177153
FIRST_DIVERGENCE_OBJECT row=4 layer=30 checkpoint=CP3-F subobject=attn_state_kv result=MISMATCH elements=8192 mismatch_count=8192 first_index=0 actual_bits=0xbca21a71 expected_bits=0xbca1f6da max_abs=0.0049665868282318115 max_rel=1.4960976062995783 max_ulp=1942947073
FIRST_DIVERGENCE_OBJECT row=4 layer=30 checkpoint=CP3-F subobject=attn_state_score result=MISMATCH elements=8192 mismatch_count=8192 first_index=0 actual_bits=0x3f4049f8 expected_bits=0x3f3fe71c max_abs=0.024086952209472656 max_rel=0.81141312379920194 max_ulp=19878912
FIRST_DIVERGENCE_OBJECT row=4 layer=30 checkpoint=CP3-F subobject=layer_n_comp result=EXACT elements=1
FIRST_DIVERGENCE_OBJECT row=4 layer=30 checkpoint=CP3-F subobject=index_state_kv result=MISMATCH elements=2048 mismatch_count=2048 first_index=0 actual_bits=0x3bac9784 expected_bits=0x3bb260e0 max_abs=0.0045758485794067383 max_rel=1.3720102291530862 max_ulp=1943764097
FIRST_DIVERGENCE_OBJECT row=4 layer=30 checkpoint=CP3-F subobject=index_state_score result=MISMATCH elements=2048 mismatch_count=2048 first_index=0 actual_bits=0x3eed10e6 expected_bits=0x3eebd89c max_abs=0.024144172668457031 max_rel=1.035421870663336 max_ulp=1935699969
FIRST_DIVERGENCE_OBJECT row=4 layer=30 checkpoint=CP3-F subobject=layer_n_index_comp result=EXACT elements=1
FIRST_DIVERGENCE_OBJECT row=4 layer=30 checkpoint=CP4 subobject=after_attn_hc result=MISMATCH elements=16384 mismatch_count=16384 first_index=0 actual_bits=0x3f6b5f5d expected_bits=0x3f6aaa44 max_abs=0.1544499397277832 max_rel=1.8718512111170718 max_ulp=2033104531
FIRST_DIVERGENCE_OBJECT row=4 layer=30 checkpoint=CP5 subobject=layer_output result=MISMATCH elements=16384 mismatch_count=16384 first_index=0 actual_bits=0x3fa10332 expected_bits=0x3fa07266 max_abs=0.14810800552368164 max_rel=1.9744246089544677 max_ulp=2044444060
FIRST_DIVERGENCE_OBJECT row=4 layer=31 checkpoint=CP1 subobject=attn_norm result=MISMATCH elements=4096 mismatch_count=4096 first_index=0 actual_bits=0x3cf3f90d expected_bits=0x3cf4a5a7 max_abs=0.00085332617163658142 max_rel=1.9050591402493957 max_ulp=1928122967
FIRST_DIVERGENCE_OBJECT row=4 layer=31 checkpoint=CP2-Q subobject=qr result=MISMATCH elements=1024 mismatch_count=1024 first_index=0 actual_bits=0xbc6f8bd8 expected_bits=0xbc6f8a6c max_abs=0.0013437420129776001 max_rel=0.90004512012081139 max_ulp=27950976
FIRST_DIVERGENCE_OBJECT row=4 layer=31 checkpoint=CP2-KV-P subobject=kv_raw result=MISMATCH elements=512 mismatch_count=512 first_index=0 actual_bits=0xbcc5f661 expected_bits=0xbcc18fd1 max_abs=0.0010618269443511963 max_rel=0.90805796729309429 max_ulp=29384448
FIRST_DIVERGENCE_OBJECT row=4 layer=31 checkpoint=CP2-KV-R subobject=raw_cache result=MISMATCH elements=512 mismatch_count=121 first_index=0 actual_bits=0xbea00000 expected_bits=0xbe900000 max_abs=0.0625 max_rel=1.2417043740573153 max_ulp=1950744577
FIRST_DIVERGENCE_OBJECT row=4 layer=31 checkpoint=CP3-F subobject=attn_state_kv result=MISMATCH elements=65536 mismatch_count=2560 first_index=8192 actual_bits=0x3c0d595d expected_bits=0x3c0fee84 max_abs=0.0041390508413314819 max_rel=1.228178662907895 max_ulp=1953610049
FIRST_DIVERGENCE_OBJECT row=4 layer=31 checkpoint=CP3-F subobject=attn_state_score result=MISMATCH elements=65536 mismatch_count=2560 first_index=8192 actual_bits=0xbd92dc6a expected_bits=0xbd9281ba max_abs=0.017670750617980957 max_rel=1.0578082474204893 max_ulp=1941583569
FIRST_DIVERGENCE_OBJECT row=4 layer=31 checkpoint=CP3-F subobject=layer_n_comp result=EXACT elements=1
FIRST_DIVERGENCE_OBJECT row=4 layer=31 checkpoint=CP4 subobject=after_attn_hc result=MISMATCH elements=16384 mismatch_count=16384 first_index=0 actual_bits=0x3f9bb639 expected_bits=0x3f9ba333 max_abs=0.14504766464233398 max_rel=1.98790421565185 max_ulp=2045083278
FIRST_DIVERGENCE_OBJECT row=4 layer=31 checkpoint=CP5 subobject=layer_output result=MISMATCH elements=16384 mismatch_count=16384 first_index=0 actual_bits=0x3fb0e907 expected_bits=0x3fb0afd5 max_abs=0.14065027236938477 max_rel=1.9967005592830769 max_ulp=2043406732
FIRST_DIVERGENCE_OBJECT row=4 layer=32 checkpoint=CP1 subobject=attn_norm result=MISMATCH elements=4096 mismatch_count=4096 first_index=0 actual_bits=0x3d15cfb7 expected_bits=0x3d162ddd max_abs=0.021547317504882812 max_rel=1.9591198469923765 max_ulp=1934303026
FIRST_DIVERGENCE_OBJECT row=4 layer=32 checkpoint=CP2-Q subobject=qr result=MISMATCH elements=1024 mismatch_count=1024 first_index=0 actual_bits=0x3de3ea5a expected_bits=0x3de4e0f1 max_abs=0.0020579919219017029 max_rel=1.9861428587052814 max_ulp=1952624513
FIRST_DIVERGENCE_OBJECT row=4 layer=32 checkpoint=CP2-KV-P subobject=kv_raw result=MISMATCH elements=512 mismatch_count=512 first_index=0 actual_bits=0x3a588d80 expected_bits=0x3aee3fe0 max_abs=0.0022477507591247559 max_rel=1.1215721664678859 max_ulp=1948829633
FIRST_DIVERGENCE_OBJECT row=4 layer=32 checkpoint=CP2-KV-R subobject=raw_cache result=MISMATCH elements=512 mismatch_count=159 first_index=0 actual_bits=0x3bb00000 expected_bits=0x3c400000 max_abs=0.125 max_rel=1.125 max_ulp=1994391553
FIRST_DIVERGENCE_OBJECT row=4 layer=32 checkpoint=CP3-F subobject=attn_state_kv result=MISMATCH elements=8192 mismatch_count=8192 first_index=0 actual_bits=0xbcc9c99a expected_bits=0xbccdaaea max_abs=0.0065015703439712524 max_rel=1.9816246250252851 max_ulp=1972042001
FIRST_DIVERGENCE_OBJECT row=4 layer=32 checkpoint=CP3-F subobject=attn_state_score result=MISMATCH elements=8192 mismatch_count=8192 first_index=0 actual_bits=0xbfdb9de0 expected_bits=0xbfdd2a83 max_abs=0.047706633806228638 max_rel=1.9877924392689774 max_ulp=2035490657
FIRST_DIVERGENCE_OBJECT row=4 layer=32 checkpoint=CP3-F subobject=layer_n_comp result=EXACT elements=1
FIRST_DIVERGENCE_OBJECT row=4 layer=32 checkpoint=CP3-F subobject=index_state_kv result=MISMATCH elements=2048 mismatch_count=2048 first_index=0 actual_bits=0x3e114971 expected_bits=0x3e1129ba max_abs=0.009141337126493454 max_rel=1.1834111329585253 max_ulp=1939871633
FIRST_DIVERGENCE_OBJECT row=4 layer=32 checkpoint=CP3-F subobject=index_state_score result=MISMATCH elements=2048 mismatch_count=2048 first_index=0 actual_bits=0xbfebd91a expected_bits=0xbfed51b2 max_abs=0.054000139236450195 max_rel=1.7874294757241096 max_ulp=2033786405
FIRST_DIVERGENCE_OBJECT row=4 layer=32 checkpoint=CP3-F subobject=layer_n_index_comp result=EXACT elements=1
FIRST_DIVERGENCE_OBJECT row=4 layer=32 checkpoint=CP4 subobject=after_attn_hc result=MISMATCH elements=16384 mismatch_count=16384 first_index=0 actual_bits=0x3fb0275f expected_bits=0x3fafbce9 max_abs=0.14256763458251953 max_rel=1.8704999530804287 max_ulp=2036664473
FIRST_DIVERGENCE_OBJECT row=4 layer=32 checkpoint=CP5 subobject=layer_output result=MISMATCH elements=16384 mismatch_count=16384 first_index=0 actual_bits=0x3fb9522e expected_bits=0x3fb902a3 max_abs=0.14187526702880859 max_rel=1.985621332074605 max_ulp=2043081931
FIRST_DIVERGENCE_OBJECT row=4 layer=33 checkpoint=CP1 subobject=attn_norm result=MISMATCH elements=4096 mismatch_count=4096 first_index=0 actual_bits=0x3cfcbf9d expected_bits=0x3cfc9e3f max_abs=0.0010171467438340187 max_rel=1.8901735114780047 max_ulp=1936196740
FIRST_DIVERGENCE_OBJECT row=4 layer=33 checkpoint=CP2-Q subobject=qr result=MISMATCH elements=1024 mismatch_count=1024 first_index=0 actual_bits=0x3d7cc19a expected_bits=0x3d7a5394 max_abs=0.0014106929302215576 max_rel=0.66339385698288278 max_ulp=12572160
FIRST_DIVERGENCE_OBJECT row=4 layer=33 checkpoint=CP2-KV-P subobject=kv_raw result=MISMATCH elements=512 mismatch_count=512 first_index=0 actual_bits=0xbdca46f4 expected_bits=0xbdcb1e51 max_abs=0.0015382468700408936 max_rel=1.0432722704393738 max_ulp=1888652673
FIRST_DIVERGENCE_OBJECT row=4 layer=33 checkpoint=CP2-KV-R subobject=raw_cache result=MISMATCH elements=512 mismatch_count=111 first_index=6 actual_bits=0x3eb00000 expected_bits=0x3ea00000 max_abs=0.125 max_rel=1.04375 max_ulp=1946157057
FIRST_DIVERGENCE_OBJECT row=4 layer=33 checkpoint=CP3-F subobject=attn_state_kv result=MISMATCH elements=65536 mismatch_count=2560 first_index=8192 actual_bits=0x3d1c647d expected_bits=0x3d1c2876 max_abs=0.0061122328042984009 max_rel=1.8949989878399562 max_ulp=1971918977
FIRST_DIVERGENCE_OBJECT row=4 layer=33 checkpoint=CP3-F subobject=attn_state_score result=MISMATCH elements=65536 mismatch_count=2560 first_index=8192 actual_bits=0xbda6535c expected_bits=0xbda66587 max_abs=0.0082450509071350098 max_rel=1.7745109719905552 max_ulp=1983904961
FIRST_DIVERGENCE_OBJECT row=4 layer=33 checkpoint=CP3-F subobject=layer_n_comp result=EXACT elements=1
FIRST_DIVERGENCE_OBJECT row=4 layer=33 checkpoint=CP4 subobject=after_attn_hc result=MISMATCH elements=16384 mismatch_count=16384 first_index=0 actual_bits=0x3fb966ab expected_bits=0x3fb918e5 max_abs=0.13196718692779541 max_rel=1.9923421247229962 max_ulp=2039018697
FIRST_DIVERGENCE_OBJECT row=4 layer=33 checkpoint=CP5 subobject=layer_output result=MISMATCH elements=16384 mismatch_count=16384 first_index=0 actual_bits=0x4001625a expected_bits=0x40016250 max_abs=0.13040804862976074 max_rel=1.9316221734561725 max_ulp=2049604365
FIRST_DIVERGENCE_OBJECT row=4 layer=34 checkpoint=CP1 subobject=attn_norm result=MISMATCH elements=4096 mismatch_count=4096 first_index=0 actual_bits=0x3d405b78 expected_bits=0x3d40467a max_abs=0.018965244293212891 max_rel=1.9833115067277727 max_ulp=1945997364
FIRST_DIVERGENCE_OBJECT row=4 layer=34 checkpoint=CP2-Q subobject=qr result=MISMATCH elements=1024 mismatch_count=1024 first_index=0 actual_bits=0x3e7a3646 expected_bits=0x3e79acd0 max_abs=0.0028477907180786133 max_rel=1.5349471807202875 max_ulp=1950410625
FIRST_DIVERGENCE_OBJECT row=4 layer=34 checkpoint=CP2-KV-P subobject=kv_raw result=MISMATCH elements=512 mismatch_count=512 first_index=0 actual_bits=0x3e91621c expected_bits=0x3e910241 max_abs=0.0028213411569595337 max_rel=1.2429433995048 max_ulp=1924876417
FIRST_DIVERGENCE_OBJECT row=4 layer=34 checkpoint=CP2-KV-R subobject=raw_cache result=MISMATCH elements=512 mismatch_count=121 first_index=11 actual_bits=0xbd900000 expected_bits=0xbda00000 max_abs=0.125 max_rel=1.2291666666666667 max_ulp=1980047361
FIRST_DIVERGENCE_OBJECT row=4 layer=34 checkpoint=CP3-F subobject=attn_state_kv result=MISMATCH elements=8192 mismatch_count=8192 first_index=0 actual_bits=0x3e017a4b expected_bits=0x3e00d8be max_abs=0.010259836912155151 max_rel=1.836664836761714 max_ulp=1977246025
FIRST_DIVERGENCE_OBJECT row=4 layer=34 checkpoint=CP3-F subobject=attn_state_score result=MISMATCH elements=8192 mismatch_count=8192 first_index=0 actual_bits=0x4025c229 expected_bits=0x4023161c max_abs=0.1873052716255188 max_rel=1.9975983306227103 max_ulp=2061147413
FIRST_DIVERGENCE_OBJECT row=4 layer=34 checkpoint=CP3-F subobject=layer_n_comp result=EXACT elements=1
FIRST_DIVERGENCE_OBJECT row=4 layer=34 checkpoint=CP3-F subobject=index_state_kv result=MISMATCH elements=2048 mismatch_count=2048 first_index=0 actual_bits=0x3e6dd3ae expected_bits=0x3e6d339a max_abs=0.0084570795297622681 max_rel=1.834685223929023 max_ulp=1977450401
FIRST_DIVERGENCE_OBJECT row=4 layer=34 checkpoint=CP3-F subobject=index_state_score result=MISMATCH elements=2048 mismatch_count=2048 first_index=0 actual_bits=0x401b3263 expected_bits=0x40189e2b max_abs=0.19000154733657837 max_rel=1.9374815073767835 max_ulp=2061389173
FIRST_DIVERGENCE_OBJECT row=4 layer=34 checkpoint=CP3-F subobject=layer_n_index_comp result=EXACT elements=1
FIRST_DIVERGENCE_OBJECT row=4 layer=34 checkpoint=CP4 subobject=after_attn_hc result=MISMATCH elements=16384 mismatch_count=16384 first_index=0 actual_bits=0x40152a81 expected_bits=0x401542d1 max_abs=0.12900793552398682 max_rel=1.9344713004595062 max_ulp=2047242494
FIRST_DIVERGENCE_OBJECT row=4 layer=34 checkpoint=CP5 subobject=layer_output result=MISMATCH elements=16384 mismatch_count=16384 first_index=0 actual_bits=0x3ff153cc expected_bits=0x3ff20c9f max_abs=0.12835770845413208 max_rel=1.9742082579012861 max_ulp=2050787328
FIRST_DIVERGENCE_OBJECT row=4 layer=35 checkpoint=CP1 subobject=attn_norm result=MISMATCH elements=4096 mismatch_count=4096 first_index=0 actual_bits=0x3d5610a9 expected_bits=0x3d56c677 max_abs=0.0014369189739227295 max_rel=1.6449781396366223 max_ulp=1929229165
FIRST_DIVERGENCE_OBJECT row=4 layer=35 checkpoint=CP2-Q subobject=qr result=MISMATCH elements=1024 mismatch_count=1024 first_index=0 actual_bits=0x3e40c12f expected_bits=0x3e40564b max_abs=0.0024035200476646423 max_rel=1.440817254596245 max_ulp=1939528193
FIRST_DIVERGENCE_OBJECT row=4 layer=35 checkpoint=CP2-KV-P subobject=kv_raw result=MISMATCH elements=512 mismatch_count=512 first_index=0 actual_bits=0x3b082768 expected_bits=0x3b1d7a20 max_abs=0.0020145624876022339 max_rel=1.9407507933184065 max_ulp=1943446465
FIRST_DIVERGENCE_OBJECT row=4 layer=35 checkpoint=CP2-KV-R subobject=raw_cache result=MISMATCH elements=512 mismatch_count=141 first_index=0 actual_bits=0x3cb00000 expected_bits=0x3cd00000 max_abs=0.25 max_rel=2 max_ulp=1998585857
FIRST_DIVERGENCE_OBJECT row=4 layer=35 checkpoint=CP3-F subobject=attn_state_kv result=MISMATCH elements=65536 mismatch_count=2560 first_index=8192 actual_bits=0xbce61781 expected_bits=0xbce72835 max_abs=0.012134566903114319 max_rel=1.9683798417326115 max_ulp=1989436449
FIRST_DIVERGENCE_OBJECT row=4 layer=35 checkpoint=CP3-F subobject=attn_state_score result=MISMATCH elements=65536 mismatch_count=2560 first_index=8192 actual_bits=0xbe6dd74a expected_bits=0xbe6de46c max_abs=0.017510354518890381 max_rel=1.9962597419189982 max_ulp=1987160641
FIRST_DIVERGENCE_OBJECT row=4 layer=35 checkpoint=CP3-F subobject=layer_n_comp result=EXACT elements=1
FIRST_DIVERGENCE_OBJECT row=4 layer=35 checkpoint=CP4 subobject=after_attn_hc result=MISMATCH elements=16384 mismatch_count=16384 first_index=0 actual_bits=0x3ffbf3ee expected_bits=0x3ffd9146 max_abs=0.1429954469203949 max_rel=1.9713554516178149 max_ulp=2047955569
FIRST_DIVERGENCE_OBJECT row=4 layer=35 checkpoint=CP5 subobject=layer_output result=MISMATCH elements=16384 mismatch_count=16384 first_index=0 actual_bits=0x3ffe4a04 expected_bits=0x3fffc134 max_abs=0.14940756559371948 max_rel=1.9784907022630567 max_ulp=2057018766
FIRST_DIVERGENCE_OBJECT row=4 layer=36 checkpoint=CP1 subobject=attn_norm result=MISMATCH elements=4096 mismatch_count=4096 first_index=0 actual_bits=0x39b71146 expected_bits=0x39d0dd17 max_abs=0.004546046257019043 max_rel=1.8704490358825046 max_ulp=1958060763
FIRST_DIVERGENCE_OBJECT row=4 layer=36 checkpoint=CP2-Q subobject=qr result=MISMATCH elements=1024 mismatch_count=1024 first_index=0 actual_bits=0x3e14f0f1 expected_bits=0x3e14c27f max_abs=0.0031862352043390274 max_rel=0.86634497691497792 max_ulp=24570272
FIRST_DIVERGENCE_OBJECT row=4 layer=36 checkpoint=CP2-KV-P subobject=kv_raw result=MISMATCH elements=512 mismatch_count=512 first_index=0 actual_bits=0x3dee8fa1 expected_bits=0x3dee2e3a max_abs=0.0031219571828842163 max_rel=1.6987645433222638 max_ulp=1955742497
FIRST_DIVERGENCE_OBJECT row=4 layer=36 checkpoint=CP2-KV-R subobject=raw_cache result=MISMATCH elements=512 mismatch_count=150 first_index=1 actual_bits=0xbf900000 expected_bits=0xbf800000 max_abs=0.125 max_rel=1.6666666666666667 max_ulp=1993342977
FIRST_DIVERGENCE_OBJECT row=4 layer=36 checkpoint=CP3-F subobject=attn_state_kv result=MISMATCH elements=8192 mismatch_count=8192 first_index=0 actual_bits=0x3ce70930 expected_bits=0x3ce19d62 max_abs=0.012889295816421509 max_rel=1.9489890313202061 max_ulp=1977451393
FIRST_DIVERGENCE_OBJECT row=4 layer=36 checkpoint=CP3-F subobject=attn_state_score result=MISMATCH elements=8192 mismatch_count=8192 first_index=0 actual_bits=0x3e42a561 expected_bits=0x3e47359a max_abs=0.020395159721374512 max_rel=1.9264836007550732 max_ulp=1995821313
FIRST_DIVERGENCE_OBJECT row=4 layer=36 checkpoint=CP3-F subobject=layer_n_comp result=EXACT elements=1
FIRST_DIVERGENCE_OBJECT row=4 layer=36 checkpoint=CP3-F subobject=index_state_kv result=MISMATCH elements=2048 mismatch_count=2048 first_index=0 actual_bits=0xbc8ac258 expected_bits=0xbc8d2a02 max_abs=0.010407835245132446 max_rel=1.9478875087473757 max_ulp=1924593409
FIRST_DIVERGENCE_OBJECT row=4 layer=36 checkpoint=CP3-F subobject=index_state_score result=MISMATCH elements=2048 mismatch_count=2048 first_index=0 actual_bits=0xbe065d96 expected_bits=0xbe020a3b max_abs=0.021265923976898193 max_rel=1.2019898531653874 max_ulp=1993778849
FIRST_DIVERGENCE_OBJECT row=4 layer=36 checkpoint=CP3-F subobject=layer_n_index_comp result=EXACT elements=1
FIRST_DIVERGENCE_OBJECT row=4 layer=36 checkpoint=CP4 subobject=after_attn_hc result=MISMATCH elements=16384 mismatch_count=16384 first_index=0 actual_bits=0x3ff32527 expected_bits=0x3ff54da4 max_abs=0.37146425247192383 max_rel=1.9618474841203437 max_ulp=2065635089
FIRST_DIVERGENCE_OBJECT row=4 layer=36 checkpoint=CP5 subobject=layer_output result=MISMATCH elements=16384 mismatch_count=16383 first_index=0 actual_bits=0x3f94b8aa expected_bits=0x3f961cb9 max_abs=0.36717677116394043 max_rel=1.9352995316745381 max_ulp=2065035154
FIRST_DIVERGENCE_OBJECT row=4 layer=37 checkpoint=CP1 subobject=attn_norm result=MISMATCH elements=4096 mismatch_count=4096 first_index=0 actual_bits=0x3da44499 expected_bits=0x3da52db3 max_abs=0.002173885703086853 max_rel=1.9716876514615751 max_ulp=1948125630
FIRST_DIVERGENCE_OBJECT row=4 layer=37 checkpoint=CP2-Q subobject=qr result=MISMATCH elements=1024 mismatch_count=1024 first_index=0 actual_bits=0x3e939e27 expected_bits=0x3e933aac max_abs=0.0029777586460113525 max_rel=1.4709322481459042 max_ulp=1956947297
FIRST_DIVERGENCE_OBJECT row=4 layer=37 checkpoint=CP2-KV-P subobject=kv_raw result=MISMATCH elements=512 mismatch_count=512 first_index=0 actual_bits=0xbde9ac50 expected_bits=0xbde8007d max_abs=0.0039962828159332275 max_rel=1.6041147502076658 max_ulp=1956823809
FIRST_DIVERGENCE_OBJECT row=4 layer=37 checkpoint=CP2-KV-R subobject=raw_cache result=MISMATCH elements=512 mismatch_count=133 first_index=13 actual_bits=0xbd900000 expected_bits=0xbd800000 max_abs=0.125 max_rel=1.5833333333333333 max_ulp=1998585857
FIRST_DIVERGENCE_OBJECT row=4 layer=37 checkpoint=CP3-F subobject=attn_state_kv result=MISMATCH elements=65536 mismatch_count=2560 first_index=8192 actual_bits=0xbbcf7a50 expected_bits=0xbbd25e3e max_abs=0.0064516067504882812 max_rel=1.8593129005930971 max_ulp=1955969025
FIRST_DIVERGENCE_OBJECT row=4 layer=37 checkpoint=CP3-F subobject=attn_state_score result=MISMATCH elements=65536 mismatch_count=2560 first_index=8192 actual_bits=0xbe613e20 expected_bits=0xbe605df8 max_abs=0.025802254676818848 max_rel=0.88410653474573331 max_ulp=26106432
FIRST_DIVERGENCE_OBJECT row=4 layer=37 checkpoint=CP3-F subobject=layer_n_comp result=EXACT elements=1
FIRST_DIVERGENCE_OBJECT row=4 layer=37 checkpoint=CP4 subobject=after_attn_hc result=MISMATCH elements=16384 mismatch_count=16384 first_index=0 actual_bits=0x3f8b0a8b expected_bits=0x3f8c48d4 max_abs=0.3300929069519043 max_rel=1.9765766429934715 max_ulp=2070814341
FIRST_DIVERGENCE_OBJECT row=4 layer=37 checkpoint=CP5 subobject=layer_output result=MISMATCH elements=16384 mismatch_count=16384 first_index=0 actual_bits=0x3f805f2b expected_bits=0x3f81bb97 max_abs=0.32704877853393555 max_rel=1.9854450433671178 max_ulp=2068889248
FIRST_DIVERGENCE_OBJECT row=4 layer=38 checkpoint=CP1 subobject=attn_norm result=MISMATCH elements=4096 mismatch_count=4096 first_index=0 actual_bits=0x3c12c154 expected_bits=0x3c1cc18b max_abs=0.029003143310546875 max_rel=1.9433364166489757 max_ulp=1959148711
FIRST_DIVERGENCE_OBJECT row=4 layer=38 checkpoint=CP2-Q subobject=qr result=MISMATCH elements=1024 mismatch_count=1024 first_index=0 actual_bits=0x3d12168e expected_bits=0x3d114744 max_abs=0.0057010352611541748 max_rel=1.5526801016968428 max_ulp=1970624513
FIRST_DIVERGENCE_OBJECT row=4 layer=38 checkpoint=CP2-KV-P subobject=kv_raw result=MISMATCH elements=512 mismatch_count=512 first_index=0 actual_bits=0xbdd857fe expected_bits=0xbddb44c5 max_abs=0.008257649838924408 max_rel=0.95468748218175181 max_ulp=37523408
FIRST_DIVERGENCE_OBJECT row=4 layer=38 checkpoint=CP2-KV-R subobject=raw_cache result=MISMATCH elements=512 mismatch_count=150 first_index=5 actual_bits=0x3d300000 expected_bits=0x3d200000 max_abs=0.0625 max_rel=0.95486111111111116 max_ulp=37748736
FIRST_DIVERGENCE_OBJECT row=4 layer=38 checkpoint=CP3-F subobject=attn_state_kv result=MISMATCH elements=8192 mismatch_count=8192 first_index=0 actual_bits=0xbd965618 expected_bits=0xbd991790 max_abs=0.018375813961029053 max_rel=1.9237099657606884 max_ulp=1993593297
FIRST_DIVERGENCE_OBJECT row=4 layer=38 checkpoint=CP3-F subobject=attn_state_score result=MISMATCH elements=8192 mismatch_count=8192 first_index=0 actual_bits=0xc02f7be1 expected_bits=0xc0302421 max_abs=0.035578012466430664 max_rel=1.5328084638297346 max_ulp=2018840961
FIRST_DIVERGENCE_OBJECT row=4 layer=38 checkpoint=CP3-F subobject=layer_n_comp result=EXACT elements=1
FIRST_DIVERGENCE_OBJECT row=4 layer=38 checkpoint=CP3-F subobject=index_state_kv result=MISMATCH elements=2048 mismatch_count=2048 first_index=0 actual_bits=0x3dba1324 expected_bits=0x3dbb3282 max_abs=0.022149920463562012 max_rel=1.5563418727379339 max_ulp=1975056577
FIRST_DIVERGENCE_OBJECT row=4 layer=38 checkpoint=CP3-F subobject=index_state_score result=MISMATCH elements=2048 mismatch_count=2048 first_index=0 actual_bits=0xc02f2552 expected_bits=0xc02fb062 max_abs=0.039471149444580078 max_rel=0.373894033680361 max_ulp=5652048
FIRST_DIVERGENCE_OBJECT row=4 layer=38 checkpoint=CP3-F subobject=layer_n_index_comp result=EXACT elements=1
FIRST_DIVERGENCE_OBJECT row=4 layer=38 checkpoint=CP4 subobject=after_attn_hc result=MISMATCH elements=16384 mismatch_count=16384 first_index=0 actual_bits=0x3f498a3c expected_bits=0x3f4ac7fd max_abs=0.33434414863586426 max_rel=1.9638978008589008 max_ulp=2069063652
FIRST_DIVERGENCE_OBJECT row=4 layer=38 checkpoint=CP5 subobject=layer_output result=MISMATCH elements=16384 mismatch_count=16384 first_index=0 actual_bits=0x3e1dc891 expected_bits=0x3e1c11b8 max_abs=0.33233535289764404 max_rel=1.9942252183240263 max_ulp=2080850544
FIRST_DIVERGENCE_OBJECT row=4 layer=39 checkpoint=CP1 subobject=attn_norm result=MISMATCH elements=4096 mismatch_count=4096 first_index=0 actual_bits=0x3c27024e expected_bits=0x3c27d8ce max_abs=0.0028820633888244629 max_rel=1.9960769428089242 max_ulp=1958717022
FIRST_DIVERGENCE_OBJECT row=4 layer=39 checkpoint=CP2-Q subobject=qr result=MISMATCH elements=1024 mismatch_count=1024 first_index=0 actual_bits=0x3d92561e expected_bits=0x3d95a795 max_abs=0.0036931298673152924 max_rel=1.2167133601235649 max_ulp=1943007937
FIRST_DIVERGENCE_OBJECT row=4 layer=39 checkpoint=CP2-KV-P subobject=kv_raw result=MISMATCH elements=512 mismatch_count=512 first_index=0 actual_bits=0x3e7e4310 expected_bits=0x3e7edcbc max_abs=0.0030575692653656006 max_rel=0.48801315885191443 max_ulp=8008960
FIRST_DIVERGENCE_OBJECT row=4 layer=39 checkpoint=CP2-KV-R subobject=raw_cache result=MISMATCH elements=512 mismatch_count=132 first_index=10 actual_bits=0xbf000000 expected_bits=0xbef00000 max_abs=0.125 max_rel=0.45454545454545453 max_ulp=7340032
FIRST_DIVERGENCE_OBJECT row=4 layer=39 checkpoint=CP3-F subobject=attn_state_kv result=MISMATCH elements=65536 mismatch_count=2560 first_index=8192 actual_bits=0x3ca620cc expected_bits=0x3ca53e4c max_abs=0.0098774731159210205 max_rel=1.5487404826596984 max_ulp=1968745793
FIRST_DIVERGENCE_OBJECT row=4 layer=39 checkpoint=CP3-F subobject=attn_state_score result=MISMATCH elements=65536 mismatch_count=2560 first_index=8192 actual_bits=0x3e52cfdc expected_bits=0x3e52acf1 max_abs=0.022806525230407715 max_rel=1.8728722292768392 max_ulp=1988251129
FIRST_DIVERGENCE_OBJECT row=4 layer=39 checkpoint=CP3-F subobject=layer_n_comp result=EXACT elements=1
FIRST_DIVERGENCE_OBJECT row=4 layer=39 checkpoint=CP4 subobject=after_attn_hc result=MISMATCH elements=16384 mismatch_count=16384 first_index=0 actual_bits=0x3e986939 expected_bits=0x3e92af77 max_abs=0.32658874988555908 max_rel=1.9963260103105323 max_ulp=2070417037
FIRST_DIVERGENCE_OBJECT row=4 layer=39 checkpoint=CP5 subobject=layer_output result=MISMATCH elements=16384 mismatch_count=16384 first_index=0 actual_bits=0x3f35c2d7 expected_bits=0x3f33be8c max_abs=0.32471346855163574 max_rel=1.9400448775559354 max_ulp=2075070804
FIRST_DIVERGENCE_OBJECT row=4 layer=40 checkpoint=CP1 subobject=attn_norm result=MISMATCH elements=4096 mismatch_count=4096 first_index=0 actual_bits=0x3c6cf7d0 expected_bits=0x3c6ce89d max_abs=0.020220756530761719 max_rel=1.5687745557122954 max_ulp=1953019115
FIRST_DIVERGENCE_OBJECT row=4 layer=40 checkpoint=CP2-Q subobject=qr result=MISMATCH elements=1024 mismatch_count=1024 first_index=0 actual_bits=0xbecf5bf6 expected_bits=0xbecf868e max_abs=0.0048460289835929871 max_rel=1.7241189397868666 max_ulp=1966793409
FIRST_DIVERGENCE_OBJECT row=4 layer=40 checkpoint=CP2-KV-P subobject=kv_raw result=MISMATCH elements=512 mismatch_count=512 first_index=0 actual_bits=0xbded3bd8 expected_bits=0xbded559a max_abs=0.003884434700012207 max_rel=1.0963428866835332 max_ulp=1942693857
FIRST_DIVERGENCE_OBJECT row=4 layer=40 checkpoint=CP2-KV-R subobject=raw_cache result=MISMATCH elements=512 mismatch_count=126 first_index=2 actual_bits=0xbf300000 expected_bits=0xbf200000 max_abs=0.25 max_rel=1.1000000000000001 max_ulp=1990197249
FIRST_DIVERGENCE_OBJECT row=4 layer=40 checkpoint=CP3-F subobject=attn_state_kv result=MISMATCH elements=8192 mismatch_count=8192 first_index=0 actual_bits=0xbdfa57e3 expected_bits=0xbdf8b5fb max_abs=0.0096718668937683105 max_rel=1.7447101611868023 max_ulp=1976969201
FIRST_DIVERGENCE_OBJECT row=4 layer=40 checkpoint=CP3-F subobject=attn_state_score result=MISMATCH elements=8192 mismatch_count=8192 first_index=0 actual_bits=0x3f0fe211 expected_bits=0x3f0d8400 max_abs=0.058644294738769531 max_rel=1.1543795049462298 max_ulp=1985762913
FIRST_DIVERGENCE_OBJECT row=4 layer=40 checkpoint=CP3-F subobject=layer_n_comp result=EXACT elements=1
FIRST_DIVERGENCE_OBJECT row=4 layer=40 checkpoint=CP3-F subobject=index_state_kv result=MISMATCH elements=2048 mismatch_count=2048 first_index=0 actual_bits=0x3e6333f3 expected_bits=0x3e63d51e max_abs=0.01098218560218811 max_rel=1.5214971551878043 max_ulp=1971247105
FIRST_DIVERGENCE_OBJECT row=4 layer=40 checkpoint=CP3-F subobject=index_state_score result=MISMATCH elements=2048 mismatch_count=2048 first_index=0 actual_bits=0x3f4b9258 expected_bits=0x3f495b50 max_abs=0.060232162475585938 max_rel=0.75066937198713024 max_ulp=16808000
FIRST_DIVERGENCE_OBJECT row=4 layer=40 checkpoint=CP3-F subobject=layer_n_index_comp result=EXACT elements=1
FIRST_DIVERGENCE_OBJECT row=4 layer=40 checkpoint=CP4 subobject=after_attn_hc result=MISMATCH elements=16384 mismatch_count=16384 first_index=0 actual_bits=0xbc346130 expected_bits=0xbcea3e52 max_abs=0.32231748104095459 max_rel=1.9814411810790578 max_ulp=2079173649
FIRST_DIVERGENCE_OBJECT row=4 layer=40 checkpoint=CP5 subobject=layer_output result=MISMATCH elements=16384 mismatch_count=16384 first_index=0 actual_bits=0x40d72976 expected_bits=0x40d6c083 max_abs=0.3216705322265625 max_rel=1.9354249167218445 max_ulp=2079849029
FIRST_DIVERGENCE_OBJECT row=4 layer=41 checkpoint=CP1 subobject=attn_norm result=MISMATCH elements=4096 mismatch_count=4096 first_index=0 actual_bits=0x3da3e2ad expected_bits=0x3da3e0ff max_abs=0.0024461746215820312 max_rel=1.9888419023893575 max_ulp=1947290441
FIRST_DIVERGENCE_OBJECT row=4 layer=41 checkpoint=CP2-Q subobject=qr result=MISMATCH elements=1024 mismatch_count=1024 first_index=0 actual_bits=0xbecf681b expected_bits=0xbecf181b max_abs=0.0034306943416595459 max_rel=1.889961744790454 max_ulp=1957743713
FIRST_DIVERGENCE_OBJECT row=4 layer=41 checkpoint=CP2-KV-P subobject=kv_raw result=MISMATCH elements=512 mismatch_count=512 first_index=0 actual_bits=0xbea01df6 expected_bits=0xbea08a74 max_abs=0.0034197494387626648 max_rel=1.9872337338910515 max_ulp=1950420481
FIRST_DIVERGENCE_OBJECT row=4 layer=41 checkpoint=CP2-KV-R subobject=raw_cache result=MISMATCH elements=512 mismatch_count=161 first_index=3 actual_bits=0x3e300000 expected_bits=0x3e200000 max_abs=0.125 max_rel=2 max_ulp=1996488705
FIRST_DIVERGENCE_OBJECT row=4 layer=41 checkpoint=CP3-F subobject=attn_state_kv result=MISMATCH elements=65536 mismatch_count=2560 first_index=8192 actual_bits=0xbba01064 expected_bits=0xbbb40648 max_abs=0.0038711130619049072 max_rel=1.2264494304520428 max_ulp=1971089953
FIRST_DIVERGENCE_OBJECT row=4 layer=41 checkpoint=CP3-F subobject=attn_state_score result=MISMATCH elements=65536 mismatch_count=2560 first_index=8192 actual_bits=0x3b107cc8 expected_bits=0x3b4d5f70 max_abs=0.013131678104400635 max_rel=1.9397900465133382 max_ulp=1979606305
FIRST_DIVERGENCE_OBJECT row=4 layer=41 checkpoint=CP3-F subobject=layer_n_comp result=EXACT elements=1
FIRST_DIVERGENCE_OBJECT row=4 layer=41 checkpoint=CP4 subobject=after_attn_hc result=MISMATCH elements=16384 mismatch_count=16384 first_index=0 actual_bits=0x40c858b0 expected_bits=0x40c7f0ee max_abs=0.41646814346313477 max_rel=1.9874051030401607 max_ulp=2085597302
FIRST_DIVERGENCE_OBJECT row=4 layer=41 checkpoint=CP5 subobject=layer_output result=MISMATCH elements=16384 mismatch_count=16384 first_index=0 actual_bits=0x40ede248 expected_bits=0x40ed7d2b max_abs=0.40413260459899902 max_rel=1.9886522867236898 max_ulp=2080642467
FIRST_DIVERGENCE_OBJECT row=4 layer=42 checkpoint=CP1 subobject=attn_norm result=MISMATCH elements=4096 mismatch_count=4096 first_index=0 actual_bits=0x3b5eb4a2 expected_bits=0x3b64f6e8 max_abs=0.013484716415405273 max_rel=1.9975757548419497 max_ulp=1961137282
FIRST_DIVERGENCE_OBJECT row=4 layer=42 checkpoint=CP2-Q subobject=qr result=MISMATCH elements=1024 mismatch_count=1024 first_index=0 actual_bits=0x3e220023 expected_bits=0x3e22e836 max_abs=0.0035048723220825195 max_rel=1.8353445014014311 max_ulp=1970526497
FIRST_DIVERGENCE_OBJECT row=4 layer=42 checkpoint=CP2-KV-P subobject=kv_raw result=MISMATCH elements=512 mismatch_count=512 first_index=0 actual_bits=0xbe197238 expected_bits=0xbe1b6146 max_abs=0.0040653198957443237 max_rel=1.8796170103500041 max_ulp=1967135009
FIRST_DIVERGENCE_OBJECT row=4 layer=42 checkpoint=CP2-KV-R subobject=raw_cache result=MISMATCH elements=512 mismatch_count=174 first_index=3 actual_bits=0xbd800000 expected_bits=0xbd700000 max_abs=0.25 max_rel=1.7 max_ulp=2013265921
FIRST_DIVERGENCE_OBJECT row=4 layer=42 checkpoint=CP3-F subobject=attn_state_kv result=MISMATCH elements=8192 mismatch_count=8192 first_index=0 actual_bits=0x3e997bd7 expected_bits=0x3e99ff63 max_abs=0.0063295811414718628 max_rel=1.9792337079909093 max_ulp=1976893985
FIRST_DIVERGENCE_OBJECT row=4 layer=42 checkpoint=CP3-F subobject=attn_state_score result=MISMATCH elements=8192 mismatch_count=8192 first_index=0 actual_bits=0x3f4af57f expected_bits=0x3f4b2aae max_abs=0.025101542472839355 max_rel=1.9480084058347993 max_ulp=1997651329
FIRST_DIVERGENCE_OBJECT row=4 layer=42 checkpoint=CP3-F subobject=layer_n_comp result=EXACT elements=1
FIRST_DIVERGENCE_OBJECT row=4 layer=42 checkpoint=CP3-F subobject=index_state_kv result=MISMATCH elements=2048 mismatch_count=2048 first_index=0 actual_bits=0xbdadf694 expected_bits=0xbdad898a max_abs=0.0051686391234397888 max_rel=1.735610220818361 max_ulp=1971816969
FIRST_DIVERGENCE_OBJECT row=4 layer=42 checkpoint=CP3-F subobject=index_state_score result=MISMATCH elements=2048 mismatch_count=2048 first_index=0 actual_bits=0xbeef34f6 expected_bits=0xbef3d140 max_abs=0.022734522819519043 max_rel=1.3634210695000026 max_ulp=2002372657
FIRST_DIVERGENCE_OBJECT row=4 layer=42 checkpoint=CP3-F subobject=layer_n_index_comp result=EXACT elements=1
FIRST_DIVERGENCE_OBJECT row=4 layer=42 checkpoint=CP4 subobject=after_attn_hc result=MISMATCH elements=16384 mismatch_count=16384 first_index=0 actual_bits=0x40dde705 expected_bits=0x40dca5e4 max_abs=0.51630401611328125 max_rel=1.9499802393148171 max_ulp=2076296980
FIRST_DIVERGENCE_OBJECT row=4 layer=42 checkpoint=CP5 subobject=layer_output result=MISMATCH elements=16384 mismatch_count=16384 first_index=0 actual_bits=0x40c9ffa0 expected_bits=0x40c8f2f9 max_abs=0.52555084228515625 max_rel=1.8557077013578849 max_ulp=2076403158
FIRST_DIVERGENCE row=0 layer=0 checkpoint=CP2-Q subobject=qr compared_objects=2262
