ds4: DSpark support model detected: /Users/sijiaguo/ds4/gguf/DeepSeek-V4-Flash-DSpark-support-0731.gguf (stages=3 block=5 markov_rank=256 tensors=81 missing=0 invalid=0 metadata_errors=0); use --dspark to enable experimental runtime decode
ds4: Metal device Apple M4 Max, 128.00 GiB RAM
ds4: Metal 4 tensor API disabled for pre-M5/pre-A19 devices
ds4: drift-patch flags hc_stable=on norm_unify=on kv_raw_f32=off rope_exp2_log2=off math_safe=off tensor_matmul=off
ds4: Metal model views created in 2.699 ms, residency requested in 1387.024 ms, warmup 4.247 ms (mapped 93065.67 MiB from offset 5.09 MiB)
ds4: Metal mapped mmaped model as 2 overlapping shared buffers
ds4: Metal model views created in 0.199 ms, residency requested in 2722.044 ms, warmup 3.339 ms (mapped 5711.67 MiB from offset 0.01 MiB)
ds4: Metal mapped mmaped model as 3 overlapping shared buffers
ds4: metal backend initialized for graph diagnostics
ds4: memory: KV 0.61 GiB (raw 0.36 + compressed 0.25) + buffers 0.25 GiB + resident model 90.88 GiB = 91.74 GiB planned
ds4: memory detail: ctx=32768 prefill_cap=4096 raw_kv_rows=4352 compressed_kv_rows=8194 backend=metal
ds4: memory: KV 0.61 GiB (raw 0.36 + compressed 0.25) + buffers 0.25 GiB = 0.86 GiB context
ds4: memory detail: ctx=32768 prefill_cap=4096 raw_kv_rows=4352 compressed_kv_rows=8194 backend=metal
ds4: DSpark target-hidden capture enabled: layers=40,41,42
C4_FORCED_TOKEN row=0 token=344
C4_FORCED_TOKEN row=1 token=411
C4_FORCED_TOKEN row=2 token=2526
C4_FORCED_TOKEN row=3 token=45044
C4_FORCED_TOKEN row=4 token=14
C5_CHECKPOINT CP3-P UNAVAILABLE
CHECKPOINT row=0 layer=0 checkpoint=CP1 object=normalized_attention_input result=EXACT element_count=4096 mismatch_count=0
CHECKPOINT row=0 layer=0 checkpoint=CP2-Q object=q_projection result=EXACT element_count=1024 mismatch_count=0
CHECKPOINT row=0 layer=0 checkpoint=CP2-KV-P object=kv_projection result=EXACT element_count=512 mismatch_count=0
CHECKPOINT row=0 layer=0 checkpoint=CP2-KV-R object=raw_kv_row result=EXACT element_count=512 mismatch_count=0
CHECKPOINT row=0 layer=0 checkpoint=CP3-F object=compressor result=N/A element_count=0
CHECKPOINT row=0 layer=0 checkpoint=CP4 object=post_attention_hidden_state result=EXACT element_count=16384 mismatch_count=0
CHECKPOINT row=0 layer=0 checkpoint=CP5 object=final_layer_hidden_state result=EXACT element_count=16384 mismatch_count=0
CHECKPOINT row=0 layer=1 checkpoint=CP1 object=normalized_attention_input result=EXACT element_count=4096 mismatch_count=0
CHECKPOINT row=0 layer=1 checkpoint=CP2-Q object=q_projection result=EXACT element_count=1024 mismatch_count=0
CHECKPOINT row=0 layer=1 checkpoint=CP2-KV-P object=kv_projection result=EXACT element_count=512 mismatch_count=0
CHECKPOINT row=0 layer=1 checkpoint=CP2-KV-R object=raw_kv_row result=EXACT element_count=512 mismatch_count=0
CHECKPOINT row=0 layer=1 checkpoint=CP3-F object=compressor result=N/A element_count=0
CHECKPOINT row=0 layer=1 checkpoint=CP4 object=post_attention_hidden_state result=EXACT element_count=16384 mismatch_count=0
CHECKPOINT row=0 layer=1 checkpoint=CP5 object=final_layer_hidden_state result=EXACT element_count=16384 mismatch_count=0
CHECKPOINT row=0 layer=2 checkpoint=CP1 object=normalized_attention_input result=EXACT element_count=4096 mismatch_count=0
CHECKPOINT row=0 layer=2 checkpoint=CP2-Q object=q_projection result=EXACT element_count=1024 mismatch_count=0
CHECKPOINT row=0 layer=2 checkpoint=CP2-KV-P object=kv_projection result=EXACT element_count=512 mismatch_count=0
CHECKPOINT row=0 layer=2 checkpoint=CP2-KV-R object=raw_kv_row result=EXACT element_count=512 mismatch_count=0
CHECKPOINT row=0 layer=2 checkpoint=CP3-F object=layer_attn_state_kv result=EXACT element_count=8192 mismatch_count=0
CHECKPOINT row=0 layer=2 checkpoint=CP3-F object=layer_attn_state_score result=EXACT element_count=8192 mismatch_count=0
CHECKPOINT row=0 layer=2 checkpoint=CP3-F object=layer_n_comp result=EXACT element_count=1 mismatch_count=0
CHECKPOINT row=0 layer=2 checkpoint=CP3-F object=attn_emitted_row_count result=EXACT element_count=1 mismatch_count=0
CHECKPOINT row=0 layer=2 checkpoint=CP3-F object=layer_index_state_kv result=EXACT element_count=2048 mismatch_count=0
CHECKPOINT row=0 layer=2 checkpoint=CP3-F object=layer_index_state_score result=EXACT element_count=2048 mismatch_count=0
CHECKPOINT row=0 layer=2 checkpoint=CP3-F object=layer_n_index_comp result=EXACT element_count=1 mismatch_count=0
CHECKPOINT row=0 layer=2 checkpoint=CP3-F object=index_emitted_row_count result=EXACT element_count=1 mismatch_count=0
CHECKPOINT row=0 layer=2 checkpoint=CP4 object=post_attention_hidden_state result=EXACT element_count=16384 mismatch_count=0
CHECKPOINT row=0 layer=2 checkpoint=CP5 object=final_layer_hidden_state result=EXACT element_count=16384 mismatch_count=0
CHECKPOINT row=0 layer=3 checkpoint=CP1 object=normalized_attention_input result=EXACT element_count=4096 mismatch_count=0
CHECKPOINT row=0 layer=3 checkpoint=CP2-Q object=q_projection result=EXACT element_count=1024 mismatch_count=0
CHECKPOINT row=0 layer=3 checkpoint=CP2-KV-P object=kv_projection result=EXACT element_count=512 mismatch_count=0
CHECKPOINT row=0 layer=3 checkpoint=CP2-KV-R object=raw_kv_row result=EXACT element_count=512 mismatch_count=0
CHECKPOINT row=0 layer=3 checkpoint=CP3-F object=layer_attn_state_kv result=EXACT element_count=65536 mismatch_count=0
CHECKPOINT row=0 layer=3 checkpoint=CP3-F object=layer_attn_state_score result=EXACT element_count=65536 mismatch_count=0
CHECKPOINT row=0 layer=3 checkpoint=CP3-F object=layer_n_comp result=EXACT element_count=1 mismatch_count=0
CHECKPOINT row=0 layer=3 checkpoint=CP3-F object=attn_emitted_row_count result=EXACT element_count=1 mismatch_count=0
CHECKPOINT row=0 layer=3 checkpoint=CP4 object=post_attention_hidden_state result=EXACT element_count=16384 mismatch_count=0
CHECKPOINT row=0 layer=3 checkpoint=CP5 object=final_layer_hidden_state result=EXACT element_count=16384 mismatch_count=0
CHECKPOINT row=0 layer=4 checkpoint=CP1 object=normalized_attention_input result=EXACT element_count=4096 mismatch_count=0
CHECKPOINT row=0 layer=4 checkpoint=CP2-Q object=q_projection result=EXACT element_count=1024 mismatch_count=0
CHECKPOINT row=0 layer=4 checkpoint=CP2-KV-P object=kv_projection result=EXACT element_count=512 mismatch_count=0
CHECKPOINT row=0 layer=4 checkpoint=CP2-KV-R object=raw_kv_row result=EXACT element_count=512 mismatch_count=0
CHECKPOINT row=0 layer=4 checkpoint=CP3-F object=layer_attn_state_kv result=EXACT element_count=8192 mismatch_count=0
CHECKPOINT row=0 layer=4 checkpoint=CP3-F object=layer_attn_state_score result=EXACT element_count=8192 mismatch_count=0
CHECKPOINT row=0 layer=4 checkpoint=CP3-F object=layer_n_comp result=EXACT element_count=1 mismatch_count=0
CHECKPOINT row=0 layer=4 checkpoint=CP3-F object=attn_emitted_row_count result=EXACT element_count=1 mismatch_count=0
CHECKPOINT row=0 layer=4 checkpoint=CP3-F object=layer_index_state_kv result=EXACT element_count=2048 mismatch_count=0
CHECKPOINT row=0 layer=4 checkpoint=CP3-F object=layer_index_state_score result=EXACT element_count=2048 mismatch_count=0
CHECKPOINT row=0 layer=4 checkpoint=CP3-F object=layer_n_index_comp result=EXACT element_count=1 mismatch_count=0
CHECKPOINT row=0 layer=4 checkpoint=CP3-F object=index_emitted_row_count result=EXACT element_count=1 mismatch_count=0
CHECKPOINT row=0 layer=4 checkpoint=CP4 object=post_attention_hidden_state result=EXACT element_count=16384 mismatch_count=0
CHECKPOINT row=0 layer=4 checkpoint=CP5 object=final_layer_hidden_state result=EXACT element_count=16384 mismatch_count=0
CHECKPOINT row=0 layer=5 checkpoint=CP1 object=normalized_attention_input result=EXACT element_count=4096 mismatch_count=0
CHECKPOINT row=0 layer=5 checkpoint=CP2-Q object=q_projection result=EXACT element_count=1024 mismatch_count=0
CHECKPOINT row=0 layer=5 checkpoint=CP2-KV-P object=kv_projection result=EXACT element_count=512 mismatch_count=0
CHECKPOINT row=0 layer=5 checkpoint=CP2-KV-R object=raw_kv_row result=EXACT element_count=512 mismatch_count=0
CHECKPOINT row=0 layer=5 checkpoint=CP3-F object=layer_attn_state_kv result=EXACT element_count=65536 mismatch_count=0
CHECKPOINT row=0 layer=5 checkpoint=CP3-F object=layer_attn_state_score result=EXACT element_count=65536 mismatch_count=0
CHECKPOINT row=0 layer=5 checkpoint=CP3-F object=layer_n_comp result=EXACT element_count=1 mismatch_count=0
CHECKPOINT row=0 layer=5 checkpoint=CP3-F object=attn_emitted_row_count result=EXACT element_count=1 mismatch_count=0
CHECKPOINT row=0 layer=5 checkpoint=CP4 object=post_attention_hidden_state result=EXACT element_count=16384 mismatch_count=0
CHECKPOINT row=0 layer=5 checkpoint=CP5 object=final_layer_hidden_state result=EXACT element_count=16384 mismatch_count=0
CHECKPOINT row=0 layer=6 checkpoint=CP1 object=normalized_attention_input result=EXACT element_count=4096 mismatch_count=0
CHECKPOINT row=0 layer=6 checkpoint=CP2-Q object=q_projection result=EXACT element_count=1024 mismatch_count=0
CHECKPOINT row=0 layer=6 checkpoint=CP2-KV-P object=kv_projection result=EXACT element_count=512 mismatch_count=0
CHECKPOINT row=0 layer=6 checkpoint=CP2-KV-R object=raw_kv_row result=EXACT element_count=512 mismatch_count=0
CHECKPOINT row=0 layer=6 checkpoint=CP3-F object=layer_attn_state_kv result=EXACT element_count=8192 mismatch_count=0
CHECKPOINT row=0 layer=6 checkpoint=CP3-F object=layer_attn_state_score result=EXACT element_count=8192 mismatch_count=0
CHECKPOINT row=0 layer=6 checkpoint=CP3-F object=layer_n_comp result=EXACT element_count=1 mismatch_count=0
CHECKPOINT row=0 layer=6 checkpoint=CP3-F object=attn_emitted_row_count result=EXACT element_count=1 mismatch_count=0
CHECKPOINT row=0 layer=6 checkpoint=CP3-F object=layer_index_state_kv result=EXACT element_count=2048 mismatch_count=0
CHECKPOINT row=0 layer=6 checkpoint=CP3-F object=layer_index_state_score result=EXACT element_count=2048 mismatch_count=0
CHECKPOINT row=0 layer=6 checkpoint=CP3-F object=layer_n_index_comp result=EXACT element_count=1 mismatch_count=0
CHECKPOINT row=0 layer=6 checkpoint=CP3-F object=index_emitted_row_count result=EXACT element_count=1 mismatch_count=0
CHECKPOINT row=0 layer=6 checkpoint=CP4 object=post_attention_hidden_state result=EXACT element_count=16384 mismatch_count=0
CHECKPOINT row=0 layer=6 checkpoint=CP5 object=final_layer_hidden_state result=EXACT element_count=16384 mismatch_count=0
CHECKPOINT row=0 layer=7 checkpoint=CP1 object=normalized_attention_input result=EXACT element_count=4096 mismatch_count=0
CHECKPOINT row=0 layer=7 checkpoint=CP2-Q object=q_projection result=EXACT element_count=1024 mismatch_count=0
CHECKPOINT row=0 layer=7 checkpoint=CP2-KV-P object=kv_projection result=EXACT element_count=512 mismatch_count=0
CHECKPOINT row=0 layer=7 checkpoint=CP2-KV-R object=raw_kv_row result=EXACT element_count=512 mismatch_count=0
CHECKPOINT row=0 layer=7 checkpoint=CP3-F object=layer_attn_state_kv result=EXACT element_count=65536 mismatch_count=0
CHECKPOINT row=0 layer=7 checkpoint=CP3-F object=layer_attn_state_score result=EXACT element_count=65536 mismatch_count=0
CHECKPOINT row=0 layer=7 checkpoint=CP3-F object=layer_n_comp result=EXACT element_count=1 mismatch_count=0
CHECKPOINT row=0 layer=7 checkpoint=CP3-F object=attn_emitted_row_count result=EXACT element_count=1 mismatch_count=0
CHECKPOINT row=0 layer=7 checkpoint=CP4 object=post_attention_hidden_state result=EXACT element_count=16384 mismatch_count=0
CHECKPOINT row=0 layer=7 checkpoint=CP5 object=final_layer_hidden_state result=EXACT element_count=16384 mismatch_count=0
CHECKPOINT row=0 layer=8 checkpoint=CP1 object=normalized_attention_input result=EXACT element_count=4096 mismatch_count=0
CHECKPOINT row=0 layer=8 checkpoint=CP2-Q object=q_projection result=EXACT element_count=1024 mismatch_count=0
CHECKPOINT row=0 layer=8 checkpoint=CP2-KV-P object=kv_projection result=EXACT element_count=512 mismatch_count=0
CHECKPOINT row=0 layer=8 checkpoint=CP2-KV-R object=raw_kv_row result=EXACT element_count=512 mismatch_count=0
CHECKPOINT row=0 layer=8 checkpoint=CP3-F object=layer_attn_state_kv result=EXACT element_count=8192 mismatch_count=0
CHECKPOINT row=0 layer=8 checkpoint=CP3-F object=layer_attn_state_score result=EXACT element_count=8192 mismatch_count=0
CHECKPOINT row=0 layer=8 checkpoint=CP3-F object=layer_n_comp result=EXACT element_count=1 mismatch_count=0
CHECKPOINT row=0 layer=8 checkpoint=CP3-F object=attn_emitted_row_count result=EXACT element_count=1 mismatch_count=0
CHECKPOINT row=0 layer=8 checkpoint=CP3-F object=layer_index_state_kv result=EXACT element_count=2048 mismatch_count=0
CHECKPOINT row=0 layer=8 checkpoint=CP3-F object=layer_index_state_score result=EXACT element_count=2048 mismatch_count=0
CHECKPOINT row=0 layer=8 checkpoint=CP3-F object=layer_n_index_comp result=EXACT element_count=1 mismatch_count=0
CHECKPOINT row=0 layer=8 checkpoint=CP3-F object=index_emitted_row_count result=EXACT element_count=1 mismatch_count=0
CHECKPOINT row=0 layer=8 checkpoint=CP4 object=post_attention_hidden_state result=EXACT element_count=16384 mismatch_count=0
CHECKPOINT row=0 layer=8 checkpoint=CP5 object=final_layer_hidden_state result=EXACT element_count=16384 mismatch_count=0
CHECKPOINT row=0 layer=9 checkpoint=CP1 object=normalized_attention_input result=EXACT element_count=4096 mismatch_count=0
CHECKPOINT row=0 layer=9 checkpoint=CP2-Q object=q_projection result=EXACT element_count=1024 mismatch_count=0
CHECKPOINT row=0 layer=9 checkpoint=CP2-KV-P object=kv_projection result=EXACT element_count=512 mismatch_count=0
CHECKPOINT row=0 layer=9 checkpoint=CP2-KV-R object=raw_kv_row result=EXACT element_count=512 mismatch_count=0
CHECKPOINT row=0 layer=9 checkpoint=CP3-F object=layer_attn_state_kv result=EXACT element_count=65536 mismatch_count=0
CHECKPOINT row=0 layer=9 checkpoint=CP3-F object=layer_attn_state_score result=EXACT element_count=65536 mismatch_count=0
CHECKPOINT row=0 layer=9 checkpoint=CP3-F object=layer_n_comp result=EXACT element_count=1 mismatch_count=0
CHECKPOINT row=0 layer=9 checkpoint=CP3-F object=attn_emitted_row_count result=EXACT element_count=1 mismatch_count=0
CHECKPOINT row=0 layer=9 checkpoint=CP4 object=post_attention_hidden_state result=EXACT element_count=16384 mismatch_count=0
CHECKPOINT row=0 layer=9 checkpoint=CP5 object=final_layer_hidden_state result=EXACT element_count=16384 mismatch_count=0
CHECKPOINT row=0 layer=10 checkpoint=CP1 object=normalized_attention_input result=EXACT element_count=4096 mismatch_count=0
CHECKPOINT row=0 layer=10 checkpoint=CP2-Q object=q_projection result=EXACT element_count=1024 mismatch_count=0
CHECKPOINT row=0 layer=10 checkpoint=CP2-KV-P object=kv_projection result=EXACT element_count=512 mismatch_count=0
CHECKPOINT row=0 layer=10 checkpoint=CP2-KV-R object=raw_kv_row result=EXACT element_count=512 mismatch_count=0
CHECKPOINT row=0 layer=10 checkpoint=CP3-F object=layer_attn_state_kv result=EXACT element_count=8192 mismatch_count=0
CHECKPOINT row=0 layer=10 checkpoint=CP3-F object=layer_attn_state_score result=EXACT element_count=8192 mismatch_count=0
CHECKPOINT row=0 layer=10 checkpoint=CP3-F object=layer_n_comp result=EXACT element_count=1 mismatch_count=0
CHECKPOINT row=0 layer=10 checkpoint=CP3-F object=attn_emitted_row_count result=EXACT element_count=1 mismatch_count=0
CHECKPOINT row=0 layer=10 checkpoint=CP3-F object=layer_index_state_kv result=EXACT element_count=2048 mismatch_count=0
CHECKPOINT row=0 layer=10 checkpoint=CP3-F object=layer_index_state_score result=EXACT element_count=2048 mismatch_count=0
CHECKPOINT row=0 layer=10 checkpoint=CP3-F object=layer_n_index_comp result=EXACT element_count=1 mismatch_count=0
CHECKPOINT row=0 layer=10 checkpoint=CP3-F object=index_emitted_row_count result=EXACT element_count=1 mismatch_count=0
CHECKPOINT row=0 layer=10 checkpoint=CP4 object=post_attention_hidden_state result=EXACT element_count=16384 mismatch_count=0
CHECKPOINT row=0 layer=10 checkpoint=CP5 object=final_layer_hidden_state result=EXACT element_count=16384 mismatch_count=0
CHECKPOINT row=0 layer=11 checkpoint=CP1 object=normalized_attention_input result=EXACT element_count=4096 mismatch_count=0
CHECKPOINT row=0 layer=11 checkpoint=CP2-Q object=q_projection result=EXACT element_count=1024 mismatch_count=0
CHECKPOINT row=0 layer=11 checkpoint=CP2-KV-P object=kv_projection result=EXACT element_count=512 mismatch_count=0
CHECKPOINT row=0 layer=11 checkpoint=CP2-KV-R object=raw_kv_row result=EXACT element_count=512 mismatch_count=0
CHECKPOINT row=0 layer=11 checkpoint=CP3-F object=layer_attn_state_kv result=EXACT element_count=65536 mismatch_count=0
CHECKPOINT row=0 layer=11 checkpoint=CP3-F object=layer_attn_state_score result=EXACT element_count=65536 mismatch_count=0
CHECKPOINT row=0 layer=11 checkpoint=CP3-F object=layer_n_comp result=EXACT element_count=1 mismatch_count=0
CHECKPOINT row=0 layer=11 checkpoint=CP3-F object=attn_emitted_row_count result=EXACT element_count=1 mismatch_count=0
CHECKPOINT row=0 layer=11 checkpoint=CP4 object=post_attention_hidden_state result=EXACT element_count=16384 mismatch_count=0
CHECKPOINT row=0 layer=11 checkpoint=CP5 object=final_layer_hidden_state result=EXACT element_count=16384 mismatch_count=0
CHECKPOINT row=0 layer=12 checkpoint=CP1 object=normalized_attention_input result=EXACT element_count=4096 mismatch_count=0
CHECKPOINT row=0 layer=12 checkpoint=CP2-Q object=q_projection result=EXACT element_count=1024 mismatch_count=0
CHECKPOINT row=0 layer=12 checkpoint=CP2-KV-P object=kv_projection result=EXACT element_count=512 mismatch_count=0
CHECKPOINT row=0 layer=12 checkpoint=CP2-KV-R object=raw_kv_row result=EXACT element_count=512 mismatch_count=0
CHECKPOINT row=0 layer=12 checkpoint=CP3-F object=layer_attn_state_kv result=EXACT element_count=8192 mismatch_count=0
CHECKPOINT row=0 layer=12 checkpoint=CP3-F object=layer_attn_state_score result=EXACT element_count=8192 mismatch_count=0
CHECKPOINT row=0 layer=12 checkpoint=CP3-F object=layer_n_comp result=EXACT element_count=1 mismatch_count=0
CHECKPOINT row=0 layer=12 checkpoint=CP3-F object=attn_emitted_row_count result=EXACT element_count=1 mismatch_count=0
CHECKPOINT row=0 layer=12 checkpoint=CP3-F object=layer_index_state_kv result=EXACT element_count=2048 mismatch_count=0
CHECKPOINT row=0 layer=12 checkpoint=CP3-F object=layer_index_state_score result=EXACT element_count=2048 mismatch_count=0
CHECKPOINT row=0 layer=12 checkpoint=CP3-F object=layer_n_index_comp result=EXACT element_count=1 mismatch_count=0
CHECKPOINT row=0 layer=12 checkpoint=CP3-F object=index_emitted_row_count result=EXACT element_count=1 mismatch_count=0
CHECKPOINT row=0 layer=12 checkpoint=CP4 object=post_attention_hidden_state result=EXACT element_count=16384 mismatch_count=0
CHECKPOINT row=0 layer=12 checkpoint=CP5 object=final_layer_hidden_state result=EXACT element_count=16384 mismatch_count=0
CHECKPOINT row=0 layer=13 checkpoint=CP1 object=normalized_attention_input result=EXACT element_count=4096 mismatch_count=0
CHECKPOINT row=0 layer=13 checkpoint=CP2-Q object=q_projection result=EXACT element_count=1024 mismatch_count=0
CHECKPOINT row=0 layer=13 checkpoint=CP2-KV-P object=kv_projection result=EXACT element_count=512 mismatch_count=0
CHECKPOINT row=0 layer=13 checkpoint=CP2-KV-R object=raw_kv_row result=EXACT element_count=512 mismatch_count=0
CHECKPOINT row=0 layer=13 checkpoint=CP3-F object=layer_attn_state_kv result=EXACT element_count=65536 mismatch_count=0
CHECKPOINT row=0 layer=13 checkpoint=CP3-F object=layer_attn_state_score result=EXACT element_count=65536 mismatch_count=0
CHECKPOINT row=0 layer=13 checkpoint=CP3-F object=layer_n_comp result=EXACT element_count=1 mismatch_count=0
CHECKPOINT row=0 layer=13 checkpoint=CP3-F object=attn_emitted_row_count result=EXACT element_count=1 mismatch_count=0
CHECKPOINT row=0 layer=13 checkpoint=CP4 object=post_attention_hidden_state result=EXACT element_count=16384 mismatch_count=0
CHECKPOINT row=0 layer=13 checkpoint=CP5 object=final_layer_hidden_state result=EXACT element_count=16384 mismatch_count=0
CHECKPOINT row=0 layer=14 checkpoint=CP1 object=normalized_attention_input result=EXACT element_count=4096 mismatch_count=0
CHECKPOINT row=0 layer=14 checkpoint=CP2-Q object=q_projection result=EXACT element_count=1024 mismatch_count=0
CHECKPOINT row=0 layer=14 checkpoint=CP2-KV-P object=kv_projection result=EXACT element_count=512 mismatch_count=0
CHECKPOINT row=0 layer=14 checkpoint=CP2-KV-R object=raw_kv_row result=EXACT element_count=512 mismatch_count=0
CHECKPOINT row=0 layer=14 checkpoint=CP3-F object=layer_attn_state_kv result=EXACT element_count=8192 mismatch_count=0
CHECKPOINT row=0 layer=14 checkpoint=CP3-F object=layer_attn_state_score result=EXACT element_count=8192 mismatch_count=0
CHECKPOINT row=0 layer=14 checkpoint=CP3-F object=layer_n_comp result=EXACT element_count=1 mismatch_count=0
CHECKPOINT row=0 layer=14 checkpoint=CP3-F object=attn_emitted_row_count result=EXACT element_count=1 mismatch_count=0
CHECKPOINT row=0 layer=14 checkpoint=CP3-F object=layer_index_state_kv result=EXACT element_count=2048 mismatch_count=0
CHECKPOINT row=0 layer=14 checkpoint=CP3-F object=layer_index_state_score result=EXACT element_count=2048 mismatch_count=0
CHECKPOINT row=0 layer=14 checkpoint=CP3-F object=layer_n_index_comp result=EXACT element_count=1 mismatch_count=0
CHECKPOINT row=0 layer=14 checkpoint=CP3-F object=index_emitted_row_count result=EXACT element_count=1 mismatch_count=0
CHECKPOINT row=0 layer=14 checkpoint=CP4 object=post_attention_hidden_state result=EXACT element_count=16384 mismatch_count=0
CHECKPOINT row=0 layer=14 checkpoint=CP5 object=final_layer_hidden_state result=EXACT element_count=16384 mismatch_count=0
CHECKPOINT row=0 layer=15 checkpoint=CP1 object=normalized_attention_input result=EXACT element_count=4096 mismatch_count=0
CHECKPOINT row=0 layer=15 checkpoint=CP2-Q object=q_projection result=EXACT element_count=1024 mismatch_count=0
CHECKPOINT row=0 layer=15 checkpoint=CP2-KV-P object=kv_projection result=EXACT element_count=512 mismatch_count=0
CHECKPOINT row=0 layer=15 checkpoint=CP2-KV-R object=raw_kv_row result=EXACT element_count=512 mismatch_count=0
CHECKPOINT row=0 layer=15 checkpoint=CP3-F object=layer_attn_state_kv result=EXACT element_count=65536 mismatch_count=0
CHECKPOINT row=0 layer=15 checkpoint=CP3-F object=layer_attn_state_score result=EXACT element_count=65536 mismatch_count=0
CHECKPOINT row=0 layer=15 checkpoint=CP3-F object=layer_n_comp result=EXACT element_count=1 mismatch_count=0
CHECKPOINT row=0 layer=15 checkpoint=CP3-F object=attn_emitted_row_count result=EXACT element_count=1 mismatch_count=0
CHECKPOINT row=0 layer=15 checkpoint=CP4 object=post_attention_hidden_state result=EXACT element_count=16384 mismatch_count=0
CHECKPOINT row=0 layer=15 checkpoint=CP5 object=final_layer_hidden_state result=EXACT element_count=16384 mismatch_count=0
CHECKPOINT row=0 layer=16 checkpoint=CP1 object=normalized_attention_input result=EXACT element_count=4096 mismatch_count=0
CHECKPOINT row=0 layer=16 checkpoint=CP2-Q object=q_projection result=EXACT element_count=1024 mismatch_count=0
CHECKPOINT row=0 layer=16 checkpoint=CP2-KV-P object=kv_projection result=EXACT element_count=512 mismatch_count=0
CHECKPOINT row=0 layer=16 checkpoint=CP2-KV-R object=raw_kv_row result=EXACT element_count=512 mismatch_count=0
CHECKPOINT row=0 layer=16 checkpoint=CP3-F object=layer_attn_state_kv result=EXACT element_count=8192 mismatch_count=0
CHECKPOINT row=0 layer=16 checkpoint=CP3-F object=layer_attn_state_score result=EXACT element_count=8192 mismatch_count=0
CHECKPOINT row=0 layer=16 checkpoint=CP3-F object=layer_n_comp result=EXACT element_count=1 mismatch_count=0
CHECKPOINT row=0 layer=16 checkpoint=CP3-F object=attn_emitted_row_count result=EXACT element_count=1 mismatch_count=0
CHECKPOINT row=0 layer=16 checkpoint=CP3-F object=layer_index_state_kv result=EXACT element_count=2048 mismatch_count=0
CHECKPOINT row=0 layer=16 checkpoint=CP3-F object=layer_index_state_score result=EXACT element_count=2048 mismatch_count=0
CHECKPOINT row=0 layer=16 checkpoint=CP3-F object=layer_n_index_comp result=EXACT element_count=1 mismatch_count=0
CHECKPOINT row=0 layer=16 checkpoint=CP3-F object=index_emitted_row_count result=EXACT element_count=1 mismatch_count=0
CHECKPOINT row=0 layer=16 checkpoint=CP4 object=post_attention_hidden_state result=EXACT element_count=16384 mismatch_count=0
CHECKPOINT row=0 layer=16 checkpoint=CP5 object=final_layer_hidden_state result=EXACT element_count=16384 mismatch_count=0
CHECKPOINT row=0 layer=17 checkpoint=CP1 object=normalized_attention_input result=EXACT element_count=4096 mismatch_count=0
CHECKPOINT row=0 layer=17 checkpoint=CP2-Q object=q_projection result=EXACT element_count=1024 mismatch_count=0
CHECKPOINT row=0 layer=17 checkpoint=CP2-KV-P object=kv_projection result=EXACT element_count=512 mismatch_count=0
CHECKPOINT row=0 layer=17 checkpoint=CP2-KV-R object=raw_kv_row result=EXACT element_count=512 mismatch_count=0
CHECKPOINT row=0 layer=17 checkpoint=CP3-F object=layer_attn_state_kv result=EXACT element_count=65536 mismatch_count=0
CHECKPOINT row=0 layer=17 checkpoint=CP3-F object=layer_attn_state_score result=EXACT element_count=65536 mismatch_count=0
CHECKPOINT row=0 layer=17 checkpoint=CP3-F object=layer_n_comp result=EXACT element_count=1 mismatch_count=0
CHECKPOINT row=0 layer=17 checkpoint=CP3-F object=attn_emitted_row_count result=EXACT element_count=1 mismatch_count=0
CHECKPOINT row=0 layer=17 checkpoint=CP4 object=post_attention_hidden_state result=EXACT element_count=16384 mismatch_count=0
CHECKPOINT row=0 layer=17 checkpoint=CP5 object=final_layer_hidden_state result=EXACT element_count=16384 mismatch_count=0
CHECKPOINT row=0 layer=18 checkpoint=CP1 object=normalized_attention_input result=EXACT element_count=4096 mismatch_count=0
CHECKPOINT row=0 layer=18 checkpoint=CP2-Q object=q_projection result=EXACT element_count=1024 mismatch_count=0
CHECKPOINT row=0 layer=18 checkpoint=CP2-KV-P object=kv_projection result=EXACT element_count=512 mismatch_count=0
CHECKPOINT row=0 layer=18 checkpoint=CP2-KV-R object=raw_kv_row result=EXACT element_count=512 mismatch_count=0
CHECKPOINT row=0 layer=18 checkpoint=CP3-F object=layer_attn_state_kv result=EXACT element_count=8192 mismatch_count=0
CHECKPOINT row=0 layer=18 checkpoint=CP3-F object=layer_attn_state_score result=EXACT element_count=8192 mismatch_count=0
CHECKPOINT row=0 layer=18 checkpoint=CP3-F object=layer_n_comp result=EXACT element_count=1 mismatch_count=0
CHECKPOINT row=0 layer=18 checkpoint=CP3-F object=attn_emitted_row_count result=EXACT element_count=1 mismatch_count=0
CHECKPOINT row=0 layer=18 checkpoint=CP3-F object=layer_index_state_kv result=EXACT element_count=2048 mismatch_count=0
CHECKPOINT row=0 layer=18 checkpoint=CP3-F object=layer_index_state_score result=EXACT element_count=2048 mismatch_count=0
CHECKPOINT row=0 layer=18 checkpoint=CP3-F object=layer_n_index_comp result=EXACT element_count=1 mismatch_count=0
CHECKPOINT row=0 layer=18 checkpoint=CP3-F object=index_emitted_row_count result=EXACT element_count=1 mismatch_count=0
CHECKPOINT row=0 layer=18 checkpoint=CP4 object=post_attention_hidden_state result=EXACT element_count=16384 mismatch_count=0
CHECKPOINT row=0 layer=18 checkpoint=CP5 object=final_layer_hidden_state result=EXACT element_count=16384 mismatch_count=0
CHECKPOINT row=0 layer=19 checkpoint=CP1 object=normalized_attention_input result=EXACT element_count=4096 mismatch_count=0
CHECKPOINT row=0 layer=19 checkpoint=CP2-Q object=q_projection result=EXACT element_count=1024 mismatch_count=0
CHECKPOINT row=0 layer=19 checkpoint=CP2-KV-P object=kv_projection result=EXACT element_count=512 mismatch_count=0
CHECKPOINT row=0 layer=19 checkpoint=CP2-KV-R object=raw_kv_row result=EXACT element_count=512 mismatch_count=0
CHECKPOINT row=0 layer=19 checkpoint=CP3-F object=layer_attn_state_kv result=EXACT element_count=65536 mismatch_count=0
CHECKPOINT row=0 layer=19 checkpoint=CP3-F object=layer_attn_state_score result=EXACT element_count=65536 mismatch_count=0
CHECKPOINT row=0 layer=19 checkpoint=CP3-F object=layer_n_comp result=EXACT element_count=1 mismatch_count=0
CHECKPOINT row=0 layer=19 checkpoint=CP3-F object=attn_emitted_row_count result=EXACT element_count=1 mismatch_count=0
CHECKPOINT row=0 layer=19 checkpoint=CP4 object=post_attention_hidden_state result=EXACT element_count=16384 mismatch_count=0
CHECKPOINT row=0 layer=19 checkpoint=CP5 object=final_layer_hidden_state result=EXACT element_count=16384 mismatch_count=0
CHECKPOINT row=0 layer=20 checkpoint=CP1 object=normalized_attention_input result=EXACT element_count=4096 mismatch_count=0
CHECKPOINT row=0 layer=20 checkpoint=CP2-Q object=q_projection result=EXACT element_count=1024 mismatch_count=0
CHECKPOINT row=0 layer=20 checkpoint=CP2-KV-P object=kv_projection result=EXACT element_count=512 mismatch_count=0
CHECKPOINT row=0 layer=20 checkpoint=CP2-KV-R object=raw_kv_row result=EXACT element_count=512 mismatch_count=0
CHECKPOINT row=0 layer=20 checkpoint=CP3-F object=layer_attn_state_kv result=EXACT element_count=8192 mismatch_count=0
CHECKPOINT row=0 layer=20 checkpoint=CP3-F object=layer_attn_state_score result=EXACT element_count=8192 mismatch_count=0
CHECKPOINT row=0 layer=20 checkpoint=CP3-F object=layer_n_comp result=EXACT element_count=1 mismatch_count=0
CHECKPOINT row=0 layer=20 checkpoint=CP3-F object=attn_emitted_row_count result=EXACT element_count=1 mismatch_count=0
CHECKPOINT row=0 layer=20 checkpoint=CP3-F object=layer_index_state_kv result=EXACT element_count=2048 mismatch_count=0
CHECKPOINT row=0 layer=20 checkpoint=CP3-F object=layer_index_state_score result=EXACT element_count=2048 mismatch_count=0
CHECKPOINT row=0 layer=20 checkpoint=CP3-F object=layer_n_index_comp result=EXACT element_count=1 mismatch_count=0
CHECKPOINT row=0 layer=20 checkpoint=CP3-F object=index_emitted_row_count result=EXACT element_count=1 mismatch_count=0
CHECKPOINT row=0 layer=20 checkpoint=CP4 object=post_attention_hidden_state result=EXACT element_count=16384 mismatch_count=0
CHECKPOINT row=0 layer=20 checkpoint=CP5 object=final_layer_hidden_state result=EXACT element_count=16384 mismatch_count=0
CHECKPOINT row=0 layer=21 checkpoint=CP1 object=normalized_attention_input result=EXACT element_count=4096 mismatch_count=0
CHECKPOINT row=0 layer=21 checkpoint=CP2-Q object=q_projection result=EXACT element_count=1024 mismatch_count=0
CHECKPOINT row=0 layer=21 checkpoint=CP2-KV-P object=kv_projection result=EXACT element_count=512 mismatch_count=0
CHECKPOINT row=0 layer=21 checkpoint=CP2-KV-R object=raw_kv_row result=EXACT element_count=512 mismatch_count=0
CHECKPOINT row=0 layer=21 checkpoint=CP3-F object=layer_attn_state_kv result=EXACT element_count=65536 mismatch_count=0
CHECKPOINT row=0 layer=21 checkpoint=CP3-F object=layer_attn_state_score result=EXACT element_count=65536 mismatch_count=0
CHECKPOINT row=0 layer=21 checkpoint=CP3-F object=layer_n_comp result=EXACT element_count=1 mismatch_count=0
CHECKPOINT row=0 layer=21 checkpoint=CP3-F object=attn_emitted_row_count result=EXACT element_count=1 mismatch_count=0
CHECKPOINT row=0 layer=21 checkpoint=CP4 object=post_attention_hidden_state result=EXACT element_count=16384 mismatch_count=0
CHECKPOINT row=0 layer=21 checkpoint=CP5 object=final_layer_hidden_state result=EXACT element_count=16384 mismatch_count=0
CHECKPOINT row=0 layer=22 checkpoint=CP1 object=normalized_attention_input result=EXACT element_count=4096 mismatch_count=0
CHECKPOINT row=0 layer=22 checkpoint=CP2-Q object=q_projection result=EXACT element_count=1024 mismatch_count=0
CHECKPOINT row=0 layer=22 checkpoint=CP2-KV-P object=kv_projection result=EXACT element_count=512 mismatch_count=0
CHECKPOINT row=0 layer=22 checkpoint=CP2-KV-R object=raw_kv_row result=EXACT element_count=512 mismatch_count=0
CHECKPOINT row=0 layer=22 checkpoint=CP3-F object=layer_attn_state_kv result=EXACT element_count=8192 mismatch_count=0
CHECKPOINT row=0 layer=22 checkpoint=CP3-F object=layer_attn_state_score result=EXACT element_count=8192 mismatch_count=0
CHECKPOINT row=0 layer=22 checkpoint=CP3-F object=layer_n_comp result=EXACT element_count=1 mismatch_count=0
CHECKPOINT row=0 layer=22 checkpoint=CP3-F object=attn_emitted_row_count result=EXACT element_count=1 mismatch_count=0
CHECKPOINT row=0 layer=22 checkpoint=CP3-F object=layer_index_state_kv result=EXACT element_count=2048 mismatch_count=0
CHECKPOINT row=0 layer=22 checkpoint=CP3-F object=layer_index_state_score result=EXACT element_count=2048 mismatch_count=0
CHECKPOINT row=0 layer=22 checkpoint=CP3-F object=layer_n_index_comp result=EXACT element_count=1 mismatch_count=0
CHECKPOINT row=0 layer=22 checkpoint=CP3-F object=index_emitted_row_count result=EXACT element_count=1 mismatch_count=0
CHECKPOINT row=0 layer=22 checkpoint=CP4 object=post_attention_hidden_state result=EXACT element_count=16384 mismatch_count=0
CHECKPOINT row=0 layer=22 checkpoint=CP5 object=final_layer_hidden_state result=EXACT element_count=16384 mismatch_count=0
CHECKPOINT row=0 layer=23 checkpoint=CP1 object=normalized_attention_input result=EXACT element_count=4096 mismatch_count=0
CHECKPOINT row=0 layer=23 checkpoint=CP2-Q object=q_projection result=EXACT element_count=1024 mismatch_count=0
CHECKPOINT row=0 layer=23 checkpoint=CP2-KV-P object=kv_projection result=EXACT element_count=512 mismatch_count=0
CHECKPOINT row=0 layer=23 checkpoint=CP2-KV-R object=raw_kv_row result=EXACT element_count=512 mismatch_count=0
CHECKPOINT row=0 layer=23 checkpoint=CP3-F object=layer_attn_state_kv result=EXACT element_count=65536 mismatch_count=0
CHECKPOINT row=0 layer=23 checkpoint=CP3-F object=layer_attn_state_score result=EXACT element_count=65536 mismatch_count=0
CHECKPOINT row=0 layer=23 checkpoint=CP3-F object=layer_n_comp result=EXACT element_count=1 mismatch_count=0
CHECKPOINT row=0 layer=23 checkpoint=CP3-F object=attn_emitted_row_count result=EXACT element_count=1 mismatch_count=0
CHECKPOINT row=0 layer=23 checkpoint=CP4 object=post_attention_hidden_state result=EXACT element_count=16384 mismatch_count=0
CHECKPOINT row=0 layer=23 checkpoint=CP5 object=final_layer_hidden_state result=EXACT element_count=16384 mismatch_count=0
CHECKPOINT row=0 layer=24 checkpoint=CP1 object=normalized_attention_input result=EXACT element_count=4096 mismatch_count=0
CHECKPOINT row=0 layer=24 checkpoint=CP2-Q object=q_projection result=EXACT element_count=1024 mismatch_count=0
CHECKPOINT row=0 layer=24 checkpoint=CP2-KV-P object=kv_projection result=EXACT element_count=512 mismatch_count=0
CHECKPOINT row=0 layer=24 checkpoint=CP2-KV-R object=raw_kv_row result=EXACT element_count=512 mismatch_count=0
CHECKPOINT row=0 layer=24 checkpoint=CP3-F object=layer_attn_state_kv result=EXACT element_count=8192 mismatch_count=0
CHECKPOINT row=0 layer=24 checkpoint=CP3-F object=layer_attn_state_score result=EXACT element_count=8192 mismatch_count=0
CHECKPOINT row=0 layer=24 checkpoint=CP3-F object=layer_n_comp result=EXACT element_count=1 mismatch_count=0
CHECKPOINT row=0 layer=24 checkpoint=CP3-F object=attn_emitted_row_count result=EXACT element_count=1 mismatch_count=0
CHECKPOINT row=0 layer=24 checkpoint=CP3-F object=layer_index_state_kv result=EXACT element_count=2048 mismatch_count=0
CHECKPOINT row=0 layer=24 checkpoint=CP3-F object=layer_index_state_score result=EXACT element_count=2048 mismatch_count=0
CHECKPOINT row=0 layer=24 checkpoint=CP3-F object=layer_n_index_comp result=EXACT element_count=1 mismatch_count=0
CHECKPOINT row=0 layer=24 checkpoint=CP3-F object=index_emitted_row_count result=EXACT element_count=1 mismatch_count=0
CHECKPOINT row=0 layer=24 checkpoint=CP4 object=post_attention_hidden_state result=EXACT element_count=16384 mismatch_count=0
CHECKPOINT row=0 layer=24 checkpoint=CP5 object=final_layer_hidden_state result=EXACT element_count=16384 mismatch_count=0
CHECKPOINT row=0 layer=25 checkpoint=CP1 object=normalized_attention_input result=EXACT element_count=4096 mismatch_count=0
CHECKPOINT row=0 layer=25 checkpoint=CP2-Q object=q_projection result=EXACT element_count=1024 mismatch_count=0
CHECKPOINT row=0 layer=25 checkpoint=CP2-KV-P object=kv_projection result=EXACT element_count=512 mismatch_count=0
CHECKPOINT row=0 layer=25 checkpoint=CP2-KV-R object=raw_kv_row result=EXACT element_count=512 mismatch_count=0
CHECKPOINT row=0 layer=25 checkpoint=CP3-F object=layer_attn_state_kv result=EXACT element_count=65536 mismatch_count=0
CHECKPOINT row=0 layer=25 checkpoint=CP3-F object=layer_attn_state_score result=EXACT element_count=65536 mismatch_count=0
CHECKPOINT row=0 layer=25 checkpoint=CP3-F object=layer_n_comp result=EXACT element_count=1 mismatch_count=0
CHECKPOINT row=0 layer=25 checkpoint=CP3-F object=attn_emitted_row_count result=EXACT element_count=1 mismatch_count=0
CHECKPOINT row=0 layer=25 checkpoint=CP4 object=post_attention_hidden_state result=EXACT element_count=16384 mismatch_count=0
CHECKPOINT row=0 layer=25 checkpoint=CP5 object=final_layer_hidden_state result=EXACT element_count=16384 mismatch_count=0
CHECKPOINT row=0 layer=26 checkpoint=CP1 object=normalized_attention_input result=EXACT element_count=4096 mismatch_count=0
CHECKPOINT row=0 layer=26 checkpoint=CP2-Q object=q_projection result=EXACT element_count=1024 mismatch_count=0
CHECKPOINT row=0 layer=26 checkpoint=CP2-KV-P object=kv_projection result=EXACT element_count=512 mismatch_count=0
CHECKPOINT row=0 layer=26 checkpoint=CP2-KV-R object=raw_kv_row result=EXACT element_count=512 mismatch_count=0
CHECKPOINT row=0 layer=26 checkpoint=CP3-F object=layer_attn_state_kv result=EXACT element_count=8192 mismatch_count=0
CHECKPOINT row=0 layer=26 checkpoint=CP3-F object=layer_attn_state_score result=EXACT element_count=8192 mismatch_count=0
CHECKPOINT row=0 layer=26 checkpoint=CP3-F object=layer_n_comp result=EXACT element_count=1 mismatch_count=0
CHECKPOINT row=0 layer=26 checkpoint=CP3-F object=attn_emitted_row_count result=EXACT element_count=1 mismatch_count=0
CHECKPOINT row=0 layer=26 checkpoint=CP3-F object=layer_index_state_kv result=EXACT element_count=2048 mismatch_count=0
CHECKPOINT row=0 layer=26 checkpoint=CP3-F object=layer_index_state_score result=EXACT element_count=2048 mismatch_count=0
CHECKPOINT row=0 layer=26 checkpoint=CP3-F object=layer_n_index_comp result=EXACT element_count=1 mismatch_count=0
CHECKPOINT row=0 layer=26 checkpoint=CP3-F object=index_emitted_row_count result=EXACT element_count=1 mismatch_count=0
CHECKPOINT row=0 layer=26 checkpoint=CP4 object=post_attention_hidden_state result=EXACT element_count=16384 mismatch_count=0
CHECKPOINT row=0 layer=26 checkpoint=CP5 object=final_layer_hidden_state result=EXACT element_count=16384 mismatch_count=0
CHECKPOINT row=0 layer=27 checkpoint=CP1 object=normalized_attention_input result=EXACT element_count=4096 mismatch_count=0
CHECKPOINT row=0 layer=27 checkpoint=CP2-Q object=q_projection result=EXACT element_count=1024 mismatch_count=0
CHECKPOINT row=0 layer=27 checkpoint=CP2-KV-P object=kv_projection result=EXACT element_count=512 mismatch_count=0
CHECKPOINT row=0 layer=27 checkpoint=CP2-KV-R object=raw_kv_row result=EXACT element_count=512 mismatch_count=0
CHECKPOINT row=0 layer=27 checkpoint=CP3-F object=layer_attn_state_kv result=EXACT element_count=65536 mismatch_count=0
CHECKPOINT row=0 layer=27 checkpoint=CP3-F object=layer_attn_state_score result=EXACT element_count=65536 mismatch_count=0
CHECKPOINT row=0 layer=27 checkpoint=CP3-F object=layer_n_comp result=EXACT element_count=1 mismatch_count=0
CHECKPOINT row=0 layer=27 checkpoint=CP3-F object=attn_emitted_row_count result=EXACT element_count=1 mismatch_count=0
CHECKPOINT row=0 layer=27 checkpoint=CP4 object=post_attention_hidden_state result=EXACT element_count=16384 mismatch_count=0
CHECKPOINT row=0 layer=27 checkpoint=CP5 object=final_layer_hidden_state result=EXACT element_count=16384 mismatch_count=0
CHECKPOINT row=0 layer=28 checkpoint=CP1 object=normalized_attention_input result=EXACT element_count=4096 mismatch_count=0
CHECKPOINT row=0 layer=28 checkpoint=CP2-Q object=q_projection result=EXACT element_count=1024 mismatch_count=0
CHECKPOINT row=0 layer=28 checkpoint=CP2-KV-P object=kv_projection result=EXACT element_count=512 mismatch_count=0
CHECKPOINT row=0 layer=28 checkpoint=CP2-KV-R object=raw_kv_row result=EXACT element_count=512 mismatch_count=0
CHECKPOINT row=0 layer=28 checkpoint=CP3-F object=layer_attn_state_kv result=EXACT element_count=8192 mismatch_count=0
CHECKPOINT row=0 layer=28 checkpoint=CP3-F object=layer_attn_state_score result=EXACT element_count=8192 mismatch_count=0
CHECKPOINT row=0 layer=28 checkpoint=CP3-F object=layer_n_comp result=EXACT element_count=1 mismatch_count=0
CHECKPOINT row=0 layer=28 checkpoint=CP3-F object=attn_emitted_row_count result=EXACT element_count=1 mismatch_count=0
CHECKPOINT row=0 layer=28 checkpoint=CP3-F object=layer_index_state_kv result=EXACT element_count=2048 mismatch_count=0
CHECKPOINT row=0 layer=28 checkpoint=CP3-F object=layer_index_state_score result=EXACT element_count=2048 mismatch_count=0
CHECKPOINT row=0 layer=28 checkpoint=CP3-F object=layer_n_index_comp result=EXACT element_count=1 mismatch_count=0
CHECKPOINT row=0 layer=28 checkpoint=CP3-F object=index_emitted_row_count result=EXACT element_count=1 mismatch_count=0
CHECKPOINT row=0 layer=28 checkpoint=CP4 object=post_attention_hidden_state result=EXACT element_count=16384 mismatch_count=0
CHECKPOINT row=0 layer=28 checkpoint=CP5 object=final_layer_hidden_state result=EXACT element_count=16384 mismatch_count=0
CHECKPOINT row=0 layer=29 checkpoint=CP1 object=normalized_attention_input result=EXACT element_count=4096 mismatch_count=0
CHECKPOINT row=0 layer=29 checkpoint=CP2-Q object=q_projection result=EXACT element_count=1024 mismatch_count=0
CHECKPOINT row=0 layer=29 checkpoint=CP2-KV-P object=kv_projection result=EXACT element_count=512 mismatch_count=0
CHECKPOINT row=0 layer=29 checkpoint=CP2-KV-R object=raw_kv_row result=EXACT element_count=512 mismatch_count=0
CHECKPOINT row=0 layer=29 checkpoint=CP3-F object=layer_attn_state_kv result=EXACT element_count=65536 mismatch_count=0
CHECKPOINT row=0 layer=29 checkpoint=CP3-F object=layer_attn_state_score result=EXACT element_count=65536 mismatch_count=0
CHECKPOINT row=0 layer=29 checkpoint=CP3-F object=layer_n_comp result=EXACT element_count=1 mismatch_count=0
CHECKPOINT row=0 layer=29 checkpoint=CP3-F object=attn_emitted_row_count result=EXACT element_count=1 mismatch_count=0
CHECKPOINT row=0 layer=29 checkpoint=CP4 object=post_attention_hidden_state result=EXACT element_count=16384 mismatch_count=0
CHECKPOINT row=0 layer=29 checkpoint=CP5 object=final_layer_hidden_state result=EXACT element_count=16384 mismatch_count=0
CHECKPOINT row=0 layer=30 checkpoint=CP1 object=normalized_attention_input result=EXACT element_count=4096 mismatch_count=0
CHECKPOINT row=0 layer=30 checkpoint=CP2-Q object=q_projection result=EXACT element_count=1024 mismatch_count=0
CHECKPOINT row=0 layer=30 checkpoint=CP2-KV-P object=kv_projection result=EXACT element_count=512 mismatch_count=0
CHECKPOINT row=0 layer=30 checkpoint=CP2-KV-R object=raw_kv_row result=EXACT element_count=512 mismatch_count=0
CHECKPOINT row=0 layer=30 checkpoint=CP3-F object=layer_attn_state_kv result=EXACT element_count=8192 mismatch_count=0
CHECKPOINT row=0 layer=30 checkpoint=CP3-F object=layer_attn_state_score result=EXACT element_count=8192 mismatch_count=0
CHECKPOINT row=0 layer=30 checkpoint=CP3-F object=layer_n_comp result=EXACT element_count=1 mismatch_count=0
CHECKPOINT row=0 layer=30 checkpoint=CP3-F object=attn_emitted_row_count result=EXACT element_count=1 mismatch_count=0
CHECKPOINT row=0 layer=30 checkpoint=CP3-F object=layer_index_state_kv result=EXACT element_count=2048 mismatch_count=0
CHECKPOINT row=0 layer=30 checkpoint=CP3-F object=layer_index_state_score result=EXACT element_count=2048 mismatch_count=0
CHECKPOINT row=0 layer=30 checkpoint=CP3-F object=layer_n_index_comp result=EXACT element_count=1 mismatch_count=0
CHECKPOINT row=0 layer=30 checkpoint=CP3-F object=index_emitted_row_count result=EXACT element_count=1 mismatch_count=0
CHECKPOINT row=0 layer=30 checkpoint=CP4 object=post_attention_hidden_state result=EXACT element_count=16384 mismatch_count=0
CHECKPOINT row=0 layer=30 checkpoint=CP5 object=final_layer_hidden_state result=EXACT element_count=16384 mismatch_count=0
CHECKPOINT row=0 layer=31 checkpoint=CP1 object=normalized_attention_input result=EXACT element_count=4096 mismatch_count=0
CHECKPOINT row=0 layer=31 checkpoint=CP2-Q object=q_projection result=EXACT element_count=1024 mismatch_count=0
CHECKPOINT row=0 layer=31 checkpoint=CP2-KV-P object=kv_projection result=EXACT element_count=512 mismatch_count=0
CHECKPOINT row=0 layer=31 checkpoint=CP2-KV-R object=raw_kv_row result=EXACT element_count=512 mismatch_count=0
CHECKPOINT row=0 layer=31 checkpoint=CP3-F object=layer_attn_state_kv result=EXACT element_count=65536 mismatch_count=0
CHECKPOINT row=0 layer=31 checkpoint=CP3-F object=layer_attn_state_score result=EXACT element_count=65536 mismatch_count=0
CHECKPOINT row=0 layer=31 checkpoint=CP3-F object=layer_n_comp result=EXACT element_count=1 mismatch_count=0
CHECKPOINT row=0 layer=31 checkpoint=CP3-F object=attn_emitted_row_count result=EXACT element_count=1 mismatch_count=0
CHECKPOINT row=0 layer=31 checkpoint=CP4 object=post_attention_hidden_state result=EXACT element_count=16384 mismatch_count=0
CHECKPOINT row=0 layer=31 checkpoint=CP5 object=final_layer_hidden_state result=EXACT element_count=16384 mismatch_count=0
CHECKPOINT row=0 layer=32 checkpoint=CP1 object=normalized_attention_input result=EXACT element_count=4096 mismatch_count=0
CHECKPOINT row=0 layer=32 checkpoint=CP2-Q object=q_projection result=EXACT element_count=1024 mismatch_count=0
CHECKPOINT row=0 layer=32 checkpoint=CP2-KV-P object=kv_projection result=EXACT element_count=512 mismatch_count=0
CHECKPOINT row=0 layer=32 checkpoint=CP2-KV-R object=raw_kv_row result=EXACT element_count=512 mismatch_count=0
CHECKPOINT row=0 layer=32 checkpoint=CP3-F object=layer_attn_state_kv result=EXACT element_count=8192 mismatch_count=0
CHECKPOINT row=0 layer=32 checkpoint=CP3-F object=layer_attn_state_score result=EXACT element_count=8192 mismatch_count=0
CHECKPOINT row=0 layer=32 checkpoint=CP3-F object=layer_n_comp result=EXACT element_count=1 mismatch_count=0
CHECKPOINT row=0 layer=32 checkpoint=CP3-F object=attn_emitted_row_count result=EXACT element_count=1 mismatch_count=0
CHECKPOINT row=0 layer=32 checkpoint=CP3-F object=layer_index_state_kv result=EXACT element_count=2048 mismatch_count=0
CHECKPOINT row=0 layer=32 checkpoint=CP3-F object=layer_index_state_score result=EXACT element_count=2048 mismatch_count=0
CHECKPOINT row=0 layer=32 checkpoint=CP3-F object=layer_n_index_comp result=EXACT element_count=1 mismatch_count=0
CHECKPOINT row=0 layer=32 checkpoint=CP3-F object=index_emitted_row_count result=EXACT element_count=1 mismatch_count=0
CHECKPOINT row=0 layer=32 checkpoint=CP4 object=post_attention_hidden_state result=EXACT element_count=16384 mismatch_count=0
CHECKPOINT row=0 layer=32 checkpoint=CP5 object=final_layer_hidden_state result=EXACT element_count=16384 mismatch_count=0
CHECKPOINT row=0 layer=33 checkpoint=CP1 object=normalized_attention_input result=EXACT element_count=4096 mismatch_count=0
CHECKPOINT row=0 layer=33 checkpoint=CP2-Q object=q_projection result=EXACT element_count=1024 mismatch_count=0
CHECKPOINT row=0 layer=33 checkpoint=CP2-KV-P object=kv_projection result=EXACT element_count=512 mismatch_count=0
CHECKPOINT row=0 layer=33 checkpoint=CP2-KV-R object=raw_kv_row result=EXACT element_count=512 mismatch_count=0
CHECKPOINT row=0 layer=33 checkpoint=CP3-F object=layer_attn_state_kv result=EXACT element_count=65536 mismatch_count=0
CHECKPOINT row=0 layer=33 checkpoint=CP3-F object=layer_attn_state_score result=EXACT element_count=65536 mismatch_count=0
CHECKPOINT row=0 layer=33 checkpoint=CP3-F object=layer_n_comp result=EXACT element_count=1 mismatch_count=0
CHECKPOINT row=0 layer=33 checkpoint=CP3-F object=attn_emitted_row_count result=EXACT element_count=1 mismatch_count=0
CHECKPOINT row=0 layer=33 checkpoint=CP4 object=post_attention_hidden_state result=EXACT element_count=16384 mismatch_count=0
CHECKPOINT row=0 layer=33 checkpoint=CP5 object=final_layer_hidden_state result=EXACT element_count=16384 mismatch_count=0
CHECKPOINT row=0 layer=34 checkpoint=CP1 object=normalized_attention_input result=EXACT element_count=4096 mismatch_count=0
CHECKPOINT row=0 layer=34 checkpoint=CP2-Q object=q_projection result=EXACT element_count=1024 mismatch_count=0
CHECKPOINT row=0 layer=34 checkpoint=CP2-KV-P object=kv_projection result=EXACT element_count=512 mismatch_count=0
CHECKPOINT row=0 layer=34 checkpoint=CP2-KV-R object=raw_kv_row result=EXACT element_count=512 mismatch_count=0
CHECKPOINT row=0 layer=34 checkpoint=CP3-F object=layer_attn_state_kv result=EXACT element_count=8192 mismatch_count=0
CHECKPOINT row=0 layer=34 checkpoint=CP3-F object=layer_attn_state_score result=EXACT element_count=8192 mismatch_count=0
CHECKPOINT row=0 layer=34 checkpoint=CP3-F object=layer_n_comp result=EXACT element_count=1 mismatch_count=0
CHECKPOINT row=0 layer=34 checkpoint=CP3-F object=attn_emitted_row_count result=EXACT element_count=1 mismatch_count=0
CHECKPOINT row=0 layer=34 checkpoint=CP3-F object=layer_index_state_kv result=EXACT element_count=2048 mismatch_count=0
CHECKPOINT row=0 layer=34 checkpoint=CP3-F object=layer_index_state_score result=EXACT element_count=2048 mismatch_count=0
CHECKPOINT row=0 layer=34 checkpoint=CP3-F object=layer_n_index_comp result=EXACT element_count=1 mismatch_count=0
CHECKPOINT row=0 layer=34 checkpoint=CP3-F object=index_emitted_row_count result=EXACT element_count=1 mismatch_count=0
CHECKPOINT row=0 layer=34 checkpoint=CP4 object=post_attention_hidden_state result=EXACT element_count=16384 mismatch_count=0
CHECKPOINT row=0 layer=34 checkpoint=CP5 object=final_layer_hidden_state result=EXACT element_count=16384 mismatch_count=0
CHECKPOINT row=0 layer=35 checkpoint=CP1 object=normalized_attention_input result=EXACT element_count=4096 mismatch_count=0
CHECKPOINT row=0 layer=35 checkpoint=CP2-Q object=q_projection result=EXACT element_count=1024 mismatch_count=0
CHECKPOINT row=0 layer=35 checkpoint=CP2-KV-P object=kv_projection result=EXACT element_count=512 mismatch_count=0
CHECKPOINT row=0 layer=35 checkpoint=CP2-KV-R object=raw_kv_row result=EXACT element_count=512 mismatch_count=0
CHECKPOINT row=0 layer=35 checkpoint=CP3-F object=layer_attn_state_kv result=EXACT element_count=65536 mismatch_count=0
CHECKPOINT row=0 layer=35 checkpoint=CP3-F object=layer_attn_state_score result=EXACT element_count=65536 mismatch_count=0
CHECKPOINT row=0 layer=35 checkpoint=CP3-F object=layer_n_comp result=EXACT element_count=1 mismatch_count=0
CHECKPOINT row=0 layer=35 checkpoint=CP3-F object=attn_emitted_row_count result=EXACT element_count=1 mismatch_count=0
CHECKPOINT row=0 layer=35 checkpoint=CP4 object=post_attention_hidden_state result=EXACT element_count=16384 mismatch_count=0
CHECKPOINT row=0 layer=35 checkpoint=CP5 object=final_layer_hidden_state result=EXACT element_count=16384 mismatch_count=0
CHECKPOINT row=0 layer=36 checkpoint=CP1 object=normalized_attention_input result=EXACT element_count=4096 mismatch_count=0
CHECKPOINT row=0 layer=36 checkpoint=CP2-Q object=q_projection result=EXACT element_count=1024 mismatch_count=0
CHECKPOINT row=0 layer=36 checkpoint=CP2-KV-P object=kv_projection result=EXACT element_count=512 mismatch_count=0
CHECKPOINT row=0 layer=36 checkpoint=CP2-KV-R object=raw_kv_row result=EXACT element_count=512 mismatch_count=0
CHECKPOINT row=0 layer=36 checkpoint=CP3-F object=layer_attn_state_kv result=EXACT element_count=8192 mismatch_count=0
CHECKPOINT row=0 layer=36 checkpoint=CP3-F object=layer_attn_state_score result=EXACT element_count=8192 mismatch_count=0
CHECKPOINT row=0 layer=36 checkpoint=CP3-F object=layer_n_comp result=EXACT element_count=1 mismatch_count=0
CHECKPOINT row=0 layer=36 checkpoint=CP3-F object=attn_emitted_row_count result=EXACT element_count=1 mismatch_count=0
CHECKPOINT row=0 layer=36 checkpoint=CP3-F object=layer_index_state_kv result=EXACT element_count=2048 mismatch_count=0
CHECKPOINT row=0 layer=36 checkpoint=CP3-F object=layer_index_state_score result=EXACT element_count=2048 mismatch_count=0
CHECKPOINT row=0 layer=36 checkpoint=CP3-F object=layer_n_index_comp result=EXACT element_count=1 mismatch_count=0
CHECKPOINT row=0 layer=36 checkpoint=CP3-F object=index_emitted_row_count result=EXACT element_count=1 mismatch_count=0
CHECKPOINT row=0 layer=36 checkpoint=CP4 object=post_attention_hidden_state result=EXACT element_count=16384 mismatch_count=0
CHECKPOINT row=0 layer=36 checkpoint=CP5 object=final_layer_hidden_state result=EXACT element_count=16384 mismatch_count=0
CHECKPOINT row=0 layer=37 checkpoint=CP1 object=normalized_attention_input result=EXACT element_count=4096 mismatch_count=0
CHECKPOINT row=0 layer=37 checkpoint=CP2-Q object=q_projection result=EXACT element_count=1024 mismatch_count=0
CHECKPOINT row=0 layer=37 checkpoint=CP2-KV-P object=kv_projection result=EXACT element_count=512 mismatch_count=0
CHECKPOINT row=0 layer=37 checkpoint=CP2-KV-R object=raw_kv_row result=EXACT element_count=512 mismatch_count=0
CHECKPOINT row=0 layer=37 checkpoint=CP3-F object=layer_attn_state_kv result=EXACT element_count=65536 mismatch_count=0
CHECKPOINT row=0 layer=37 checkpoint=CP3-F object=layer_attn_state_score result=EXACT element_count=65536 mismatch_count=0
CHECKPOINT row=0 layer=37 checkpoint=CP3-F object=layer_n_comp result=EXACT element_count=1 mismatch_count=0
CHECKPOINT row=0 layer=37 checkpoint=CP3-F object=attn_emitted_row_count result=EXACT element_count=1 mismatch_count=0
CHECKPOINT row=0 layer=37 checkpoint=CP4 object=post_attention_hidden_state result=EXACT element_count=16384 mismatch_count=0
CHECKPOINT row=0 layer=37 checkpoint=CP5 object=final_layer_hidden_state result=EXACT element_count=16384 mismatch_count=0
CHECKPOINT row=0 layer=38 checkpoint=CP1 object=normalized_attention_input result=EXACT element_count=4096 mismatch_count=0
CHECKPOINT row=0 layer=38 checkpoint=CP2-Q object=q_projection result=EXACT element_count=1024 mismatch_count=0
CHECKPOINT row=0 layer=38 checkpoint=CP2-KV-P object=kv_projection result=EXACT element_count=512 mismatch_count=0
CHECKPOINT row=0 layer=38 checkpoint=CP2-KV-R object=raw_kv_row result=EXACT element_count=512 mismatch_count=0
CHECKPOINT row=0 layer=38 checkpoint=CP3-F object=layer_attn_state_kv result=EXACT element_count=8192 mismatch_count=0
CHECKPOINT row=0 layer=38 checkpoint=CP3-F object=layer_attn_state_score result=EXACT element_count=8192 mismatch_count=0
CHECKPOINT row=0 layer=38 checkpoint=CP3-F object=layer_n_comp result=EXACT element_count=1 mismatch_count=0
CHECKPOINT row=0 layer=38 checkpoint=CP3-F object=attn_emitted_row_count result=EXACT element_count=1 mismatch_count=0
CHECKPOINT row=0 layer=38 checkpoint=CP3-F object=layer_index_state_kv result=EXACT element_count=2048 mismatch_count=0
CHECKPOINT row=0 layer=38 checkpoint=CP3-F object=layer_index_state_score result=EXACT element_count=2048 mismatch_count=0
CHECKPOINT row=0 layer=38 checkpoint=CP3-F object=layer_n_index_comp result=EXACT element_count=1 mismatch_count=0
CHECKPOINT row=0 layer=38 checkpoint=CP3-F object=index_emitted_row_count result=EXACT element_count=1 mismatch_count=0
CHECKPOINT row=0 layer=38 checkpoint=CP4 object=post_attention_hidden_state result=EXACT element_count=16384 mismatch_count=0
CHECKPOINT row=0 layer=38 checkpoint=CP5 object=final_layer_hidden_state result=EXACT element_count=16384 mismatch_count=0
CHECKPOINT row=0 layer=39 checkpoint=CP1 object=normalized_attention_input result=EXACT element_count=4096 mismatch_count=0
CHECKPOINT row=0 layer=39 checkpoint=CP2-Q object=q_projection result=EXACT element_count=1024 mismatch_count=0
CHECKPOINT row=0 layer=39 checkpoint=CP2-KV-P object=kv_projection result=EXACT element_count=512 mismatch_count=0
CHECKPOINT row=0 layer=39 checkpoint=CP2-KV-R object=raw_kv_row result=EXACT element_count=512 mismatch_count=0
CHECKPOINT row=0 layer=39 checkpoint=CP3-F object=layer_attn_state_kv result=EXACT element_count=65536 mismatch_count=0
CHECKPOINT row=0 layer=39 checkpoint=CP3-F object=layer_attn_state_score result=EXACT element_count=65536 mismatch_count=0
CHECKPOINT row=0 layer=39 checkpoint=CP3-F object=layer_n_comp result=EXACT element_count=1 mismatch_count=0
CHECKPOINT row=0 layer=39 checkpoint=CP3-F object=attn_emitted_row_count result=EXACT element_count=1 mismatch_count=0
CHECKPOINT row=0 layer=39 checkpoint=CP4 object=post_attention_hidden_state result=EXACT element_count=16384 mismatch_count=0
CHECKPOINT row=0 layer=39 checkpoint=CP5 object=final_layer_hidden_state result=EXACT element_count=16384 mismatch_count=0
CHECKPOINT row=0 layer=40 checkpoint=CP1 object=normalized_attention_input result=EXACT element_count=4096 mismatch_count=0
CHECKPOINT row=0 layer=40 checkpoint=CP2-Q object=q_projection result=EXACT element_count=1024 mismatch_count=0
CHECKPOINT row=0 layer=40 checkpoint=CP2-KV-P object=kv_projection result=EXACT element_count=512 mismatch_count=0
CHECKPOINT row=0 layer=40 checkpoint=CP2-KV-R object=raw_kv_row result=EXACT element_count=512 mismatch_count=0
CHECKPOINT row=0 layer=40 checkpoint=CP3-F object=layer_attn_state_kv result=EXACT element_count=8192 mismatch_count=0
CHECKPOINT row=0 layer=40 checkpoint=CP3-F object=layer_attn_state_score result=EXACT element_count=8192 mismatch_count=0
CHECKPOINT row=0 layer=40 checkpoint=CP3-F object=layer_n_comp result=EXACT element_count=1 mismatch_count=0
CHECKPOINT row=0 layer=40 checkpoint=CP3-F object=attn_emitted_row_count result=EXACT element_count=1 mismatch_count=0
CHECKPOINT row=0 layer=40 checkpoint=CP3-F object=layer_index_state_kv result=EXACT element_count=2048 mismatch_count=0
CHECKPOINT row=0 layer=40 checkpoint=CP3-F object=layer_index_state_score result=EXACT element_count=2048 mismatch_count=0
CHECKPOINT row=0 layer=40 checkpoint=CP3-F object=layer_n_index_comp result=EXACT element_count=1 mismatch_count=0
CHECKPOINT row=0 layer=40 checkpoint=CP3-F object=index_emitted_row_count result=EXACT element_count=1 mismatch_count=0
CHECKPOINT row=0 layer=40 checkpoint=CP4 object=post_attention_hidden_state result=EXACT element_count=16384 mismatch_count=0
CHECKPOINT row=0 layer=40 checkpoint=CP5 object=final_layer_hidden_state result=EXACT element_count=16384 mismatch_count=0
CHECKPOINT row=0 layer=41 checkpoint=CP1 object=normalized_attention_input result=EXACT element_count=4096 mismatch_count=0
CHECKPOINT row=0 layer=41 checkpoint=CP2-Q object=q_projection result=EXACT element_count=1024 mismatch_count=0
CHECKPOINT row=0 layer=41 checkpoint=CP2-KV-P object=kv_projection result=EXACT element_count=512 mismatch_count=0
CHECKPOINT row=0 layer=41 checkpoint=CP2-KV-R object=raw_kv_row result=EXACT element_count=512 mismatch_count=0
CHECKPOINT row=0 layer=41 checkpoint=CP3-F object=layer_attn_state_kv result=EXACT element_count=65536 mismatch_count=0
CHECKPOINT row=0 layer=41 checkpoint=CP3-F object=layer_attn_state_score result=EXACT element_count=65536 mismatch_count=0
CHECKPOINT row=0 layer=41 checkpoint=CP3-F object=layer_n_comp result=EXACT element_count=1 mismatch_count=0
CHECKPOINT row=0 layer=41 checkpoint=CP3-F object=attn_emitted_row_count result=EXACT element_count=1 mismatch_count=0
CHECKPOINT row=0 layer=41 checkpoint=CP4 object=post_attention_hidden_state result=EXACT element_count=16384 mismatch_count=0
CHECKPOINT row=0 layer=41 checkpoint=CP5 object=final_layer_hidden_state result=EXACT element_count=16384 mismatch_count=0
CHECKPOINT row=0 layer=42 checkpoint=CP1 object=normalized_attention_input result=EXACT element_count=4096 mismatch_count=0
CHECKPOINT row=0 layer=42 checkpoint=CP2-Q object=q_projection result=EXACT element_count=1024 mismatch_count=0
CHECKPOINT row=0 layer=42 checkpoint=CP2-KV-P object=kv_projection result=EXACT element_count=512 mismatch_count=0
CHECKPOINT row=0 layer=42 checkpoint=CP2-KV-R object=raw_kv_row result=EXACT element_count=512 mismatch_count=0
CHECKPOINT row=0 layer=42 checkpoint=CP3-F object=layer_attn_state_kv result=EXACT element_count=8192 mismatch_count=0
CHECKPOINT row=0 layer=42 checkpoint=CP3-F object=layer_attn_state_score result=EXACT element_count=8192 mismatch_count=0
CHECKPOINT row=0 layer=42 checkpoint=CP3-F object=layer_n_comp result=EXACT element_count=1 mismatch_count=0
CHECKPOINT row=0 layer=42 checkpoint=CP3-F object=attn_emitted_row_count result=EXACT element_count=1 mismatch_count=0
CHECKPOINT row=0 layer=42 checkpoint=CP3-F object=layer_index_state_kv result=EXACT element_count=2048 mismatch_count=0
CHECKPOINT row=0 layer=42 checkpoint=CP3-F object=layer_index_state_score result=EXACT element_count=2048 mismatch_count=0
CHECKPOINT row=0 layer=42 checkpoint=CP3-F object=layer_n_index_comp result=EXACT element_count=1 mismatch_count=0
CHECKPOINT row=0 layer=42 checkpoint=CP3-F object=index_emitted_row_count result=EXACT element_count=1 mismatch_count=0
CHECKPOINT row=0 layer=42 checkpoint=CP4 object=post_attention_hidden_state result=EXACT element_count=16384 mismatch_count=0
CHECKPOINT row=0 layer=42 checkpoint=CP5 object=final_layer_hidden_state result=EXACT element_count=16384 mismatch_count=0
CHECKPOINT row=1 layer=0 checkpoint=CP1 object=normalized_attention_input result=EXACT element_count=4096 mismatch_count=0
CHECKPOINT row=1 layer=0 checkpoint=CP2-Q object=q_projection result=EXACT element_count=1024 mismatch_count=0
CHECKPOINT row=1 layer=0 checkpoint=CP2-KV-P object=kv_projection result=EXACT element_count=512 mismatch_count=0
CHECKPOINT row=1 layer=0 checkpoint=CP2-KV-R object=raw_kv_row result=EXACT element_count=512 mismatch_count=0
CHECKPOINT row=1 layer=0 checkpoint=CP3-F object=compressor result=N/A element_count=0
CHECKPOINT row=1 layer=0 checkpoint=CP4 object=post_attention_hidden_state result=EXACT element_count=16384 mismatch_count=0
CHECKPOINT row=1 layer=0 checkpoint=CP5 object=final_layer_hidden_state result=EXACT element_count=16384 mismatch_count=0
CHECKPOINT row=1 layer=1 checkpoint=CP1 object=normalized_attention_input result=EXACT element_count=4096 mismatch_count=0
CHECKPOINT row=1 layer=1 checkpoint=CP2-Q object=q_projection result=EXACT element_count=1024 mismatch_count=0
CHECKPOINT row=1 layer=1 checkpoint=CP2-KV-P object=kv_projection result=EXACT element_count=512 mismatch_count=0
CHECKPOINT row=1 layer=1 checkpoint=CP2-KV-R object=raw_kv_row result=EXACT element_count=512 mismatch_count=0
CHECKPOINT row=1 layer=1 checkpoint=CP3-F object=compressor result=N/A element_count=0
CHECKPOINT row=1 layer=1 checkpoint=CP4 object=post_attention_hidden_state result=EXACT element_count=16384 mismatch_count=0
CHECKPOINT row=1 layer=1 checkpoint=CP5 object=final_layer_hidden_state result=EXACT element_count=16384 mismatch_count=0
CHECKPOINT row=1 layer=2 checkpoint=CP1 object=normalized_attention_input result=EXACT element_count=4096 mismatch_count=0
CHECKPOINT row=1 layer=2 checkpoint=CP2-Q object=q_projection result=EXACT element_count=1024 mismatch_count=0
CHECKPOINT row=1 layer=2 checkpoint=CP2-KV-P object=kv_projection result=EXACT element_count=512 mismatch_count=0
CHECKPOINT row=1 layer=2 checkpoint=CP2-KV-R object=raw_kv_row result=EXACT element_count=512 mismatch_count=0
CHECKPOINT row=1 layer=2 checkpoint=CP3-F object=layer_attn_state_kv result=EXACT element_count=8192 mismatch_count=0
CHECKPOINT row=1 layer=2 checkpoint=CP3-F object=layer_attn_state_score result=EXACT element_count=8192 mismatch_count=0
CHECKPOINT row=1 layer=2 checkpoint=CP3-F object=layer_n_comp result=EXACT element_count=1 mismatch_count=0
CHECKPOINT row=1 layer=2 checkpoint=CP3-F object=attn_emitted_row_count result=EXACT element_count=1 mismatch_count=0
CHECKPOINT row=1 layer=2 checkpoint=CP3-F object=layer_index_state_kv result=EXACT element_count=2048 mismatch_count=0
CHECKPOINT row=1 layer=2 checkpoint=CP3-F object=layer_index_state_score result=EXACT element_count=2048 mismatch_count=0
CHECKPOINT row=1 layer=2 checkpoint=CP3-F object=layer_n_index_comp result=EXACT element_count=1 mismatch_count=0
CHECKPOINT row=1 layer=2 checkpoint=CP3-F object=index_emitted_row_count result=EXACT element_count=1 mismatch_count=0
CHECKPOINT row=1 layer=2 checkpoint=CP4 object=post_attention_hidden_state result=EXACT element_count=16384 mismatch_count=0
CHECKPOINT row=1 layer=2 checkpoint=CP5 object=final_layer_hidden_state result=EXACT element_count=16384 mismatch_count=0
CHECKPOINT row=1 layer=3 checkpoint=CP1 object=normalized_attention_input result=EXACT element_count=4096 mismatch_count=0
CHECKPOINT row=1 layer=3 checkpoint=CP2-Q object=q_projection result=EXACT element_count=1024 mismatch_count=0
CHECKPOINT row=1 layer=3 checkpoint=CP2-KV-P object=kv_projection result=EXACT element_count=512 mismatch_count=0
CHECKPOINT row=1 layer=3 checkpoint=CP2-KV-R object=raw_kv_row result=EXACT element_count=512 mismatch_count=0
CHECKPOINT row=1 layer=3 checkpoint=CP3-F object=layer_attn_state_kv result=EXACT element_count=65536 mismatch_count=0
CHECKPOINT row=1 layer=3 checkpoint=CP3-F object=layer_attn_state_score result=EXACT element_count=65536 mismatch_count=0
CHECKPOINT row=1 layer=3 checkpoint=CP3-F object=layer_n_comp result=EXACT element_count=1 mismatch_count=0
CHECKPOINT row=1 layer=3 checkpoint=CP3-F object=attn_emitted_row_count result=EXACT element_count=1 mismatch_count=0
CHECKPOINT row=1 layer=3 checkpoint=CP4 object=post_attention_hidden_state result=EXACT element_count=16384 mismatch_count=0
CHECKPOINT row=1 layer=3 checkpoint=CP5 object=final_layer_hidden_state result=EXACT element_count=16384 mismatch_count=0
CHECKPOINT row=1 layer=4 checkpoint=CP1 object=normalized_attention_input result=EXACT element_count=4096 mismatch_count=0
CHECKPOINT row=1 layer=4 checkpoint=CP2-Q object=q_projection result=EXACT element_count=1024 mismatch_count=0
CHECKPOINT row=1 layer=4 checkpoint=CP2-KV-P object=kv_projection result=EXACT element_count=512 mismatch_count=0
CHECKPOINT row=1 layer=4 checkpoint=CP2-KV-R object=raw_kv_row result=EXACT element_count=512 mismatch_count=0
CHECKPOINT row=1 layer=4 checkpoint=CP3-F object=layer_attn_state_kv result=EXACT element_count=8192 mismatch_count=0
CHECKPOINT row=1 layer=4 checkpoint=CP3-F object=layer_attn_state_score result=EXACT element_count=8192 mismatch_count=0
CHECKPOINT row=1 layer=4 checkpoint=CP3-F object=layer_n_comp result=EXACT element_count=1 mismatch_count=0
CHECKPOINT row=1 layer=4 checkpoint=CP3-F object=attn_emitted_row_count result=EXACT element_count=1 mismatch_count=0
CHECKPOINT row=1 layer=4 checkpoint=CP3-F object=layer_index_state_kv result=EXACT element_count=2048 mismatch_count=0
CHECKPOINT row=1 layer=4 checkpoint=CP3-F object=layer_index_state_score result=EXACT element_count=2048 mismatch_count=0
CHECKPOINT row=1 layer=4 checkpoint=CP3-F object=layer_n_index_comp result=EXACT element_count=1 mismatch_count=0
CHECKPOINT row=1 layer=4 checkpoint=CP3-F object=index_emitted_row_count result=EXACT element_count=1 mismatch_count=0
CHECKPOINT row=1 layer=4 checkpoint=CP4 object=post_attention_hidden_state result=EXACT element_count=16384 mismatch_count=0
CHECKPOINT row=1 layer=4 checkpoint=CP5 object=final_layer_hidden_state result=EXACT element_count=16384 mismatch_count=0
CHECKPOINT row=1 layer=5 checkpoint=CP1 object=normalized_attention_input result=EXACT element_count=4096 mismatch_count=0
CHECKPOINT row=1 layer=5 checkpoint=CP2-Q object=q_projection result=EXACT element_count=1024 mismatch_count=0
CHECKPOINT row=1 layer=5 checkpoint=CP2-KV-P object=kv_projection result=EXACT element_count=512 mismatch_count=0
CHECKPOINT row=1 layer=5 checkpoint=CP2-KV-R object=raw_kv_row result=EXACT element_count=512 mismatch_count=0
CHECKPOINT row=1 layer=5 checkpoint=CP3-F object=layer_attn_state_kv result=EXACT element_count=65536 mismatch_count=0
CHECKPOINT row=1 layer=5 checkpoint=CP3-F object=layer_attn_state_score result=EXACT element_count=65536 mismatch_count=0
CHECKPOINT row=1 layer=5 checkpoint=CP3-F object=layer_n_comp result=EXACT element_count=1 mismatch_count=0
CHECKPOINT row=1 layer=5 checkpoint=CP3-F object=attn_emitted_row_count result=EXACT element_count=1 mismatch_count=0
CHECKPOINT row=1 layer=5 checkpoint=CP4 object=post_attention_hidden_state result=EXACT element_count=16384 mismatch_count=0
CHECKPOINT row=1 layer=5 checkpoint=CP5 object=final_layer_hidden_state result=EXACT element_count=16384 mismatch_count=0
CHECKPOINT row=1 layer=6 checkpoint=CP1 object=normalized_attention_input result=EXACT element_count=4096 mismatch_count=0
CHECKPOINT row=1 layer=6 checkpoint=CP2-Q object=q_projection result=EXACT element_count=1024 mismatch_count=0
CHECKPOINT row=1 layer=6 checkpoint=CP2-KV-P object=kv_projection result=EXACT element_count=512 mismatch_count=0
CHECKPOINT row=1 layer=6 checkpoint=CP2-KV-R object=raw_kv_row result=EXACT element_count=512 mismatch_count=0
CHECKPOINT row=1 layer=6 checkpoint=CP3-F object=layer_attn_state_kv result=EXACT element_count=8192 mismatch_count=0
CHECKPOINT row=1 layer=6 checkpoint=CP3-F object=layer_attn_state_score result=EXACT element_count=8192 mismatch_count=0
CHECKPOINT row=1 layer=6 checkpoint=CP3-F object=layer_n_comp result=EXACT element_count=1 mismatch_count=0
CHECKPOINT row=1 layer=6 checkpoint=CP3-F object=attn_emitted_row_count result=EXACT element_count=1 mismatch_count=0
CHECKPOINT row=1 layer=6 checkpoint=CP3-F object=layer_index_state_kv result=EXACT element_count=2048 mismatch_count=0
CHECKPOINT row=1 layer=6 checkpoint=CP3-F object=layer_index_state_score result=EXACT element_count=2048 mismatch_count=0
CHECKPOINT row=1 layer=6 checkpoint=CP3-F object=layer_n_index_comp result=EXACT element_count=1 mismatch_count=0
CHECKPOINT row=1 layer=6 checkpoint=CP3-F object=index_emitted_row_count result=EXACT element_count=1 mismatch_count=0
CHECKPOINT row=1 layer=6 checkpoint=CP4 object=post_attention_hidden_state result=EXACT element_count=16384 mismatch_count=0
CHECKPOINT row=1 layer=6 checkpoint=CP5 object=final_layer_hidden_state result=EXACT element_count=16384 mismatch_count=0
CHECKPOINT row=1 layer=7 checkpoint=CP1 object=normalized_attention_input result=EXACT element_count=4096 mismatch_count=0
CHECKPOINT row=1 layer=7 checkpoint=CP2-Q object=q_projection result=EXACT element_count=1024 mismatch_count=0
CHECKPOINT row=1 layer=7 checkpoint=CP2-KV-P object=kv_projection result=EXACT element_count=512 mismatch_count=0
CHECKPOINT row=1 layer=7 checkpoint=CP2-KV-R object=raw_kv_row result=EXACT element_count=512 mismatch_count=0
CHECKPOINT row=1 layer=7 checkpoint=CP3-F object=layer_attn_state_kv result=EXACT element_count=65536 mismatch_count=0
CHECKPOINT row=1 layer=7 checkpoint=CP3-F object=layer_attn_state_score result=EXACT element_count=65536 mismatch_count=0
CHECKPOINT row=1 layer=7 checkpoint=CP3-F object=layer_n_comp result=EXACT element_count=1 mismatch_count=0
CHECKPOINT row=1 layer=7 checkpoint=CP3-F object=attn_emitted_row_count result=EXACT element_count=1 mismatch_count=0
CHECKPOINT row=1 layer=7 checkpoint=CP4 object=post_attention_hidden_state result=EXACT element_count=16384 mismatch_count=0
CHECKPOINT row=1 layer=7 checkpoint=CP5 object=final_layer_hidden_state result=EXACT element_count=16384 mismatch_count=0
CHECKPOINT row=1 layer=8 checkpoint=CP1 object=normalized_attention_input result=EXACT element_count=4096 mismatch_count=0
CHECKPOINT row=1 layer=8 checkpoint=CP2-Q object=q_projection result=EXACT element_count=1024 mismatch_count=0
CHECKPOINT row=1 layer=8 checkpoint=CP2-KV-P object=kv_projection result=EXACT element_count=512 mismatch_count=0
CHECKPOINT row=1 layer=8 checkpoint=CP2-KV-R object=raw_kv_row result=EXACT element_count=512 mismatch_count=0
CHECKPOINT row=1 layer=8 checkpoint=CP3-F object=layer_attn_state_kv result=EXACT element_count=8192 mismatch_count=0
CHECKPOINT row=1 layer=8 checkpoint=CP3-F object=layer_attn_state_score result=EXACT element_count=8192 mismatch_count=0
CHECKPOINT row=1 layer=8 checkpoint=CP3-F object=layer_n_comp result=EXACT element_count=1 mismatch_count=0
CHECKPOINT row=1 layer=8 checkpoint=CP3-F object=attn_emitted_row_count result=EXACT element_count=1 mismatch_count=0
CHECKPOINT row=1 layer=8 checkpoint=CP3-F object=layer_index_state_kv result=EXACT element_count=2048 mismatch_count=0
CHECKPOINT row=1 layer=8 checkpoint=CP3-F object=layer_index_state_score result=EXACT element_count=2048 mismatch_count=0
CHECKPOINT row=1 layer=8 checkpoint=CP3-F object=layer_n_index_comp result=EXACT element_count=1 mismatch_count=0
CHECKPOINT row=1 layer=8 checkpoint=CP3-F object=index_emitted_row_count result=EXACT element_count=1 mismatch_count=0
CHECKPOINT row=1 layer=8 checkpoint=CP4 object=post_attention_hidden_state result=EXACT element_count=16384 mismatch_count=0
CHECKPOINT row=1 layer=8 checkpoint=CP5 object=final_layer_hidden_state result=EXACT element_count=16384 mismatch_count=0
CHECKPOINT row=1 layer=9 checkpoint=CP1 object=normalized_attention_input result=EXACT element_count=4096 mismatch_count=0
CHECKPOINT row=1 layer=9 checkpoint=CP2-Q object=q_projection result=EXACT element_count=1024 mismatch_count=0
CHECKPOINT row=1 layer=9 checkpoint=CP2-KV-P object=kv_projection result=EXACT element_count=512 mismatch_count=0
CHECKPOINT row=1 layer=9 checkpoint=CP2-KV-R object=raw_kv_row result=EXACT element_count=512 mismatch_count=0
CHECKPOINT row=1 layer=9 checkpoint=CP3-F object=layer_attn_state_kv result=EXACT element_count=65536 mismatch_count=0
CHECKPOINT row=1 layer=9 checkpoint=CP3-F object=layer_attn_state_score result=EXACT element_count=65536 mismatch_count=0
CHECKPOINT row=1 layer=9 checkpoint=CP3-F object=layer_n_comp result=EXACT element_count=1 mismatch_count=0
CHECKPOINT row=1 layer=9 checkpoint=CP3-F object=attn_emitted_row_count result=EXACT element_count=1 mismatch_count=0
CHECKPOINT row=1 layer=9 checkpoint=CP4 object=post_attention_hidden_state result=EXACT element_count=16384 mismatch_count=0
CHECKPOINT row=1 layer=9 checkpoint=CP5 object=final_layer_hidden_state result=EXACT element_count=16384 mismatch_count=0
CHECKPOINT row=1 layer=10 checkpoint=CP1 object=normalized_attention_input result=EXACT element_count=4096 mismatch_count=0
CHECKPOINT row=1 layer=10 checkpoint=CP2-Q object=q_projection result=EXACT element_count=1024 mismatch_count=0
CHECKPOINT row=1 layer=10 checkpoint=CP2-KV-P object=kv_projection result=EXACT element_count=512 mismatch_count=0
CHECKPOINT row=1 layer=10 checkpoint=CP2-KV-R object=raw_kv_row result=EXACT element_count=512 mismatch_count=0
CHECKPOINT row=1 layer=10 checkpoint=CP3-F object=layer_attn_state_kv result=EXACT element_count=8192 mismatch_count=0
CHECKPOINT row=1 layer=10 checkpoint=CP3-F object=layer_attn_state_score result=EXACT element_count=8192 mismatch_count=0
CHECKPOINT row=1 layer=10 checkpoint=CP3-F object=layer_n_comp result=EXACT element_count=1 mismatch_count=0
CHECKPOINT row=1 layer=10 checkpoint=CP3-F object=attn_emitted_row_count result=EXACT element_count=1 mismatch_count=0
CHECKPOINT row=1 layer=10 checkpoint=CP3-F object=layer_index_state_kv result=EXACT element_count=2048 mismatch_count=0
CHECKPOINT row=1 layer=10 checkpoint=CP3-F object=layer_index_state_score result=EXACT element_count=2048 mismatch_count=0
CHECKPOINT row=1 layer=10 checkpoint=CP3-F object=layer_n_index_comp result=EXACT element_count=1 mismatch_count=0
CHECKPOINT row=1 layer=10 checkpoint=CP3-F object=index_emitted_row_count result=EXACT element_count=1 mismatch_count=0
CHECKPOINT row=1 layer=10 checkpoint=CP4 object=post_attention_hidden_state result=EXACT element_count=16384 mismatch_count=0
CHECKPOINT row=1 layer=10 checkpoint=CP5 object=final_layer_hidden_state result=EXACT element_count=16384 mismatch_count=0
CHECKPOINT row=1 layer=11 checkpoint=CP1 object=normalized_attention_input result=EXACT element_count=4096 mismatch_count=0
CHECKPOINT row=1 layer=11 checkpoint=CP2-Q object=q_projection result=EXACT element_count=1024 mismatch_count=0
CHECKPOINT row=1 layer=11 checkpoint=CP2-KV-P object=kv_projection result=EXACT element_count=512 mismatch_count=0
CHECKPOINT row=1 layer=11 checkpoint=CP2-KV-R object=raw_kv_row result=EXACT element_count=512 mismatch_count=0
CHECKPOINT row=1 layer=11 checkpoint=CP3-F object=layer_attn_state_kv result=EXACT element_count=65536 mismatch_count=0
CHECKPOINT row=1 layer=11 checkpoint=CP3-F object=layer_attn_state_score result=EXACT element_count=65536 mismatch_count=0
CHECKPOINT row=1 layer=11 checkpoint=CP3-F object=layer_n_comp result=EXACT element_count=1 mismatch_count=0
CHECKPOINT row=1 layer=11 checkpoint=CP3-F object=attn_emitted_row_count result=EXACT element_count=1 mismatch_count=0
CHECKPOINT row=1 layer=11 checkpoint=CP4 object=post_attention_hidden_state result=EXACT element_count=16384 mismatch_count=0
CHECKPOINT row=1 layer=11 checkpoint=CP5 object=final_layer_hidden_state result=EXACT element_count=16384 mismatch_count=0
CHECKPOINT row=1 layer=12 checkpoint=CP1 object=normalized_attention_input result=EXACT element_count=4096 mismatch_count=0
CHECKPOINT row=1 layer=12 checkpoint=CP2-Q object=q_projection result=EXACT element_count=1024 mismatch_count=0
CHECKPOINT row=1 layer=12 checkpoint=CP2-KV-P object=kv_projection result=EXACT element_count=512 mismatch_count=0
CHECKPOINT row=1 layer=12 checkpoint=CP2-KV-R object=raw_kv_row result=EXACT element_count=512 mismatch_count=0
CHECKPOINT row=1 layer=12 checkpoint=CP3-F object=layer_attn_state_kv result=EXACT element_count=8192 mismatch_count=0
CHECKPOINT row=1 layer=12 checkpoint=CP3-F object=layer_attn_state_score result=EXACT element_count=8192 mismatch_count=0
CHECKPOINT row=1 layer=12 checkpoint=CP3-F object=layer_n_comp result=EXACT element_count=1 mismatch_count=0
CHECKPOINT row=1 layer=12 checkpoint=CP3-F object=attn_emitted_row_count result=EXACT element_count=1 mismatch_count=0
CHECKPOINT row=1 layer=12 checkpoint=CP3-F object=layer_index_state_kv result=EXACT element_count=2048 mismatch_count=0
CHECKPOINT row=1 layer=12 checkpoint=CP3-F object=layer_index_state_score result=EXACT element_count=2048 mismatch_count=0
CHECKPOINT row=1 layer=12 checkpoint=CP3-F object=layer_n_index_comp result=EXACT element_count=1 mismatch_count=0
CHECKPOINT row=1 layer=12 checkpoint=CP3-F object=index_emitted_row_count result=EXACT element_count=1 mismatch_count=0
CHECKPOINT row=1 layer=12 checkpoint=CP4 object=post_attention_hidden_state result=EXACT element_count=16384 mismatch_count=0
CHECKPOINT row=1 layer=12 checkpoint=CP5 object=final_layer_hidden_state result=EXACT element_count=16384 mismatch_count=0
CHECKPOINT row=1 layer=13 checkpoint=CP1 object=normalized_attention_input result=EXACT element_count=4096 mismatch_count=0
CHECKPOINT row=1 layer=13 checkpoint=CP2-Q object=q_projection result=EXACT element_count=1024 mismatch_count=0
CHECKPOINT row=1 layer=13 checkpoint=CP2-KV-P object=kv_projection result=EXACT element_count=512 mismatch_count=0
CHECKPOINT row=1 layer=13 checkpoint=CP2-KV-R object=raw_kv_row result=EXACT element_count=512 mismatch_count=0
CHECKPOINT row=1 layer=13 checkpoint=CP3-F object=layer_attn_state_kv result=EXACT element_count=65536 mismatch_count=0
CHECKPOINT row=1 layer=13 checkpoint=CP3-F object=layer_attn_state_score result=EXACT element_count=65536 mismatch_count=0
CHECKPOINT row=1 layer=13 checkpoint=CP3-F object=layer_n_comp result=EXACT element_count=1 mismatch_count=0
CHECKPOINT row=1 layer=13 checkpoint=CP3-F object=attn_emitted_row_count result=EXACT element_count=1 mismatch_count=0
CHECKPOINT row=1 layer=13 checkpoint=CP4 object=post_attention_hidden_state result=EXACT element_count=16384 mismatch_count=0
CHECKPOINT row=1 layer=13 checkpoint=CP5 object=final_layer_hidden_state result=EXACT element_count=16384 mismatch_count=0
CHECKPOINT row=1 layer=14 checkpoint=CP1 object=normalized_attention_input result=EXACT element_count=4096 mismatch_count=0
CHECKPOINT row=1 layer=14 checkpoint=CP2-Q object=q_projection result=EXACT element_count=1024 mismatch_count=0
CHECKPOINT row=1 layer=14 checkpoint=CP2-KV-P object=kv_projection result=EXACT element_count=512 mismatch_count=0
CHECKPOINT row=1 layer=14 checkpoint=CP2-KV-R object=raw_kv_row result=EXACT element_count=512 mismatch_count=0
CHECKPOINT row=1 layer=14 checkpoint=CP3-F object=layer_attn_state_kv result=EXACT element_count=8192 mismatch_count=0
CHECKPOINT row=1 layer=14 checkpoint=CP3-F object=layer_attn_state_score result=EXACT element_count=8192 mismatch_count=0
CHECKPOINT row=1 layer=14 checkpoint=CP3-F object=layer_n_comp result=EXACT element_count=1 mismatch_count=0
CHECKPOINT row=1 layer=14 checkpoint=CP3-F object=attn_emitted_row_count result=EXACT element_count=1 mismatch_count=0
CHECKPOINT row=1 layer=14 checkpoint=CP3-F object=layer_index_state_kv result=EXACT element_count=2048 mismatch_count=0
CHECKPOINT row=1 layer=14 checkpoint=CP3-F object=layer_index_state_score result=EXACT element_count=2048 mismatch_count=0
CHECKPOINT row=1 layer=14 checkpoint=CP3-F object=layer_n_index_comp result=EXACT element_count=1 mismatch_count=0
CHECKPOINT row=1 layer=14 checkpoint=CP3-F object=index_emitted_row_count result=EXACT element_count=1 mismatch_count=0
CHECKPOINT row=1 layer=14 checkpoint=CP4 object=post_attention_hidden_state result=EXACT element_count=16384 mismatch_count=0
CHECKPOINT row=1 layer=14 checkpoint=CP5 object=final_layer_hidden_state result=EXACT element_count=16384 mismatch_count=0
CHECKPOINT row=1 layer=15 checkpoint=CP1 object=normalized_attention_input result=EXACT element_count=4096 mismatch_count=0
CHECKPOINT row=1 layer=15 checkpoint=CP2-Q object=q_projection result=EXACT element_count=1024 mismatch_count=0
CHECKPOINT row=1 layer=15 checkpoint=CP2-KV-P object=kv_projection result=EXACT element_count=512 mismatch_count=0
CHECKPOINT row=1 layer=15 checkpoint=CP2-KV-R object=raw_kv_row result=EXACT element_count=512 mismatch_count=0
CHECKPOINT row=1 layer=15 checkpoint=CP3-F object=layer_attn_state_kv result=EXACT element_count=65536 mismatch_count=0
CHECKPOINT row=1 layer=15 checkpoint=CP3-F object=layer_attn_state_score result=EXACT element_count=65536 mismatch_count=0
CHECKPOINT row=1 layer=15 checkpoint=CP3-F object=layer_n_comp result=EXACT element_count=1 mismatch_count=0
CHECKPOINT row=1 layer=15 checkpoint=CP3-F object=attn_emitted_row_count result=EXACT element_count=1 mismatch_count=0
CHECKPOINT row=1 layer=15 checkpoint=CP4 object=post_attention_hidden_state result=EXACT element_count=16384 mismatch_count=0
CHECKPOINT row=1 layer=15 checkpoint=CP5 object=final_layer_hidden_state result=EXACT element_count=16384 mismatch_count=0
CHECKPOINT row=1 layer=16 checkpoint=CP1 object=normalized_attention_input result=EXACT element_count=4096 mismatch_count=0
CHECKPOINT row=1 layer=16 checkpoint=CP2-Q object=q_projection result=EXACT element_count=1024 mismatch_count=0
CHECKPOINT row=1 layer=16 checkpoint=CP2-KV-P object=kv_projection result=EXACT element_count=512 mismatch_count=0
CHECKPOINT row=1 layer=16 checkpoint=CP2-KV-R object=raw_kv_row result=EXACT element_count=512 mismatch_count=0
CHECKPOINT row=1 layer=16 checkpoint=CP3-F object=layer_attn_state_kv result=EXACT element_count=8192 mismatch_count=0
CHECKPOINT row=1 layer=16 checkpoint=CP3-F object=layer_attn_state_score result=EXACT element_count=8192 mismatch_count=0
CHECKPOINT row=1 layer=16 checkpoint=CP3-F object=layer_n_comp result=EXACT element_count=1 mismatch_count=0
CHECKPOINT row=1 layer=16 checkpoint=CP3-F object=attn_emitted_row_count result=EXACT element_count=1 mismatch_count=0
CHECKPOINT row=1 layer=16 checkpoint=CP3-F object=layer_index_state_kv result=EXACT element_count=2048 mismatch_count=0
CHECKPOINT row=1 layer=16 checkpoint=CP3-F object=layer_index_state_score result=EXACT element_count=2048 mismatch_count=0
CHECKPOINT row=1 layer=16 checkpoint=CP3-F object=layer_n_index_comp result=EXACT element_count=1 mismatch_count=0
CHECKPOINT row=1 layer=16 checkpoint=CP3-F object=index_emitted_row_count result=EXACT element_count=1 mismatch_count=0
CHECKPOINT row=1 layer=16 checkpoint=CP4 object=post_attention_hidden_state result=EXACT element_count=16384 mismatch_count=0
CHECKPOINT row=1 layer=16 checkpoint=CP5 object=final_layer_hidden_state result=EXACT element_count=16384 mismatch_count=0
CHECKPOINT row=1 layer=17 checkpoint=CP1 object=normalized_attention_input result=EXACT element_count=4096 mismatch_count=0
CHECKPOINT row=1 layer=17 checkpoint=CP2-Q object=q_projection result=EXACT element_count=1024 mismatch_count=0
CHECKPOINT row=1 layer=17 checkpoint=CP2-KV-P object=kv_projection result=EXACT element_count=512 mismatch_count=0
CHECKPOINT row=1 layer=17 checkpoint=CP2-KV-R object=raw_kv_row result=EXACT element_count=512 mismatch_count=0
CHECKPOINT row=1 layer=17 checkpoint=CP3-F object=layer_attn_state_kv result=EXACT element_count=65536 mismatch_count=0
CHECKPOINT row=1 layer=17 checkpoint=CP3-F object=layer_attn_state_score result=EXACT element_count=65536 mismatch_count=0
CHECKPOINT row=1 layer=17 checkpoint=CP3-F object=layer_n_comp result=EXACT element_count=1 mismatch_count=0
CHECKPOINT row=1 layer=17 checkpoint=CP3-F object=attn_emitted_row_count result=EXACT element_count=1 mismatch_count=0
CHECKPOINT row=1 layer=17 checkpoint=CP4 object=post_attention_hidden_state result=EXACT element_count=16384 mismatch_count=0
CHECKPOINT row=1 layer=17 checkpoint=CP5 object=final_layer_hidden_state result=EXACT element_count=16384 mismatch_count=0
CHECKPOINT row=1 layer=18 checkpoint=CP1 object=normalized_attention_input result=EXACT element_count=4096 mismatch_count=0
CHECKPOINT row=1 layer=18 checkpoint=CP2-Q object=q_projection result=EXACT element_count=1024 mismatch_count=0
CHECKPOINT row=1 layer=18 checkpoint=CP2-KV-P object=kv_projection result=EXACT element_count=512 mismatch_count=0
CHECKPOINT row=1 layer=18 checkpoint=CP2-KV-R object=raw_kv_row result=EXACT element_count=512 mismatch_count=0
CHECKPOINT row=1 layer=18 checkpoint=CP3-F object=layer_attn_state_kv result=EXACT element_count=8192 mismatch_count=0
CHECKPOINT row=1 layer=18 checkpoint=CP3-F object=layer_attn_state_score result=EXACT element_count=8192 mismatch_count=0
CHECKPOINT row=1 layer=18 checkpoint=CP3-F object=layer_n_comp result=EXACT element_count=1 mismatch_count=0
CHECKPOINT row=1 layer=18 checkpoint=CP3-F object=attn_emitted_row_count result=EXACT element_count=1 mismatch_count=0
CHECKPOINT row=1 layer=18 checkpoint=CP3-F object=layer_index_state_kv result=EXACT element_count=2048 mismatch_count=0
CHECKPOINT row=1 layer=18 checkpoint=CP3-F object=layer_index_state_score result=EXACT element_count=2048 mismatch_count=0
CHECKPOINT row=1 layer=18 checkpoint=CP3-F object=layer_n_index_comp result=EXACT element_count=1 mismatch_count=0
CHECKPOINT row=1 layer=18 checkpoint=CP3-F object=index_emitted_row_count result=EXACT element_count=1 mismatch_count=0
CHECKPOINT row=1 layer=18 checkpoint=CP4 object=post_attention_hidden_state result=EXACT element_count=16384 mismatch_count=0
CHECKPOINT row=1 layer=18 checkpoint=CP5 object=final_layer_hidden_state result=EXACT element_count=16384 mismatch_count=0
CHECKPOINT row=1 layer=19 checkpoint=CP1 object=normalized_attention_input result=EXACT element_count=4096 mismatch_count=0
CHECKPOINT row=1 layer=19 checkpoint=CP2-Q object=q_projection result=EXACT element_count=1024 mismatch_count=0
CHECKPOINT row=1 layer=19 checkpoint=CP2-KV-P object=kv_projection result=EXACT element_count=512 mismatch_count=0
CHECKPOINT row=1 layer=19 checkpoint=CP2-KV-R object=raw_kv_row result=EXACT element_count=512 mismatch_count=0
CHECKPOINT row=1 layer=19 checkpoint=CP3-F object=layer_attn_state_kv result=EXACT element_count=65536 mismatch_count=0
CHECKPOINT row=1 layer=19 checkpoint=CP3-F object=layer_attn_state_score result=EXACT element_count=65536 mismatch_count=0
CHECKPOINT row=1 layer=19 checkpoint=CP3-F object=layer_n_comp result=EXACT element_count=1 mismatch_count=0
CHECKPOINT row=1 layer=19 checkpoint=CP3-F object=attn_emitted_row_count result=EXACT element_count=1 mismatch_count=0
CHECKPOINT row=1 layer=19 checkpoint=CP4 object=post_attention_hidden_state result=EXACT element_count=16384 mismatch_count=0
CHECKPOINT row=1 layer=19 checkpoint=CP5 object=final_layer_hidden_state result=EXACT element_count=16384 mismatch_count=0
CHECKPOINT row=1 layer=20 checkpoint=CP1 object=normalized_attention_input result=EXACT element_count=4096 mismatch_count=0
CHECKPOINT row=1 layer=20 checkpoint=CP2-Q object=q_projection result=EXACT element_count=1024 mismatch_count=0
CHECKPOINT row=1 layer=20 checkpoint=CP2-KV-P object=kv_projection result=EXACT element_count=512 mismatch_count=0
CHECKPOINT row=1 layer=20 checkpoint=CP2-KV-R object=raw_kv_row result=EXACT element_count=512 mismatch_count=0
CHECKPOINT row=1 layer=20 checkpoint=CP3-F object=layer_attn_state_kv result=EXACT element_count=8192 mismatch_count=0
CHECKPOINT row=1 layer=20 checkpoint=CP3-F object=layer_attn_state_score result=EXACT element_count=8192 mismatch_count=0
CHECKPOINT row=1 layer=20 checkpoint=CP3-F object=layer_n_comp result=EXACT element_count=1 mismatch_count=0
CHECKPOINT row=1 layer=20 checkpoint=CP3-F object=attn_emitted_row_count result=EXACT element_count=1 mismatch_count=0
CHECKPOINT row=1 layer=20 checkpoint=CP3-F object=layer_index_state_kv result=EXACT element_count=2048 mismatch_count=0
CHECKPOINT row=1 layer=20 checkpoint=CP3-F object=layer_index_state_score result=EXACT element_count=2048 mismatch_count=0
CHECKPOINT row=1 layer=20 checkpoint=CP3-F object=layer_n_index_comp result=EXACT element_count=1 mismatch_count=0
CHECKPOINT row=1 layer=20 checkpoint=CP3-F object=index_emitted_row_count result=EXACT element_count=1 mismatch_count=0
CHECKPOINT row=1 layer=20 checkpoint=CP4 object=post_attention_hidden_state result=EXACT element_count=16384 mismatch_count=0
CHECKPOINT row=1 layer=20 checkpoint=CP5 object=final_layer_hidden_state result=EXACT element_count=16384 mismatch_count=0
CHECKPOINT row=1 layer=21 checkpoint=CP1 object=normalized_attention_input result=EXACT element_count=4096 mismatch_count=0
CHECKPOINT row=1 layer=21 checkpoint=CP2-Q object=q_projection result=EXACT element_count=1024 mismatch_count=0
CHECKPOINT row=1 layer=21 checkpoint=CP2-KV-P object=kv_projection result=EXACT element_count=512 mismatch_count=0
CHECKPOINT row=1 layer=21 checkpoint=CP2-KV-R object=raw_kv_row result=EXACT element_count=512 mismatch_count=0
CHECKPOINT row=1 layer=21 checkpoint=CP3-F object=layer_attn_state_kv result=EXACT element_count=65536 mismatch_count=0
CHECKPOINT row=1 layer=21 checkpoint=CP3-F object=layer_attn_state_score result=EXACT element_count=65536 mismatch_count=0
CHECKPOINT row=1 layer=21 checkpoint=CP3-F object=layer_n_comp result=EXACT element_count=1 mismatch_count=0
CHECKPOINT row=1 layer=21 checkpoint=CP3-F object=attn_emitted_row_count result=EXACT element_count=1 mismatch_count=0
CHECKPOINT row=1 layer=21 checkpoint=CP4 object=post_attention_hidden_state result=EXACT element_count=16384 mismatch_count=0
CHECKPOINT row=1 layer=21 checkpoint=CP5 object=final_layer_hidden_state result=EXACT element_count=16384 mismatch_count=0
CHECKPOINT row=1 layer=22 checkpoint=CP1 object=normalized_attention_input result=EXACT element_count=4096 mismatch_count=0
CHECKPOINT row=1 layer=22 checkpoint=CP2-Q object=q_projection result=EXACT element_count=1024 mismatch_count=0
CHECKPOINT row=1 layer=22 checkpoint=CP2-KV-P object=kv_projection result=EXACT element_count=512 mismatch_count=0
CHECKPOINT row=1 layer=22 checkpoint=CP2-KV-R object=raw_kv_row result=EXACT element_count=512 mismatch_count=0
CHECKPOINT row=1 layer=22 checkpoint=CP3-F object=layer_attn_state_kv result=EXACT element_count=8192 mismatch_count=0
CHECKPOINT row=1 layer=22 checkpoint=CP3-F object=layer_attn_state_score result=EXACT element_count=8192 mismatch_count=0
CHECKPOINT row=1 layer=22 checkpoint=CP3-F object=layer_n_comp result=EXACT element_count=1 mismatch_count=0
CHECKPOINT row=1 layer=22 checkpoint=CP3-F object=attn_emitted_row_count result=EXACT element_count=1 mismatch_count=0
CHECKPOINT row=1 layer=22 checkpoint=CP3-F object=layer_index_state_kv result=EXACT element_count=2048 mismatch_count=0
CHECKPOINT row=1 layer=22 checkpoint=CP3-F object=layer_index_state_score result=EXACT element_count=2048 mismatch_count=0
CHECKPOINT row=1 layer=22 checkpoint=CP3-F object=layer_n_index_comp result=EXACT element_count=1 mismatch_count=0
CHECKPOINT row=1 layer=22 checkpoint=CP3-F object=index_emitted_row_count result=EXACT element_count=1 mismatch_count=0
CHECKPOINT row=1 layer=22 checkpoint=CP4 object=post_attention_hidden_state result=EXACT element_count=16384 mismatch_count=0
CHECKPOINT row=1 layer=22 checkpoint=CP5 object=final_layer_hidden_state result=EXACT element_count=16384 mismatch_count=0
CHECKPOINT row=1 layer=23 checkpoint=CP1 object=normalized_attention_input result=EXACT element_count=4096 mismatch_count=0
CHECKPOINT row=1 layer=23 checkpoint=CP2-Q object=q_projection result=EXACT element_count=1024 mismatch_count=0
CHECKPOINT row=1 layer=23 checkpoint=CP2-KV-P object=kv_projection result=EXACT element_count=512 mismatch_count=0
CHECKPOINT row=1 layer=23 checkpoint=CP2-KV-R object=raw_kv_row result=EXACT element_count=512 mismatch_count=0
CHECKPOINT row=1 layer=23 checkpoint=CP3-F object=layer_attn_state_kv result=EXACT element_count=65536 mismatch_count=0
CHECKPOINT row=1 layer=23 checkpoint=CP3-F object=layer_attn_state_score result=EXACT element_count=65536 mismatch_count=0
CHECKPOINT row=1 layer=23 checkpoint=CP3-F object=layer_n_comp result=EXACT element_count=1 mismatch_count=0
CHECKPOINT row=1 layer=23 checkpoint=CP3-F object=attn_emitted_row_count result=EXACT element_count=1 mismatch_count=0
CHECKPOINT row=1 layer=23 checkpoint=CP4 object=post_attention_hidden_state result=EXACT element_count=16384 mismatch_count=0
CHECKPOINT row=1 layer=23 checkpoint=CP5 object=final_layer_hidden_state result=EXACT element_count=16384 mismatch_count=0
CHECKPOINT row=1 layer=24 checkpoint=CP1 object=normalized_attention_input result=EXACT element_count=4096 mismatch_count=0
CHECKPOINT row=1 layer=24 checkpoint=CP2-Q object=q_projection result=EXACT element_count=1024 mismatch_count=0
CHECKPOINT row=1 layer=24 checkpoint=CP2-KV-P object=kv_projection result=EXACT element_count=512 mismatch_count=0
CHECKPOINT row=1 layer=24 checkpoint=CP2-KV-R object=raw_kv_row result=EXACT element_count=512 mismatch_count=0
CHECKPOINT row=1 layer=24 checkpoint=CP3-F object=layer_attn_state_kv result=EXACT element_count=8192 mismatch_count=0
CHECKPOINT row=1 layer=24 checkpoint=CP3-F object=layer_attn_state_score result=EXACT element_count=8192 mismatch_count=0
CHECKPOINT row=1 layer=24 checkpoint=CP3-F object=layer_n_comp result=EXACT element_count=1 mismatch_count=0
CHECKPOINT row=1 layer=24 checkpoint=CP3-F object=attn_emitted_row_count result=EXACT element_count=1 mismatch_count=0
CHECKPOINT row=1 layer=24 checkpoint=CP3-F object=layer_index_state_kv result=EXACT element_count=2048 mismatch_count=0
CHECKPOINT row=1 layer=24 checkpoint=CP3-F object=layer_index_state_score result=EXACT element_count=2048 mismatch_count=0
CHECKPOINT row=1 layer=24 checkpoint=CP3-F object=layer_n_index_comp result=EXACT element_count=1 mismatch_count=0
CHECKPOINT row=1 layer=24 checkpoint=CP3-F object=index_emitted_row_count result=EXACT element_count=1 mismatch_count=0
CHECKPOINT row=1 layer=24 checkpoint=CP4 object=post_attention_hidden_state result=EXACT element_count=16384 mismatch_count=0
CHECKPOINT row=1 layer=24 checkpoint=CP5 object=final_layer_hidden_state result=EXACT element_count=16384 mismatch_count=0
CHECKPOINT row=1 layer=25 checkpoint=CP1 object=normalized_attention_input result=EXACT element_count=4096 mismatch_count=0
CHECKPOINT row=1 layer=25 checkpoint=CP2-Q object=q_projection result=EXACT element_count=1024 mismatch_count=0
CHECKPOINT row=1 layer=25 checkpoint=CP2-KV-P object=kv_projection result=EXACT element_count=512 mismatch_count=0
CHECKPOINT row=1 layer=25 checkpoint=CP2-KV-R object=raw_kv_row result=EXACT element_count=512 mismatch_count=0
CHECKPOINT row=1 layer=25 checkpoint=CP3-F object=layer_attn_state_kv result=EXACT element_count=65536 mismatch_count=0
CHECKPOINT row=1 layer=25 checkpoint=CP3-F object=layer_attn_state_score result=EXACT element_count=65536 mismatch_count=0
CHECKPOINT row=1 layer=25 checkpoint=CP3-F object=layer_n_comp result=EXACT element_count=1 mismatch_count=0
CHECKPOINT row=1 layer=25 checkpoint=CP3-F object=attn_emitted_row_count result=EXACT element_count=1 mismatch_count=0
CHECKPOINT row=1 layer=25 checkpoint=CP4 object=post_attention_hidden_state result=EXACT element_count=16384 mismatch_count=0
CHECKPOINT row=1 layer=25 checkpoint=CP5 object=final_layer_hidden_state result=EXACT element_count=16384 mismatch_count=0
CHECKPOINT row=1 layer=26 checkpoint=CP1 object=normalized_attention_input result=EXACT element_count=4096 mismatch_count=0
CHECKPOINT row=1 layer=26 checkpoint=CP2-Q object=q_projection result=EXACT element_count=1024 mismatch_count=0
CHECKPOINT row=1 layer=26 checkpoint=CP2-KV-P object=kv_projection result=EXACT element_count=512 mismatch_count=0
CHECKPOINT row=1 layer=26 checkpoint=CP2-KV-R object=raw_kv_row result=EXACT element_count=512 mismatch_count=0
CHECKPOINT row=1 layer=26 checkpoint=CP3-F object=layer_attn_state_kv result=EXACT element_count=8192 mismatch_count=0
CHECKPOINT row=1 layer=26 checkpoint=CP3-F object=layer_attn_state_score result=EXACT element_count=8192 mismatch_count=0
CHECKPOINT row=1 layer=26 checkpoint=CP3-F object=layer_n_comp result=EXACT element_count=1 mismatch_count=0
CHECKPOINT row=1 layer=26 checkpoint=CP3-F object=attn_emitted_row_count result=EXACT element_count=1 mismatch_count=0
CHECKPOINT row=1 layer=26 checkpoint=CP3-F object=layer_index_state_kv result=EXACT element_count=2048 mismatch_count=0
CHECKPOINT row=1 layer=26 checkpoint=CP3-F object=layer_index_state_score result=EXACT element_count=2048 mismatch_count=0
CHECKPOINT row=1 layer=26 checkpoint=CP3-F object=layer_n_index_comp result=EXACT element_count=1 mismatch_count=0
CHECKPOINT row=1 layer=26 checkpoint=CP3-F object=index_emitted_row_count result=EXACT element_count=1 mismatch_count=0
CHECKPOINT row=1 layer=26 checkpoint=CP4 object=post_attention_hidden_state result=EXACT element_count=16384 mismatch_count=0
CHECKPOINT row=1 layer=26 checkpoint=CP5 object=final_layer_hidden_state result=EXACT element_count=16384 mismatch_count=0
CHECKPOINT row=1 layer=27 checkpoint=CP1 object=normalized_attention_input result=EXACT element_count=4096 mismatch_count=0
CHECKPOINT row=1 layer=27 checkpoint=CP2-Q object=q_projection result=EXACT element_count=1024 mismatch_count=0
CHECKPOINT row=1 layer=27 checkpoint=CP2-KV-P object=kv_projection result=EXACT element_count=512 mismatch_count=0
CHECKPOINT row=1 layer=27 checkpoint=CP2-KV-R object=raw_kv_row result=EXACT element_count=512 mismatch_count=0
CHECKPOINT row=1 layer=27 checkpoint=CP3-F object=layer_attn_state_kv result=EXACT element_count=65536 mismatch_count=0
CHECKPOINT row=1 layer=27 checkpoint=CP3-F object=layer_attn_state_score result=EXACT element_count=65536 mismatch_count=0
CHECKPOINT row=1 layer=27 checkpoint=CP3-F object=layer_n_comp result=EXACT element_count=1 mismatch_count=0
CHECKPOINT row=1 layer=27 checkpoint=CP3-F object=attn_emitted_row_count result=EXACT element_count=1 mismatch_count=0
CHECKPOINT row=1 layer=27 checkpoint=CP4 object=post_attention_hidden_state result=EXACT element_count=16384 mismatch_count=0
CHECKPOINT row=1 layer=27 checkpoint=CP5 object=final_layer_hidden_state result=EXACT element_count=16384 mismatch_count=0
CHECKPOINT row=1 layer=28 checkpoint=CP1 object=normalized_attention_input result=EXACT element_count=4096 mismatch_count=0
CHECKPOINT row=1 layer=28 checkpoint=CP2-Q object=q_projection result=EXACT element_count=1024 mismatch_count=0
CHECKPOINT row=1 layer=28 checkpoint=CP2-KV-P object=kv_projection result=EXACT element_count=512 mismatch_count=0
CHECKPOINT row=1 layer=28 checkpoint=CP2-KV-R object=raw_kv_row result=EXACT element_count=512 mismatch_count=0
CHECKPOINT row=1 layer=28 checkpoint=CP3-F object=layer_attn_state_kv result=EXACT element_count=8192 mismatch_count=0
CHECKPOINT row=1 layer=28 checkpoint=CP3-F object=layer_attn_state_score result=EXACT element_count=8192 mismatch_count=0
CHECKPOINT row=1 layer=28 checkpoint=CP3-F object=layer_n_comp result=EXACT element_count=1 mismatch_count=0
CHECKPOINT row=1 layer=28 checkpoint=CP3-F object=attn_emitted_row_count result=EXACT element_count=1 mismatch_count=0
CHECKPOINT row=1 layer=28 checkpoint=CP3-F object=layer_index_state_kv result=EXACT element_count=2048 mismatch_count=0
CHECKPOINT row=1 layer=28 checkpoint=CP3-F object=layer_index_state_score result=EXACT element_count=2048 mismatch_count=0
CHECKPOINT row=1 layer=28 checkpoint=CP3-F object=layer_n_index_comp result=EXACT element_count=1 mismatch_count=0
CHECKPOINT row=1 layer=28 checkpoint=CP3-F object=index_emitted_row_count result=EXACT element_count=1 mismatch_count=0
CHECKPOINT row=1 layer=28 checkpoint=CP4 object=post_attention_hidden_state result=EXACT element_count=16384 mismatch_count=0
CHECKPOINT row=1 layer=28 checkpoint=CP5 object=final_layer_hidden_state result=EXACT element_count=16384 mismatch_count=0
CHECKPOINT row=1 layer=29 checkpoint=CP1 object=normalized_attention_input result=EXACT element_count=4096 mismatch_count=0
CHECKPOINT row=1 layer=29 checkpoint=CP2-Q object=q_projection result=EXACT element_count=1024 mismatch_count=0
CHECKPOINT row=1 layer=29 checkpoint=CP2-KV-P object=kv_projection result=EXACT element_count=512 mismatch_count=0
CHECKPOINT row=1 layer=29 checkpoint=CP2-KV-R object=raw_kv_row result=EXACT element_count=512 mismatch_count=0
CHECKPOINT row=1 layer=29 checkpoint=CP3-F object=layer_attn_state_kv result=EXACT element_count=65536 mismatch_count=0
CHECKPOINT row=1 layer=29 checkpoint=CP3-F object=layer_attn_state_score result=EXACT element_count=65536 mismatch_count=0
CHECKPOINT row=1 layer=29 checkpoint=CP3-F object=layer_n_comp result=EXACT element_count=1 mismatch_count=0
CHECKPOINT row=1 layer=29 checkpoint=CP3-F object=attn_emitted_row_count result=EXACT element_count=1 mismatch_count=0
CHECKPOINT row=1 layer=29 checkpoint=CP4 object=post_attention_hidden_state result=EXACT element_count=16384 mismatch_count=0
CHECKPOINT row=1 layer=29 checkpoint=CP5 object=final_layer_hidden_state result=EXACT element_count=16384 mismatch_count=0
CHECKPOINT row=1 layer=30 checkpoint=CP1 object=normalized_attention_input result=EXACT element_count=4096 mismatch_count=0
CHECKPOINT row=1 layer=30 checkpoint=CP2-Q object=q_projection result=EXACT element_count=1024 mismatch_count=0
CHECKPOINT row=1 layer=30 checkpoint=CP2-KV-P object=kv_projection result=EXACT element_count=512 mismatch_count=0
CHECKPOINT row=1 layer=30 checkpoint=CP2-KV-R object=raw_kv_row result=EXACT element_count=512 mismatch_count=0
CHECKPOINT row=1 layer=30 checkpoint=CP3-F object=layer_attn_state_kv result=EXACT element_count=8192 mismatch_count=0
CHECKPOINT row=1 layer=30 checkpoint=CP3-F object=layer_attn_state_score result=EXACT element_count=8192 mismatch_count=0
CHECKPOINT row=1 layer=30 checkpoint=CP3-F object=layer_n_comp result=EXACT element_count=1 mismatch_count=0
CHECKPOINT row=1 layer=30 checkpoint=CP3-F object=attn_emitted_row_count result=EXACT element_count=1 mismatch_count=0
CHECKPOINT row=1 layer=30 checkpoint=CP3-F object=layer_index_state_kv result=EXACT element_count=2048 mismatch_count=0
CHECKPOINT row=1 layer=30 checkpoint=CP3-F object=layer_index_state_score result=EXACT element_count=2048 mismatch_count=0
CHECKPOINT row=1 layer=30 checkpoint=CP3-F object=layer_n_index_comp result=EXACT element_count=1 mismatch_count=0
CHECKPOINT row=1 layer=30 checkpoint=CP3-F object=index_emitted_row_count result=EXACT element_count=1 mismatch_count=0
CHECKPOINT row=1 layer=30 checkpoint=CP4 object=post_attention_hidden_state result=EXACT element_count=16384 mismatch_count=0
CHECKPOINT row=1 layer=30 checkpoint=CP5 object=final_layer_hidden_state result=EXACT element_count=16384 mismatch_count=0
CHECKPOINT row=1 layer=31 checkpoint=CP1 object=normalized_attention_input result=EXACT element_count=4096 mismatch_count=0
CHECKPOINT row=1 layer=31 checkpoint=CP2-Q object=q_projection result=EXACT element_count=1024 mismatch_count=0
CHECKPOINT row=1 layer=31 checkpoint=CP2-KV-P object=kv_projection result=EXACT element_count=512 mismatch_count=0
CHECKPOINT row=1 layer=31 checkpoint=CP2-KV-R object=raw_kv_row result=EXACT element_count=512 mismatch_count=0
CHECKPOINT row=1 layer=31 checkpoint=CP3-F object=layer_attn_state_kv result=EXACT element_count=65536 mismatch_count=0
CHECKPOINT row=1 layer=31 checkpoint=CP3-F object=layer_attn_state_score result=EXACT element_count=65536 mismatch_count=0
CHECKPOINT row=1 layer=31 checkpoint=CP3-F object=layer_n_comp result=EXACT element_count=1 mismatch_count=0
CHECKPOINT row=1 layer=31 checkpoint=CP3-F object=attn_emitted_row_count result=EXACT element_count=1 mismatch_count=0
CHECKPOINT row=1 layer=31 checkpoint=CP4 object=post_attention_hidden_state result=EXACT element_count=16384 mismatch_count=0
CHECKPOINT row=1 layer=31 checkpoint=CP5 object=final_layer_hidden_state result=EXACT element_count=16384 mismatch_count=0
CHECKPOINT row=1 layer=32 checkpoint=CP1 object=normalized_attention_input result=EXACT element_count=4096 mismatch_count=0
CHECKPOINT row=1 layer=32 checkpoint=CP2-Q object=q_projection result=EXACT element_count=1024 mismatch_count=0
CHECKPOINT row=1 layer=32 checkpoint=CP2-KV-P object=kv_projection result=EXACT element_count=512 mismatch_count=0
CHECKPOINT row=1 layer=32 checkpoint=CP2-KV-R object=raw_kv_row result=EXACT element_count=512 mismatch_count=0
CHECKPOINT row=1 layer=32 checkpoint=CP3-F object=layer_attn_state_kv result=EXACT element_count=8192 mismatch_count=0
CHECKPOINT row=1 layer=32 checkpoint=CP3-F object=layer_attn_state_score result=EXACT element_count=8192 mismatch_count=0
CHECKPOINT row=1 layer=32 checkpoint=CP3-F object=layer_n_comp result=EXACT element_count=1 mismatch_count=0
CHECKPOINT row=1 layer=32 checkpoint=CP3-F object=attn_emitted_row_count result=EXACT element_count=1 mismatch_count=0
CHECKPOINT row=1 layer=32 checkpoint=CP3-F object=layer_index_state_kv result=EXACT element_count=2048 mismatch_count=0
CHECKPOINT row=1 layer=32 checkpoint=CP3-F object=layer_index_state_score result=EXACT element_count=2048 mismatch_count=0
CHECKPOINT row=1 layer=32 checkpoint=CP3-F object=layer_n_index_comp result=EXACT element_count=1 mismatch_count=0
CHECKPOINT row=1 layer=32 checkpoint=CP3-F object=index_emitted_row_count result=EXACT element_count=1 mismatch_count=0
CHECKPOINT row=1 layer=32 checkpoint=CP4 object=post_attention_hidden_state result=EXACT element_count=16384 mismatch_count=0
CHECKPOINT row=1 layer=32 checkpoint=CP5 object=final_layer_hidden_state result=EXACT element_count=16384 mismatch_count=0
CHECKPOINT row=1 layer=33 checkpoint=CP1 object=normalized_attention_input result=EXACT element_count=4096 mismatch_count=0
CHECKPOINT row=1 layer=33 checkpoint=CP2-Q object=q_projection result=EXACT element_count=1024 mismatch_count=0
CHECKPOINT row=1 layer=33 checkpoint=CP2-KV-P object=kv_projection result=EXACT element_count=512 mismatch_count=0
CHECKPOINT row=1 layer=33 checkpoint=CP2-KV-R object=raw_kv_row result=EXACT element_count=512 mismatch_count=0
CHECKPOINT row=1 layer=33 checkpoint=CP3-F object=layer_attn_state_kv result=EXACT element_count=65536 mismatch_count=0
CHECKPOINT row=1 layer=33 checkpoint=CP3-F object=layer_attn_state_score result=EXACT element_count=65536 mismatch_count=0
CHECKPOINT row=1 layer=33 checkpoint=CP3-F object=layer_n_comp result=EXACT element_count=1 mismatch_count=0
CHECKPOINT row=1 layer=33 checkpoint=CP3-F object=attn_emitted_row_count result=EXACT element_count=1 mismatch_count=0
CHECKPOINT row=1 layer=33 checkpoint=CP4 object=post_attention_hidden_state result=EXACT element_count=16384 mismatch_count=0
CHECKPOINT row=1 layer=33 checkpoint=CP5 object=final_layer_hidden_state result=EXACT element_count=16384 mismatch_count=0
CHECKPOINT row=1 layer=34 checkpoint=CP1 object=normalized_attention_input result=EXACT element_count=4096 mismatch_count=0
CHECKPOINT row=1 layer=34 checkpoint=CP2-Q object=q_projection result=EXACT element_count=1024 mismatch_count=0
CHECKPOINT row=1 layer=34 checkpoint=CP2-KV-P object=kv_projection result=EXACT element_count=512 mismatch_count=0
CHECKPOINT row=1 layer=34 checkpoint=CP2-KV-R object=raw_kv_row result=EXACT element_count=512 mismatch_count=0
CHECKPOINT row=1 layer=34 checkpoint=CP3-F object=layer_attn_state_kv result=EXACT element_count=8192 mismatch_count=0
CHECKPOINT row=1 layer=34 checkpoint=CP3-F object=layer_attn_state_score result=EXACT element_count=8192 mismatch_count=0
CHECKPOINT row=1 layer=34 checkpoint=CP3-F object=layer_n_comp result=EXACT element_count=1 mismatch_count=0
CHECKPOINT row=1 layer=34 checkpoint=CP3-F object=attn_emitted_row_count result=EXACT element_count=1 mismatch_count=0
CHECKPOINT row=1 layer=34 checkpoint=CP3-F object=layer_index_state_kv result=EXACT element_count=2048 mismatch_count=0
CHECKPOINT row=1 layer=34 checkpoint=CP3-F object=layer_index_state_score result=EXACT element_count=2048 mismatch_count=0
CHECKPOINT row=1 layer=34 checkpoint=CP3-F object=layer_n_index_comp result=EXACT element_count=1 mismatch_count=0
CHECKPOINT row=1 layer=34 checkpoint=CP3-F object=index_emitted_row_count result=EXACT element_count=1 mismatch_count=0
CHECKPOINT row=1 layer=34 checkpoint=CP4 object=post_attention_hidden_state result=EXACT element_count=16384 mismatch_count=0
CHECKPOINT row=1 layer=34 checkpoint=CP5 object=final_layer_hidden_state result=EXACT element_count=16384 mismatch_count=0
CHECKPOINT row=1 layer=35 checkpoint=CP1 object=normalized_attention_input result=EXACT element_count=4096 mismatch_count=0
CHECKPOINT row=1 layer=35 checkpoint=CP2-Q object=q_projection result=EXACT element_count=1024 mismatch_count=0
CHECKPOINT row=1 layer=35 checkpoint=CP2-KV-P object=kv_projection result=EXACT element_count=512 mismatch_count=0
CHECKPOINT row=1 layer=35 checkpoint=CP2-KV-R object=raw_kv_row result=EXACT element_count=512 mismatch_count=0
CHECKPOINT row=1 layer=35 checkpoint=CP3-F object=layer_attn_state_kv result=EXACT element_count=65536 mismatch_count=0
CHECKPOINT row=1 layer=35 checkpoint=CP3-F object=layer_attn_state_score result=EXACT element_count=65536 mismatch_count=0
CHECKPOINT row=1 layer=35 checkpoint=CP3-F object=layer_n_comp result=EXACT element_count=1 mismatch_count=0
CHECKPOINT row=1 layer=35 checkpoint=CP3-F object=attn_emitted_row_count result=EXACT element_count=1 mismatch_count=0
CHECKPOINT row=1 layer=35 checkpoint=CP4 object=post_attention_hidden_state result=EXACT element_count=16384 mismatch_count=0
CHECKPOINT row=1 layer=35 checkpoint=CP5 object=final_layer_hidden_state result=EXACT element_count=16384 mismatch_count=0
CHECKPOINT row=1 layer=36 checkpoint=CP1 object=normalized_attention_input result=EXACT element_count=4096 mismatch_count=0
CHECKPOINT row=1 layer=36 checkpoint=CP2-Q object=q_projection result=EXACT element_count=1024 mismatch_count=0
CHECKPOINT row=1 layer=36 checkpoint=CP2-KV-P object=kv_projection result=EXACT element_count=512 mismatch_count=0
CHECKPOINT row=1 layer=36 checkpoint=CP2-KV-R object=raw_kv_row result=EXACT element_count=512 mismatch_count=0
CHECKPOINT row=1 layer=36 checkpoint=CP3-F object=layer_attn_state_kv result=EXACT element_count=8192 mismatch_count=0
CHECKPOINT row=1 layer=36 checkpoint=CP3-F object=layer_attn_state_score result=EXACT element_count=8192 mismatch_count=0
CHECKPOINT row=1 layer=36 checkpoint=CP3-F object=layer_n_comp result=EXACT element_count=1 mismatch_count=0
CHECKPOINT row=1 layer=36 checkpoint=CP3-F object=attn_emitted_row_count result=EXACT element_count=1 mismatch_count=0
CHECKPOINT row=1 layer=36 checkpoint=CP3-F object=layer_index_state_kv result=EXACT element_count=2048 mismatch_count=0
CHECKPOINT row=1 layer=36 checkpoint=CP3-F object=layer_index_state_score result=EXACT element_count=2048 mismatch_count=0
CHECKPOINT row=1 layer=36 checkpoint=CP3-F object=layer_n_index_comp result=EXACT element_count=1 mismatch_count=0
CHECKPOINT row=1 layer=36 checkpoint=CP3-F object=index_emitted_row_count result=EXACT element_count=1 mismatch_count=0
CHECKPOINT row=1 layer=36 checkpoint=CP4 object=post_attention_hidden_state result=EXACT element_count=16384 mismatch_count=0
CHECKPOINT row=1 layer=36 checkpoint=CP5 object=final_layer_hidden_state result=EXACT element_count=16384 mismatch_count=0
CHECKPOINT row=1 layer=37 checkpoint=CP1 object=normalized_attention_input result=EXACT element_count=4096 mismatch_count=0
CHECKPOINT row=1 layer=37 checkpoint=CP2-Q object=q_projection result=EXACT element_count=1024 mismatch_count=0
CHECKPOINT row=1 layer=37 checkpoint=CP2-KV-P object=kv_projection result=EXACT element_count=512 mismatch_count=0
CHECKPOINT row=1 layer=37 checkpoint=CP2-KV-R object=raw_kv_row result=EXACT element_count=512 mismatch_count=0
CHECKPOINT row=1 layer=37 checkpoint=CP3-F object=layer_attn_state_kv result=EXACT element_count=65536 mismatch_count=0
CHECKPOINT row=1 layer=37 checkpoint=CP3-F object=layer_attn_state_score result=EXACT element_count=65536 mismatch_count=0
CHECKPOINT row=1 layer=37 checkpoint=CP3-F object=layer_n_comp result=EXACT element_count=1 mismatch_count=0
CHECKPOINT row=1 layer=37 checkpoint=CP3-F object=attn_emitted_row_count result=EXACT element_count=1 mismatch_count=0
CHECKPOINT row=1 layer=37 checkpoint=CP4 object=post_attention_hidden_state result=EXACT element_count=16384 mismatch_count=0
CHECKPOINT row=1 layer=37 checkpoint=CP5 object=final_layer_hidden_state result=EXACT element_count=16384 mismatch_count=0
CHECKPOINT row=1 layer=38 checkpoint=CP1 object=normalized_attention_input result=EXACT element_count=4096 mismatch_count=0
CHECKPOINT row=1 layer=38 checkpoint=CP2-Q object=q_projection result=EXACT element_count=1024 mismatch_count=0
CHECKPOINT row=1 layer=38 checkpoint=CP2-KV-P object=kv_projection result=EXACT element_count=512 mismatch_count=0
CHECKPOINT row=1 layer=38 checkpoint=CP2-KV-R object=raw_kv_row result=EXACT element_count=512 mismatch_count=0
CHECKPOINT row=1 layer=38 checkpoint=CP3-F object=layer_attn_state_kv result=EXACT element_count=8192 mismatch_count=0
CHECKPOINT row=1 layer=38 checkpoint=CP3-F object=layer_attn_state_score result=EXACT element_count=8192 mismatch_count=0
CHECKPOINT row=1 layer=38 checkpoint=CP3-F object=layer_n_comp result=EXACT element_count=1 mismatch_count=0
CHECKPOINT row=1 layer=38 checkpoint=CP3-F object=attn_emitted_row_count result=EXACT element_count=1 mismatch_count=0
CHECKPOINT row=1 layer=38 checkpoint=CP3-F object=layer_index_state_kv result=EXACT element_count=2048 mismatch_count=0
CHECKPOINT row=1 layer=38 checkpoint=CP3-F object=layer_index_state_score result=EXACT element_count=2048 mismatch_count=0
CHECKPOINT row=1 layer=38 checkpoint=CP3-F object=layer_n_index_comp result=EXACT element_count=1 mismatch_count=0
CHECKPOINT row=1 layer=38 checkpoint=CP3-F object=index_emitted_row_count result=EXACT element_count=1 mismatch_count=0
CHECKPOINT row=1 layer=38 checkpoint=CP4 object=post_attention_hidden_state result=EXACT element_count=16384 mismatch_count=0
CHECKPOINT row=1 layer=38 checkpoint=CP5 object=final_layer_hidden_state result=EXACT element_count=16384 mismatch_count=0
CHECKPOINT row=1 layer=39 checkpoint=CP1 object=normalized_attention_input result=EXACT element_count=4096 mismatch_count=0
CHECKPOINT row=1 layer=39 checkpoint=CP2-Q object=q_projection result=EXACT element_count=1024 mismatch_count=0
CHECKPOINT row=1 layer=39 checkpoint=CP2-KV-P object=kv_projection result=EXACT element_count=512 mismatch_count=0
CHECKPOINT row=1 layer=39 checkpoint=CP2-KV-R object=raw_kv_row result=EXACT element_count=512 mismatch_count=0
CHECKPOINT row=1 layer=39 checkpoint=CP3-F object=layer_attn_state_kv result=EXACT element_count=65536 mismatch_count=0
CHECKPOINT row=1 layer=39 checkpoint=CP3-F object=layer_attn_state_score result=EXACT element_count=65536 mismatch_count=0
CHECKPOINT row=1 layer=39 checkpoint=CP3-F object=layer_n_comp result=EXACT element_count=1 mismatch_count=0
CHECKPOINT row=1 layer=39 checkpoint=CP3-F object=attn_emitted_row_count result=EXACT element_count=1 mismatch_count=0
CHECKPOINT row=1 layer=39 checkpoint=CP4 object=post_attention_hidden_state result=EXACT element_count=16384 mismatch_count=0
CHECKPOINT row=1 layer=39 checkpoint=CP5 object=final_layer_hidden_state result=EXACT element_count=16384 mismatch_count=0
CHECKPOINT row=1 layer=40 checkpoint=CP1 object=normalized_attention_input result=EXACT element_count=4096 mismatch_count=0
CHECKPOINT row=1 layer=40 checkpoint=CP2-Q object=q_projection result=EXACT element_count=1024 mismatch_count=0
CHECKPOINT row=1 layer=40 checkpoint=CP2-KV-P object=kv_projection result=EXACT element_count=512 mismatch_count=0
CHECKPOINT row=1 layer=40 checkpoint=CP2-KV-R object=raw_kv_row result=EXACT element_count=512 mismatch_count=0
CHECKPOINT row=1 layer=40 checkpoint=CP3-F object=layer_attn_state_kv result=EXACT element_count=8192 mismatch_count=0
CHECKPOINT row=1 layer=40 checkpoint=CP3-F object=layer_attn_state_score result=EXACT element_count=8192 mismatch_count=0
CHECKPOINT row=1 layer=40 checkpoint=CP3-F object=layer_n_comp result=EXACT element_count=1 mismatch_count=0
CHECKPOINT row=1 layer=40 checkpoint=CP3-F object=attn_emitted_row_count result=EXACT element_count=1 mismatch_count=0
CHECKPOINT row=1 layer=40 checkpoint=CP3-F object=layer_index_state_kv result=EXACT element_count=2048 mismatch_count=0
CHECKPOINT row=1 layer=40 checkpoint=CP3-F object=layer_index_state_score result=EXACT element_count=2048 mismatch_count=0
CHECKPOINT row=1 layer=40 checkpoint=CP3-F object=layer_n_index_comp result=EXACT element_count=1 mismatch_count=0
CHECKPOINT row=1 layer=40 checkpoint=CP3-F object=index_emitted_row_count result=EXACT element_count=1 mismatch_count=0
CHECKPOINT row=1 layer=40 checkpoint=CP4 object=post_attention_hidden_state result=EXACT element_count=16384 mismatch_count=0
CHECKPOINT row=1 layer=40 checkpoint=CP5 object=final_layer_hidden_state result=EXACT element_count=16384 mismatch_count=0
CHECKPOINT row=1 layer=41 checkpoint=CP1 object=normalized_attention_input result=EXACT element_count=4096 mismatch_count=0
CHECKPOINT row=1 layer=41 checkpoint=CP2-Q object=q_projection result=EXACT element_count=1024 mismatch_count=0
CHECKPOINT row=1 layer=41 checkpoint=CP2-KV-P object=kv_projection result=EXACT element_count=512 mismatch_count=0
CHECKPOINT row=1 layer=41 checkpoint=CP2-KV-R object=raw_kv_row result=EXACT element_count=512 mismatch_count=0
CHECKPOINT row=1 layer=41 checkpoint=CP3-F object=layer_attn_state_kv result=EXACT element_count=65536 mismatch_count=0
CHECKPOINT row=1 layer=41 checkpoint=CP3-F object=layer_attn_state_score result=EXACT element_count=65536 mismatch_count=0
CHECKPOINT row=1 layer=41 checkpoint=CP3-F object=layer_n_comp result=EXACT element_count=1 mismatch_count=0
CHECKPOINT row=1 layer=41 checkpoint=CP3-F object=attn_emitted_row_count result=EXACT element_count=1 mismatch_count=0
CHECKPOINT row=1 layer=41 checkpoint=CP4 object=post_attention_hidden_state result=EXACT element_count=16384 mismatch_count=0
CHECKPOINT row=1 layer=41 checkpoint=CP5 object=final_layer_hidden_state result=EXACT element_count=16384 mismatch_count=0
CHECKPOINT row=1 layer=42 checkpoint=CP1 object=normalized_attention_input result=EXACT element_count=4096 mismatch_count=0
CHECKPOINT row=1 layer=42 checkpoint=CP2-Q object=q_projection result=EXACT element_count=1024 mismatch_count=0
CHECKPOINT row=1 layer=42 checkpoint=CP2-KV-P object=kv_projection result=EXACT element_count=512 mismatch_count=0
CHECKPOINT row=1 layer=42 checkpoint=CP2-KV-R object=raw_kv_row result=EXACT element_count=512 mismatch_count=0
CHECKPOINT row=1 layer=42 checkpoint=CP3-F object=layer_attn_state_kv result=EXACT element_count=8192 mismatch_count=0
CHECKPOINT row=1 layer=42 checkpoint=CP3-F object=layer_attn_state_score result=EXACT element_count=8192 mismatch_count=0
CHECKPOINT row=1 layer=42 checkpoint=CP3-F object=layer_n_comp result=EXACT element_count=1 mismatch_count=0
CHECKPOINT row=1 layer=42 checkpoint=CP3-F object=attn_emitted_row_count result=EXACT element_count=1 mismatch_count=0
CHECKPOINT row=1 layer=42 checkpoint=CP3-F object=layer_index_state_kv result=EXACT element_count=2048 mismatch_count=0
CHECKPOINT row=1 layer=42 checkpoint=CP3-F object=layer_index_state_score result=EXACT element_count=2048 mismatch_count=0
CHECKPOINT row=1 layer=42 checkpoint=CP3-F object=layer_n_index_comp result=EXACT element_count=1 mismatch_count=0
CHECKPOINT row=1 layer=42 checkpoint=CP3-F object=index_emitted_row_count result=EXACT element_count=1 mismatch_count=0
CHECKPOINT row=1 layer=42 checkpoint=CP4 object=post_attention_hidden_state result=EXACT element_count=16384 mismatch_count=0
CHECKPOINT row=1 layer=42 checkpoint=CP5 object=final_layer_hidden_state result=EXACT element_count=16384 mismatch_count=0
CHECKPOINT row=2 layer=0 checkpoint=CP1 object=normalized_attention_input result=EXACT element_count=4096 mismatch_count=0
CHECKPOINT row=2 layer=0 checkpoint=CP2-Q object=q_projection result=EXACT element_count=1024 mismatch_count=0
CHECKPOINT row=2 layer=0 checkpoint=CP2-KV-P object=kv_projection result=EXACT element_count=512 mismatch_count=0
CHECKPOINT row=2 layer=0 checkpoint=CP2-KV-R object=raw_kv_row result=EXACT element_count=512 mismatch_count=0
CHECKPOINT row=2 layer=0 checkpoint=CP3-F object=compressor result=N/A element_count=0
CHECKPOINT row=2 layer=0 checkpoint=CP4 object=post_attention_hidden_state result=EXACT element_count=16384 mismatch_count=0
CHECKPOINT row=2 layer=0 checkpoint=CP5 object=final_layer_hidden_state result=EXACT element_count=16384 mismatch_count=0
CHECKPOINT row=2 layer=1 checkpoint=CP1 object=normalized_attention_input result=EXACT element_count=4096 mismatch_count=0
CHECKPOINT row=2 layer=1 checkpoint=CP2-Q object=q_projection result=EXACT element_count=1024 mismatch_count=0
CHECKPOINT row=2 layer=1 checkpoint=CP2-KV-P object=kv_projection result=EXACT element_count=512 mismatch_count=0
CHECKPOINT row=2 layer=1 checkpoint=CP2-KV-R object=raw_kv_row result=EXACT element_count=512 mismatch_count=0
CHECKPOINT row=2 layer=1 checkpoint=CP3-F object=compressor result=N/A element_count=0
CHECKPOINT row=2 layer=1 checkpoint=CP4 object=post_attention_hidden_state result=EXACT element_count=16384 mismatch_count=0
CHECKPOINT row=2 layer=1 checkpoint=CP5 object=final_layer_hidden_state result=EXACT element_count=16384 mismatch_count=0
CHECKPOINT row=2 layer=2 checkpoint=CP1 object=normalized_attention_input result=EXACT element_count=4096 mismatch_count=0
CHECKPOINT row=2 layer=2 checkpoint=CP2-Q object=q_projection result=EXACT element_count=1024 mismatch_count=0
CHECKPOINT row=2 layer=2 checkpoint=CP2-KV-P object=kv_projection result=EXACT element_count=512 mismatch_count=0
CHECKPOINT row=2 layer=2 checkpoint=CP2-KV-R object=raw_kv_row result=EXACT element_count=512 mismatch_count=0
CHECKPOINT row=2 layer=2 checkpoint=CP3-F object=layer_attn_state_kv result=EXACT element_count=8192 mismatch_count=0
CHECKPOINT row=2 layer=2 checkpoint=CP3-F object=layer_attn_state_score result=EXACT element_count=8192 mismatch_count=0
CHECKPOINT row=2 layer=2 checkpoint=CP3-F object=layer_n_comp result=EXACT element_count=1 mismatch_count=0
CHECKPOINT row=2 layer=2 checkpoint=CP3-F object=attn_emitted_row_count result=EXACT element_count=1 mismatch_count=0
CHECKPOINT row=2 layer=2 checkpoint=CP3-F object=layer_index_state_kv result=EXACT element_count=2048 mismatch_count=0
CHECKPOINT row=2 layer=2 checkpoint=CP3-F object=layer_index_state_score result=EXACT element_count=2048 mismatch_count=0
CHECKPOINT row=2 layer=2 checkpoint=CP3-F object=layer_n_index_comp result=EXACT element_count=1 mismatch_count=0
CHECKPOINT row=2 layer=2 checkpoint=CP3-F object=index_emitted_row_count result=EXACT element_count=1 mismatch_count=0
CHECKPOINT row=2 layer=2 checkpoint=CP4 object=post_attention_hidden_state result=EXACT element_count=16384 mismatch_count=0
CHECKPOINT row=2 layer=2 checkpoint=CP5 object=final_layer_hidden_state result=EXACT element_count=16384 mismatch_count=0
CHECKPOINT row=2 layer=3 checkpoint=CP1 object=normalized_attention_input result=EXACT element_count=4096 mismatch_count=0
CHECKPOINT row=2 layer=3 checkpoint=CP2-Q object=q_projection result=EXACT element_count=1024 mismatch_count=0
CHECKPOINT row=2 layer=3 checkpoint=CP2-KV-P object=kv_projection result=EXACT element_count=512 mismatch_count=0
CHECKPOINT row=2 layer=3 checkpoint=CP2-KV-R object=raw_kv_row result=EXACT element_count=512 mismatch_count=0
CHECKPOINT row=2 layer=3 checkpoint=CP3-F object=layer_attn_state_kv result=EXACT element_count=65536 mismatch_count=0
CHECKPOINT row=2 layer=3 checkpoint=CP3-F object=layer_attn_state_score result=EXACT element_count=65536 mismatch_count=0
CHECKPOINT row=2 layer=3 checkpoint=CP3-F object=layer_n_comp result=EXACT element_count=1 mismatch_count=0
CHECKPOINT row=2 layer=3 checkpoint=CP3-F object=attn_emitted_row_count result=EXACT element_count=1 mismatch_count=0
CHECKPOINT row=2 layer=3 checkpoint=CP4 object=post_attention_hidden_state result=EXACT element_count=16384 mismatch_count=0
CHECKPOINT row=2 layer=3 checkpoint=CP5 object=final_layer_hidden_state result=EXACT element_count=16384 mismatch_count=0
CHECKPOINT row=2 layer=4 checkpoint=CP1 object=normalized_attention_input result=EXACT element_count=4096 mismatch_count=0
CHECKPOINT row=2 layer=4 checkpoint=CP2-Q object=q_projection result=EXACT element_count=1024 mismatch_count=0
CHECKPOINT row=2 layer=4 checkpoint=CP2-KV-P object=kv_projection result=EXACT element_count=512 mismatch_count=0
CHECKPOINT row=2 layer=4 checkpoint=CP2-KV-R object=raw_kv_row result=EXACT element_count=512 mismatch_count=0
CHECKPOINT row=2 layer=4 checkpoint=CP3-F object=layer_attn_state_kv result=EXACT element_count=8192 mismatch_count=0
CHECKPOINT row=2 layer=4 checkpoint=CP3-F object=layer_attn_state_score result=EXACT element_count=8192 mismatch_count=0
CHECKPOINT row=2 layer=4 checkpoint=CP3-F object=layer_n_comp result=EXACT element_count=1 mismatch_count=0
CHECKPOINT row=2 layer=4 checkpoint=CP3-F object=attn_emitted_row_count result=EXACT element_count=1 mismatch_count=0
CHECKPOINT row=2 layer=4 checkpoint=CP3-F object=layer_index_state_kv result=EXACT element_count=2048 mismatch_count=0
CHECKPOINT row=2 layer=4 checkpoint=CP3-F object=layer_index_state_score result=EXACT element_count=2048 mismatch_count=0
CHECKPOINT row=2 layer=4 checkpoint=CP3-F object=layer_n_index_comp result=EXACT element_count=1 mismatch_count=0
CHECKPOINT row=2 layer=4 checkpoint=CP3-F object=index_emitted_row_count result=EXACT element_count=1 mismatch_count=0
CHECKPOINT row=2 layer=4 checkpoint=CP4 object=post_attention_hidden_state result=EXACT element_count=16384 mismatch_count=0
CHECKPOINT row=2 layer=4 checkpoint=CP5 object=final_layer_hidden_state result=EXACT element_count=16384 mismatch_count=0
CHECKPOINT row=2 layer=5 checkpoint=CP1 object=normalized_attention_input result=EXACT element_count=4096 mismatch_count=0
CHECKPOINT row=2 layer=5 checkpoint=CP2-Q object=q_projection result=EXACT element_count=1024 mismatch_count=0
CHECKPOINT row=2 layer=5 checkpoint=CP2-KV-P object=kv_projection result=EXACT element_count=512 mismatch_count=0
CHECKPOINT row=2 layer=5 checkpoint=CP2-KV-R object=raw_kv_row result=EXACT element_count=512 mismatch_count=0
CHECKPOINT row=2 layer=5 checkpoint=CP3-F object=layer_attn_state_kv result=EXACT element_count=65536 mismatch_count=0
CHECKPOINT row=2 layer=5 checkpoint=CP3-F object=layer_attn_state_score result=EXACT element_count=65536 mismatch_count=0
CHECKPOINT row=2 layer=5 checkpoint=CP3-F object=layer_n_comp result=EXACT element_count=1 mismatch_count=0
CHECKPOINT row=2 layer=5 checkpoint=CP3-F object=attn_emitted_row_count result=EXACT element_count=1 mismatch_count=0
CHECKPOINT row=2 layer=5 checkpoint=CP4 object=post_attention_hidden_state result=EXACT element_count=16384 mismatch_count=0
CHECKPOINT row=2 layer=5 checkpoint=CP5 object=final_layer_hidden_state result=EXACT element_count=16384 mismatch_count=0
CHECKPOINT row=2 layer=6 checkpoint=CP1 object=normalized_attention_input result=EXACT element_count=4096 mismatch_count=0
CHECKPOINT row=2 layer=6 checkpoint=CP2-Q object=q_projection result=EXACT element_count=1024 mismatch_count=0
CHECKPOINT row=2 layer=6 checkpoint=CP2-KV-P object=kv_projection result=EXACT element_count=512 mismatch_count=0
CHECKPOINT row=2 layer=6 checkpoint=CP2-KV-R object=raw_kv_row result=EXACT element_count=512 mismatch_count=0
CHECKPOINT row=2 layer=6 checkpoint=CP3-F object=layer_attn_state_kv result=EXACT element_count=8192 mismatch_count=0
CHECKPOINT row=2 layer=6 checkpoint=CP3-F object=layer_attn_state_score result=EXACT element_count=8192 mismatch_count=0
CHECKPOINT row=2 layer=6 checkpoint=CP3-F object=layer_n_comp result=EXACT element_count=1 mismatch_count=0
CHECKPOINT row=2 layer=6 checkpoint=CP3-F object=attn_emitted_row_count result=EXACT element_count=1 mismatch_count=0
CHECKPOINT row=2 layer=6 checkpoint=CP3-F object=layer_index_state_kv result=EXACT element_count=2048 mismatch_count=0
CHECKPOINT row=2 layer=6 checkpoint=CP3-F object=layer_index_state_score result=EXACT element_count=2048 mismatch_count=0
CHECKPOINT row=2 layer=6 checkpoint=CP3-F object=layer_n_index_comp result=EXACT element_count=1 mismatch_count=0
CHECKPOINT row=2 layer=6 checkpoint=CP3-F object=index_emitted_row_count result=EXACT element_count=1 mismatch_count=0
CHECKPOINT row=2 layer=6 checkpoint=CP4 object=post_attention_hidden_state result=EXACT element_count=16384 mismatch_count=0
CHECKPOINT row=2 layer=6 checkpoint=CP5 object=final_layer_hidden_state result=EXACT element_count=16384 mismatch_count=0
CHECKPOINT row=2 layer=7 checkpoint=CP1 object=normalized_attention_input result=EXACT element_count=4096 mismatch_count=0
CHECKPOINT row=2 layer=7 checkpoint=CP2-Q object=q_projection result=EXACT element_count=1024 mismatch_count=0
CHECKPOINT row=2 layer=7 checkpoint=CP2-KV-P object=kv_projection result=EXACT element_count=512 mismatch_count=0
CHECKPOINT row=2 layer=7 checkpoint=CP2-KV-R object=raw_kv_row result=EXACT element_count=512 mismatch_count=0
CHECKPOINT row=2 layer=7 checkpoint=CP3-F object=layer_attn_state_kv result=EXACT element_count=65536 mismatch_count=0
CHECKPOINT row=2 layer=7 checkpoint=CP3-F object=layer_attn_state_score result=EXACT element_count=65536 mismatch_count=0
CHECKPOINT row=2 layer=7 checkpoint=CP3-F object=layer_n_comp result=EXACT element_count=1 mismatch_count=0
CHECKPOINT row=2 layer=7 checkpoint=CP3-F object=attn_emitted_row_count result=EXACT element_count=1 mismatch_count=0
CHECKPOINT row=2 layer=7 checkpoint=CP4 object=post_attention_hidden_state result=EXACT element_count=16384 mismatch_count=0
CHECKPOINT row=2 layer=7 checkpoint=CP5 object=final_layer_hidden_state result=EXACT element_count=16384 mismatch_count=0
CHECKPOINT row=2 layer=8 checkpoint=CP1 object=normalized_attention_input result=EXACT element_count=4096 mismatch_count=0
CHECKPOINT row=2 layer=8 checkpoint=CP2-Q object=q_projection result=EXACT element_count=1024 mismatch_count=0
CHECKPOINT row=2 layer=8 checkpoint=CP2-KV-P object=kv_projection result=EXACT element_count=512 mismatch_count=0
CHECKPOINT row=2 layer=8 checkpoint=CP2-KV-R object=raw_kv_row result=EXACT element_count=512 mismatch_count=0
CHECKPOINT row=2 layer=8 checkpoint=CP3-F object=layer_attn_state_kv result=EXACT element_count=8192 mismatch_count=0
CHECKPOINT row=2 layer=8 checkpoint=CP3-F object=layer_attn_state_score result=EXACT element_count=8192 mismatch_count=0
CHECKPOINT row=2 layer=8 checkpoint=CP3-F object=layer_n_comp result=EXACT element_count=1 mismatch_count=0
CHECKPOINT row=2 layer=8 checkpoint=CP3-F object=attn_emitted_row_count result=EXACT element_count=1 mismatch_count=0
CHECKPOINT row=2 layer=8 checkpoint=CP3-F object=layer_index_state_kv result=EXACT element_count=2048 mismatch_count=0
CHECKPOINT row=2 layer=8 checkpoint=CP3-F object=layer_index_state_score result=EXACT element_count=2048 mismatch_count=0
CHECKPOINT row=2 layer=8 checkpoint=CP3-F object=layer_n_index_comp result=EXACT element_count=1 mismatch_count=0
CHECKPOINT row=2 layer=8 checkpoint=CP3-F object=index_emitted_row_count result=EXACT element_count=1 mismatch_count=0
CHECKPOINT row=2 layer=8 checkpoint=CP4 object=post_attention_hidden_state result=EXACT element_count=16384 mismatch_count=0
CHECKPOINT row=2 layer=8 checkpoint=CP5 object=final_layer_hidden_state result=EXACT element_count=16384 mismatch_count=0
CHECKPOINT row=2 layer=9 checkpoint=CP1 object=normalized_attention_input result=EXACT element_count=4096 mismatch_count=0
CHECKPOINT row=2 layer=9 checkpoint=CP2-Q object=q_projection result=EXACT element_count=1024 mismatch_count=0
CHECKPOINT row=2 layer=9 checkpoint=CP2-KV-P object=kv_projection result=EXACT element_count=512 mismatch_count=0
CHECKPOINT row=2 layer=9 checkpoint=CP2-KV-R object=raw_kv_row result=EXACT element_count=512 mismatch_count=0
CHECKPOINT row=2 layer=9 checkpoint=CP3-F object=layer_attn_state_kv result=EXACT element_count=65536 mismatch_count=0
CHECKPOINT row=2 layer=9 checkpoint=CP3-F object=layer_attn_state_score result=EXACT element_count=65536 mismatch_count=0
CHECKPOINT row=2 layer=9 checkpoint=CP3-F object=layer_n_comp result=EXACT element_count=1 mismatch_count=0
CHECKPOINT row=2 layer=9 checkpoint=CP3-F object=attn_emitted_row_count result=EXACT element_count=1 mismatch_count=0
CHECKPOINT row=2 layer=9 checkpoint=CP4 object=post_attention_hidden_state result=EXACT element_count=16384 mismatch_count=0
CHECKPOINT row=2 layer=9 checkpoint=CP5 object=final_layer_hidden_state result=EXACT element_count=16384 mismatch_count=0
CHECKPOINT row=2 layer=10 checkpoint=CP1 object=normalized_attention_input result=EXACT element_count=4096 mismatch_count=0
CHECKPOINT row=2 layer=10 checkpoint=CP2-Q object=q_projection result=EXACT element_count=1024 mismatch_count=0
CHECKPOINT row=2 layer=10 checkpoint=CP2-KV-P object=kv_projection result=EXACT element_count=512 mismatch_count=0
CHECKPOINT row=2 layer=10 checkpoint=CP2-KV-R object=raw_kv_row result=EXACT element_count=512 mismatch_count=0
CHECKPOINT row=2 layer=10 checkpoint=CP3-F object=layer_attn_state_kv result=EXACT element_count=8192 mismatch_count=0
CHECKPOINT row=2 layer=10 checkpoint=CP3-F object=layer_attn_state_score result=EXACT element_count=8192 mismatch_count=0
CHECKPOINT row=2 layer=10 checkpoint=CP3-F object=layer_n_comp result=EXACT element_count=1 mismatch_count=0
CHECKPOINT row=2 layer=10 checkpoint=CP3-F object=attn_emitted_row_count result=EXACT element_count=1 mismatch_count=0
CHECKPOINT row=2 layer=10 checkpoint=CP3-F object=layer_index_state_kv result=EXACT element_count=2048 mismatch_count=0
CHECKPOINT row=2 layer=10 checkpoint=CP3-F object=layer_index_state_score result=EXACT element_count=2048 mismatch_count=0
CHECKPOINT row=2 layer=10 checkpoint=CP3-F object=layer_n_index_comp result=EXACT element_count=1 mismatch_count=0
CHECKPOINT row=2 layer=10 checkpoint=CP3-F object=index_emitted_row_count result=EXACT element_count=1 mismatch_count=0
CHECKPOINT row=2 layer=10 checkpoint=CP4 object=post_attention_hidden_state result=EXACT element_count=16384 mismatch_count=0
CHECKPOINT row=2 layer=10 checkpoint=CP5 object=final_layer_hidden_state result=EXACT element_count=16384 mismatch_count=0
CHECKPOINT row=2 layer=11 checkpoint=CP1 object=normalized_attention_input result=EXACT element_count=4096 mismatch_count=0
CHECKPOINT row=2 layer=11 checkpoint=CP2-Q object=q_projection result=EXACT element_count=1024 mismatch_count=0
CHECKPOINT row=2 layer=11 checkpoint=CP2-KV-P object=kv_projection result=EXACT element_count=512 mismatch_count=0
CHECKPOINT row=2 layer=11 checkpoint=CP2-KV-R object=raw_kv_row result=EXACT element_count=512 mismatch_count=0
CHECKPOINT row=2 layer=11 checkpoint=CP3-F object=layer_attn_state_kv result=EXACT element_count=65536 mismatch_count=0
CHECKPOINT row=2 layer=11 checkpoint=CP3-F object=layer_attn_state_score result=EXACT element_count=65536 mismatch_count=0
CHECKPOINT row=2 layer=11 checkpoint=CP3-F object=layer_n_comp result=EXACT element_count=1 mismatch_count=0
CHECKPOINT row=2 layer=11 checkpoint=CP3-F object=attn_emitted_row_count result=EXACT element_count=1 mismatch_count=0
CHECKPOINT row=2 layer=11 checkpoint=CP4 object=post_attention_hidden_state result=EXACT element_count=16384 mismatch_count=0
CHECKPOINT row=2 layer=11 checkpoint=CP5 object=final_layer_hidden_state result=EXACT element_count=16384 mismatch_count=0
CHECKPOINT row=2 layer=12 checkpoint=CP1 object=normalized_attention_input result=EXACT element_count=4096 mismatch_count=0
CHECKPOINT row=2 layer=12 checkpoint=CP2-Q object=q_projection result=EXACT element_count=1024 mismatch_count=0
CHECKPOINT row=2 layer=12 checkpoint=CP2-KV-P object=kv_projection result=EXACT element_count=512 mismatch_count=0
CHECKPOINT row=2 layer=12 checkpoint=CP2-KV-R object=raw_kv_row result=EXACT element_count=512 mismatch_count=0
CHECKPOINT row=2 layer=12 checkpoint=CP3-F object=layer_attn_state_kv result=EXACT element_count=8192 mismatch_count=0
CHECKPOINT row=2 layer=12 checkpoint=CP3-F object=layer_attn_state_score result=EXACT element_count=8192 mismatch_count=0
CHECKPOINT row=2 layer=12 checkpoint=CP3-F object=layer_n_comp result=EXACT element_count=1 mismatch_count=0
CHECKPOINT row=2 layer=12 checkpoint=CP3-F object=attn_emitted_row_count result=EXACT element_count=1 mismatch_count=0
CHECKPOINT row=2 layer=12 checkpoint=CP3-F object=layer_index_state_kv result=EXACT element_count=2048 mismatch_count=0
CHECKPOINT row=2 layer=12 checkpoint=CP3-F object=layer_index_state_score result=EXACT element_count=2048 mismatch_count=0
CHECKPOINT row=2 layer=12 checkpoint=CP3-F object=layer_n_index_comp result=EXACT element_count=1 mismatch_count=0
CHECKPOINT row=2 layer=12 checkpoint=CP3-F object=index_emitted_row_count result=EXACT element_count=1 mismatch_count=0
CHECKPOINT row=2 layer=12 checkpoint=CP4 object=post_attention_hidden_state result=EXACT element_count=16384 mismatch_count=0
CHECKPOINT row=2 layer=12 checkpoint=CP5 object=final_layer_hidden_state result=EXACT element_count=16384 mismatch_count=0
CHECKPOINT row=2 layer=13 checkpoint=CP1 object=normalized_attention_input result=EXACT element_count=4096 mismatch_count=0
CHECKPOINT row=2 layer=13 checkpoint=CP2-Q object=q_projection result=EXACT element_count=1024 mismatch_count=0
CHECKPOINT row=2 layer=13 checkpoint=CP2-KV-P object=kv_projection result=EXACT element_count=512 mismatch_count=0
CHECKPOINT row=2 layer=13 checkpoint=CP2-KV-R object=raw_kv_row result=EXACT element_count=512 mismatch_count=0
CHECKPOINT row=2 layer=13 checkpoint=CP3-F object=layer_attn_state_kv result=EXACT element_count=65536 mismatch_count=0
CHECKPOINT row=2 layer=13 checkpoint=CP3-F object=layer_attn_state_score result=EXACT element_count=65536 mismatch_count=0
CHECKPOINT row=2 layer=13 checkpoint=CP3-F object=layer_n_comp result=EXACT element_count=1 mismatch_count=0
CHECKPOINT row=2 layer=13 checkpoint=CP3-F object=attn_emitted_row_count result=EXACT element_count=1 mismatch_count=0
CHECKPOINT row=2 layer=13 checkpoint=CP4 object=post_attention_hidden_state result=EXACT element_count=16384 mismatch_count=0
CHECKPOINT row=2 layer=13 checkpoint=CP5 object=final_layer_hidden_state result=EXACT element_count=16384 mismatch_count=0
CHECKPOINT row=2 layer=14 checkpoint=CP1 object=normalized_attention_input result=EXACT element_count=4096 mismatch_count=0
CHECKPOINT row=2 layer=14 checkpoint=CP2-Q object=q_projection result=EXACT element_count=1024 mismatch_count=0
CHECKPOINT row=2 layer=14 checkpoint=CP2-KV-P object=kv_projection result=EXACT element_count=512 mismatch_count=0
CHECKPOINT row=2 layer=14 checkpoint=CP2-KV-R object=raw_kv_row result=EXACT element_count=512 mismatch_count=0
CHECKPOINT row=2 layer=14 checkpoint=CP3-F object=layer_attn_state_kv result=EXACT element_count=8192 mismatch_count=0
CHECKPOINT row=2 layer=14 checkpoint=CP3-F object=layer_attn_state_score result=EXACT element_count=8192 mismatch_count=0
CHECKPOINT row=2 layer=14 checkpoint=CP3-F object=layer_n_comp result=EXACT element_count=1 mismatch_count=0
CHECKPOINT row=2 layer=14 checkpoint=CP3-F object=attn_emitted_row_count result=EXACT element_count=1 mismatch_count=0
CHECKPOINT row=2 layer=14 checkpoint=CP3-F object=layer_index_state_kv result=EXACT element_count=2048 mismatch_count=0
CHECKPOINT row=2 layer=14 checkpoint=CP3-F object=layer_index_state_score result=EXACT element_count=2048 mismatch_count=0
CHECKPOINT row=2 layer=14 checkpoint=CP3-F object=layer_n_index_comp result=EXACT element_count=1 mismatch_count=0
CHECKPOINT row=2 layer=14 checkpoint=CP3-F object=index_emitted_row_count result=EXACT element_count=1 mismatch_count=0
CHECKPOINT row=2 layer=14 checkpoint=CP4 object=post_attention_hidden_state result=EXACT element_count=16384 mismatch_count=0
CHECKPOINT row=2 layer=14 checkpoint=CP5 object=final_layer_hidden_state result=EXACT element_count=16384 mismatch_count=0
CHECKPOINT row=2 layer=15 checkpoint=CP1 object=normalized_attention_input result=EXACT element_count=4096 mismatch_count=0
CHECKPOINT row=2 layer=15 checkpoint=CP2-Q object=q_projection result=EXACT element_count=1024 mismatch_count=0
CHECKPOINT row=2 layer=15 checkpoint=CP2-KV-P object=kv_projection result=EXACT element_count=512 mismatch_count=0
CHECKPOINT row=2 layer=15 checkpoint=CP2-KV-R object=raw_kv_row result=EXACT element_count=512 mismatch_count=0
CHECKPOINT row=2 layer=15 checkpoint=CP3-F object=layer_attn_state_kv result=EXACT element_count=65536 mismatch_count=0
CHECKPOINT row=2 layer=15 checkpoint=CP3-F object=layer_attn_state_score result=EXACT element_count=65536 mismatch_count=0
CHECKPOINT row=2 layer=15 checkpoint=CP3-F object=layer_n_comp result=EXACT element_count=1 mismatch_count=0
CHECKPOINT row=2 layer=15 checkpoint=CP3-F object=attn_emitted_row_count result=EXACT element_count=1 mismatch_count=0
CHECKPOINT row=2 layer=15 checkpoint=CP4 object=post_attention_hidden_state result=EXACT element_count=16384 mismatch_count=0
CHECKPOINT row=2 layer=15 checkpoint=CP5 object=final_layer_hidden_state result=EXACT element_count=16384 mismatch_count=0
CHECKPOINT row=2 layer=16 checkpoint=CP1 object=normalized_attention_input result=EXACT element_count=4096 mismatch_count=0
CHECKPOINT row=2 layer=16 checkpoint=CP2-Q object=q_projection result=EXACT element_count=1024 mismatch_count=0
CHECKPOINT row=2 layer=16 checkpoint=CP2-KV-P object=kv_projection result=EXACT element_count=512 mismatch_count=0
CHECKPOINT row=2 layer=16 checkpoint=CP2-KV-R object=raw_kv_row result=EXACT element_count=512 mismatch_count=0
CHECKPOINT row=2 layer=16 checkpoint=CP3-F object=layer_attn_state_kv result=EXACT element_count=8192 mismatch_count=0
CHECKPOINT row=2 layer=16 checkpoint=CP3-F object=layer_attn_state_score result=EXACT element_count=8192 mismatch_count=0
CHECKPOINT row=2 layer=16 checkpoint=CP3-F object=layer_n_comp result=EXACT element_count=1 mismatch_count=0
CHECKPOINT row=2 layer=16 checkpoint=CP3-F object=attn_emitted_row_count result=EXACT element_count=1 mismatch_count=0
CHECKPOINT row=2 layer=16 checkpoint=CP3-F object=layer_index_state_kv result=EXACT element_count=2048 mismatch_count=0
CHECKPOINT row=2 layer=16 checkpoint=CP3-F object=layer_index_state_score result=EXACT element_count=2048 mismatch_count=0
CHECKPOINT row=2 layer=16 checkpoint=CP3-F object=layer_n_index_comp result=EXACT element_count=1 mismatch_count=0
CHECKPOINT row=2 layer=16 checkpoint=CP3-F object=index_emitted_row_count result=EXACT element_count=1 mismatch_count=0
CHECKPOINT row=2 layer=16 checkpoint=CP4 object=post_attention_hidden_state result=EXACT element_count=16384 mismatch_count=0
CHECKPOINT row=2 layer=16 checkpoint=CP5 object=final_layer_hidden_state result=EXACT element_count=16384 mismatch_count=0
CHECKPOINT row=2 layer=17 checkpoint=CP1 object=normalized_attention_input result=EXACT element_count=4096 mismatch_count=0
CHECKPOINT row=2 layer=17 checkpoint=CP2-Q object=q_projection result=EXACT element_count=1024 mismatch_count=0
CHECKPOINT row=2 layer=17 checkpoint=CP2-KV-P object=kv_projection result=EXACT element_count=512 mismatch_count=0
CHECKPOINT row=2 layer=17 checkpoint=CP2-KV-R object=raw_kv_row result=EXACT element_count=512 mismatch_count=0
CHECKPOINT row=2 layer=17 checkpoint=CP3-F object=layer_attn_state_kv result=EXACT element_count=65536 mismatch_count=0
CHECKPOINT row=2 layer=17 checkpoint=CP3-F object=layer_attn_state_score result=EXACT element_count=65536 mismatch_count=0
CHECKPOINT row=2 layer=17 checkpoint=CP3-F object=layer_n_comp result=EXACT element_count=1 mismatch_count=0
CHECKPOINT row=2 layer=17 checkpoint=CP3-F object=attn_emitted_row_count result=EXACT element_count=1 mismatch_count=0
CHECKPOINT row=2 layer=17 checkpoint=CP4 object=post_attention_hidden_state result=EXACT element_count=16384 mismatch_count=0
CHECKPOINT row=2 layer=17 checkpoint=CP5 object=final_layer_hidden_state result=EXACT element_count=16384 mismatch_count=0
CHECKPOINT row=2 layer=18 checkpoint=CP1 object=normalized_attention_input result=EXACT element_count=4096 mismatch_count=0
CHECKPOINT row=2 layer=18 checkpoint=CP2-Q object=q_projection result=EXACT element_count=1024 mismatch_count=0
CHECKPOINT row=2 layer=18 checkpoint=CP2-KV-P object=kv_projection result=EXACT element_count=512 mismatch_count=0
CHECKPOINT row=2 layer=18 checkpoint=CP2-KV-R object=raw_kv_row result=EXACT element_count=512 mismatch_count=0
CHECKPOINT row=2 layer=18 checkpoint=CP3-F object=layer_attn_state_kv result=EXACT element_count=8192 mismatch_count=0
CHECKPOINT row=2 layer=18 checkpoint=CP3-F object=layer_attn_state_score result=EXACT element_count=8192 mismatch_count=0
CHECKPOINT row=2 layer=18 checkpoint=CP3-F object=layer_n_comp result=EXACT element_count=1 mismatch_count=0
CHECKPOINT row=2 layer=18 checkpoint=CP3-F object=attn_emitted_row_count result=EXACT element_count=1 mismatch_count=0
CHECKPOINT row=2 layer=18 checkpoint=CP3-F object=layer_index_state_kv result=EXACT element_count=2048 mismatch_count=0
CHECKPOINT row=2 layer=18 checkpoint=CP3-F object=layer_index_state_score result=EXACT element_count=2048 mismatch_count=0
CHECKPOINT row=2 layer=18 checkpoint=CP3-F object=layer_n_index_comp result=EXACT element_count=1 mismatch_count=0
CHECKPOINT row=2 layer=18 checkpoint=CP3-F object=index_emitted_row_count result=EXACT element_count=1 mismatch_count=0
CHECKPOINT row=2 layer=18 checkpoint=CP4 object=post_attention_hidden_state result=EXACT element_count=16384 mismatch_count=0
CHECKPOINT row=2 layer=18 checkpoint=CP5 object=final_layer_hidden_state result=EXACT element_count=16384 mismatch_count=0
CHECKPOINT row=2 layer=19 checkpoint=CP1 object=normalized_attention_input result=EXACT element_count=4096 mismatch_count=0
CHECKPOINT row=2 layer=19 checkpoint=CP2-Q object=q_projection result=EXACT element_count=1024 mismatch_count=0
CHECKPOINT row=2 layer=19 checkpoint=CP2-KV-P object=kv_projection result=EXACT element_count=512 mismatch_count=0
CHECKPOINT row=2 layer=19 checkpoint=CP2-KV-R object=raw_kv_row result=EXACT element_count=512 mismatch_count=0
CHECKPOINT row=2 layer=19 checkpoint=CP3-F object=layer_attn_state_kv result=EXACT element_count=65536 mismatch_count=0
CHECKPOINT row=2 layer=19 checkpoint=CP3-F object=layer_attn_state_score result=EXACT element_count=65536 mismatch_count=0
CHECKPOINT row=2 layer=19 checkpoint=CP3-F object=layer_n_comp result=EXACT element_count=1 mismatch_count=0
CHECKPOINT row=2 layer=19 checkpoint=CP3-F object=attn_emitted_row_count result=EXACT element_count=1 mismatch_count=0
CHECKPOINT row=2 layer=19 checkpoint=CP4 object=post_attention_hidden_state result=EXACT element_count=16384 mismatch_count=0
CHECKPOINT row=2 layer=19 checkpoint=CP5 object=final_layer_hidden_state result=EXACT element_count=16384 mismatch_count=0
CHECKPOINT row=2 layer=20 checkpoint=CP1 object=normalized_attention_input result=EXACT element_count=4096 mismatch_count=0
CHECKPOINT row=2 layer=20 checkpoint=CP2-Q object=q_projection result=EXACT element_count=1024 mismatch_count=0
CHECKPOINT row=2 layer=20 checkpoint=CP2-KV-P object=kv_projection result=EXACT element_count=512 mismatch_count=0
CHECKPOINT row=2 layer=20 checkpoint=CP2-KV-R object=raw_kv_row result=EXACT element_count=512 mismatch_count=0
CHECKPOINT row=2 layer=20 checkpoint=CP3-F object=layer_attn_state_kv result=EXACT element_count=8192 mismatch_count=0
CHECKPOINT row=2 layer=20 checkpoint=CP3-F object=layer_attn_state_score result=EXACT element_count=8192 mismatch_count=0
CHECKPOINT row=2 layer=20 checkpoint=CP3-F object=layer_n_comp result=EXACT element_count=1 mismatch_count=0
CHECKPOINT row=2 layer=20 checkpoint=CP3-F object=attn_emitted_row_count result=EXACT element_count=1 mismatch_count=0
CHECKPOINT row=2 layer=20 checkpoint=CP3-F object=layer_index_state_kv result=EXACT element_count=2048 mismatch_count=0
CHECKPOINT row=2 layer=20 checkpoint=CP3-F object=layer_index_state_score result=EXACT element_count=2048 mismatch_count=0
CHECKPOINT row=2 layer=20 checkpoint=CP3-F object=layer_n_index_comp result=EXACT element_count=1 mismatch_count=0
CHECKPOINT row=2 layer=20 checkpoint=CP3-F object=index_emitted_row_count result=EXACT element_count=1 mismatch_count=0
CHECKPOINT row=2 layer=20 checkpoint=CP4 object=post_attention_hidden_state result=EXACT element_count=16384 mismatch_count=0
CHECKPOINT row=2 layer=20 checkpoint=CP5 object=final_layer_hidden_state result=EXACT element_count=16384 mismatch_count=0
CHECKPOINT row=2 layer=21 checkpoint=CP1 object=normalized_attention_input result=EXACT element_count=4096 mismatch_count=0
CHECKPOINT row=2 layer=21 checkpoint=CP2-Q object=q_projection result=EXACT element_count=1024 mismatch_count=0
CHECKPOINT row=2 layer=21 checkpoint=CP2-KV-P object=kv_projection result=EXACT element_count=512 mismatch_count=0
CHECKPOINT row=2 layer=21 checkpoint=CP2-KV-R object=raw_kv_row result=EXACT element_count=512 mismatch_count=0
CHECKPOINT row=2 layer=21 checkpoint=CP3-F object=layer_attn_state_kv result=EXACT element_count=65536 mismatch_count=0
CHECKPOINT row=2 layer=21 checkpoint=CP3-F object=layer_attn_state_score result=EXACT element_count=65536 mismatch_count=0
CHECKPOINT row=2 layer=21 checkpoint=CP3-F object=layer_n_comp result=EXACT element_count=1 mismatch_count=0
CHECKPOINT row=2 layer=21 checkpoint=CP3-F object=attn_emitted_row_count result=EXACT element_count=1 mismatch_count=0
CHECKPOINT row=2 layer=21 checkpoint=CP4 object=post_attention_hidden_state result=EXACT element_count=16384 mismatch_count=0
CHECKPOINT row=2 layer=21 checkpoint=CP5 object=final_layer_hidden_state result=EXACT element_count=16384 mismatch_count=0
CHECKPOINT row=2 layer=22 checkpoint=CP1 object=normalized_attention_input result=EXACT element_count=4096 mismatch_count=0
CHECKPOINT row=2 layer=22 checkpoint=CP2-Q object=q_projection result=EXACT element_count=1024 mismatch_count=0
CHECKPOINT row=2 layer=22 checkpoint=CP2-KV-P object=kv_projection result=EXACT element_count=512 mismatch_count=0
CHECKPOINT row=2 layer=22 checkpoint=CP2-KV-R object=raw_kv_row result=EXACT element_count=512 mismatch_count=0
CHECKPOINT row=2 layer=22 checkpoint=CP3-F object=layer_attn_state_kv result=EXACT element_count=8192 mismatch_count=0
CHECKPOINT row=2 layer=22 checkpoint=CP3-F object=layer_attn_state_score result=EXACT element_count=8192 mismatch_count=0
CHECKPOINT row=2 layer=22 checkpoint=CP3-F object=layer_n_comp result=EXACT element_count=1 mismatch_count=0
CHECKPOINT row=2 layer=22 checkpoint=CP3-F object=attn_emitted_row_count result=EXACT element_count=1 mismatch_count=0
CHECKPOINT row=2 layer=22 checkpoint=CP3-F object=layer_index_state_kv result=EXACT element_count=2048 mismatch_count=0
CHECKPOINT row=2 layer=22 checkpoint=CP3-F object=layer_index_state_score result=EXACT element_count=2048 mismatch_count=0
CHECKPOINT row=2 layer=22 checkpoint=CP3-F object=layer_n_index_comp result=EXACT element_count=1 mismatch_count=0
CHECKPOINT row=2 layer=22 checkpoint=CP3-F object=index_emitted_row_count result=EXACT element_count=1 mismatch_count=0
CHECKPOINT row=2 layer=22 checkpoint=CP4 object=post_attention_hidden_state result=EXACT element_count=16384 mismatch_count=0
CHECKPOINT row=2 layer=22 checkpoint=CP5 object=final_layer_hidden_state result=EXACT element_count=16384 mismatch_count=0
CHECKPOINT row=2 layer=23 checkpoint=CP1 object=normalized_attention_input result=EXACT element_count=4096 mismatch_count=0
CHECKPOINT row=2 layer=23 checkpoint=CP2-Q object=q_projection result=EXACT element_count=1024 mismatch_count=0
CHECKPOINT row=2 layer=23 checkpoint=CP2-KV-P object=kv_projection result=EXACT element_count=512 mismatch_count=0
CHECKPOINT row=2 layer=23 checkpoint=CP2-KV-R object=raw_kv_row result=EXACT element_count=512 mismatch_count=0
CHECKPOINT row=2 layer=23 checkpoint=CP3-F object=layer_attn_state_kv result=EXACT element_count=65536 mismatch_count=0
CHECKPOINT row=2 layer=23 checkpoint=CP3-F object=layer_attn_state_score result=EXACT element_count=65536 mismatch_count=0
CHECKPOINT row=2 layer=23 checkpoint=CP3-F object=layer_n_comp result=EXACT element_count=1 mismatch_count=0
CHECKPOINT row=2 layer=23 checkpoint=CP3-F object=attn_emitted_row_count result=EXACT element_count=1 mismatch_count=0
CHECKPOINT row=2 layer=23 checkpoint=CP4 object=post_attention_hidden_state result=EXACT element_count=16384 mismatch_count=0
CHECKPOINT row=2 layer=23 checkpoint=CP5 object=final_layer_hidden_state result=EXACT element_count=16384 mismatch_count=0
CHECKPOINT row=2 layer=24 checkpoint=CP1 object=normalized_attention_input result=EXACT element_count=4096 mismatch_count=0
CHECKPOINT row=2 layer=24 checkpoint=CP2-Q object=q_projection result=EXACT element_count=1024 mismatch_count=0
CHECKPOINT row=2 layer=24 checkpoint=CP2-KV-P object=kv_projection result=EXACT element_count=512 mismatch_count=0
CHECKPOINT row=2 layer=24 checkpoint=CP2-KV-R object=raw_kv_row result=EXACT element_count=512 mismatch_count=0
CHECKPOINT row=2 layer=24 checkpoint=CP3-F object=layer_attn_state_kv result=EXACT element_count=8192 mismatch_count=0
CHECKPOINT row=2 layer=24 checkpoint=CP3-F object=layer_attn_state_score result=EXACT element_count=8192 mismatch_count=0
CHECKPOINT row=2 layer=24 checkpoint=CP3-F object=layer_n_comp result=EXACT element_count=1 mismatch_count=0
CHECKPOINT row=2 layer=24 checkpoint=CP3-F object=attn_emitted_row_count result=EXACT element_count=1 mismatch_count=0
CHECKPOINT row=2 layer=24 checkpoint=CP3-F object=layer_index_state_kv result=EXACT element_count=2048 mismatch_count=0
CHECKPOINT row=2 layer=24 checkpoint=CP3-F object=layer_index_state_score result=EXACT element_count=2048 mismatch_count=0
CHECKPOINT row=2 layer=24 checkpoint=CP3-F object=layer_n_index_comp result=EXACT element_count=1 mismatch_count=0
CHECKPOINT row=2 layer=24 checkpoint=CP3-F object=index_emitted_row_count result=EXACT element_count=1 mismatch_count=0
CHECKPOINT row=2 layer=24 checkpoint=CP4 object=post_attention_hidden_state result=EXACT element_count=16384 mismatch_count=0
CHECKPOINT row=2 layer=24 checkpoint=CP5 object=final_layer_hidden_state result=EXACT element_count=16384 mismatch_count=0
CHECKPOINT row=2 layer=25 checkpoint=CP1 object=normalized_attention_input result=EXACT element_count=4096 mismatch_count=0
CHECKPOINT row=2 layer=25 checkpoint=CP2-Q object=q_projection result=EXACT element_count=1024 mismatch_count=0
CHECKPOINT row=2 layer=25 checkpoint=CP2-KV-P object=kv_projection result=EXACT element_count=512 mismatch_count=0
CHECKPOINT row=2 layer=25 checkpoint=CP2-KV-R object=raw_kv_row result=EXACT element_count=512 mismatch_count=0
CHECKPOINT row=2 layer=25 checkpoint=CP3-F object=layer_attn_state_kv result=EXACT element_count=65536 mismatch_count=0
CHECKPOINT row=2 layer=25 checkpoint=CP3-F object=layer_attn_state_score result=EXACT element_count=65536 mismatch_count=0
CHECKPOINT row=2 layer=25 checkpoint=CP3-F object=layer_n_comp result=EXACT element_count=1 mismatch_count=0
CHECKPOINT row=2 layer=25 checkpoint=CP3-F object=attn_emitted_row_count result=EXACT element_count=1 mismatch_count=0
CHECKPOINT row=2 layer=25 checkpoint=CP4 object=post_attention_hidden_state result=EXACT element_count=16384 mismatch_count=0
CHECKPOINT row=2 layer=25 checkpoint=CP5 object=final_layer_hidden_state result=EXACT element_count=16384 mismatch_count=0
CHECKPOINT row=2 layer=26 checkpoint=CP1 object=normalized_attention_input result=EXACT element_count=4096 mismatch_count=0
CHECKPOINT row=2 layer=26 checkpoint=CP2-Q object=q_projection result=EXACT element_count=1024 mismatch_count=0
CHECKPOINT row=2 layer=26 checkpoint=CP2-KV-P object=kv_projection result=EXACT element_count=512 mismatch_count=0
CHECKPOINT row=2 layer=26 checkpoint=CP2-KV-R object=raw_kv_row result=EXACT element_count=512 mismatch_count=0
CHECKPOINT row=2 layer=26 checkpoint=CP3-F object=layer_attn_state_kv result=EXACT element_count=8192 mismatch_count=0
CHECKPOINT row=2 layer=26 checkpoint=CP3-F object=layer_attn_state_score result=EXACT element_count=8192 mismatch_count=0
CHECKPOINT row=2 layer=26 checkpoint=CP3-F object=layer_n_comp result=EXACT element_count=1 mismatch_count=0
CHECKPOINT row=2 layer=26 checkpoint=CP3-F object=attn_emitted_row_count result=EXACT element_count=1 mismatch_count=0
CHECKPOINT row=2 layer=26 checkpoint=CP3-F object=layer_index_state_kv result=EXACT element_count=2048 mismatch_count=0
CHECKPOINT row=2 layer=26 checkpoint=CP3-F object=layer_index_state_score result=EXACT element_count=2048 mismatch_count=0
CHECKPOINT row=2 layer=26 checkpoint=CP3-F object=layer_n_index_comp result=EXACT element_count=1 mismatch_count=0
CHECKPOINT row=2 layer=26 checkpoint=CP3-F object=index_emitted_row_count result=EXACT element_count=1 mismatch_count=0
CHECKPOINT row=2 layer=26 checkpoint=CP4 object=post_attention_hidden_state result=EXACT element_count=16384 mismatch_count=0
CHECKPOINT row=2 layer=26 checkpoint=CP5 object=final_layer_hidden_state result=EXACT element_count=16384 mismatch_count=0
CHECKPOINT row=2 layer=27 checkpoint=CP1 object=normalized_attention_input result=EXACT element_count=4096 mismatch_count=0
CHECKPOINT row=2 layer=27 checkpoint=CP2-Q object=q_projection result=EXACT element_count=1024 mismatch_count=0
CHECKPOINT row=2 layer=27 checkpoint=CP2-KV-P object=kv_projection result=EXACT element_count=512 mismatch_count=0
CHECKPOINT row=2 layer=27 checkpoint=CP2-KV-R object=raw_kv_row result=EXACT element_count=512 mismatch_count=0
CHECKPOINT row=2 layer=27 checkpoint=CP3-F object=layer_attn_state_kv result=EXACT element_count=65536 mismatch_count=0
CHECKPOINT row=2 layer=27 checkpoint=CP3-F object=layer_attn_state_score result=EXACT element_count=65536 mismatch_count=0
CHECKPOINT row=2 layer=27 checkpoint=CP3-F object=layer_n_comp result=EXACT element_count=1 mismatch_count=0
CHECKPOINT row=2 layer=27 checkpoint=CP3-F object=attn_emitted_row_count result=EXACT element_count=1 mismatch_count=0
CHECKPOINT row=2 layer=27 checkpoint=CP4 object=post_attention_hidden_state result=EXACT element_count=16384 mismatch_count=0
CHECKPOINT row=2 layer=27 checkpoint=CP5 object=final_layer_hidden_state result=EXACT element_count=16384 mismatch_count=0
CHECKPOINT row=2 layer=28 checkpoint=CP1 object=normalized_attention_input result=EXACT element_count=4096 mismatch_count=0
CHECKPOINT row=2 layer=28 checkpoint=CP2-Q object=q_projection result=EXACT element_count=1024 mismatch_count=0
CHECKPOINT row=2 layer=28 checkpoint=CP2-KV-P object=kv_projection result=EXACT element_count=512 mismatch_count=0
CHECKPOINT row=2 layer=28 checkpoint=CP2-KV-R object=raw_kv_row result=EXACT element_count=512 mismatch_count=0
CHECKPOINT row=2 layer=28 checkpoint=CP3-F object=layer_attn_state_kv result=EXACT element_count=8192 mismatch_count=0
CHECKPOINT row=2 layer=28 checkpoint=CP3-F object=layer_attn_state_score result=EXACT element_count=8192 mismatch_count=0
CHECKPOINT row=2 layer=28 checkpoint=CP3-F object=layer_n_comp result=EXACT element_count=1 mismatch_count=0
CHECKPOINT row=2 layer=28 checkpoint=CP3-F object=attn_emitted_row_count result=EXACT element_count=1 mismatch_count=0
CHECKPOINT row=2 layer=28 checkpoint=CP3-F object=layer_index_state_kv result=EXACT element_count=2048 mismatch_count=0
CHECKPOINT row=2 layer=28 checkpoint=CP3-F object=layer_index_state_score result=EXACT element_count=2048 mismatch_count=0
CHECKPOINT row=2 layer=28 checkpoint=CP3-F object=layer_n_index_comp result=EXACT element_count=1 mismatch_count=0
CHECKPOINT row=2 layer=28 checkpoint=CP3-F object=index_emitted_row_count result=EXACT element_count=1 mismatch_count=0
CHECKPOINT row=2 layer=28 checkpoint=CP4 object=post_attention_hidden_state result=EXACT element_count=16384 mismatch_count=0
CHECKPOINT row=2 layer=28 checkpoint=CP5 object=final_layer_hidden_state result=EXACT element_count=16384 mismatch_count=0
CHECKPOINT row=2 layer=29 checkpoint=CP1 object=normalized_attention_input result=EXACT element_count=4096 mismatch_count=0
CHECKPOINT row=2 layer=29 checkpoint=CP2-Q object=q_projection result=EXACT element_count=1024 mismatch_count=0
CHECKPOINT row=2 layer=29 checkpoint=CP2-KV-P object=kv_projection result=EXACT element_count=512 mismatch_count=0
CHECKPOINT row=2 layer=29 checkpoint=CP2-KV-R object=raw_kv_row result=EXACT element_count=512 mismatch_count=0
CHECKPOINT row=2 layer=29 checkpoint=CP3-F object=layer_attn_state_kv result=EXACT element_count=65536 mismatch_count=0
CHECKPOINT row=2 layer=29 checkpoint=CP3-F object=layer_attn_state_score result=EXACT element_count=65536 mismatch_count=0
CHECKPOINT row=2 layer=29 checkpoint=CP3-F object=layer_n_comp result=EXACT element_count=1 mismatch_count=0
CHECKPOINT row=2 layer=29 checkpoint=CP3-F object=attn_emitted_row_count result=EXACT element_count=1 mismatch_count=0
CHECKPOINT row=2 layer=29 checkpoint=CP4 object=post_attention_hidden_state result=EXACT element_count=16384 mismatch_count=0
CHECKPOINT row=2 layer=29 checkpoint=CP5 object=final_layer_hidden_state result=EXACT element_count=16384 mismatch_count=0
CHECKPOINT row=2 layer=30 checkpoint=CP1 object=normalized_attention_input result=EXACT element_count=4096 mismatch_count=0
CHECKPOINT row=2 layer=30 checkpoint=CP2-Q object=q_projection result=EXACT element_count=1024 mismatch_count=0
CHECKPOINT row=2 layer=30 checkpoint=CP2-KV-P object=kv_projection result=EXACT element_count=512 mismatch_count=0
CHECKPOINT row=2 layer=30 checkpoint=CP2-KV-R object=raw_kv_row result=EXACT element_count=512 mismatch_count=0
CHECKPOINT row=2 layer=30 checkpoint=CP3-F object=layer_attn_state_kv result=EXACT element_count=8192 mismatch_count=0
CHECKPOINT row=2 layer=30 checkpoint=CP3-F object=layer_attn_state_score result=EXACT element_count=8192 mismatch_count=0
CHECKPOINT row=2 layer=30 checkpoint=CP3-F object=layer_n_comp result=EXACT element_count=1 mismatch_count=0
CHECKPOINT row=2 layer=30 checkpoint=CP3-F object=attn_emitted_row_count result=EXACT element_count=1 mismatch_count=0
CHECKPOINT row=2 layer=30 checkpoint=CP3-F object=layer_index_state_kv result=EXACT element_count=2048 mismatch_count=0
CHECKPOINT row=2 layer=30 checkpoint=CP3-F object=layer_index_state_score result=EXACT element_count=2048 mismatch_count=0
CHECKPOINT row=2 layer=30 checkpoint=CP3-F object=layer_n_index_comp result=EXACT element_count=1 mismatch_count=0
CHECKPOINT row=2 layer=30 checkpoint=CP3-F object=index_emitted_row_count result=EXACT element_count=1 mismatch_count=0
CHECKPOINT row=2 layer=30 checkpoint=CP4 object=post_attention_hidden_state result=EXACT element_count=16384 mismatch_count=0
CHECKPOINT row=2 layer=30 checkpoint=CP5 object=final_layer_hidden_state result=EXACT element_count=16384 mismatch_count=0
CHECKPOINT row=2 layer=31 checkpoint=CP1 object=normalized_attention_input result=EXACT element_count=4096 mismatch_count=0
CHECKPOINT row=2 layer=31 checkpoint=CP2-Q object=q_projection result=EXACT element_count=1024 mismatch_count=0
CHECKPOINT row=2 layer=31 checkpoint=CP2-KV-P object=kv_projection result=EXACT element_count=512 mismatch_count=0
CHECKPOINT row=2 layer=31 checkpoint=CP2-KV-R object=raw_kv_row result=EXACT element_count=512 mismatch_count=0
CHECKPOINT row=2 layer=31 checkpoint=CP3-F object=layer_attn_state_kv result=EXACT element_count=65536 mismatch_count=0
CHECKPOINT row=2 layer=31 checkpoint=CP3-F object=layer_attn_state_score result=EXACT element_count=65536 mismatch_count=0
CHECKPOINT row=2 layer=31 checkpoint=CP3-F object=layer_n_comp result=EXACT element_count=1 mismatch_count=0
CHECKPOINT row=2 layer=31 checkpoint=CP3-F object=attn_emitted_row_count result=EXACT element_count=1 mismatch_count=0
CHECKPOINT row=2 layer=31 checkpoint=CP4 object=post_attention_hidden_state result=EXACT element_count=16384 mismatch_count=0
CHECKPOINT row=2 layer=31 checkpoint=CP5 object=final_layer_hidden_state result=EXACT element_count=16384 mismatch_count=0
CHECKPOINT row=2 layer=32 checkpoint=CP1 object=normalized_attention_input result=EXACT element_count=4096 mismatch_count=0
CHECKPOINT row=2 layer=32 checkpoint=CP2-Q object=q_projection result=EXACT element_count=1024 mismatch_count=0
CHECKPOINT row=2 layer=32 checkpoint=CP2-KV-P object=kv_projection result=EXACT element_count=512 mismatch_count=0
CHECKPOINT row=2 layer=32 checkpoint=CP2-KV-R object=raw_kv_row result=EXACT element_count=512 mismatch_count=0
CHECKPOINT row=2 layer=32 checkpoint=CP3-F object=layer_attn_state_kv result=EXACT element_count=8192 mismatch_count=0
CHECKPOINT row=2 layer=32 checkpoint=CP3-F object=layer_attn_state_score result=EXACT element_count=8192 mismatch_count=0
CHECKPOINT row=2 layer=32 checkpoint=CP3-F object=layer_n_comp result=EXACT element_count=1 mismatch_count=0
CHECKPOINT row=2 layer=32 checkpoint=CP3-F object=attn_emitted_row_count result=EXACT element_count=1 mismatch_count=0
CHECKPOINT row=2 layer=32 checkpoint=CP3-F object=layer_index_state_kv result=EXACT element_count=2048 mismatch_count=0
CHECKPOINT row=2 layer=32 checkpoint=CP3-F object=layer_index_state_score result=EXACT element_count=2048 mismatch_count=0
CHECKPOINT row=2 layer=32 checkpoint=CP3-F object=layer_n_index_comp result=EXACT element_count=1 mismatch_count=0
CHECKPOINT row=2 layer=32 checkpoint=CP3-F object=index_emitted_row_count result=EXACT element_count=1 mismatch_count=0
CHECKPOINT row=2 layer=32 checkpoint=CP4 object=post_attention_hidden_state result=EXACT element_count=16384 mismatch_count=0
CHECKPOINT row=2 layer=32 checkpoint=CP5 object=final_layer_hidden_state result=EXACT element_count=16384 mismatch_count=0
CHECKPOINT row=2 layer=33 checkpoint=CP1 object=normalized_attention_input result=EXACT element_count=4096 mismatch_count=0
CHECKPOINT row=2 layer=33 checkpoint=CP2-Q object=q_projection result=EXACT element_count=1024 mismatch_count=0
CHECKPOINT row=2 layer=33 checkpoint=CP2-KV-P object=kv_projection result=EXACT element_count=512 mismatch_count=0
CHECKPOINT row=2 layer=33 checkpoint=CP2-KV-R object=raw_kv_row result=EXACT element_count=512 mismatch_count=0
CHECKPOINT row=2 layer=33 checkpoint=CP3-F object=layer_attn_state_kv result=EXACT element_count=65536 mismatch_count=0
CHECKPOINT row=2 layer=33 checkpoint=CP3-F object=layer_attn_state_score result=EXACT element_count=65536 mismatch_count=0
CHECKPOINT row=2 layer=33 checkpoint=CP3-F object=layer_n_comp result=EXACT element_count=1 mismatch_count=0
CHECKPOINT row=2 layer=33 checkpoint=CP3-F object=attn_emitted_row_count result=EXACT element_count=1 mismatch_count=0
CHECKPOINT row=2 layer=33 checkpoint=CP4 object=post_attention_hidden_state result=EXACT element_count=16384 mismatch_count=0
CHECKPOINT row=2 layer=33 checkpoint=CP5 object=final_layer_hidden_state result=EXACT element_count=16384 mismatch_count=0
CHECKPOINT row=2 layer=34 checkpoint=CP1 object=normalized_attention_input result=EXACT element_count=4096 mismatch_count=0
CHECKPOINT row=2 layer=34 checkpoint=CP2-Q object=q_projection result=EXACT element_count=1024 mismatch_count=0
CHECKPOINT row=2 layer=34 checkpoint=CP2-KV-P object=kv_projection result=EXACT element_count=512 mismatch_count=0
CHECKPOINT row=2 layer=34 checkpoint=CP2-KV-R object=raw_kv_row result=EXACT element_count=512 mismatch_count=0
CHECKPOINT row=2 layer=34 checkpoint=CP3-F object=layer_attn_state_kv result=EXACT element_count=8192 mismatch_count=0
CHECKPOINT row=2 layer=34 checkpoint=CP3-F object=layer_attn_state_score result=EXACT element_count=8192 mismatch_count=0
CHECKPOINT row=2 layer=34 checkpoint=CP3-F object=layer_n_comp result=EXACT element_count=1 mismatch_count=0
CHECKPOINT row=2 layer=34 checkpoint=CP3-F object=attn_emitted_row_count result=EXACT element_count=1 mismatch_count=0
CHECKPOINT row=2 layer=34 checkpoint=CP3-F object=layer_index_state_kv result=EXACT element_count=2048 mismatch_count=0
CHECKPOINT row=2 layer=34 checkpoint=CP3-F object=layer_index_state_score result=EXACT element_count=2048 mismatch_count=0
CHECKPOINT row=2 layer=34 checkpoint=CP3-F object=layer_n_index_comp result=EXACT element_count=1 mismatch_count=0
CHECKPOINT row=2 layer=34 checkpoint=CP3-F object=index_emitted_row_count result=EXACT element_count=1 mismatch_count=0
CHECKPOINT row=2 layer=34 checkpoint=CP4 object=post_attention_hidden_state result=EXACT element_count=16384 mismatch_count=0
CHECKPOINT row=2 layer=34 checkpoint=CP5 object=final_layer_hidden_state result=EXACT element_count=16384 mismatch_count=0
CHECKPOINT row=2 layer=35 checkpoint=CP1 object=normalized_attention_input result=EXACT element_count=4096 mismatch_count=0
CHECKPOINT row=2 layer=35 checkpoint=CP2-Q object=q_projection result=EXACT element_count=1024 mismatch_count=0
CHECKPOINT row=2 layer=35 checkpoint=CP2-KV-P object=kv_projection result=EXACT element_count=512 mismatch_count=0
CHECKPOINT row=2 layer=35 checkpoint=CP2-KV-R object=raw_kv_row result=EXACT element_count=512 mismatch_count=0
CHECKPOINT row=2 layer=35 checkpoint=CP3-F object=layer_attn_state_kv result=EXACT element_count=65536 mismatch_count=0
CHECKPOINT row=2 layer=35 checkpoint=CP3-F object=layer_attn_state_score result=EXACT element_count=65536 mismatch_count=0
CHECKPOINT row=2 layer=35 checkpoint=CP3-F object=layer_n_comp result=EXACT element_count=1 mismatch_count=0
CHECKPOINT row=2 layer=35 checkpoint=CP3-F object=attn_emitted_row_count result=EXACT element_count=1 mismatch_count=0
CHECKPOINT row=2 layer=35 checkpoint=CP4 object=post_attention_hidden_state result=EXACT element_count=16384 mismatch_count=0
CHECKPOINT row=2 layer=35 checkpoint=CP5 object=final_layer_hidden_state result=EXACT element_count=16384 mismatch_count=0
CHECKPOINT row=2 layer=36 checkpoint=CP1 object=normalized_attention_input result=EXACT element_count=4096 mismatch_count=0
CHECKPOINT row=2 layer=36 checkpoint=CP2-Q object=q_projection result=EXACT element_count=1024 mismatch_count=0
CHECKPOINT row=2 layer=36 checkpoint=CP2-KV-P object=kv_projection result=EXACT element_count=512 mismatch_count=0
CHECKPOINT row=2 layer=36 checkpoint=CP2-KV-R object=raw_kv_row result=EXACT element_count=512 mismatch_count=0
CHECKPOINT row=2 layer=36 checkpoint=CP3-F object=layer_attn_state_kv result=EXACT element_count=8192 mismatch_count=0
CHECKPOINT row=2 layer=36 checkpoint=CP3-F object=layer_attn_state_score result=EXACT element_count=8192 mismatch_count=0
CHECKPOINT row=2 layer=36 checkpoint=CP3-F object=layer_n_comp result=EXACT element_count=1 mismatch_count=0
CHECKPOINT row=2 layer=36 checkpoint=CP3-F object=attn_emitted_row_count result=EXACT element_count=1 mismatch_count=0
CHECKPOINT row=2 layer=36 checkpoint=CP3-F object=layer_index_state_kv result=EXACT element_count=2048 mismatch_count=0
CHECKPOINT row=2 layer=36 checkpoint=CP3-F object=layer_index_state_score result=EXACT element_count=2048 mismatch_count=0
CHECKPOINT row=2 layer=36 checkpoint=CP3-F object=layer_n_index_comp result=EXACT element_count=1 mismatch_count=0
CHECKPOINT row=2 layer=36 checkpoint=CP3-F object=index_emitted_row_count result=EXACT element_count=1 mismatch_count=0
CHECKPOINT row=2 layer=36 checkpoint=CP4 object=post_attention_hidden_state result=EXACT element_count=16384 mismatch_count=0
CHECKPOINT row=2 layer=36 checkpoint=CP5 object=final_layer_hidden_state result=EXACT element_count=16384 mismatch_count=0
CHECKPOINT row=2 layer=37 checkpoint=CP1 object=normalized_attention_input result=EXACT element_count=4096 mismatch_count=0
CHECKPOINT row=2 layer=37 checkpoint=CP2-Q object=q_projection result=EXACT element_count=1024 mismatch_count=0
CHECKPOINT row=2 layer=37 checkpoint=CP2-KV-P object=kv_projection result=EXACT element_count=512 mismatch_count=0
CHECKPOINT row=2 layer=37 checkpoint=CP2-KV-R object=raw_kv_row result=EXACT element_count=512 mismatch_count=0
CHECKPOINT row=2 layer=37 checkpoint=CP3-F object=layer_attn_state_kv result=EXACT element_count=65536 mismatch_count=0
CHECKPOINT row=2 layer=37 checkpoint=CP3-F object=layer_attn_state_score result=EXACT element_count=65536 mismatch_count=0
CHECKPOINT row=2 layer=37 checkpoint=CP3-F object=layer_n_comp result=EXACT element_count=1 mismatch_count=0
CHECKPOINT row=2 layer=37 checkpoint=CP3-F object=attn_emitted_row_count result=EXACT element_count=1 mismatch_count=0
CHECKPOINT row=2 layer=37 checkpoint=CP4 object=post_attention_hidden_state result=EXACT element_count=16384 mismatch_count=0
CHECKPOINT row=2 layer=37 checkpoint=CP5 object=final_layer_hidden_state result=EXACT element_count=16384 mismatch_count=0
CHECKPOINT row=2 layer=38 checkpoint=CP1 object=normalized_attention_input result=EXACT element_count=4096 mismatch_count=0
CHECKPOINT row=2 layer=38 checkpoint=CP2-Q object=q_projection result=EXACT element_count=1024 mismatch_count=0
CHECKPOINT row=2 layer=38 checkpoint=CP2-KV-P object=kv_projection result=EXACT element_count=512 mismatch_count=0
CHECKPOINT row=2 layer=38 checkpoint=CP2-KV-R object=raw_kv_row result=EXACT element_count=512 mismatch_count=0
CHECKPOINT row=2 layer=38 checkpoint=CP3-F object=layer_attn_state_kv result=EXACT element_count=8192 mismatch_count=0
CHECKPOINT row=2 layer=38 checkpoint=CP3-F object=layer_attn_state_score result=EXACT element_count=8192 mismatch_count=0
CHECKPOINT row=2 layer=38 checkpoint=CP3-F object=layer_n_comp result=EXACT element_count=1 mismatch_count=0
CHECKPOINT row=2 layer=38 checkpoint=CP3-F object=attn_emitted_row_count result=EXACT element_count=1 mismatch_count=0
CHECKPOINT row=2 layer=38 checkpoint=CP3-F object=layer_index_state_kv result=EXACT element_count=2048 mismatch_count=0
CHECKPOINT row=2 layer=38 checkpoint=CP3-F object=layer_index_state_score result=EXACT element_count=2048 mismatch_count=0
CHECKPOINT row=2 layer=38 checkpoint=CP3-F object=layer_n_index_comp result=EXACT element_count=1 mismatch_count=0
CHECKPOINT row=2 layer=38 checkpoint=CP3-F object=index_emitted_row_count result=EXACT element_count=1 mismatch_count=0
CHECKPOINT row=2 layer=38 checkpoint=CP4 object=post_attention_hidden_state result=EXACT element_count=16384 mismatch_count=0
CHECKPOINT row=2 layer=38 checkpoint=CP5 object=final_layer_hidden_state result=EXACT element_count=16384 mismatch_count=0
CHECKPOINT row=2 layer=39 checkpoint=CP1 object=normalized_attention_input result=EXACT element_count=4096 mismatch_count=0
CHECKPOINT row=2 layer=39 checkpoint=CP2-Q object=q_projection result=EXACT element_count=1024 mismatch_count=0
CHECKPOINT row=2 layer=39 checkpoint=CP2-KV-P object=kv_projection result=EXACT element_count=512 mismatch_count=0
CHECKPOINT row=2 layer=39 checkpoint=CP2-KV-R object=raw_kv_row result=EXACT element_count=512 mismatch_count=0
CHECKPOINT row=2 layer=39 checkpoint=CP3-F object=layer_attn_state_kv result=EXACT element_count=65536 mismatch_count=0
CHECKPOINT row=2 layer=39 checkpoint=CP3-F object=layer_attn_state_score result=EXACT element_count=65536 mismatch_count=0
CHECKPOINT row=2 layer=39 checkpoint=CP3-F object=layer_n_comp result=EXACT element_count=1 mismatch_count=0
CHECKPOINT row=2 layer=39 checkpoint=CP3-F object=attn_emitted_row_count result=EXACT element_count=1 mismatch_count=0
CHECKPOINT row=2 layer=39 checkpoint=CP4 object=post_attention_hidden_state result=EXACT element_count=16384 mismatch_count=0
CHECKPOINT row=2 layer=39 checkpoint=CP5 object=final_layer_hidden_state result=EXACT element_count=16384 mismatch_count=0
CHECKPOINT row=2 layer=40 checkpoint=CP1 object=normalized_attention_input result=EXACT element_count=4096 mismatch_count=0
CHECKPOINT row=2 layer=40 checkpoint=CP2-Q object=q_projection result=EXACT element_count=1024 mismatch_count=0
CHECKPOINT row=2 layer=40 checkpoint=CP2-KV-P object=kv_projection result=EXACT element_count=512 mismatch_count=0
CHECKPOINT row=2 layer=40 checkpoint=CP2-KV-R object=raw_kv_row result=EXACT element_count=512 mismatch_count=0
CHECKPOINT row=2 layer=40 checkpoint=CP3-F object=layer_attn_state_kv result=EXACT element_count=8192 mismatch_count=0
CHECKPOINT row=2 layer=40 checkpoint=CP3-F object=layer_attn_state_score result=EXACT element_count=8192 mismatch_count=0
CHECKPOINT row=2 layer=40 checkpoint=CP3-F object=layer_n_comp result=EXACT element_count=1 mismatch_count=0
CHECKPOINT row=2 layer=40 checkpoint=CP3-F object=attn_emitted_row_count result=EXACT element_count=1 mismatch_count=0
CHECKPOINT row=2 layer=40 checkpoint=CP3-F object=layer_index_state_kv result=EXACT element_count=2048 mismatch_count=0
CHECKPOINT row=2 layer=40 checkpoint=CP3-F object=layer_index_state_score result=EXACT element_count=2048 mismatch_count=0
CHECKPOINT row=2 layer=40 checkpoint=CP3-F object=layer_n_index_comp result=EXACT element_count=1 mismatch_count=0
CHECKPOINT row=2 layer=40 checkpoint=CP3-F object=index_emitted_row_count result=EXACT element_count=1 mismatch_count=0
CHECKPOINT row=2 layer=40 checkpoint=CP4 object=post_attention_hidden_state result=EXACT element_count=16384 mismatch_count=0
CHECKPOINT row=2 layer=40 checkpoint=CP5 object=final_layer_hidden_state result=EXACT element_count=16384 mismatch_count=0
CHECKPOINT row=2 layer=41 checkpoint=CP1 object=normalized_attention_input result=EXACT element_count=4096 mismatch_count=0
CHECKPOINT row=2 layer=41 checkpoint=CP2-Q object=q_projection result=EXACT element_count=1024 mismatch_count=0
CHECKPOINT row=2 layer=41 checkpoint=CP2-KV-P object=kv_projection result=EXACT element_count=512 mismatch_count=0
CHECKPOINT row=2 layer=41 checkpoint=CP2-KV-R object=raw_kv_row result=EXACT element_count=512 mismatch_count=0
CHECKPOINT row=2 layer=41 checkpoint=CP3-F object=layer_attn_state_kv result=EXACT element_count=65536 mismatch_count=0
CHECKPOINT row=2 layer=41 checkpoint=CP3-F object=layer_attn_state_score result=EXACT element_count=65536 mismatch_count=0
CHECKPOINT row=2 layer=41 checkpoint=CP3-F object=layer_n_comp result=EXACT element_count=1 mismatch_count=0
CHECKPOINT row=2 layer=41 checkpoint=CP3-F object=attn_emitted_row_count result=EXACT element_count=1 mismatch_count=0
CHECKPOINT row=2 layer=41 checkpoint=CP4 object=post_attention_hidden_state result=EXACT element_count=16384 mismatch_count=0
CHECKPOINT row=2 layer=41 checkpoint=CP5 object=final_layer_hidden_state result=EXACT element_count=16384 mismatch_count=0
CHECKPOINT row=2 layer=42 checkpoint=CP1 object=normalized_attention_input result=EXACT element_count=4096 mismatch_count=0
CHECKPOINT row=2 layer=42 checkpoint=CP2-Q object=q_projection result=EXACT element_count=1024 mismatch_count=0
CHECKPOINT row=2 layer=42 checkpoint=CP2-KV-P object=kv_projection result=EXACT element_count=512 mismatch_count=0
CHECKPOINT row=2 layer=42 checkpoint=CP2-KV-R object=raw_kv_row result=EXACT element_count=512 mismatch_count=0
CHECKPOINT row=2 layer=42 checkpoint=CP3-F object=layer_attn_state_kv result=EXACT element_count=8192 mismatch_count=0
CHECKPOINT row=2 layer=42 checkpoint=CP3-F object=layer_attn_state_score result=EXACT element_count=8192 mismatch_count=0
CHECKPOINT row=2 layer=42 checkpoint=CP3-F object=layer_n_comp result=EXACT element_count=1 mismatch_count=0
CHECKPOINT row=2 layer=42 checkpoint=CP3-F object=attn_emitted_row_count result=EXACT element_count=1 mismatch_count=0
CHECKPOINT row=2 layer=42 checkpoint=CP3-F object=layer_index_state_kv result=EXACT element_count=2048 mismatch_count=0
CHECKPOINT row=2 layer=42 checkpoint=CP3-F object=layer_index_state_score result=EXACT element_count=2048 mismatch_count=0
CHECKPOINT row=2 layer=42 checkpoint=CP3-F object=layer_n_index_comp result=EXACT element_count=1 mismatch_count=0
CHECKPOINT row=2 layer=42 checkpoint=CP3-F object=index_emitted_row_count result=EXACT element_count=1 mismatch_count=0
CHECKPOINT row=2 layer=42 checkpoint=CP4 object=post_attention_hidden_state result=EXACT element_count=16384 mismatch_count=0
CHECKPOINT row=2 layer=42 checkpoint=CP5 object=final_layer_hidden_state result=EXACT element_count=16384 mismatch_count=0
CHECKPOINT row=3 layer=0 checkpoint=CP1 object=normalized_attention_input result=EXACT element_count=4096 mismatch_count=0
CHECKPOINT row=3 layer=0 checkpoint=CP2-Q object=q_projection result=EXACT element_count=1024 mismatch_count=0
CHECKPOINT row=3 layer=0 checkpoint=CP2-KV-P object=kv_projection result=EXACT element_count=512 mismatch_count=0
CHECKPOINT row=3 layer=0 checkpoint=CP2-KV-R object=raw_kv_row result=EXACT element_count=512 mismatch_count=0
CHECKPOINT row=3 layer=0 checkpoint=CP3-F object=compressor result=N/A element_count=0
CHECKPOINT row=3 layer=0 checkpoint=CP4 object=post_attention_hidden_state result=EXACT element_count=16384 mismatch_count=0
CHECKPOINT row=3 layer=0 checkpoint=CP5 object=final_layer_hidden_state result=EXACT element_count=16384 mismatch_count=0
CHECKPOINT row=3 layer=1 checkpoint=CP1 object=normalized_attention_input result=EXACT element_count=4096 mismatch_count=0
CHECKPOINT row=3 layer=1 checkpoint=CP2-Q object=q_projection result=EXACT element_count=1024 mismatch_count=0
CHECKPOINT row=3 layer=1 checkpoint=CP2-KV-P object=kv_projection result=EXACT element_count=512 mismatch_count=0
CHECKPOINT row=3 layer=1 checkpoint=CP2-KV-R object=raw_kv_row result=EXACT element_count=512 mismatch_count=0
CHECKPOINT row=3 layer=1 checkpoint=CP3-F object=compressor result=N/A element_count=0
CHECKPOINT row=3 layer=1 checkpoint=CP4 object=post_attention_hidden_state result=EXACT element_count=16384 mismatch_count=0
CHECKPOINT row=3 layer=1 checkpoint=CP5 object=final_layer_hidden_state result=EXACT element_count=16384 mismatch_count=0
CHECKPOINT row=3 layer=2 checkpoint=CP1 object=normalized_attention_input result=EXACT element_count=4096 mismatch_count=0
CHECKPOINT row=3 layer=2 checkpoint=CP2-Q object=q_projection result=EXACT element_count=1024 mismatch_count=0
CHECKPOINT row=3 layer=2 checkpoint=CP2-KV-P object=kv_projection result=EXACT element_count=512 mismatch_count=0
CHECKPOINT row=3 layer=2 checkpoint=CP2-KV-R object=raw_kv_row result=EXACT element_count=512 mismatch_count=0
CHECKPOINT row=3 layer=2 checkpoint=CP3-F object=layer_attn_state_kv result=EXACT element_count=8192 mismatch_count=0
CHECKPOINT row=3 layer=2 checkpoint=CP3-F object=layer_attn_state_score result=EXACT element_count=8192 mismatch_count=0
CHECKPOINT row=3 layer=2 checkpoint=CP3-F object=layer_n_comp result=EXACT element_count=1 mismatch_count=0
CHECKPOINT row=3 layer=2 checkpoint=CP3-F object=attn_emitted_row_count result=EXACT element_count=1 mismatch_count=0
CHECKPOINT row=3 layer=2 checkpoint=CP3-F object=layer_attn_comp_cache result=EXACT element_count=512 mismatch_count=0
CHECKPOINT row=3 layer=2 checkpoint=CP3-F object=layer_index_state_kv result=EXACT element_count=2048 mismatch_count=0
CHECKPOINT row=3 layer=2 checkpoint=CP3-F object=layer_index_state_score result=EXACT element_count=2048 mismatch_count=0
CHECKPOINT row=3 layer=2 checkpoint=CP3-F object=layer_n_index_comp result=EXACT element_count=1 mismatch_count=0
CHECKPOINT row=3 layer=2 checkpoint=CP3-F object=index_emitted_row_count result=EXACT element_count=1 mismatch_count=0
CHECKPOINT row=3 layer=2 checkpoint=CP3-F object=layer_index_comp_cache result=EXACT element_count=128 mismatch_count=0
CHECKPOINT row=3 layer=2 checkpoint=CP4 object=post_attention_hidden_state result=EXACT element_count=16384 mismatch_count=0
CHECKPOINT row=3 layer=2 checkpoint=CP5 object=final_layer_hidden_state result=EXACT element_count=16384 mismatch_count=0
CHECKPOINT row=3 layer=3 checkpoint=CP1 object=normalized_attention_input result=EXACT element_count=4096 mismatch_count=0
CHECKPOINT row=3 layer=3 checkpoint=CP2-Q object=q_projection result=EXACT element_count=1024 mismatch_count=0
CHECKPOINT row=3 layer=3 checkpoint=CP2-KV-P object=kv_projection result=EXACT element_count=512 mismatch_count=0
CHECKPOINT row=3 layer=3 checkpoint=CP2-KV-R object=raw_kv_row result=EXACT element_count=512 mismatch_count=0
CHECKPOINT row=3 layer=3 checkpoint=CP3-F object=layer_attn_state_kv result=EXACT element_count=65536 mismatch_count=0
CHECKPOINT row=3 layer=3 checkpoint=CP3-F object=layer_attn_state_score result=EXACT element_count=65536 mismatch_count=0
CHECKPOINT row=3 layer=3 checkpoint=CP3-F object=layer_n_comp result=EXACT element_count=1 mismatch_count=0
CHECKPOINT row=3 layer=3 checkpoint=CP3-F object=attn_emitted_row_count result=EXACT element_count=1 mismatch_count=0
CHECKPOINT row=3 layer=3 checkpoint=CP4 object=post_attention_hidden_state result=EXACT element_count=16384 mismatch_count=0
CHECKPOINT row=3 layer=3 checkpoint=CP5 object=final_layer_hidden_state result=EXACT element_count=16384 mismatch_count=0
CHECKPOINT row=3 layer=4 checkpoint=CP1 object=normalized_attention_input result=EXACT element_count=4096 mismatch_count=0
CHECKPOINT row=3 layer=4 checkpoint=CP2-Q object=q_projection result=EXACT element_count=1024 mismatch_count=0
CHECKPOINT row=3 layer=4 checkpoint=CP2-KV-P object=kv_projection result=EXACT element_count=512 mismatch_count=0
CHECKPOINT row=3 layer=4 checkpoint=CP2-KV-R object=raw_kv_row result=EXACT element_count=512 mismatch_count=0
CHECKPOINT row=3 layer=4 checkpoint=CP3-F object=layer_attn_state_kv result=EXACT element_count=8192 mismatch_count=0
CHECKPOINT row=3 layer=4 checkpoint=CP3-F object=layer_attn_state_score result=EXACT element_count=8192 mismatch_count=0
CHECKPOINT row=3 layer=4 checkpoint=CP3-F object=layer_n_comp result=EXACT element_count=1 mismatch_count=0
CHECKPOINT row=3 layer=4 checkpoint=CP3-F object=attn_emitted_row_count result=EXACT element_count=1 mismatch_count=0
CHECKPOINT row=3 layer=4 checkpoint=CP3-F object=layer_attn_comp_cache result=EXACT element_count=512 mismatch_count=0
CHECKPOINT row=3 layer=4 checkpoint=CP3-F object=layer_index_state_kv result=EXACT element_count=2048 mismatch_count=0
CHECKPOINT row=3 layer=4 checkpoint=CP3-F object=layer_index_state_score result=EXACT element_count=2048 mismatch_count=0
CHECKPOINT row=3 layer=4 checkpoint=CP3-F object=layer_n_index_comp result=EXACT element_count=1 mismatch_count=0
CHECKPOINT row=3 layer=4 checkpoint=CP3-F object=index_emitted_row_count result=EXACT element_count=1 mismatch_count=0
CHECKPOINT row=3 layer=4 checkpoint=CP3-F object=layer_index_comp_cache result=EXACT element_count=128 mismatch_count=0
CHECKPOINT row=3 layer=4 checkpoint=CP4 object=post_attention_hidden_state result=EXACT element_count=16384 mismatch_count=0
CHECKPOINT row=3 layer=4 checkpoint=CP5 object=final_layer_hidden_state result=EXACT element_count=16384 mismatch_count=0
CHECKPOINT row=3 layer=5 checkpoint=CP1 object=normalized_attention_input result=EXACT element_count=4096 mismatch_count=0
CHECKPOINT row=3 layer=5 checkpoint=CP2-Q object=q_projection result=EXACT element_count=1024 mismatch_count=0
CHECKPOINT row=3 layer=5 checkpoint=CP2-KV-P object=kv_projection result=EXACT element_count=512 mismatch_count=0
CHECKPOINT row=3 layer=5 checkpoint=CP2-KV-R object=raw_kv_row result=EXACT element_count=512 mismatch_count=0
CHECKPOINT row=3 layer=5 checkpoint=CP3-F object=layer_attn_state_kv result=EXACT element_count=65536 mismatch_count=0
CHECKPOINT row=3 layer=5 checkpoint=CP3-F object=layer_attn_state_score result=EXACT element_count=65536 mismatch_count=0
CHECKPOINT row=3 layer=5 checkpoint=CP3-F object=layer_n_comp result=EXACT element_count=1 mismatch_count=0
CHECKPOINT row=3 layer=5 checkpoint=CP3-F object=attn_emitted_row_count result=EXACT element_count=1 mismatch_count=0
CHECKPOINT row=3 layer=5 checkpoint=CP4 object=post_attention_hidden_state result=EXACT element_count=16384 mismatch_count=0
CHECKPOINT row=3 layer=5 checkpoint=CP5 object=final_layer_hidden_state result=EXACT element_count=16384 mismatch_count=0
CHECKPOINT row=3 layer=6 checkpoint=CP1 object=normalized_attention_input result=EXACT element_count=4096 mismatch_count=0
CHECKPOINT row=3 layer=6 checkpoint=CP2-Q object=q_projection result=EXACT element_count=1024 mismatch_count=0
CHECKPOINT row=3 layer=6 checkpoint=CP2-KV-P object=kv_projection result=EXACT element_count=512 mismatch_count=0
CHECKPOINT row=3 layer=6 checkpoint=CP2-KV-R object=raw_kv_row result=EXACT element_count=512 mismatch_count=0
CHECKPOINT row=3 layer=6 checkpoint=CP3-F object=layer_attn_state_kv result=EXACT element_count=8192 mismatch_count=0
CHECKPOINT row=3 layer=6 checkpoint=CP3-F object=layer_attn_state_score result=EXACT element_count=8192 mismatch_count=0
CHECKPOINT row=3 layer=6 checkpoint=CP3-F object=layer_n_comp result=EXACT element_count=1 mismatch_count=0
CHECKPOINT row=3 layer=6 checkpoint=CP3-F object=attn_emitted_row_count result=EXACT element_count=1 mismatch_count=0
CHECKPOINT row=3 layer=6 checkpoint=CP3-F object=layer_attn_comp_cache result=MISMATCH element_count=512 first_mismatch_index=466 actual_bits=0x2407 expected_bits=0x2406 mismatch_count=3 max_abs=1.52588e-05 max_rel=0.000969932 max_ulp=8192
CHECKPOINT row=3 layer=6 checkpoint=CP3-F object=layer_index_state_kv result=EXACT element_count=2048 mismatch_count=0
CHECKPOINT row=3 layer=6 checkpoint=CP3-F object=layer_index_state_score result=EXACT element_count=2048 mismatch_count=0
CHECKPOINT row=3 layer=6 checkpoint=CP3-F object=layer_n_index_comp result=EXACT element_count=1 mismatch_count=0
CHECKPOINT row=3 layer=6 checkpoint=CP3-F object=index_emitted_row_count result=EXACT element_count=1 mismatch_count=0
CHECKPOINT row=3 layer=6 checkpoint=CP3-F object=layer_index_comp_cache result=EXACT element_count=128 mismatch_count=0
CHECKPOINT row=3 layer=6 checkpoint=CP4 object=post_attention_hidden_state result=EXACT element_count=16384 mismatch_count=0
CHECKPOINT row=3 layer=6 checkpoint=CP5 object=final_layer_hidden_state result=EXACT element_count=16384 mismatch_count=0
CHECKPOINT row=3 layer=7 checkpoint=CP1 object=normalized_attention_input result=EXACT element_count=4096 mismatch_count=0
CHECKPOINT row=3 layer=7 checkpoint=CP2-Q object=q_projection result=EXACT element_count=1024 mismatch_count=0
CHECKPOINT row=3 layer=7 checkpoint=CP2-KV-P object=kv_projection result=EXACT element_count=512 mismatch_count=0
CHECKPOINT row=3 layer=7 checkpoint=CP2-KV-R object=raw_kv_row result=EXACT element_count=512 mismatch_count=0
CHECKPOINT row=3 layer=7 checkpoint=CP3-F object=layer_attn_state_kv result=EXACT element_count=65536 mismatch_count=0
CHECKPOINT row=3 layer=7 checkpoint=CP3-F object=layer_attn_state_score result=EXACT element_count=65536 mismatch_count=0
CHECKPOINT row=3 layer=7 checkpoint=CP3-F object=layer_n_comp result=EXACT element_count=1 mismatch_count=0
CHECKPOINT row=3 layer=7 checkpoint=CP3-F object=attn_emitted_row_count result=EXACT element_count=1 mismatch_count=0
CHECKPOINT row=3 layer=7 checkpoint=CP4 object=post_attention_hidden_state result=EXACT element_count=16384 mismatch_count=0
CHECKPOINT row=3 layer=7 checkpoint=CP5 object=final_layer_hidden_state result=EXACT element_count=16384 mismatch_count=0
CHECKPOINT row=3 layer=8 checkpoint=CP1 object=normalized_attention_input result=EXACT element_count=4096 mismatch_count=0
CHECKPOINT row=3 layer=8 checkpoint=CP2-Q object=q_projection result=EXACT element_count=1024 mismatch_count=0
CHECKPOINT row=3 layer=8 checkpoint=CP2-KV-P object=kv_projection result=EXACT element_count=512 mismatch_count=0
CHECKPOINT row=3 layer=8 checkpoint=CP2-KV-R object=raw_kv_row result=EXACT element_count=512 mismatch_count=0
CHECKPOINT row=3 layer=8 checkpoint=CP3-F object=layer_attn_state_kv result=EXACT element_count=8192 mismatch_count=0
CHECKPOINT row=3 layer=8 checkpoint=CP3-F object=layer_attn_state_score result=EXACT element_count=8192 mismatch_count=0
CHECKPOINT row=3 layer=8 checkpoint=CP3-F object=layer_n_comp result=EXACT element_count=1 mismatch_count=0
CHECKPOINT row=3 layer=8 checkpoint=CP3-F object=attn_emitted_row_count result=EXACT element_count=1 mismatch_count=0
CHECKPOINT row=3 layer=8 checkpoint=CP3-F object=layer_attn_comp_cache result=MISMATCH element_count=512 first_mismatch_index=152 actual_bits=0xab80 expected_bits=0xab00 mismatch_count=3 max_abs=0.00390625 max_rel=0.1 max_ulp=1048576
CHECKPOINT row=3 layer=8 checkpoint=CP3-F object=layer_index_state_kv result=EXACT element_count=2048 mismatch_count=0
CHECKPOINT row=3 layer=8 checkpoint=CP3-F object=layer_index_state_score result=EXACT element_count=2048 mismatch_count=0
CHECKPOINT row=3 layer=8 checkpoint=CP3-F object=layer_n_index_comp result=EXACT element_count=1 mismatch_count=0
CHECKPOINT row=3 layer=8 checkpoint=CP3-F object=index_emitted_row_count result=EXACT element_count=1 mismatch_count=0
CHECKPOINT row=3 layer=8 checkpoint=CP3-F object=layer_index_comp_cache result=EXACT element_count=128 mismatch_count=0
CHECKPOINT row=3 layer=8 checkpoint=CP4 object=post_attention_hidden_state result=EXACT element_count=16384 mismatch_count=0
CHECKPOINT row=3 layer=8 checkpoint=CP5 object=final_layer_hidden_state result=EXACT element_count=16384 mismatch_count=0
CHECKPOINT row=3 layer=9 checkpoint=CP1 object=normalized_attention_input result=EXACT element_count=4096 mismatch_count=0
CHECKPOINT row=3 layer=9 checkpoint=CP2-Q object=q_projection result=EXACT element_count=1024 mismatch_count=0
CHECKPOINT row=3 layer=9 checkpoint=CP2-KV-P object=kv_projection result=EXACT element_count=512 mismatch_count=0
CHECKPOINT row=3 layer=9 checkpoint=CP2-KV-R object=raw_kv_row result=EXACT element_count=512 mismatch_count=0
CHECKPOINT row=3 layer=9 checkpoint=CP3-F object=layer_attn_state_kv result=EXACT element_count=65536 mismatch_count=0
CHECKPOINT row=3 layer=9 checkpoint=CP3-F object=layer_attn_state_score result=EXACT element_count=65536 mismatch_count=0
CHECKPOINT row=3 layer=9 checkpoint=CP3-F object=layer_n_comp result=EXACT element_count=1 mismatch_count=0
CHECKPOINT row=3 layer=9 checkpoint=CP3-F object=attn_emitted_row_count result=EXACT element_count=1 mismatch_count=0
CHECKPOINT row=3 layer=9 checkpoint=CP4 object=post_attention_hidden_state result=EXACT element_count=16384 mismatch_count=0
CHECKPOINT row=3 layer=9 checkpoint=CP5 object=final_layer_hidden_state result=EXACT element_count=16384 mismatch_count=0
CHECKPOINT row=3 layer=10 checkpoint=CP1 object=normalized_attention_input result=EXACT element_count=4096 mismatch_count=0
CHECKPOINT row=3 layer=10 checkpoint=CP2-Q object=q_projection result=EXACT element_count=1024 mismatch_count=0
CHECKPOINT row=3 layer=10 checkpoint=CP2-KV-P object=kv_projection result=EXACT element_count=512 mismatch_count=0
CHECKPOINT row=3 layer=10 checkpoint=CP2-KV-R object=raw_kv_row result=EXACT element_count=512 mismatch_count=0
CHECKPOINT row=3 layer=10 checkpoint=CP3-F object=layer_attn_state_kv result=EXACT element_count=8192 mismatch_count=0
CHECKPOINT row=3 layer=10 checkpoint=CP3-F object=layer_attn_state_score result=EXACT element_count=8192 mismatch_count=0
CHECKPOINT row=3 layer=10 checkpoint=CP3-F object=layer_n_comp result=EXACT element_count=1 mismatch_count=0
CHECKPOINT row=3 layer=10 checkpoint=CP3-F object=attn_emitted_row_count result=EXACT element_count=1 mismatch_count=0
CHECKPOINT row=3 layer=10 checkpoint=CP3-F object=layer_attn_comp_cache result=MISMATCH element_count=512 first_mismatch_index=96 actual_bits=0x9b80 expected_bits=0x9c80 mismatch_count=25 max_abs=0.015625 max_rel=0.166667 max_ulp=2097152
CHECKPOINT row=3 layer=10 checkpoint=CP3-F object=layer_index_state_kv result=EXACT element_count=2048 mismatch_count=0
CHECKPOINT row=3 layer=10 checkpoint=CP3-F object=layer_index_state_score result=EXACT element_count=2048 mismatch_count=0
CHECKPOINT row=3 layer=10 checkpoint=CP3-F object=layer_n_index_comp result=EXACT element_count=1 mismatch_count=0
CHECKPOINT row=3 layer=10 checkpoint=CP3-F object=index_emitted_row_count result=EXACT element_count=1 mismatch_count=0
CHECKPOINT row=3 layer=10 checkpoint=CP3-F object=layer_index_comp_cache result=EXACT element_count=128 mismatch_count=0
CHECKPOINT row=3 layer=10 checkpoint=CP4 object=post_attention_hidden_state result=EXACT element_count=16384 mismatch_count=0
CHECKPOINT row=3 layer=10 checkpoint=CP5 object=final_layer_hidden_state result=EXACT element_count=16384 mismatch_count=0
CHECKPOINT row=3 layer=11 checkpoint=CP1 object=normalized_attention_input result=EXACT element_count=4096 mismatch_count=0
CHECKPOINT row=3 layer=11 checkpoint=CP2-Q object=q_projection result=EXACT element_count=1024 mismatch_count=0
CHECKPOINT row=3 layer=11 checkpoint=CP2-KV-P object=kv_projection result=EXACT element_count=512 mismatch_count=0
CHECKPOINT row=3 layer=11 checkpoint=CP2-KV-R object=raw_kv_row result=EXACT element_count=512 mismatch_count=0
CHECKPOINT row=3 layer=11 checkpoint=CP3-F object=layer_attn_state_kv result=EXACT element_count=65536 mismatch_count=0
CHECKPOINT row=3 layer=11 checkpoint=CP3-F object=layer_attn_state_score result=EXACT element_count=65536 mismatch_count=0
CHECKPOINT row=3 layer=11 checkpoint=CP3-F object=layer_n_comp result=EXACT element_count=1 mismatch_count=0
CHECKPOINT row=3 layer=11 checkpoint=CP3-F object=attn_emitted_row_count result=EXACT element_count=1 mismatch_count=0
CHECKPOINT row=3 layer=11 checkpoint=CP4 object=post_attention_hidden_state result=EXACT element_count=16384 mismatch_count=0
CHECKPOINT row=3 layer=11 checkpoint=CP5 object=final_layer_hidden_state result=EXACT element_count=16384 mismatch_count=0
CHECKPOINT row=3 layer=12 checkpoint=CP1 object=normalized_attention_input result=EXACT element_count=4096 mismatch_count=0
CHECKPOINT row=3 layer=12 checkpoint=CP2-Q object=q_projection result=EXACT element_count=1024 mismatch_count=0
CHECKPOINT row=3 layer=12 checkpoint=CP2-KV-P object=kv_projection result=EXACT element_count=512 mismatch_count=0
CHECKPOINT row=3 layer=12 checkpoint=CP2-KV-R object=raw_kv_row result=EXACT element_count=512 mismatch_count=0
CHECKPOINT row=3 layer=12 checkpoint=CP3-F object=layer_attn_state_kv result=EXACT element_count=8192 mismatch_count=0
CHECKPOINT row=3 layer=12 checkpoint=CP3-F object=layer_attn_state_score result=EXACT element_count=8192 mismatch_count=0
CHECKPOINT row=3 layer=12 checkpoint=CP3-F object=layer_n_comp result=EXACT element_count=1 mismatch_count=0
CHECKPOINT row=3 layer=12 checkpoint=CP3-F object=attn_emitted_row_count result=EXACT element_count=1 mismatch_count=0
CHECKPOINT row=3 layer=12 checkpoint=CP3-F object=layer_attn_comp_cache result=MISMATCH element_count=512 first_mismatch_index=13 actual_bits=0x1580 expected_bits=0x1500 mismatch_count=32 max_abs=0.015625 max_rel=0.0909091 max_ulp=1048576
CHECKPOINT row=3 layer=12 checkpoint=CP3-F object=layer_index_state_kv result=EXACT element_count=2048 mismatch_count=0
CHECKPOINT row=3 layer=12 checkpoint=CP3-F object=layer_index_state_score result=EXACT element_count=2048 mismatch_count=0
CHECKPOINT row=3 layer=12 checkpoint=CP3-F object=layer_n_index_comp result=EXACT element_count=1 mismatch_count=0
CHECKPOINT row=3 layer=12 checkpoint=CP3-F object=index_emitted_row_count result=EXACT element_count=1 mismatch_count=0
CHECKPOINT row=3 layer=12 checkpoint=CP3-F object=layer_index_comp_cache result=EXACT element_count=128 mismatch_count=0
CHECKPOINT row=3 layer=12 checkpoint=CP4 object=post_attention_hidden_state result=EXACT element_count=16384 mismatch_count=0
CHECKPOINT row=3 layer=12 checkpoint=CP5 object=final_layer_hidden_state result=EXACT element_count=16384 mismatch_count=0
CHECKPOINT row=3 layer=13 checkpoint=CP1 object=normalized_attention_input result=EXACT element_count=4096 mismatch_count=0
CHECKPOINT row=3 layer=13 checkpoint=CP2-Q object=q_projection result=EXACT element_count=1024 mismatch_count=0
CHECKPOINT row=3 layer=13 checkpoint=CP2-KV-P object=kv_projection result=EXACT element_count=512 mismatch_count=0
CHECKPOINT row=3 layer=13 checkpoint=CP2-KV-R object=raw_kv_row result=EXACT element_count=512 mismatch_count=0
CHECKPOINT row=3 layer=13 checkpoint=CP3-F object=layer_attn_state_kv result=EXACT element_count=65536 mismatch_count=0
CHECKPOINT row=3 layer=13 checkpoint=CP3-F object=layer_attn_state_score result=EXACT element_count=65536 mismatch_count=0
CHECKPOINT row=3 layer=13 checkpoint=CP3-F object=layer_n_comp result=EXACT element_count=1 mismatch_count=0
CHECKPOINT row=3 layer=13 checkpoint=CP3-F object=attn_emitted_row_count result=EXACT element_count=1 mismatch_count=0
CHECKPOINT row=3 layer=13 checkpoint=CP4 object=post_attention_hidden_state result=EXACT element_count=16384 mismatch_count=0
CHECKPOINT row=3 layer=13 checkpoint=CP5 object=final_layer_hidden_state result=EXACT element_count=16384 mismatch_count=0
CHECKPOINT row=3 layer=14 checkpoint=CP1 object=normalized_attention_input result=EXACT element_count=4096 mismatch_count=0
CHECKPOINT row=3 layer=14 checkpoint=CP2-Q object=q_projection result=EXACT element_count=1024 mismatch_count=0
CHECKPOINT row=3 layer=14 checkpoint=CP2-KV-P object=kv_projection result=EXACT element_count=512 mismatch_count=0
CHECKPOINT row=3 layer=14 checkpoint=CP2-KV-R object=raw_kv_row result=EXACT element_count=512 mismatch_count=0
CHECKPOINT row=3 layer=14 checkpoint=CP3-F object=layer_attn_state_kv result=EXACT element_count=8192 mismatch_count=0
CHECKPOINT row=3 layer=14 checkpoint=CP3-F object=layer_attn_state_score result=EXACT element_count=8192 mismatch_count=0
CHECKPOINT row=3 layer=14 checkpoint=CP3-F object=layer_n_comp result=EXACT element_count=1 mismatch_count=0
CHECKPOINT row=3 layer=14 checkpoint=CP3-F object=attn_emitted_row_count result=EXACT element_count=1 mismatch_count=0
CHECKPOINT row=3 layer=14 checkpoint=CP3-F object=layer_attn_comp_cache result=MISMATCH element_count=512 first_mismatch_index=24 actual_bits=0xb400 expected_bits=0xb480 mismatch_count=65 max_abs=0.0625 max_rel=0.384615 max_ulp=5242880
CHECKPOINT row=3 layer=14 checkpoint=CP3-F object=layer_index_state_kv result=EXACT element_count=2048 mismatch_count=0
CHECKPOINT row=3 layer=14 checkpoint=CP3-F object=layer_index_state_score result=EXACT element_count=2048 mismatch_count=0
CHECKPOINT row=3 layer=14 checkpoint=CP3-F object=layer_n_index_comp result=EXACT element_count=1 mismatch_count=0
CHECKPOINT row=3 layer=14 checkpoint=CP3-F object=index_emitted_row_count result=EXACT element_count=1 mismatch_count=0
CHECKPOINT row=3 layer=14 checkpoint=CP3-F object=layer_index_comp_cache result=EXACT element_count=128 mismatch_count=0
CHECKPOINT row=3 layer=14 checkpoint=CP4 object=post_attention_hidden_state result=EXACT element_count=16384 mismatch_count=0
CHECKPOINT row=3 layer=14 checkpoint=CP5 object=final_layer_hidden_state result=EXACT element_count=16384 mismatch_count=0
CHECKPOINT row=3 layer=15 checkpoint=CP1 object=normalized_attention_input result=EXACT element_count=4096 mismatch_count=0
CHECKPOINT row=3 layer=15 checkpoint=CP2-Q object=q_projection result=EXACT element_count=1024 mismatch_count=0
CHECKPOINT row=3 layer=15 checkpoint=CP2-KV-P object=kv_projection result=EXACT element_count=512 mismatch_count=0
CHECKPOINT row=3 layer=15 checkpoint=CP2-KV-R object=raw_kv_row result=EXACT element_count=512 mismatch_count=0
CHECKPOINT row=3 layer=15 checkpoint=CP3-F object=layer_attn_state_kv result=EXACT element_count=65536 mismatch_count=0
CHECKPOINT row=3 layer=15 checkpoint=CP3-F object=layer_attn_state_score result=EXACT element_count=65536 mismatch_count=0
CHECKPOINT row=3 layer=15 checkpoint=CP3-F object=layer_n_comp result=EXACT element_count=1 mismatch_count=0
CHECKPOINT row=3 layer=15 checkpoint=CP3-F object=attn_emitted_row_count result=EXACT element_count=1 mismatch_count=0
CHECKPOINT row=3 layer=15 checkpoint=CP4 object=post_attention_hidden_state result=EXACT element_count=16384 mismatch_count=0
CHECKPOINT row=3 layer=15 checkpoint=CP5 object=final_layer_hidden_state result=EXACT element_count=16384 mismatch_count=0
CHECKPOINT row=3 layer=16 checkpoint=CP1 object=normalized_attention_input result=EXACT element_count=4096 mismatch_count=0
CHECKPOINT row=3 layer=16 checkpoint=CP2-Q object=q_projection result=EXACT element_count=1024 mismatch_count=0
CHECKPOINT row=3 layer=16 checkpoint=CP2-KV-P object=kv_projection result=EXACT element_count=512 mismatch_count=0
CHECKPOINT row=3 layer=16 checkpoint=CP2-KV-R object=raw_kv_row result=EXACT element_count=512 mismatch_count=0
CHECKPOINT row=3 layer=16 checkpoint=CP3-F object=layer_attn_state_kv result=EXACT element_count=8192 mismatch_count=0
CHECKPOINT row=3 layer=16 checkpoint=CP3-F object=layer_attn_state_score result=EXACT element_count=8192 mismatch_count=0
CHECKPOINT row=3 layer=16 checkpoint=CP3-F object=layer_n_comp result=EXACT element_count=1 mismatch_count=0
CHECKPOINT row=3 layer=16 checkpoint=CP3-F object=attn_emitted_row_count result=EXACT element_count=1 mismatch_count=0
CHECKPOINT row=3 layer=16 checkpoint=CP3-F object=layer_attn_comp_cache result=MISMATCH element_count=512 first_mismatch_index=118 actual_bits=0x2f80 expected_bits=0x3000 mismatch_count=46 max_abs=0.015625 max_rel=0.722222 max_ulp=15728640
CHECKPOINT row=3 layer=16 checkpoint=CP3-F object=layer_index_state_kv result=EXACT element_count=2048 mismatch_count=0
CHECKPOINT row=3 layer=16 checkpoint=CP3-F object=layer_index_state_score result=EXACT element_count=2048 mismatch_count=0
CHECKPOINT row=3 layer=16 checkpoint=CP3-F object=layer_n_index_comp result=EXACT element_count=1 mismatch_count=0
CHECKPOINT row=3 layer=16 checkpoint=CP3-F object=index_emitted_row_count result=EXACT element_count=1 mismatch_count=0
CHECKPOINT row=3 layer=16 checkpoint=CP3-F object=layer_index_comp_cache result=EXACT element_count=128 mismatch_count=0
CHECKPOINT row=3 layer=16 checkpoint=CP4 object=post_attention_hidden_state result=EXACT element_count=16384 mismatch_count=0
CHECKPOINT row=3 layer=16 checkpoint=CP5 object=final_layer_hidden_state result=EXACT element_count=16384 mismatch_count=0
CHECKPOINT row=3 layer=17 checkpoint=CP1 object=normalized_attention_input result=EXACT element_count=4096 mismatch_count=0
CHECKPOINT row=3 layer=17 checkpoint=CP2-Q object=q_projection result=EXACT element_count=1024 mismatch_count=0
CHECKPOINT row=3 layer=17 checkpoint=CP2-KV-P object=kv_projection result=EXACT element_count=512 mismatch_count=0
CHECKPOINT row=3 layer=17 checkpoint=CP2-KV-R object=raw_kv_row result=EXACT element_count=512 mismatch_count=0
CHECKPOINT row=3 layer=17 checkpoint=CP3-F object=layer_attn_state_kv result=EXACT element_count=65536 mismatch_count=0
CHECKPOINT row=3 layer=17 checkpoint=CP3-F object=layer_attn_state_score result=EXACT element_count=65536 mismatch_count=0
CHECKPOINT row=3 layer=17 checkpoint=CP3-F object=layer_n_comp result=EXACT element_count=1 mismatch_count=0
CHECKPOINT row=3 layer=17 checkpoint=CP3-F object=attn_emitted_row_count result=EXACT element_count=1 mismatch_count=0
CHECKPOINT row=3 layer=17 checkpoint=CP4 object=post_attention_hidden_state result=EXACT element_count=16384 mismatch_count=0
CHECKPOINT row=3 layer=17 checkpoint=CP5 object=final_layer_hidden_state result=EXACT element_count=16384 mismatch_count=0
CHECKPOINT row=3 layer=18 checkpoint=CP1 object=normalized_attention_input result=EXACT element_count=4096 mismatch_count=0
CHECKPOINT row=3 layer=18 checkpoint=CP2-Q object=q_projection result=EXACT element_count=1024 mismatch_count=0
CHECKPOINT row=3 layer=18 checkpoint=CP2-KV-P object=kv_projection result=EXACT element_count=512 mismatch_count=0
CHECKPOINT row=3 layer=18 checkpoint=CP2-KV-R object=raw_kv_row result=EXACT element_count=512 mismatch_count=0
CHECKPOINT row=3 layer=18 checkpoint=CP3-F object=layer_attn_state_kv result=EXACT element_count=8192 mismatch_count=0
CHECKPOINT row=3 layer=18 checkpoint=CP3-F object=layer_attn_state_score result=EXACT element_count=8192 mismatch_count=0
CHECKPOINT row=3 layer=18 checkpoint=CP3-F object=layer_n_comp result=EXACT element_count=1 mismatch_count=0
CHECKPOINT row=3 layer=18 checkpoint=CP3-F object=attn_emitted_row_count result=EXACT element_count=1 mismatch_count=0
CHECKPOINT row=3 layer=18 checkpoint=CP3-F object=layer_attn_comp_cache result=MISMATCH element_count=512 first_mismatch_index=21 actual_bits=0x3900 expected_bits=0x3980 mismatch_count=53 max_abs=0.0625 max_rel=0.111111 max_ulp=1048576
CHECKPOINT row=3 layer=18 checkpoint=CP3-F object=layer_index_state_kv result=EXACT element_count=2048 mismatch_count=0
CHECKPOINT row=3 layer=18 checkpoint=CP3-F object=layer_index_state_score result=EXACT element_count=2048 mismatch_count=0
CHECKPOINT row=3 layer=18 checkpoint=CP3-F object=layer_n_index_comp result=EXACT element_count=1 mismatch_count=0
CHECKPOINT row=3 layer=18 checkpoint=CP3-F object=index_emitted_row_count result=EXACT element_count=1 mismatch_count=0
CHECKPOINT row=3 layer=18 checkpoint=CP3-F object=layer_index_comp_cache result=EXACT element_count=128 mismatch_count=0
CHECKPOINT row=3 layer=18 checkpoint=CP4 object=post_attention_hidden_state result=EXACT element_count=16384 mismatch_count=0
CHECKPOINT row=3 layer=18 checkpoint=CP5 object=final_layer_hidden_state result=EXACT element_count=16384 mismatch_count=0
CHECKPOINT row=3 layer=19 checkpoint=CP1 object=normalized_attention_input result=EXACT element_count=4096 mismatch_count=0
CHECKPOINT row=3 layer=19 checkpoint=CP2-Q object=q_projection result=EXACT element_count=1024 mismatch_count=0
CHECKPOINT row=3 layer=19 checkpoint=CP2-KV-P object=kv_projection result=EXACT element_count=512 mismatch_count=0
CHECKPOINT row=3 layer=19 checkpoint=CP2-KV-R object=raw_kv_row result=EXACT element_count=512 mismatch_count=0
CHECKPOINT row=3 layer=19 checkpoint=CP3-F object=layer_attn_state_kv result=EXACT element_count=65536 mismatch_count=0
CHECKPOINT row=3 layer=19 checkpoint=CP3-F object=layer_attn_state_score result=EXACT element_count=65536 mismatch_count=0
CHECKPOINT row=3 layer=19 checkpoint=CP3-F object=layer_n_comp result=EXACT element_count=1 mismatch_count=0
CHECKPOINT row=3 layer=19 checkpoint=CP3-F object=attn_emitted_row_count result=EXACT element_count=1 mismatch_count=0
CHECKPOINT row=3 layer=19 checkpoint=CP4 object=post_attention_hidden_state result=EXACT element_count=16384 mismatch_count=0
CHECKPOINT row=3 layer=19 checkpoint=CP5 object=final_layer_hidden_state result=EXACT element_count=16384 mismatch_count=0
CHECKPOINT row=3 layer=20 checkpoint=CP1 object=normalized_attention_input result=EXACT element_count=4096 mismatch_count=0
CHECKPOINT row=3 layer=20 checkpoint=CP2-Q object=q_projection result=EXACT element_count=1024 mismatch_count=0
CHECKPOINT row=3 layer=20 checkpoint=CP2-KV-P object=kv_projection result=EXACT element_count=512 mismatch_count=0
CHECKPOINT row=3 layer=20 checkpoint=CP2-KV-R object=raw_kv_row result=EXACT element_count=512 mismatch_count=0
CHECKPOINT row=3 layer=20 checkpoint=CP3-F object=layer_attn_state_kv result=EXACT element_count=8192 mismatch_count=0
CHECKPOINT row=3 layer=20 checkpoint=CP3-F object=layer_attn_state_score result=EXACT element_count=8192 mismatch_count=0
CHECKPOINT row=3 layer=20 checkpoint=CP3-F object=layer_n_comp result=EXACT element_count=1 mismatch_count=0
CHECKPOINT row=3 layer=20 checkpoint=CP3-F object=attn_emitted_row_count result=EXACT element_count=1 mismatch_count=0
CHECKPOINT row=3 layer=20 checkpoint=CP3-F object=layer_attn_comp_cache result=MISMATCH element_count=512 first_mismatch_index=9 actual_bits=0x2e00 expected_bits=0x2e80 mismatch_count=78 max_abs=0.125 max_rel=0.909091 max_ulp=28311552
CHECKPOINT row=3 layer=20 checkpoint=CP3-F object=layer_index_state_kv result=EXACT element_count=2048 mismatch_count=0
CHECKPOINT row=3 layer=20 checkpoint=CP3-F object=layer_index_state_score result=EXACT element_count=2048 mismatch_count=0
CHECKPOINT row=3 layer=20 checkpoint=CP3-F object=layer_n_index_comp result=EXACT element_count=1 mismatch_count=0
CHECKPOINT row=3 layer=20 checkpoint=CP3-F object=index_emitted_row_count result=EXACT element_count=1 mismatch_count=0
CHECKPOINT row=3 layer=20 checkpoint=CP3-F object=layer_index_comp_cache result=EXACT element_count=128 mismatch_count=0
CHECKPOINT row=3 layer=20 checkpoint=CP4 object=post_attention_hidden_state result=EXACT element_count=16384 mismatch_count=0
CHECKPOINT row=3 layer=20 checkpoint=CP5 object=final_layer_hidden_state result=EXACT element_count=16384 mismatch_count=0
CHECKPOINT row=3 layer=21 checkpoint=CP1 object=normalized_attention_input result=EXACT element_count=4096 mismatch_count=0
CHECKPOINT row=3 layer=21 checkpoint=CP2-Q object=q_projection result=EXACT element_count=1024 mismatch_count=0
CHECKPOINT row=3 layer=21 checkpoint=CP2-KV-P object=kv_projection result=EXACT element_count=512 mismatch_count=0
CHECKPOINT row=3 layer=21 checkpoint=CP2-KV-R object=raw_kv_row result=EXACT element_count=512 mismatch_count=0
CHECKPOINT row=3 layer=21 checkpoint=CP3-F object=layer_attn_state_kv result=EXACT element_count=65536 mismatch_count=0
CHECKPOINT row=3 layer=21 checkpoint=CP3-F object=layer_attn_state_score result=EXACT element_count=65536 mismatch_count=0
CHECKPOINT row=3 layer=21 checkpoint=CP3-F object=layer_n_comp result=EXACT element_count=1 mismatch_count=0
CHECKPOINT row=3 layer=21 checkpoint=CP3-F object=attn_emitted_row_count result=EXACT element_count=1 mismatch_count=0
CHECKPOINT row=3 layer=21 checkpoint=CP4 object=post_attention_hidden_state result=EXACT element_count=16384 mismatch_count=0
CHECKPOINT row=3 layer=21 checkpoint=CP5 object=final_layer_hidden_state result=EXACT element_count=16384 mismatch_count=0
CHECKPOINT row=3 layer=22 checkpoint=CP1 object=normalized_attention_input result=EXACT element_count=4096 mismatch_count=0
CHECKPOINT row=3 layer=22 checkpoint=CP2-Q object=q_projection result=EXACT element_count=1024 mismatch_count=0
CHECKPOINT row=3 layer=22 checkpoint=CP2-KV-P object=kv_projection result=EXACT element_count=512 mismatch_count=0
CHECKPOINT row=3 layer=22 checkpoint=CP2-KV-R object=raw_kv_row result=EXACT element_count=512 mismatch_count=0
CHECKPOINT row=3 layer=22 checkpoint=CP3-F object=layer_attn_state_kv result=EXACT element_count=8192 mismatch_count=0
CHECKPOINT row=3 layer=22 checkpoint=CP3-F object=layer_attn_state_score result=EXACT element_count=8192 mismatch_count=0
CHECKPOINT row=3 layer=22 checkpoint=CP3-F object=layer_n_comp result=EXACT element_count=1 mismatch_count=0
CHECKPOINT row=3 layer=22 checkpoint=CP3-F object=attn_emitted_row_count result=EXACT element_count=1 mismatch_count=0
CHECKPOINT row=3 layer=22 checkpoint=CP3-F object=layer_attn_comp_cache result=MISMATCH element_count=512 first_mismatch_index=18 actual_bits=0xa900 expected_bits=0xa880 mismatch_count=63 max_abs=0.0625 max_rel=0.80335 max_ulp=19177472
CHECKPOINT row=3 layer=22 checkpoint=CP3-F object=layer_index_state_kv result=EXACT element_count=2048 mismatch_count=0
CHECKPOINT row=3 layer=22 checkpoint=CP3-F object=layer_index_state_score result=EXACT element_count=2048 mismatch_count=0
CHECKPOINT row=3 layer=22 checkpoint=CP3-F object=layer_n_index_comp result=EXACT element_count=1 mismatch_count=0
CHECKPOINT row=3 layer=22 checkpoint=CP3-F object=index_emitted_row_count result=EXACT element_count=1 mismatch_count=0
CHECKPOINT row=3 layer=22 checkpoint=CP3-F object=layer_index_comp_cache result=EXACT element_count=128 mismatch_count=0
CHECKPOINT row=3 layer=22 checkpoint=CP4 object=post_attention_hidden_state result=EXACT element_count=16384 mismatch_count=0
CHECKPOINT row=3 layer=22 checkpoint=CP5 object=final_layer_hidden_state result=EXACT element_count=16384 mismatch_count=0
CHECKPOINT row=3 layer=23 checkpoint=CP1 object=normalized_attention_input result=EXACT element_count=4096 mismatch_count=0
CHECKPOINT row=3 layer=23 checkpoint=CP2-Q object=q_projection result=EXACT element_count=1024 mismatch_count=0
CHECKPOINT row=3 layer=23 checkpoint=CP2-KV-P object=kv_projection result=EXACT element_count=512 mismatch_count=0
CHECKPOINT row=3 layer=23 checkpoint=CP2-KV-R object=raw_kv_row result=EXACT element_count=512 mismatch_count=0
CHECKPOINT row=3 layer=23 checkpoint=CP3-F object=layer_attn_state_kv result=EXACT element_count=65536 mismatch_count=0
CHECKPOINT row=3 layer=23 checkpoint=CP3-F object=layer_attn_state_score result=EXACT element_count=65536 mismatch_count=0
CHECKPOINT row=3 layer=23 checkpoint=CP3-F object=layer_n_comp result=EXACT element_count=1 mismatch_count=0
CHECKPOINT row=3 layer=23 checkpoint=CP3-F object=attn_emitted_row_count result=EXACT element_count=1 mismatch_count=0
CHECKPOINT row=3 layer=23 checkpoint=CP4 object=post_attention_hidden_state result=EXACT element_count=16384 mismatch_count=0
CHECKPOINT row=3 layer=23 checkpoint=CP5 object=final_layer_hidden_state result=EXACT element_count=16384 mismatch_count=0
CHECKPOINT row=3 layer=24 checkpoint=CP1 object=normalized_attention_input result=EXACT element_count=4096 mismatch_count=0
CHECKPOINT row=3 layer=24 checkpoint=CP2-Q object=q_projection result=EXACT element_count=1024 mismatch_count=0
CHECKPOINT row=3 layer=24 checkpoint=CP2-KV-P object=kv_projection result=EXACT element_count=512 mismatch_count=0
CHECKPOINT row=3 layer=24 checkpoint=CP2-KV-R object=raw_kv_row result=EXACT element_count=512 mismatch_count=0
CHECKPOINT row=3 layer=24 checkpoint=CP3-F object=layer_attn_state_kv result=EXACT element_count=8192 mismatch_count=0
CHECKPOINT row=3 layer=24 checkpoint=CP3-F object=layer_attn_state_score result=EXACT element_count=8192 mismatch_count=0
CHECKPOINT row=3 layer=24 checkpoint=CP3-F object=layer_n_comp result=EXACT element_count=1 mismatch_count=0
CHECKPOINT row=3 layer=24 checkpoint=CP3-F object=attn_emitted_row_count result=EXACT element_count=1 mismatch_count=0
CHECKPOINT row=3 layer=24 checkpoint=CP3-F object=layer_attn_comp_cache result=MISMATCH element_count=512 first_mismatch_index=8 actual_bits=0x1500 expected_bits=0x9200 mismatch_count=81 max_abs=0.125 max_rel=1.6 max_ulp=1960837121
CHECKPOINT row=3 layer=24 checkpoint=CP3-F object=layer_index_state_kv result=EXACT element_count=2048 mismatch_count=0
CHECKPOINT row=3 layer=24 checkpoint=CP3-F object=layer_index_state_score result=EXACT element_count=2048 mismatch_count=0
CHECKPOINT row=3 layer=24 checkpoint=CP3-F object=layer_n_index_comp result=EXACT element_count=1 mismatch_count=0
CHECKPOINT row=3 layer=24 checkpoint=CP3-F object=index_emitted_row_count result=EXACT element_count=1 mismatch_count=0
CHECKPOINT row=3 layer=24 checkpoint=CP3-F object=layer_index_comp_cache result=EXACT element_count=128 mismatch_count=0
CHECKPOINT row=3 layer=24 checkpoint=CP4 object=post_attention_hidden_state result=EXACT element_count=16384 mismatch_count=0
CHECKPOINT row=3 layer=24 checkpoint=CP5 object=final_layer_hidden_state result=EXACT element_count=16384 mismatch_count=0
CHECKPOINT row=3 layer=25 checkpoint=CP1 object=normalized_attention_input result=EXACT element_count=4096 mismatch_count=0
CHECKPOINT row=3 layer=25 checkpoint=CP2-Q object=q_projection result=EXACT element_count=1024 mismatch_count=0
CHECKPOINT row=3 layer=25 checkpoint=CP2-KV-P object=kv_projection result=EXACT element_count=512 mismatch_count=0
CHECKPOINT row=3 layer=25 checkpoint=CP2-KV-R object=raw_kv_row result=EXACT element_count=512 mismatch_count=0
CHECKPOINT row=3 layer=25 checkpoint=CP3-F object=layer_attn_state_kv result=EXACT element_count=65536 mismatch_count=0
CHECKPOINT row=3 layer=25 checkpoint=CP3-F object=layer_attn_state_score result=EXACT element_count=65536 mismatch_count=0
CHECKPOINT row=3 layer=25 checkpoint=CP3-F object=layer_n_comp result=EXACT element_count=1 mismatch_count=0
CHECKPOINT row=3 layer=25 checkpoint=CP3-F object=attn_emitted_row_count result=EXACT element_count=1 mismatch_count=0
CHECKPOINT row=3 layer=25 checkpoint=CP4 object=post_attention_hidden_state result=EXACT element_count=16384 mismatch_count=0
CHECKPOINT row=3 layer=25 checkpoint=CP5 object=final_layer_hidden_state result=EXACT element_count=16384 mismatch_count=0
CHECKPOINT row=3 layer=26 checkpoint=CP1 object=normalized_attention_input result=EXACT element_count=4096 mismatch_count=0
CHECKPOINT row=3 layer=26 checkpoint=CP2-Q object=q_projection result=EXACT element_count=1024 mismatch_count=0
CHECKPOINT row=3 layer=26 checkpoint=CP2-KV-P object=kv_projection result=EXACT element_count=512 mismatch_count=0
CHECKPOINT row=3 layer=26 checkpoint=CP2-KV-R object=raw_kv_row result=EXACT element_count=512 mismatch_count=0
CHECKPOINT row=3 layer=26 checkpoint=CP3-F object=layer_attn_state_kv result=EXACT element_count=8192 mismatch_count=0
CHECKPOINT row=3 layer=26 checkpoint=CP3-F object=layer_attn_state_score result=EXACT element_count=8192 mismatch_count=0
CHECKPOINT row=3 layer=26 checkpoint=CP3-F object=layer_n_comp result=EXACT element_count=1 mismatch_count=0
CHECKPOINT row=3 layer=26 checkpoint=CP3-F object=attn_emitted_row_count result=EXACT element_count=1 mismatch_count=0
CHECKPOINT row=3 layer=26 checkpoint=CP3-F object=layer_attn_comp_cache result=MISMATCH element_count=512 first_mismatch_index=43 actual_bits=0x9400 expected_bits=0x9480 mismatch_count=43 max_abs=0.03125 max_rel=0.111111 max_ulp=1048576
CHECKPOINT row=3 layer=26 checkpoint=CP3-F object=layer_index_state_kv result=EXACT element_count=2048 mismatch_count=0
CHECKPOINT row=3 layer=26 checkpoint=CP3-F object=layer_index_state_score result=EXACT element_count=2048 mismatch_count=0
CHECKPOINT row=3 layer=26 checkpoint=CP3-F object=layer_n_index_comp result=EXACT element_count=1 mismatch_count=0
CHECKPOINT row=3 layer=26 checkpoint=CP3-F object=index_emitted_row_count result=EXACT element_count=1 mismatch_count=0
CHECKPOINT row=3 layer=26 checkpoint=CP3-F object=layer_index_comp_cache result=EXACT element_count=128 mismatch_count=0
CHECKPOINT row=3 layer=26 checkpoint=CP4 object=post_attention_hidden_state result=EXACT element_count=16384 mismatch_count=0
CHECKPOINT row=3 layer=26 checkpoint=CP5 object=final_layer_hidden_state result=EXACT element_count=16384 mismatch_count=0
CHECKPOINT row=3 layer=27 checkpoint=CP1 object=normalized_attention_input result=EXACT element_count=4096 mismatch_count=0
CHECKPOINT row=3 layer=27 checkpoint=CP2-Q object=q_projection result=EXACT element_count=1024 mismatch_count=0
CHECKPOINT row=3 layer=27 checkpoint=CP2-KV-P object=kv_projection result=EXACT element_count=512 mismatch_count=0
CHECKPOINT row=3 layer=27 checkpoint=CP2-KV-R object=raw_kv_row result=EXACT element_count=512 mismatch_count=0
CHECKPOINT row=3 layer=27 checkpoint=CP3-F object=layer_attn_state_kv result=EXACT element_count=65536 mismatch_count=0
CHECKPOINT row=3 layer=27 checkpoint=CP3-F object=layer_attn_state_score result=EXACT element_count=65536 mismatch_count=0
CHECKPOINT row=3 layer=27 checkpoint=CP3-F object=layer_n_comp result=EXACT element_count=1 mismatch_count=0
CHECKPOINT row=3 layer=27 checkpoint=CP3-F object=attn_emitted_row_count result=EXACT element_count=1 mismatch_count=0
CHECKPOINT row=3 layer=27 checkpoint=CP4 object=post_attention_hidden_state result=EXACT element_count=16384 mismatch_count=0
CHECKPOINT row=3 layer=27 checkpoint=CP5 object=final_layer_hidden_state result=EXACT element_count=16384 mismatch_count=0
CHECKPOINT row=3 layer=28 checkpoint=CP1 object=normalized_attention_input result=EXACT element_count=4096 mismatch_count=0
CHECKPOINT row=3 layer=28 checkpoint=CP2-Q object=q_projection result=EXACT element_count=1024 mismatch_count=0
CHECKPOINT row=3 layer=28 checkpoint=CP2-KV-P object=kv_projection result=EXACT element_count=512 mismatch_count=0
CHECKPOINT row=3 layer=28 checkpoint=CP2-KV-R object=raw_kv_row result=EXACT element_count=512 mismatch_count=0
CHECKPOINT row=3 layer=28 checkpoint=CP3-F object=layer_attn_state_kv result=EXACT element_count=8192 mismatch_count=0
CHECKPOINT row=3 layer=28 checkpoint=CP3-F object=layer_attn_state_score result=EXACT element_count=8192 mismatch_count=0
CHECKPOINT row=3 layer=28 checkpoint=CP3-F object=layer_n_comp result=EXACT element_count=1 mismatch_count=0
CHECKPOINT row=3 layer=28 checkpoint=CP3-F object=attn_emitted_row_count result=EXACT element_count=1 mismatch_count=0
CHECKPOINT row=3 layer=28 checkpoint=CP3-F object=layer_attn_comp_cache result=MISMATCH element_count=512 first_mismatch_index=47 actual_bits=0x9f00 expected_bits=0x9e00 mismatch_count=62 max_abs=0.125 max_rel=0.25 max_ulp=4194304
CHECKPOINT row=3 layer=28 checkpoint=CP3-F object=layer_index_state_kv result=EXACT element_count=2048 mismatch_count=0
CHECKPOINT row=3 layer=28 checkpoint=CP3-F object=layer_index_state_score result=EXACT element_count=2048 mismatch_count=0
CHECKPOINT row=3 layer=28 checkpoint=CP3-F object=layer_n_index_comp result=EXACT element_count=1 mismatch_count=0
CHECKPOINT row=3 layer=28 checkpoint=CP3-F object=index_emitted_row_count result=EXACT element_count=1 mismatch_count=0
CHECKPOINT row=3 layer=28 checkpoint=CP3-F object=layer_index_comp_cache result=EXACT element_count=128 mismatch_count=0
CHECKPOINT row=3 layer=28 checkpoint=CP4 object=post_attention_hidden_state result=EXACT element_count=16384 mismatch_count=0
CHECKPOINT row=3 layer=28 checkpoint=CP5 object=final_layer_hidden_state result=EXACT element_count=16384 mismatch_count=0
CHECKPOINT row=3 layer=29 checkpoint=CP1 object=normalized_attention_input result=EXACT element_count=4096 mismatch_count=0
CHECKPOINT row=3 layer=29 checkpoint=CP2-Q object=q_projection result=EXACT element_count=1024 mismatch_count=0
CHECKPOINT row=3 layer=29 checkpoint=CP2-KV-P object=kv_projection result=EXACT element_count=512 mismatch_count=0
CHECKPOINT row=3 layer=29 checkpoint=CP2-KV-R object=raw_kv_row result=EXACT element_count=512 mismatch_count=0
CHECKPOINT row=3 layer=29 checkpoint=CP3-F object=layer_attn_state_kv result=EXACT element_count=65536 mismatch_count=0
CHECKPOINT row=3 layer=29 checkpoint=CP3-F object=layer_attn_state_score result=EXACT element_count=65536 mismatch_count=0
CHECKPOINT row=3 layer=29 checkpoint=CP3-F object=layer_n_comp result=EXACT element_count=1 mismatch_count=0
CHECKPOINT row=3 layer=29 checkpoint=CP3-F object=attn_emitted_row_count result=EXACT element_count=1 mismatch_count=0
CHECKPOINT row=3 layer=29 checkpoint=CP4 object=post_attention_hidden_state result=EXACT element_count=16384 mismatch_count=0
CHECKPOINT row=3 layer=29 checkpoint=CP5 object=final_layer_hidden_state result=EXACT element_count=16384 mismatch_count=0
CHECKPOINT row=3 layer=30 checkpoint=CP1 object=normalized_attention_input result=EXACT element_count=4096 mismatch_count=0
CHECKPOINT row=3 layer=30 checkpoint=CP2-Q object=q_projection result=EXACT element_count=1024 mismatch_count=0
CHECKPOINT row=3 layer=30 checkpoint=CP2-KV-P object=kv_projection result=EXACT element_count=512 mismatch_count=0
CHECKPOINT row=3 layer=30 checkpoint=CP2-KV-R object=raw_kv_row result=EXACT element_count=512 mismatch_count=0
CHECKPOINT row=3 layer=30 checkpoint=CP3-F object=layer_attn_state_kv result=EXACT element_count=8192 mismatch_count=0
CHECKPOINT row=3 layer=30 checkpoint=CP3-F object=layer_attn_state_score result=EXACT element_count=8192 mismatch_count=0
CHECKPOINT row=3 layer=30 checkpoint=CP3-F object=layer_n_comp result=EXACT element_count=1 mismatch_count=0
CHECKPOINT row=3 layer=30 checkpoint=CP3-F object=attn_emitted_row_count result=EXACT element_count=1 mismatch_count=0
CHECKPOINT row=3 layer=30 checkpoint=CP3-F object=layer_attn_comp_cache result=MISMATCH element_count=512 first_mismatch_index=9 actual_bits=0x1d80 expected_bits=0x1e80 mismatch_count=74 max_abs=0.125 max_rel=0.5 max_ulp=8388608
CHECKPOINT row=3 layer=30 checkpoint=CP3-F object=layer_index_state_kv result=EXACT element_count=2048 mismatch_count=0
CHECKPOINT row=3 layer=30 checkpoint=CP3-F object=layer_index_state_score result=EXACT element_count=2048 mismatch_count=0
CHECKPOINT row=3 layer=30 checkpoint=CP3-F object=layer_n_index_comp result=EXACT element_count=1 mismatch_count=0
CHECKPOINT row=3 layer=30 checkpoint=CP3-F object=index_emitted_row_count result=EXACT element_count=1 mismatch_count=0
CHECKPOINT row=3 layer=30 checkpoint=CP3-F object=layer_index_comp_cache result=EXACT element_count=128 mismatch_count=0
CHECKPOINT row=3 layer=30 checkpoint=CP4 object=post_attention_hidden_state result=EXACT element_count=16384 mismatch_count=0
CHECKPOINT row=3 layer=30 checkpoint=CP5 object=final_layer_hidden_state result=EXACT element_count=16384 mismatch_count=0
CHECKPOINT row=3 layer=31 checkpoint=CP1 object=normalized_attention_input result=EXACT element_count=4096 mismatch_count=0
CHECKPOINT row=3 layer=31 checkpoint=CP2-Q object=q_projection result=EXACT element_count=1024 mismatch_count=0
CHECKPOINT row=3 layer=31 checkpoint=CP2-KV-P object=kv_projection result=EXACT element_count=512 mismatch_count=0
CHECKPOINT row=3 layer=31 checkpoint=CP2-KV-R object=raw_kv_row result=EXACT element_count=512 mismatch_count=0
CHECKPOINT row=3 layer=31 checkpoint=CP3-F object=layer_attn_state_kv result=EXACT element_count=65536 mismatch_count=0
CHECKPOINT row=3 layer=31 checkpoint=CP3-F object=layer_attn_state_score result=EXACT element_count=65536 mismatch_count=0
CHECKPOINT row=3 layer=31 checkpoint=CP3-F object=layer_n_comp result=EXACT element_count=1 mismatch_count=0
CHECKPOINT row=3 layer=31 checkpoint=CP3-F object=attn_emitted_row_count result=EXACT element_count=1 mismatch_count=0
CHECKPOINT row=3 layer=31 checkpoint=CP4 object=post_attention_hidden_state result=EXACT element_count=16384 mismatch_count=0
CHECKPOINT row=3 layer=31 checkpoint=CP5 object=final_layer_hidden_state result=EXACT element_count=16384 mismatch_count=0
CHECKPOINT row=3 layer=32 checkpoint=CP1 object=normalized_attention_input result=EXACT element_count=4096 mismatch_count=0
CHECKPOINT row=3 layer=32 checkpoint=CP2-Q object=q_projection result=EXACT element_count=1024 mismatch_count=0
CHECKPOINT row=3 layer=32 checkpoint=CP2-KV-P object=kv_projection result=EXACT element_count=512 mismatch_count=0
CHECKPOINT row=3 layer=32 checkpoint=CP2-KV-R object=raw_kv_row result=EXACT element_count=512 mismatch_count=0
CHECKPOINT row=3 layer=32 checkpoint=CP3-F object=layer_attn_state_kv result=EXACT element_count=8192 mismatch_count=0
CHECKPOINT row=3 layer=32 checkpoint=CP3-F object=layer_attn_state_score result=EXACT element_count=8192 mismatch_count=0
CHECKPOINT row=3 layer=32 checkpoint=CP3-F object=layer_n_comp result=EXACT element_count=1 mismatch_count=0
CHECKPOINT row=3 layer=32 checkpoint=CP3-F object=attn_emitted_row_count result=EXACT element_count=1 mismatch_count=0
CHECKPOINT row=3 layer=32 checkpoint=CP3-F object=layer_attn_comp_cache result=MISMATCH element_count=512 first_mismatch_index=20 actual_bits=0x3300 expected_bits=0x3380 mismatch_count=49 max_abs=0.125 max_rel=0.166667 max_ulp=2097152
CHECKPOINT row=3 layer=32 checkpoint=CP3-F object=layer_index_state_kv result=EXACT element_count=2048 mismatch_count=0
CHECKPOINT row=3 layer=32 checkpoint=CP3-F object=layer_index_state_score result=EXACT element_count=2048 mismatch_count=0
CHECKPOINT row=3 layer=32 checkpoint=CP3-F object=layer_n_index_comp result=EXACT element_count=1 mismatch_count=0
CHECKPOINT row=3 layer=32 checkpoint=CP3-F object=index_emitted_row_count result=EXACT element_count=1 mismatch_count=0
CHECKPOINT row=3 layer=32 checkpoint=CP3-F object=layer_index_comp_cache result=EXACT element_count=128 mismatch_count=0
CHECKPOINT row=3 layer=32 checkpoint=CP4 object=post_attention_hidden_state result=EXACT element_count=16384 mismatch_count=0
CHECKPOINT row=3 layer=32 checkpoint=CP5 object=final_layer_hidden_state result=EXACT element_count=16384 mismatch_count=0
CHECKPOINT row=3 layer=33 checkpoint=CP1 object=normalized_attention_input result=EXACT element_count=4096 mismatch_count=0
CHECKPOINT row=3 layer=33 checkpoint=CP2-Q object=q_projection result=EXACT element_count=1024 mismatch_count=0
CHECKPOINT row=3 layer=33 checkpoint=CP2-KV-P object=kv_projection result=EXACT element_count=512 mismatch_count=0
CHECKPOINT row=3 layer=33 checkpoint=CP2-KV-R object=raw_kv_row result=EXACT element_count=512 mismatch_count=0
CHECKPOINT row=3 layer=33 checkpoint=CP3-F object=layer_attn_state_kv result=EXACT element_count=65536 mismatch_count=0
CHECKPOINT row=3 layer=33 checkpoint=CP3-F object=layer_attn_state_score result=EXACT element_count=65536 mismatch_count=0
CHECKPOINT row=3 layer=33 checkpoint=CP3-F object=layer_n_comp result=EXACT element_count=1 mismatch_count=0
CHECKPOINT row=3 layer=33 checkpoint=CP3-F object=attn_emitted_row_count result=EXACT element_count=1 mismatch_count=0
CHECKPOINT row=3 layer=33 checkpoint=CP4 object=post_attention_hidden_state result=EXACT element_count=16384 mismatch_count=0
CHECKPOINT row=3 layer=33 checkpoint=CP5 object=final_layer_hidden_state result=EXACT element_count=16384 mismatch_count=0
CHECKPOINT row=3 layer=34 checkpoint=CP1 object=normalized_attention_input result=EXACT element_count=4096 mismatch_count=0
CHECKPOINT row=3 layer=34 checkpoint=CP2-Q object=q_projection result=EXACT element_count=1024 mismatch_count=0
CHECKPOINT row=3 layer=34 checkpoint=CP2-KV-P object=kv_projection result=EXACT element_count=512 mismatch_count=0
CHECKPOINT row=3 layer=34 checkpoint=CP2-KV-R object=raw_kv_row result=EXACT element_count=512 mismatch_count=0
CHECKPOINT row=3 layer=34 checkpoint=CP3-F object=layer_attn_state_kv result=EXACT element_count=8192 mismatch_count=0
CHECKPOINT row=3 layer=34 checkpoint=CP3-F object=layer_attn_state_score result=EXACT element_count=8192 mismatch_count=0
CHECKPOINT row=3 layer=34 checkpoint=CP3-F object=layer_n_comp result=EXACT element_count=1 mismatch_count=0
CHECKPOINT row=3 layer=34 checkpoint=CP3-F object=attn_emitted_row_count result=EXACT element_count=1 mismatch_count=0
CHECKPOINT row=3 layer=34 checkpoint=CP3-F object=layer_attn_comp_cache result=MISMATCH element_count=512 first_mismatch_index=6 actual_bits=0xaf00 expected_bits=0xae80 mismatch_count=96 max_abs=0.0625 max_rel=0.53125 max_ulp=9437184
CHECKPOINT row=3 layer=34 checkpoint=CP3-F object=layer_index_state_kv result=EXACT element_count=2048 mismatch_count=0
CHECKPOINT row=3 layer=34 checkpoint=CP3-F object=layer_index_state_score result=EXACT element_count=2048 mismatch_count=0
CHECKPOINT row=3 layer=34 checkpoint=CP3-F object=layer_n_index_comp result=EXACT element_count=1 mismatch_count=0
CHECKPOINT row=3 layer=34 checkpoint=CP3-F object=index_emitted_row_count result=EXACT element_count=1 mismatch_count=0
CHECKPOINT row=3 layer=34 checkpoint=CP3-F object=layer_index_comp_cache result=EXACT element_count=128 mismatch_count=0
CHECKPOINT row=3 layer=34 checkpoint=CP4 object=post_attention_hidden_state result=EXACT element_count=16384 mismatch_count=0
CHECKPOINT row=3 layer=34 checkpoint=CP5 object=final_layer_hidden_state result=EXACT element_count=16384 mismatch_count=0
CHECKPOINT row=3 layer=35 checkpoint=CP1 object=normalized_attention_input result=EXACT element_count=4096 mismatch_count=0
CHECKPOINT row=3 layer=35 checkpoint=CP2-Q object=q_projection result=EXACT element_count=1024 mismatch_count=0
CHECKPOINT row=3 layer=35 checkpoint=CP2-KV-P object=kv_projection result=EXACT element_count=512 mismatch_count=0
CHECKPOINT row=3 layer=35 checkpoint=CP2-KV-R object=raw_kv_row result=EXACT element_count=512 mismatch_count=0
CHECKPOINT row=3 layer=35 checkpoint=CP3-F object=layer_attn_state_kv result=EXACT element_count=65536 mismatch_count=0
CHECKPOINT row=3 layer=35 checkpoint=CP3-F object=layer_attn_state_score result=EXACT element_count=65536 mismatch_count=0
CHECKPOINT row=3 layer=35 checkpoint=CP3-F object=layer_n_comp result=EXACT element_count=1 mismatch_count=0
CHECKPOINT row=3 layer=35 checkpoint=CP3-F object=attn_emitted_row_count result=EXACT element_count=1 mismatch_count=0
CHECKPOINT row=3 layer=35 checkpoint=CP4 object=post_attention_hidden_state result=EXACT element_count=16384 mismatch_count=0
CHECKPOINT row=3 layer=35 checkpoint=CP5 object=final_layer_hidden_state result=EXACT element_count=16384 mismatch_count=0
CHECKPOINT row=3 layer=36 checkpoint=CP1 object=normalized_attention_input result=EXACT element_count=4096 mismatch_count=0
CHECKPOINT row=3 layer=36 checkpoint=CP2-Q object=q_projection result=EXACT element_count=1024 mismatch_count=0
CHECKPOINT row=3 layer=36 checkpoint=CP2-KV-P object=kv_projection result=EXACT element_count=512 mismatch_count=0
CHECKPOINT row=3 layer=36 checkpoint=CP2-KV-R object=raw_kv_row result=EXACT element_count=512 mismatch_count=0
CHECKPOINT row=3 layer=36 checkpoint=CP3-F object=layer_attn_state_kv result=EXACT element_count=8192 mismatch_count=0
CHECKPOINT row=3 layer=36 checkpoint=CP3-F object=layer_attn_state_score result=EXACT element_count=8192 mismatch_count=0
CHECKPOINT row=3 layer=36 checkpoint=CP3-F object=layer_n_comp result=EXACT element_count=1 mismatch_count=0
CHECKPOINT row=3 layer=36 checkpoint=CP3-F object=attn_emitted_row_count result=EXACT element_count=1 mismatch_count=0
CHECKPOINT row=3 layer=36 checkpoint=CP3-F object=layer_attn_comp_cache result=MISMATCH element_count=512 first_mismatch_index=2 actual_bits=0xa500 expected_bits=0xa700 mismatch_count=134 max_abs=0.0625 max_rel=1.8125 max_ulp=1993342977
CHECKPOINT row=3 layer=36 checkpoint=CP3-F object=layer_index_state_kv result=EXACT element_count=2048 mismatch_count=0
CHECKPOINT row=3 layer=36 checkpoint=CP3-F object=layer_index_state_score result=EXACT element_count=2048 mismatch_count=0
CHECKPOINT row=3 layer=36 checkpoint=CP3-F object=layer_n_index_comp result=EXACT element_count=1 mismatch_count=0
CHECKPOINT row=3 layer=36 checkpoint=CP3-F object=index_emitted_row_count result=EXACT element_count=1 mismatch_count=0
CHECKPOINT row=3 layer=36 checkpoint=CP3-F object=layer_index_comp_cache result=EXACT element_count=128 mismatch_count=0
CHECKPOINT row=3 layer=36 checkpoint=CP4 object=post_attention_hidden_state result=EXACT element_count=16384 mismatch_count=0
CHECKPOINT row=3 layer=36 checkpoint=CP5 object=final_layer_hidden_state result=EXACT element_count=16384 mismatch_count=0
CHECKPOINT row=3 layer=37 checkpoint=CP1 object=normalized_attention_input result=EXACT element_count=4096 mismatch_count=0
CHECKPOINT row=3 layer=37 checkpoint=CP2-Q object=q_projection result=EXACT element_count=1024 mismatch_count=0
CHECKPOINT row=3 layer=37 checkpoint=CP2-KV-P object=kv_projection result=EXACT element_count=512 mismatch_count=0
CHECKPOINT row=3 layer=37 checkpoint=CP2-KV-R object=raw_kv_row result=EXACT element_count=512 mismatch_count=0
CHECKPOINT row=3 layer=37 checkpoint=CP3-F object=layer_attn_state_kv result=EXACT element_count=65536 mismatch_count=0
CHECKPOINT row=3 layer=37 checkpoint=CP3-F object=layer_attn_state_score result=EXACT element_count=65536 mismatch_count=0
CHECKPOINT row=3 layer=37 checkpoint=CP3-F object=layer_n_comp result=EXACT element_count=1 mismatch_count=0
CHECKPOINT row=3 layer=37 checkpoint=CP3-F object=attn_emitted_row_count result=EXACT element_count=1 mismatch_count=0
CHECKPOINT row=3 layer=37 checkpoint=CP4 object=post_attention_hidden_state result=EXACT element_count=16384 mismatch_count=0
CHECKPOINT row=3 layer=37 checkpoint=CP5 object=final_layer_hidden_state result=EXACT element_count=16384 mismatch_count=0
CHECKPOINT row=3 layer=38 checkpoint=CP1 object=normalized_attention_input result=EXACT element_count=4096 mismatch_count=0
CHECKPOINT row=3 layer=38 checkpoint=CP2-Q object=q_projection result=EXACT element_count=1024 mismatch_count=0
CHECKPOINT row=3 layer=38 checkpoint=CP2-KV-P object=kv_projection result=EXACT element_count=512 mismatch_count=0
CHECKPOINT row=3 layer=38 checkpoint=CP2-KV-R object=raw_kv_row result=EXACT element_count=512 mismatch_count=0
CHECKPOINT row=3 layer=38 checkpoint=CP3-F object=layer_attn_state_kv result=EXACT element_count=8192 mismatch_count=0
CHECKPOINT row=3 layer=38 checkpoint=CP3-F object=layer_attn_state_score result=EXACT element_count=8192 mismatch_count=0
CHECKPOINT row=3 layer=38 checkpoint=CP3-F object=layer_n_comp result=EXACT element_count=1 mismatch_count=0
CHECKPOINT row=3 layer=38 checkpoint=CP3-F object=attn_emitted_row_count result=EXACT element_count=1 mismatch_count=0
CHECKPOINT row=3 layer=38 checkpoint=CP3-F object=layer_attn_comp_cache result=MISMATCH element_count=512 first_mismatch_index=13 actual_bits=0x3700 expected_bits=0x3680 mismatch_count=112 max_abs=0.25 max_rel=1 max_ulp=993001473
CHECKPOINT row=3 layer=38 checkpoint=CP3-F object=layer_index_state_kv result=EXACT element_count=2048 mismatch_count=0
CHECKPOINT row=3 layer=38 checkpoint=CP3-F object=layer_index_state_score result=EXACT element_count=2048 mismatch_count=0
CHECKPOINT row=3 layer=38 checkpoint=CP3-F object=layer_n_index_comp result=EXACT element_count=1 mismatch_count=0
CHECKPOINT row=3 layer=38 checkpoint=CP3-F object=index_emitted_row_count result=EXACT element_count=1 mismatch_count=0
CHECKPOINT row=3 layer=38 checkpoint=CP3-F object=layer_index_comp_cache result=EXACT element_count=128 mismatch_count=0
CHECKPOINT row=3 layer=38 checkpoint=CP4 object=post_attention_hidden_state result=EXACT element_count=16384 mismatch_count=0
CHECKPOINT row=3 layer=38 checkpoint=CP5 object=final_layer_hidden_state result=EXACT element_count=16384 mismatch_count=0
CHECKPOINT row=3 layer=39 checkpoint=CP1 object=normalized_attention_input result=EXACT element_count=4096 mismatch_count=0
CHECKPOINT row=3 layer=39 checkpoint=CP2-Q object=q_projection result=EXACT element_count=1024 mismatch_count=0
CHECKPOINT row=3 layer=39 checkpoint=CP2-KV-P object=kv_projection result=EXACT element_count=512 mismatch_count=0
CHECKPOINT row=3 layer=39 checkpoint=CP2-KV-R object=raw_kv_row result=EXACT element_count=512 mismatch_count=0
CHECKPOINT row=3 layer=39 checkpoint=CP3-F object=layer_attn_state_kv result=EXACT element_count=65536 mismatch_count=0
CHECKPOINT row=3 layer=39 checkpoint=CP3-F object=layer_attn_state_score result=EXACT element_count=65536 mismatch_count=0
CHECKPOINT row=3 layer=39 checkpoint=CP3-F object=layer_n_comp result=EXACT element_count=1 mismatch_count=0
CHECKPOINT row=3 layer=39 checkpoint=CP3-F object=attn_emitted_row_count result=EXACT element_count=1 mismatch_count=0
CHECKPOINT row=3 layer=39 checkpoint=CP4 object=post_attention_hidden_state result=EXACT element_count=16384 mismatch_count=0
CHECKPOINT row=3 layer=39 checkpoint=CP5 object=final_layer_hidden_state result=EXACT element_count=16384 mismatch_count=0
CHECKPOINT row=3 layer=40 checkpoint=CP1 object=normalized_attention_input result=EXACT element_count=4096 mismatch_count=0
CHECKPOINT row=3 layer=40 checkpoint=CP2-Q object=q_projection result=EXACT element_count=1024 mismatch_count=0
CHECKPOINT row=3 layer=40 checkpoint=CP2-KV-P object=kv_projection result=EXACT element_count=512 mismatch_count=0
CHECKPOINT row=3 layer=40 checkpoint=CP2-KV-R object=raw_kv_row result=EXACT element_count=512 mismatch_count=0
CHECKPOINT row=3 layer=40 checkpoint=CP3-F object=layer_attn_state_kv result=EXACT element_count=8192 mismatch_count=0
CHECKPOINT row=3 layer=40 checkpoint=CP3-F object=layer_attn_state_score result=EXACT element_count=8192 mismatch_count=0
CHECKPOINT row=3 layer=40 checkpoint=CP3-F object=layer_n_comp result=EXACT element_count=1 mismatch_count=0
CHECKPOINT row=3 layer=40 checkpoint=CP3-F object=attn_emitted_row_count result=EXACT element_count=1 mismatch_count=0
CHECKPOINT row=3 layer=40 checkpoint=CP3-F object=layer_attn_comp_cache result=MISMATCH element_count=512 first_mismatch_index=27 actual_bits=0x3700 expected_bits=0x3680 mismatch_count=96 max_abs=0.0625 max_rel=0.333333 max_ulp=4194304
CHECKPOINT row=3 layer=40 checkpoint=CP3-F object=layer_index_state_kv result=EXACT element_count=2048 mismatch_count=0
CHECKPOINT row=3 layer=40 checkpoint=CP3-F object=layer_index_state_score result=EXACT element_count=2048 mismatch_count=0
CHECKPOINT row=3 layer=40 checkpoint=CP3-F object=layer_n_index_comp result=EXACT element_count=1 mismatch_count=0
CHECKPOINT row=3 layer=40 checkpoint=CP3-F object=index_emitted_row_count result=EXACT element_count=1 mismatch_count=0
CHECKPOINT row=3 layer=40 checkpoint=CP3-F object=layer_index_comp_cache result=EXACT element_count=128 mismatch_count=0
CHECKPOINT row=3 layer=40 checkpoint=CP4 object=post_attention_hidden_state result=EXACT element_count=16384 mismatch_count=0
CHECKPOINT row=3 layer=40 checkpoint=CP5 object=final_layer_hidden_state result=EXACT element_count=16384 mismatch_count=0
CHECKPOINT row=3 layer=41 checkpoint=CP1 object=normalized_attention_input result=EXACT element_count=4096 mismatch_count=0
CHECKPOINT row=3 layer=41 checkpoint=CP2-Q object=q_projection result=EXACT element_count=1024 mismatch_count=0
CHECKPOINT row=3 layer=41 checkpoint=CP2-KV-P object=kv_projection result=EXACT element_count=512 mismatch_count=0
CHECKPOINT row=3 layer=41 checkpoint=CP2-KV-R object=raw_kv_row result=EXACT element_count=512 mismatch_count=0
CHECKPOINT row=3 layer=41 checkpoint=CP3-F object=layer_attn_state_kv result=EXACT element_count=65536 mismatch_count=0
CHECKPOINT row=3 layer=41 checkpoint=CP3-F object=layer_attn_state_score result=EXACT element_count=65536 mismatch_count=0
CHECKPOINT row=3 layer=41 checkpoint=CP3-F object=layer_n_comp result=EXACT element_count=1 mismatch_count=0
CHECKPOINT row=3 layer=41 checkpoint=CP3-F object=attn_emitted_row_count result=EXACT element_count=1 mismatch_count=0
CHECKPOINT row=3 layer=41 checkpoint=CP4 object=post_attention_hidden_state result=EXACT element_count=16384 mismatch_count=0
CHECKPOINT row=3 layer=41 checkpoint=CP5 object=final_layer_hidden_state result=EXACT element_count=16384 mismatch_count=0
CHECKPOINT row=3 layer=42 checkpoint=CP1 object=normalized_attention_input result=EXACT element_count=4096 mismatch_count=0
CHECKPOINT row=3 layer=42 checkpoint=CP2-Q object=q_projection result=EXACT element_count=1024 mismatch_count=0
CHECKPOINT row=3 layer=42 checkpoint=CP2-KV-P object=kv_projection result=EXACT element_count=512 mismatch_count=0
CHECKPOINT row=3 layer=42 checkpoint=CP2-KV-R object=raw_kv_row result=EXACT element_count=512 mismatch_count=0
CHECKPOINT row=3 layer=42 checkpoint=CP3-F object=layer_attn_state_kv result=EXACT element_count=8192 mismatch_count=0
CHECKPOINT row=3 layer=42 checkpoint=CP3-F object=layer_attn_state_score result=EXACT element_count=8192 mismatch_count=0
CHECKPOINT row=3 layer=42 checkpoint=CP3-F object=layer_n_comp result=EXACT element_count=1 mismatch_count=0
CHECKPOINT row=3 layer=42 checkpoint=CP3-F object=attn_emitted_row_count result=EXACT element_count=1 mismatch_count=0
CHECKPOINT row=3 layer=42 checkpoint=CP3-F object=layer_attn_comp_cache result=MISMATCH element_count=512 first_mismatch_index=4 actual_bits=0x1d80 expected_bits=0x1e80 mismatch_count=122 max_abs=0.0625 max_rel=1.26667 max_ulp=1928331265
CHECKPOINT row=3 layer=42 checkpoint=CP3-F object=layer_index_state_kv result=EXACT element_count=2048 mismatch_count=0
CHECKPOINT row=3 layer=42 checkpoint=CP3-F object=layer_index_state_score result=EXACT element_count=2048 mismatch_count=0
CHECKPOINT row=3 layer=42 checkpoint=CP3-F object=layer_n_index_comp result=EXACT element_count=1 mismatch_count=0
CHECKPOINT row=3 layer=42 checkpoint=CP3-F object=index_emitted_row_count result=EXACT element_count=1 mismatch_count=0
CHECKPOINT row=3 layer=42 checkpoint=CP3-F object=layer_index_comp_cache result=EXACT element_count=128 mismatch_count=0
CHECKPOINT row=3 layer=42 checkpoint=CP4 object=post_attention_hidden_state result=EXACT element_count=16384 mismatch_count=0
CHECKPOINT row=3 layer=42 checkpoint=CP5 object=final_layer_hidden_state result=EXACT element_count=16384 mismatch_count=0
CHECKPOINT row=4 layer=0 checkpoint=CP1 object=normalized_attention_input result=EXACT element_count=4096 mismatch_count=0
CHECKPOINT row=4 layer=0 checkpoint=CP2-Q object=q_projection result=EXACT element_count=1024 mismatch_count=0
CHECKPOINT row=4 layer=0 checkpoint=CP2-KV-P object=kv_projection result=EXACT element_count=512 mismatch_count=0
CHECKPOINT row=4 layer=0 checkpoint=CP2-KV-R object=raw_kv_row result=EXACT element_count=512 mismatch_count=0
CHECKPOINT row=4 layer=0 checkpoint=CP3-F object=compressor result=N/A element_count=0
CHECKPOINT row=4 layer=0 checkpoint=CP4 object=post_attention_hidden_state result=EXACT element_count=16384 mismatch_count=0
CHECKPOINT row=4 layer=0 checkpoint=CP5 object=final_layer_hidden_state result=EXACT element_count=16384 mismatch_count=0
CHECKPOINT row=4 layer=1 checkpoint=CP1 object=normalized_attention_input result=EXACT element_count=4096 mismatch_count=0
CHECKPOINT row=4 layer=1 checkpoint=CP2-Q object=q_projection result=EXACT element_count=1024 mismatch_count=0
CHECKPOINT row=4 layer=1 checkpoint=CP2-KV-P object=kv_projection result=EXACT element_count=512 mismatch_count=0
CHECKPOINT row=4 layer=1 checkpoint=CP2-KV-R object=raw_kv_row result=EXACT element_count=512 mismatch_count=0
CHECKPOINT row=4 layer=1 checkpoint=CP3-F object=compressor result=N/A element_count=0
CHECKPOINT row=4 layer=1 checkpoint=CP4 object=post_attention_hidden_state result=EXACT element_count=16384 mismatch_count=0
CHECKPOINT row=4 layer=1 checkpoint=CP5 object=final_layer_hidden_state result=EXACT element_count=16384 mismatch_count=0
CHECKPOINT row=4 layer=2 checkpoint=CP1 object=normalized_attention_input result=EXACT element_count=4096 mismatch_count=0
CHECKPOINT row=4 layer=2 checkpoint=CP2-Q object=q_projection result=EXACT element_count=1024 mismatch_count=0
CHECKPOINT row=4 layer=2 checkpoint=CP2-KV-P object=kv_projection result=EXACT element_count=512 mismatch_count=0
CHECKPOINT row=4 layer=2 checkpoint=CP2-KV-R object=raw_kv_row result=EXACT element_count=512 mismatch_count=0
CHECKPOINT row=4 layer=2 checkpoint=CP3-F object=layer_attn_state_kv result=EXACT element_count=8192 mismatch_count=0
CHECKPOINT row=4 layer=2 checkpoint=CP3-F object=layer_attn_state_score result=EXACT element_count=8192 mismatch_count=0
CHECKPOINT row=4 layer=2 checkpoint=CP3-F object=layer_n_comp result=EXACT element_count=1 mismatch_count=0
CHECKPOINT row=4 layer=2 checkpoint=CP3-F object=attn_emitted_row_count result=EXACT element_count=1 mismatch_count=0
CHECKPOINT row=4 layer=2 checkpoint=CP3-F object=layer_index_state_kv result=EXACT element_count=2048 mismatch_count=0
CHECKPOINT row=4 layer=2 checkpoint=CP3-F object=layer_index_state_score result=EXACT element_count=2048 mismatch_count=0
CHECKPOINT row=4 layer=2 checkpoint=CP3-F object=layer_n_index_comp result=EXACT element_count=1 mismatch_count=0
CHECKPOINT row=4 layer=2 checkpoint=CP3-F object=index_emitted_row_count result=EXACT element_count=1 mismatch_count=0
CHECKPOINT row=4 layer=2 checkpoint=CP4 object=post_attention_hidden_state result=EXACT element_count=16384 mismatch_count=0
CHECKPOINT row=4 layer=2 checkpoint=CP5 object=final_layer_hidden_state result=EXACT element_count=16384 mismatch_count=0
CHECKPOINT row=4 layer=3 checkpoint=CP1 object=normalized_attention_input result=EXACT element_count=4096 mismatch_count=0
CHECKPOINT row=4 layer=3 checkpoint=CP2-Q object=q_projection result=EXACT element_count=1024 mismatch_count=0
CHECKPOINT row=4 layer=3 checkpoint=CP2-KV-P object=kv_projection result=EXACT element_count=512 mismatch_count=0
CHECKPOINT row=4 layer=3 checkpoint=CP2-KV-R object=raw_kv_row result=EXACT element_count=512 mismatch_count=0
CHECKPOINT row=4 layer=3 checkpoint=CP3-F object=layer_attn_state_kv result=EXACT element_count=65536 mismatch_count=0
CHECKPOINT row=4 layer=3 checkpoint=CP3-F object=layer_attn_state_score result=EXACT element_count=65536 mismatch_count=0
CHECKPOINT row=4 layer=3 checkpoint=CP3-F object=layer_n_comp result=EXACT element_count=1 mismatch_count=0
CHECKPOINT row=4 layer=3 checkpoint=CP3-F object=attn_emitted_row_count result=EXACT element_count=1 mismatch_count=0
CHECKPOINT row=4 layer=3 checkpoint=CP4 object=post_attention_hidden_state result=EXACT element_count=16384 mismatch_count=0
CHECKPOINT row=4 layer=3 checkpoint=CP5 object=final_layer_hidden_state result=EXACT element_count=16384 mismatch_count=0
CHECKPOINT row=4 layer=4 checkpoint=CP1 object=normalized_attention_input result=EXACT element_count=4096 mismatch_count=0
CHECKPOINT row=4 layer=4 checkpoint=CP2-Q object=q_projection result=EXACT element_count=1024 mismatch_count=0
CHECKPOINT row=4 layer=4 checkpoint=CP2-KV-P object=kv_projection result=EXACT element_count=512 mismatch_count=0
CHECKPOINT row=4 layer=4 checkpoint=CP2-KV-R object=raw_kv_row result=EXACT element_count=512 mismatch_count=0
CHECKPOINT row=4 layer=4 checkpoint=CP3-F object=layer_attn_state_kv result=EXACT element_count=8192 mismatch_count=0
CHECKPOINT row=4 layer=4 checkpoint=CP3-F object=layer_attn_state_score result=EXACT element_count=8192 mismatch_count=0
CHECKPOINT row=4 layer=4 checkpoint=CP3-F object=layer_n_comp result=EXACT element_count=1 mismatch_count=0
CHECKPOINT row=4 layer=4 checkpoint=CP3-F object=attn_emitted_row_count result=EXACT element_count=1 mismatch_count=0
CHECKPOINT row=4 layer=4 checkpoint=CP3-F object=layer_index_state_kv result=EXACT element_count=2048 mismatch_count=0
CHECKPOINT row=4 layer=4 checkpoint=CP3-F object=layer_index_state_score result=EXACT element_count=2048 mismatch_count=0
CHECKPOINT row=4 layer=4 checkpoint=CP3-F object=layer_n_index_comp result=EXACT element_count=1 mismatch_count=0
CHECKPOINT row=4 layer=4 checkpoint=CP3-F object=index_emitted_row_count result=EXACT element_count=1 mismatch_count=0
CHECKPOINT row=4 layer=4 checkpoint=CP4 object=post_attention_hidden_state result=EXACT element_count=16384 mismatch_count=0
CHECKPOINT row=4 layer=4 checkpoint=CP5 object=final_layer_hidden_state result=EXACT element_count=16384 mismatch_count=0
CHECKPOINT row=4 layer=5 checkpoint=CP1 object=normalized_attention_input result=EXACT element_count=4096 mismatch_count=0
CHECKPOINT row=4 layer=5 checkpoint=CP2-Q object=q_projection result=EXACT element_count=1024 mismatch_count=0
CHECKPOINT row=4 layer=5 checkpoint=CP2-KV-P object=kv_projection result=EXACT element_count=512 mismatch_count=0
CHECKPOINT row=4 layer=5 checkpoint=CP2-KV-R object=raw_kv_row result=EXACT element_count=512 mismatch_count=0
CHECKPOINT row=4 layer=5 checkpoint=CP3-F object=layer_attn_state_kv result=EXACT element_count=65536 mismatch_count=0
CHECKPOINT row=4 layer=5 checkpoint=CP3-F object=layer_attn_state_score result=EXACT element_count=65536 mismatch_count=0
CHECKPOINT row=4 layer=5 checkpoint=CP3-F object=layer_n_comp result=EXACT element_count=1 mismatch_count=0
CHECKPOINT row=4 layer=5 checkpoint=CP3-F object=attn_emitted_row_count result=EXACT element_count=1 mismatch_count=0
CHECKPOINT row=4 layer=5 checkpoint=CP4 object=post_attention_hidden_state result=EXACT element_count=16384 mismatch_count=0
CHECKPOINT row=4 layer=5 checkpoint=CP5 object=final_layer_hidden_state result=EXACT element_count=16384 mismatch_count=0
CHECKPOINT row=4 layer=6 checkpoint=CP1 object=normalized_attention_input result=EXACT element_count=4096 mismatch_count=0
CHECKPOINT row=4 layer=6 checkpoint=CP2-Q object=q_projection result=EXACT element_count=1024 mismatch_count=0
CHECKPOINT row=4 layer=6 checkpoint=CP2-KV-P object=kv_projection result=EXACT element_count=512 mismatch_count=0
CHECKPOINT row=4 layer=6 checkpoint=CP2-KV-R object=raw_kv_row result=EXACT element_count=512 mismatch_count=0
CHECKPOINT row=4 layer=6 checkpoint=CP3-F object=layer_attn_state_kv result=EXACT element_count=8192 mismatch_count=0
CHECKPOINT row=4 layer=6 checkpoint=CP3-F object=layer_attn_state_score result=EXACT element_count=8192 mismatch_count=0
CHECKPOINT row=4 layer=6 checkpoint=CP3-F object=layer_n_comp result=EXACT element_count=1 mismatch_count=0
CHECKPOINT row=4 layer=6 checkpoint=CP3-F object=attn_emitted_row_count result=EXACT element_count=1 mismatch_count=0
CHECKPOINT row=4 layer=6 checkpoint=CP3-F object=layer_index_state_kv result=EXACT element_count=2048 mismatch_count=0
CHECKPOINT row=4 layer=6 checkpoint=CP3-F object=layer_index_state_score result=EXACT element_count=2048 mismatch_count=0
CHECKPOINT row=4 layer=6 checkpoint=CP3-F object=layer_n_index_comp result=EXACT element_count=1 mismatch_count=0
CHECKPOINT row=4 layer=6 checkpoint=CP3-F object=index_emitted_row_count result=EXACT element_count=1 mismatch_count=0
CHECKPOINT row=4 layer=6 checkpoint=CP4 object=post_attention_hidden_state result=EXACT element_count=16384 mismatch_count=0
CHECKPOINT row=4 layer=6 checkpoint=CP5 object=final_layer_hidden_state result=EXACT element_count=16384 mismatch_count=0
CHECKPOINT row=4 layer=7 checkpoint=CP1 object=normalized_attention_input result=EXACT element_count=4096 mismatch_count=0
CHECKPOINT row=4 layer=7 checkpoint=CP2-Q object=q_projection result=EXACT element_count=1024 mismatch_count=0
CHECKPOINT row=4 layer=7 checkpoint=CP2-KV-P object=kv_projection result=EXACT element_count=512 mismatch_count=0
CHECKPOINT row=4 layer=7 checkpoint=CP2-KV-R object=raw_kv_row result=EXACT element_count=512 mismatch_count=0
CHECKPOINT row=4 layer=7 checkpoint=CP3-F object=layer_attn_state_kv result=EXACT element_count=65536 mismatch_count=0
CHECKPOINT row=4 layer=7 checkpoint=CP3-F object=layer_attn_state_score result=EXACT element_count=65536 mismatch_count=0
CHECKPOINT row=4 layer=7 checkpoint=CP3-F object=layer_n_comp result=EXACT element_count=1 mismatch_count=0
CHECKPOINT row=4 layer=7 checkpoint=CP3-F object=attn_emitted_row_count result=EXACT element_count=1 mismatch_count=0
CHECKPOINT row=4 layer=7 checkpoint=CP4 object=post_attention_hidden_state result=EXACT element_count=16384 mismatch_count=0
CHECKPOINT row=4 layer=7 checkpoint=CP5 object=final_layer_hidden_state result=EXACT element_count=16384 mismatch_count=0
CHECKPOINT row=4 layer=8 checkpoint=CP1 object=normalized_attention_input result=EXACT element_count=4096 mismatch_count=0
CHECKPOINT row=4 layer=8 checkpoint=CP2-Q object=q_projection result=EXACT element_count=1024 mismatch_count=0
CHECKPOINT row=4 layer=8 checkpoint=CP2-KV-P object=kv_projection result=EXACT element_count=512 mismatch_count=0
CHECKPOINT row=4 layer=8 checkpoint=CP2-KV-R object=raw_kv_row result=EXACT element_count=512 mismatch_count=0
CHECKPOINT row=4 layer=8 checkpoint=CP3-F object=layer_attn_state_kv result=EXACT element_count=8192 mismatch_count=0
CHECKPOINT row=4 layer=8 checkpoint=CP3-F object=layer_attn_state_score result=EXACT element_count=8192 mismatch_count=0
CHECKPOINT row=4 layer=8 checkpoint=CP3-F object=layer_n_comp result=EXACT element_count=1 mismatch_count=0
CHECKPOINT row=4 layer=8 checkpoint=CP3-F object=attn_emitted_row_count result=EXACT element_count=1 mismatch_count=0
CHECKPOINT row=4 layer=8 checkpoint=CP3-F object=layer_index_state_kv result=EXACT element_count=2048 mismatch_count=0
CHECKPOINT row=4 layer=8 checkpoint=CP3-F object=layer_index_state_score result=EXACT element_count=2048 mismatch_count=0
CHECKPOINT row=4 layer=8 checkpoint=CP3-F object=layer_n_index_comp result=EXACT element_count=1 mismatch_count=0
CHECKPOINT row=4 layer=8 checkpoint=CP3-F object=index_emitted_row_count result=EXACT element_count=1 mismatch_count=0
CHECKPOINT row=4 layer=8 checkpoint=CP4 object=post_attention_hidden_state result=EXACT element_count=16384 mismatch_count=0
CHECKPOINT row=4 layer=8 checkpoint=CP5 object=final_layer_hidden_state result=EXACT element_count=16384 mismatch_count=0
CHECKPOINT row=4 layer=9 checkpoint=CP1 object=normalized_attention_input result=EXACT element_count=4096 mismatch_count=0
CHECKPOINT row=4 layer=9 checkpoint=CP2-Q object=q_projection result=EXACT element_count=1024 mismatch_count=0
CHECKPOINT row=4 layer=9 checkpoint=CP2-KV-P object=kv_projection result=EXACT element_count=512 mismatch_count=0
CHECKPOINT row=4 layer=9 checkpoint=CP2-KV-R object=raw_kv_row result=EXACT element_count=512 mismatch_count=0
CHECKPOINT row=4 layer=9 checkpoint=CP3-F object=layer_attn_state_kv result=EXACT element_count=65536 mismatch_count=0
CHECKPOINT row=4 layer=9 checkpoint=CP3-F object=layer_attn_state_score result=EXACT element_count=65536 mismatch_count=0
CHECKPOINT row=4 layer=9 checkpoint=CP3-F object=layer_n_comp result=EXACT element_count=1 mismatch_count=0
CHECKPOINT row=4 layer=9 checkpoint=CP3-F object=attn_emitted_row_count result=EXACT element_count=1 mismatch_count=0
CHECKPOINT row=4 layer=9 checkpoint=CP4 object=post_attention_hidden_state result=EXACT element_count=16384 mismatch_count=0
CHECKPOINT row=4 layer=9 checkpoint=CP5 object=final_layer_hidden_state result=EXACT element_count=16384 mismatch_count=0
CHECKPOINT row=4 layer=10 checkpoint=CP1 object=normalized_attention_input result=EXACT element_count=4096 mismatch_count=0
CHECKPOINT row=4 layer=10 checkpoint=CP2-Q object=q_projection result=EXACT element_count=1024 mismatch_count=0
CHECKPOINT row=4 layer=10 checkpoint=CP2-KV-P object=kv_projection result=EXACT element_count=512 mismatch_count=0
CHECKPOINT row=4 layer=10 checkpoint=CP2-KV-R object=raw_kv_row result=EXACT element_count=512 mismatch_count=0
CHECKPOINT row=4 layer=10 checkpoint=CP3-F object=layer_attn_state_kv result=EXACT element_count=8192 mismatch_count=0
CHECKPOINT row=4 layer=10 checkpoint=CP3-F object=layer_attn_state_score result=EXACT element_count=8192 mismatch_count=0
CHECKPOINT row=4 layer=10 checkpoint=CP3-F object=layer_n_comp result=EXACT element_count=1 mismatch_count=0
CHECKPOINT row=4 layer=10 checkpoint=CP3-F object=attn_emitted_row_count result=EXACT element_count=1 mismatch_count=0
CHECKPOINT row=4 layer=10 checkpoint=CP3-F object=layer_index_state_kv result=EXACT element_count=2048 mismatch_count=0
CHECKPOINT row=4 layer=10 checkpoint=CP3-F object=layer_index_state_score result=EXACT element_count=2048 mismatch_count=0
CHECKPOINT row=4 layer=10 checkpoint=CP3-F object=layer_n_index_comp result=EXACT element_count=1 mismatch_count=0
CHECKPOINT row=4 layer=10 checkpoint=CP3-F object=index_emitted_row_count result=EXACT element_count=1 mismatch_count=0
CHECKPOINT row=4 layer=10 checkpoint=CP4 object=post_attention_hidden_state result=EXACT element_count=16384 mismatch_count=0
CHECKPOINT row=4 layer=10 checkpoint=CP5 object=final_layer_hidden_state result=EXACT element_count=16384 mismatch_count=0
CHECKPOINT row=4 layer=11 checkpoint=CP1 object=normalized_attention_input result=EXACT element_count=4096 mismatch_count=0
CHECKPOINT row=4 layer=11 checkpoint=CP2-Q object=q_projection result=EXACT element_count=1024 mismatch_count=0
CHECKPOINT row=4 layer=11 checkpoint=CP2-KV-P object=kv_projection result=EXACT element_count=512 mismatch_count=0
CHECKPOINT row=4 layer=11 checkpoint=CP2-KV-R object=raw_kv_row result=EXACT element_count=512 mismatch_count=0
CHECKPOINT row=4 layer=11 checkpoint=CP3-F object=layer_attn_state_kv result=EXACT element_count=65536 mismatch_count=0
CHECKPOINT row=4 layer=11 checkpoint=CP3-F object=layer_attn_state_score result=EXACT element_count=65536 mismatch_count=0
CHECKPOINT row=4 layer=11 checkpoint=CP3-F object=layer_n_comp result=EXACT element_count=1 mismatch_count=0
CHECKPOINT row=4 layer=11 checkpoint=CP3-F object=attn_emitted_row_count result=EXACT element_count=1 mismatch_count=0
CHECKPOINT row=4 layer=11 checkpoint=CP4 object=post_attention_hidden_state result=EXACT element_count=16384 mismatch_count=0
CHECKPOINT row=4 layer=11 checkpoint=CP5 object=final_layer_hidden_state result=EXACT element_count=16384 mismatch_count=0
CHECKPOINT row=4 layer=12 checkpoint=CP1 object=normalized_attention_input result=EXACT element_count=4096 mismatch_count=0
CHECKPOINT row=4 layer=12 checkpoint=CP2-Q object=q_projection result=EXACT element_count=1024 mismatch_count=0
CHECKPOINT row=4 layer=12 checkpoint=CP2-KV-P object=kv_projection result=EXACT element_count=512 mismatch_count=0
CHECKPOINT row=4 layer=12 checkpoint=CP2-KV-R object=raw_kv_row result=EXACT element_count=512 mismatch_count=0
CHECKPOINT row=4 layer=12 checkpoint=CP3-F object=layer_attn_state_kv result=EXACT element_count=8192 mismatch_count=0
CHECKPOINT row=4 layer=12 checkpoint=CP3-F object=layer_attn_state_score result=EXACT element_count=8192 mismatch_count=0
CHECKPOINT row=4 layer=12 checkpoint=CP3-F object=layer_n_comp result=EXACT element_count=1 mismatch_count=0
CHECKPOINT row=4 layer=12 checkpoint=CP3-F object=attn_emitted_row_count result=EXACT element_count=1 mismatch_count=0
CHECKPOINT row=4 layer=12 checkpoint=CP3-F object=layer_index_state_kv result=EXACT element_count=2048 mismatch_count=0
CHECKPOINT row=4 layer=12 checkpoint=CP3-F object=layer_index_state_score result=EXACT element_count=2048 mismatch_count=0
CHECKPOINT row=4 layer=12 checkpoint=CP3-F object=layer_n_index_comp result=EXACT element_count=1 mismatch_count=0
CHECKPOINT row=4 layer=12 checkpoint=CP3-F object=index_emitted_row_count result=EXACT element_count=1 mismatch_count=0
CHECKPOINT row=4 layer=12 checkpoint=CP4 object=post_attention_hidden_state result=EXACT element_count=16384 mismatch_count=0
CHECKPOINT row=4 layer=12 checkpoint=CP5 object=final_layer_hidden_state result=EXACT element_count=16384 mismatch_count=0
CHECKPOINT row=4 layer=13 checkpoint=CP1 object=normalized_attention_input result=EXACT element_count=4096 mismatch_count=0
CHECKPOINT row=4 layer=13 checkpoint=CP2-Q object=q_projection result=EXACT element_count=1024 mismatch_count=0
CHECKPOINT row=4 layer=13 checkpoint=CP2-KV-P object=kv_projection result=EXACT element_count=512 mismatch_count=0
CHECKPOINT row=4 layer=13 checkpoint=CP2-KV-R object=raw_kv_row result=EXACT element_count=512 mismatch_count=0
CHECKPOINT row=4 layer=13 checkpoint=CP3-F object=layer_attn_state_kv result=EXACT element_count=65536 mismatch_count=0
CHECKPOINT row=4 layer=13 checkpoint=CP3-F object=layer_attn_state_score result=EXACT element_count=65536 mismatch_count=0
CHECKPOINT row=4 layer=13 checkpoint=CP3-F object=layer_n_comp result=EXACT element_count=1 mismatch_count=0
CHECKPOINT row=4 layer=13 checkpoint=CP3-F object=attn_emitted_row_count result=EXACT element_count=1 mismatch_count=0
CHECKPOINT row=4 layer=13 checkpoint=CP4 object=post_attention_hidden_state result=EXACT element_count=16384 mismatch_count=0
CHECKPOINT row=4 layer=13 checkpoint=CP5 object=final_layer_hidden_state result=EXACT element_count=16384 mismatch_count=0
CHECKPOINT row=4 layer=14 checkpoint=CP1 object=normalized_attention_input result=EXACT element_count=4096 mismatch_count=0
CHECKPOINT row=4 layer=14 checkpoint=CP2-Q object=q_projection result=EXACT element_count=1024 mismatch_count=0
CHECKPOINT row=4 layer=14 checkpoint=CP2-KV-P object=kv_projection result=EXACT element_count=512 mismatch_count=0
CHECKPOINT row=4 layer=14 checkpoint=CP2-KV-R object=raw_kv_row result=EXACT element_count=512 mismatch_count=0
CHECKPOINT row=4 layer=14 checkpoint=CP3-F object=layer_attn_state_kv result=EXACT element_count=8192 mismatch_count=0
CHECKPOINT row=4 layer=14 checkpoint=CP3-F object=layer_attn_state_score result=EXACT element_count=8192 mismatch_count=0
CHECKPOINT row=4 layer=14 checkpoint=CP3-F object=layer_n_comp result=EXACT element_count=1 mismatch_count=0
CHECKPOINT row=4 layer=14 checkpoint=CP3-F object=attn_emitted_row_count result=EXACT element_count=1 mismatch_count=0
CHECKPOINT row=4 layer=14 checkpoint=CP3-F object=layer_index_state_kv result=EXACT element_count=2048 mismatch_count=0
CHECKPOINT row=4 layer=14 checkpoint=CP3-F object=layer_index_state_score result=EXACT element_count=2048 mismatch_count=0
CHECKPOINT row=4 layer=14 checkpoint=CP3-F object=layer_n_index_comp result=EXACT element_count=1 mismatch_count=0
CHECKPOINT row=4 layer=14 checkpoint=CP3-F object=index_emitted_row_count result=EXACT element_count=1 mismatch_count=0
CHECKPOINT row=4 layer=14 checkpoint=CP4 object=post_attention_hidden_state result=EXACT element_count=16384 mismatch_count=0
CHECKPOINT row=4 layer=14 checkpoint=CP5 object=final_layer_hidden_state result=EXACT element_count=16384 mismatch_count=0
CHECKPOINT row=4 layer=15 checkpoint=CP1 object=normalized_attention_input result=EXACT element_count=4096 mismatch_count=0
CHECKPOINT row=4 layer=15 checkpoint=CP2-Q object=q_projection result=EXACT element_count=1024 mismatch_count=0
CHECKPOINT row=4 layer=15 checkpoint=CP2-KV-P object=kv_projection result=EXACT element_count=512 mismatch_count=0
CHECKPOINT row=4 layer=15 checkpoint=CP2-KV-R object=raw_kv_row result=EXACT element_count=512 mismatch_count=0
CHECKPOINT row=4 layer=15 checkpoint=CP3-F object=layer_attn_state_kv result=EXACT element_count=65536 mismatch_count=0
CHECKPOINT row=4 layer=15 checkpoint=CP3-F object=layer_attn_state_score result=EXACT element_count=65536 mismatch_count=0
CHECKPOINT row=4 layer=15 checkpoint=CP3-F object=layer_n_comp result=EXACT element_count=1 mismatch_count=0
CHECKPOINT row=4 layer=15 checkpoint=CP3-F object=attn_emitted_row_count result=EXACT element_count=1 mismatch_count=0
CHECKPOINT row=4 layer=15 checkpoint=CP4 object=post_attention_hidden_state result=EXACT element_count=16384 mismatch_count=0
CHECKPOINT row=4 layer=15 checkpoint=CP5 object=final_layer_hidden_state result=EXACT element_count=16384 mismatch_count=0
CHECKPOINT row=4 layer=16 checkpoint=CP1 object=normalized_attention_input result=EXACT element_count=4096 mismatch_count=0
CHECKPOINT row=4 layer=16 checkpoint=CP2-Q object=q_projection result=EXACT element_count=1024 mismatch_count=0
CHECKPOINT row=4 layer=16 checkpoint=CP2-KV-P object=kv_projection result=EXACT element_count=512 mismatch_count=0
CHECKPOINT row=4 layer=16 checkpoint=CP2-KV-R object=raw_kv_row result=EXACT element_count=512 mismatch_count=0
CHECKPOINT row=4 layer=16 checkpoint=CP3-F object=layer_attn_state_kv result=EXACT element_count=8192 mismatch_count=0
CHECKPOINT row=4 layer=16 checkpoint=CP3-F object=layer_attn_state_score result=EXACT element_count=8192 mismatch_count=0
CHECKPOINT row=4 layer=16 checkpoint=CP3-F object=layer_n_comp result=EXACT element_count=1 mismatch_count=0
CHECKPOINT row=4 layer=16 checkpoint=CP3-F object=attn_emitted_row_count result=EXACT element_count=1 mismatch_count=0
CHECKPOINT row=4 layer=16 checkpoint=CP3-F object=layer_index_state_kv result=EXACT element_count=2048 mismatch_count=0
CHECKPOINT row=4 layer=16 checkpoint=CP3-F object=layer_index_state_score result=EXACT element_count=2048 mismatch_count=0
CHECKPOINT row=4 layer=16 checkpoint=CP3-F object=layer_n_index_comp result=EXACT element_count=1 mismatch_count=0
CHECKPOINT row=4 layer=16 checkpoint=CP3-F object=index_emitted_row_count result=EXACT element_count=1 mismatch_count=0
CHECKPOINT row=4 layer=16 checkpoint=CP4 object=post_attention_hidden_state result=EXACT element_count=16384 mismatch_count=0
CHECKPOINT row=4 layer=16 checkpoint=CP5 object=final_layer_hidden_state result=EXACT element_count=16384 mismatch_count=0
CHECKPOINT row=4 layer=17 checkpoint=CP1 object=normalized_attention_input result=EXACT element_count=4096 mismatch_count=0
CHECKPOINT row=4 layer=17 checkpoint=CP2-Q object=q_projection result=EXACT element_count=1024 mismatch_count=0
CHECKPOINT row=4 layer=17 checkpoint=CP2-KV-P object=kv_projection result=EXACT element_count=512 mismatch_count=0
CHECKPOINT row=4 layer=17 checkpoint=CP2-KV-R object=raw_kv_row result=EXACT element_count=512 mismatch_count=0
CHECKPOINT row=4 layer=17 checkpoint=CP3-F object=layer_attn_state_kv result=EXACT element_count=65536 mismatch_count=0
CHECKPOINT row=4 layer=17 checkpoint=CP3-F object=layer_attn_state_score result=EXACT element_count=65536 mismatch_count=0
CHECKPOINT row=4 layer=17 checkpoint=CP3-F object=layer_n_comp result=EXACT element_count=1 mismatch_count=0
CHECKPOINT row=4 layer=17 checkpoint=CP3-F object=attn_emitted_row_count result=EXACT element_count=1 mismatch_count=0
CHECKPOINT row=4 layer=17 checkpoint=CP4 object=post_attention_hidden_state result=EXACT element_count=16384 mismatch_count=0
CHECKPOINT row=4 layer=17 checkpoint=CP5 object=final_layer_hidden_state result=EXACT element_count=16384 mismatch_count=0
CHECKPOINT row=4 layer=18 checkpoint=CP1 object=normalized_attention_input result=EXACT element_count=4096 mismatch_count=0
CHECKPOINT row=4 layer=18 checkpoint=CP2-Q object=q_projection result=EXACT element_count=1024 mismatch_count=0
CHECKPOINT row=4 layer=18 checkpoint=CP2-KV-P object=kv_projection result=EXACT element_count=512 mismatch_count=0
CHECKPOINT row=4 layer=18 checkpoint=CP2-KV-R object=raw_kv_row result=EXACT element_count=512 mismatch_count=0
CHECKPOINT row=4 layer=18 checkpoint=CP3-F object=layer_attn_state_kv result=EXACT element_count=8192 mismatch_count=0
CHECKPOINT row=4 layer=18 checkpoint=CP3-F object=layer_attn_state_score result=EXACT element_count=8192 mismatch_count=0
CHECKPOINT row=4 layer=18 checkpoint=CP3-F object=layer_n_comp result=EXACT element_count=1 mismatch_count=0
CHECKPOINT row=4 layer=18 checkpoint=CP3-F object=attn_emitted_row_count result=EXACT element_count=1 mismatch_count=0
CHECKPOINT row=4 layer=18 checkpoint=CP3-F object=layer_index_state_kv result=EXACT element_count=2048 mismatch_count=0
CHECKPOINT row=4 layer=18 checkpoint=CP3-F object=layer_index_state_score result=EXACT element_count=2048 mismatch_count=0
CHECKPOINT row=4 layer=18 checkpoint=CP3-F object=layer_n_index_comp result=EXACT element_count=1 mismatch_count=0
CHECKPOINT row=4 layer=18 checkpoint=CP3-F object=index_emitted_row_count result=EXACT element_count=1 mismatch_count=0
CHECKPOINT row=4 layer=18 checkpoint=CP4 object=post_attention_hidden_state result=EXACT element_count=16384 mismatch_count=0
CHECKPOINT row=4 layer=18 checkpoint=CP5 object=final_layer_hidden_state result=EXACT element_count=16384 mismatch_count=0
CHECKPOINT row=4 layer=19 checkpoint=CP1 object=normalized_attention_input result=EXACT element_count=4096 mismatch_count=0
CHECKPOINT row=4 layer=19 checkpoint=CP2-Q object=q_projection result=EXACT element_count=1024 mismatch_count=0
CHECKPOINT row=4 layer=19 checkpoint=CP2-KV-P object=kv_projection result=EXACT element_count=512 mismatch_count=0
CHECKPOINT row=4 layer=19 checkpoint=CP2-KV-R object=raw_kv_row result=EXACT element_count=512 mismatch_count=0
CHECKPOINT row=4 layer=19 checkpoint=CP3-F object=layer_attn_state_kv result=EXACT element_count=65536 mismatch_count=0
CHECKPOINT row=4 layer=19 checkpoint=CP3-F object=layer_attn_state_score result=EXACT element_count=65536 mismatch_count=0
CHECKPOINT row=4 layer=19 checkpoint=CP3-F object=layer_n_comp result=EXACT element_count=1 mismatch_count=0
CHECKPOINT row=4 layer=19 checkpoint=CP3-F object=attn_emitted_row_count result=EXACT element_count=1 mismatch_count=0
CHECKPOINT row=4 layer=19 checkpoint=CP4 object=post_attention_hidden_state result=EXACT element_count=16384 mismatch_count=0
CHECKPOINT row=4 layer=19 checkpoint=CP5 object=final_layer_hidden_state result=EXACT element_count=16384 mismatch_count=0
CHECKPOINT row=4 layer=20 checkpoint=CP1 object=normalized_attention_input result=EXACT element_count=4096 mismatch_count=0
CHECKPOINT row=4 layer=20 checkpoint=CP2-Q object=q_projection result=EXACT element_count=1024 mismatch_count=0
CHECKPOINT row=4 layer=20 checkpoint=CP2-KV-P object=kv_projection result=EXACT element_count=512 mismatch_count=0
CHECKPOINT row=4 layer=20 checkpoint=CP2-KV-R object=raw_kv_row result=EXACT element_count=512 mismatch_count=0
CHECKPOINT row=4 layer=20 checkpoint=CP3-F object=layer_attn_state_kv result=EXACT element_count=8192 mismatch_count=0
CHECKPOINT row=4 layer=20 checkpoint=CP3-F object=layer_attn_state_score result=EXACT element_count=8192 mismatch_count=0
CHECKPOINT row=4 layer=20 checkpoint=CP3-F object=layer_n_comp result=EXACT element_count=1 mismatch_count=0
CHECKPOINT row=4 layer=20 checkpoint=CP3-F object=attn_emitted_row_count result=EXACT element_count=1 mismatch_count=0
CHECKPOINT row=4 layer=20 checkpoint=CP3-F object=layer_index_state_kv result=EXACT element_count=2048 mismatch_count=0
CHECKPOINT row=4 layer=20 checkpoint=CP3-F object=layer_index_state_score result=EXACT element_count=2048 mismatch_count=0
CHECKPOINT row=4 layer=20 checkpoint=CP3-F object=layer_n_index_comp result=EXACT element_count=1 mismatch_count=0
CHECKPOINT row=4 layer=20 checkpoint=CP3-F object=index_emitted_row_count result=EXACT element_count=1 mismatch_count=0
CHECKPOINT row=4 layer=20 checkpoint=CP4 object=post_attention_hidden_state result=EXACT element_count=16384 mismatch_count=0
CHECKPOINT row=4 layer=20 checkpoint=CP5 object=final_layer_hidden_state result=EXACT element_count=16384 mismatch_count=0
CHECKPOINT row=4 layer=21 checkpoint=CP1 object=normalized_attention_input result=EXACT element_count=4096 mismatch_count=0
CHECKPOINT row=4 layer=21 checkpoint=CP2-Q object=q_projection result=EXACT element_count=1024 mismatch_count=0
CHECKPOINT row=4 layer=21 checkpoint=CP2-KV-P object=kv_projection result=EXACT element_count=512 mismatch_count=0
CHECKPOINT row=4 layer=21 checkpoint=CP2-KV-R object=raw_kv_row result=EXACT element_count=512 mismatch_count=0
CHECKPOINT row=4 layer=21 checkpoint=CP3-F object=layer_attn_state_kv result=EXACT element_count=65536 mismatch_count=0
CHECKPOINT row=4 layer=21 checkpoint=CP3-F object=layer_attn_state_score result=EXACT element_count=65536 mismatch_count=0
CHECKPOINT row=4 layer=21 checkpoint=CP3-F object=layer_n_comp result=EXACT element_count=1 mismatch_count=0
CHECKPOINT row=4 layer=21 checkpoint=CP3-F object=attn_emitted_row_count result=EXACT element_count=1 mismatch_count=0
CHECKPOINT row=4 layer=21 checkpoint=CP4 object=post_attention_hidden_state result=EXACT element_count=16384 mismatch_count=0
CHECKPOINT row=4 layer=21 checkpoint=CP5 object=final_layer_hidden_state result=EXACT element_count=16384 mismatch_count=0
CHECKPOINT row=4 layer=22 checkpoint=CP1 object=normalized_attention_input result=EXACT element_count=4096 mismatch_count=0
CHECKPOINT row=4 layer=22 checkpoint=CP2-Q object=q_projection result=EXACT element_count=1024 mismatch_count=0
CHECKPOINT row=4 layer=22 checkpoint=CP2-KV-P object=kv_projection result=EXACT element_count=512 mismatch_count=0
CHECKPOINT row=4 layer=22 checkpoint=CP2-KV-R object=raw_kv_row result=EXACT element_count=512 mismatch_count=0
CHECKPOINT row=4 layer=22 checkpoint=CP3-F object=layer_attn_state_kv result=EXACT element_count=8192 mismatch_count=0
CHECKPOINT row=4 layer=22 checkpoint=CP3-F object=layer_attn_state_score result=EXACT element_count=8192 mismatch_count=0
CHECKPOINT row=4 layer=22 checkpoint=CP3-F object=layer_n_comp result=EXACT element_count=1 mismatch_count=0
CHECKPOINT row=4 layer=22 checkpoint=CP3-F object=attn_emitted_row_count result=EXACT element_count=1 mismatch_count=0
CHECKPOINT row=4 layer=22 checkpoint=CP3-F object=layer_index_state_kv result=EXACT element_count=2048 mismatch_count=0
CHECKPOINT row=4 layer=22 checkpoint=CP3-F object=layer_index_state_score result=EXACT element_count=2048 mismatch_count=0
CHECKPOINT row=4 layer=22 checkpoint=CP3-F object=layer_n_index_comp result=EXACT element_count=1 mismatch_count=0
CHECKPOINT row=4 layer=22 checkpoint=CP3-F object=index_emitted_row_count result=EXACT element_count=1 mismatch_count=0
CHECKPOINT row=4 layer=22 checkpoint=CP4 object=post_attention_hidden_state result=EXACT element_count=16384 mismatch_count=0
CHECKPOINT row=4 layer=22 checkpoint=CP5 object=final_layer_hidden_state result=EXACT element_count=16384 mismatch_count=0
CHECKPOINT row=4 layer=23 checkpoint=CP1 object=normalized_attention_input result=EXACT element_count=4096 mismatch_count=0
CHECKPOINT row=4 layer=23 checkpoint=CP2-Q object=q_projection result=EXACT element_count=1024 mismatch_count=0
CHECKPOINT row=4 layer=23 checkpoint=CP2-KV-P object=kv_projection result=EXACT element_count=512 mismatch_count=0
CHECKPOINT row=4 layer=23 checkpoint=CP2-KV-R object=raw_kv_row result=EXACT element_count=512 mismatch_count=0
CHECKPOINT row=4 layer=23 checkpoint=CP3-F object=layer_attn_state_kv result=EXACT element_count=65536 mismatch_count=0
CHECKPOINT row=4 layer=23 checkpoint=CP3-F object=layer_attn_state_score result=EXACT element_count=65536 mismatch_count=0
CHECKPOINT row=4 layer=23 checkpoint=CP3-F object=layer_n_comp result=EXACT element_count=1 mismatch_count=0
CHECKPOINT row=4 layer=23 checkpoint=CP3-F object=attn_emitted_row_count result=EXACT element_count=1 mismatch_count=0
CHECKPOINT row=4 layer=23 checkpoint=CP4 object=post_attention_hidden_state result=EXACT element_count=16384 mismatch_count=0
CHECKPOINT row=4 layer=23 checkpoint=CP5 object=final_layer_hidden_state result=EXACT element_count=16384 mismatch_count=0
CHECKPOINT row=4 layer=24 checkpoint=CP1 object=normalized_attention_input result=EXACT element_count=4096 mismatch_count=0
CHECKPOINT row=4 layer=24 checkpoint=CP2-Q object=q_projection result=EXACT element_count=1024 mismatch_count=0
CHECKPOINT row=4 layer=24 checkpoint=CP2-KV-P object=kv_projection result=EXACT element_count=512 mismatch_count=0
CHECKPOINT row=4 layer=24 checkpoint=CP2-KV-R object=raw_kv_row result=EXACT element_count=512 mismatch_count=0
CHECKPOINT row=4 layer=24 checkpoint=CP3-F object=layer_attn_state_kv result=EXACT element_count=8192 mismatch_count=0
CHECKPOINT row=4 layer=24 checkpoint=CP3-F object=layer_attn_state_score result=EXACT element_count=8192 mismatch_count=0
CHECKPOINT row=4 layer=24 checkpoint=CP3-F object=layer_n_comp result=EXACT element_count=1 mismatch_count=0
CHECKPOINT row=4 layer=24 checkpoint=CP3-F object=attn_emitted_row_count result=EXACT element_count=1 mismatch_count=0
CHECKPOINT row=4 layer=24 checkpoint=CP3-F object=layer_index_state_kv result=EXACT element_count=2048 mismatch_count=0
CHECKPOINT row=4 layer=24 checkpoint=CP3-F object=layer_index_state_score result=EXACT element_count=2048 mismatch_count=0
CHECKPOINT row=4 layer=24 checkpoint=CP3-F object=layer_n_index_comp result=EXACT element_count=1 mismatch_count=0
CHECKPOINT row=4 layer=24 checkpoint=CP3-F object=index_emitted_row_count result=EXACT element_count=1 mismatch_count=0
CHECKPOINT row=4 layer=24 checkpoint=CP4 object=post_attention_hidden_state result=EXACT element_count=16384 mismatch_count=0
CHECKPOINT row=4 layer=24 checkpoint=CP5 object=final_layer_hidden_state result=EXACT element_count=16384 mismatch_count=0
CHECKPOINT row=4 layer=25 checkpoint=CP1 object=normalized_attention_input result=EXACT element_count=4096 mismatch_count=0
CHECKPOINT row=4 layer=25 checkpoint=CP2-Q object=q_projection result=EXACT element_count=1024 mismatch_count=0
CHECKPOINT row=4 layer=25 checkpoint=CP2-KV-P object=kv_projection result=EXACT element_count=512 mismatch_count=0
CHECKPOINT row=4 layer=25 checkpoint=CP2-KV-R object=raw_kv_row result=EXACT element_count=512 mismatch_count=0
CHECKPOINT row=4 layer=25 checkpoint=CP3-F object=layer_attn_state_kv result=EXACT element_count=65536 mismatch_count=0
CHECKPOINT row=4 layer=25 checkpoint=CP3-F object=layer_attn_state_score result=EXACT element_count=65536 mismatch_count=0
CHECKPOINT row=4 layer=25 checkpoint=CP3-F object=layer_n_comp result=EXACT element_count=1 mismatch_count=0
CHECKPOINT row=4 layer=25 checkpoint=CP3-F object=attn_emitted_row_count result=EXACT element_count=1 mismatch_count=0
CHECKPOINT row=4 layer=25 checkpoint=CP4 object=post_attention_hidden_state result=EXACT element_count=16384 mismatch_count=0
CHECKPOINT row=4 layer=25 checkpoint=CP5 object=final_layer_hidden_state result=EXACT element_count=16384 mismatch_count=0
CHECKPOINT row=4 layer=26 checkpoint=CP1 object=normalized_attention_input result=EXACT element_count=4096 mismatch_count=0
CHECKPOINT row=4 layer=26 checkpoint=CP2-Q object=q_projection result=EXACT element_count=1024 mismatch_count=0
CHECKPOINT row=4 layer=26 checkpoint=CP2-KV-P object=kv_projection result=EXACT element_count=512 mismatch_count=0
CHECKPOINT row=4 layer=26 checkpoint=CP2-KV-R object=raw_kv_row result=EXACT element_count=512 mismatch_count=0
CHECKPOINT row=4 layer=26 checkpoint=CP3-F object=layer_attn_state_kv result=EXACT element_count=8192 mismatch_count=0
CHECKPOINT row=4 layer=26 checkpoint=CP3-F object=layer_attn_state_score result=EXACT element_count=8192 mismatch_count=0
CHECKPOINT row=4 layer=26 checkpoint=CP3-F object=layer_n_comp result=EXACT element_count=1 mismatch_count=0
CHECKPOINT row=4 layer=26 checkpoint=CP3-F object=attn_emitted_row_count result=EXACT element_count=1 mismatch_count=0
CHECKPOINT row=4 layer=26 checkpoint=CP3-F object=layer_index_state_kv result=EXACT element_count=2048 mismatch_count=0
CHECKPOINT row=4 layer=26 checkpoint=CP3-F object=layer_index_state_score result=EXACT element_count=2048 mismatch_count=0
CHECKPOINT row=4 layer=26 checkpoint=CP3-F object=layer_n_index_comp result=EXACT element_count=1 mismatch_count=0
CHECKPOINT row=4 layer=26 checkpoint=CP3-F object=index_emitted_row_count result=EXACT element_count=1 mismatch_count=0
CHECKPOINT row=4 layer=26 checkpoint=CP4 object=post_attention_hidden_state result=EXACT element_count=16384 mismatch_count=0
CHECKPOINT row=4 layer=26 checkpoint=CP5 object=final_layer_hidden_state result=EXACT element_count=16384 mismatch_count=0
CHECKPOINT row=4 layer=27 checkpoint=CP1 object=normalized_attention_input result=EXACT element_count=4096 mismatch_count=0
CHECKPOINT row=4 layer=27 checkpoint=CP2-Q object=q_projection result=EXACT element_count=1024 mismatch_count=0
CHECKPOINT row=4 layer=27 checkpoint=CP2-KV-P object=kv_projection result=EXACT element_count=512 mismatch_count=0
CHECKPOINT row=4 layer=27 checkpoint=CP2-KV-R object=raw_kv_row result=EXACT element_count=512 mismatch_count=0
CHECKPOINT row=4 layer=27 checkpoint=CP3-F object=layer_attn_state_kv result=EXACT element_count=65536 mismatch_count=0
CHECKPOINT row=4 layer=27 checkpoint=CP3-F object=layer_attn_state_score result=EXACT element_count=65536 mismatch_count=0
CHECKPOINT row=4 layer=27 checkpoint=CP3-F object=layer_n_comp result=EXACT element_count=1 mismatch_count=0
CHECKPOINT row=4 layer=27 checkpoint=CP3-F object=attn_emitted_row_count result=EXACT element_count=1 mismatch_count=0
CHECKPOINT row=4 layer=27 checkpoint=CP4 object=post_attention_hidden_state result=EXACT element_count=16384 mismatch_count=0
CHECKPOINT row=4 layer=27 checkpoint=CP5 object=final_layer_hidden_state result=EXACT element_count=16384 mismatch_count=0
CHECKPOINT row=4 layer=28 checkpoint=CP1 object=normalized_attention_input result=EXACT element_count=4096 mismatch_count=0
CHECKPOINT row=4 layer=28 checkpoint=CP2-Q object=q_projection result=EXACT element_count=1024 mismatch_count=0
CHECKPOINT row=4 layer=28 checkpoint=CP2-KV-P object=kv_projection result=EXACT element_count=512 mismatch_count=0
CHECKPOINT row=4 layer=28 checkpoint=CP2-KV-R object=raw_kv_row result=EXACT element_count=512 mismatch_count=0
CHECKPOINT row=4 layer=28 checkpoint=CP3-F object=layer_attn_state_kv result=EXACT element_count=8192 mismatch_count=0
CHECKPOINT row=4 layer=28 checkpoint=CP3-F object=layer_attn_state_score result=EXACT element_count=8192 mismatch_count=0
CHECKPOINT row=4 layer=28 checkpoint=CP3-F object=layer_n_comp result=EXACT element_count=1 mismatch_count=0
CHECKPOINT row=4 layer=28 checkpoint=CP3-F object=attn_emitted_row_count result=EXACT element_count=1 mismatch_count=0
CHECKPOINT row=4 layer=28 checkpoint=CP3-F object=layer_index_state_kv result=EXACT element_count=2048 mismatch_count=0
CHECKPOINT row=4 layer=28 checkpoint=CP3-F object=layer_index_state_score result=EXACT element_count=2048 mismatch_count=0
CHECKPOINT row=4 layer=28 checkpoint=CP3-F object=layer_n_index_comp result=EXACT element_count=1 mismatch_count=0
CHECKPOINT row=4 layer=28 checkpoint=CP3-F object=index_emitted_row_count result=EXACT element_count=1 mismatch_count=0
CHECKPOINT row=4 layer=28 checkpoint=CP4 object=post_attention_hidden_state result=EXACT element_count=16384 mismatch_count=0
CHECKPOINT row=4 layer=28 checkpoint=CP5 object=final_layer_hidden_state result=EXACT element_count=16384 mismatch_count=0
CHECKPOINT row=4 layer=29 checkpoint=CP1 object=normalized_attention_input result=EXACT element_count=4096 mismatch_count=0
CHECKPOINT row=4 layer=29 checkpoint=CP2-Q object=q_projection result=EXACT element_count=1024 mismatch_count=0
CHECKPOINT row=4 layer=29 checkpoint=CP2-KV-P object=kv_projection result=EXACT element_count=512 mismatch_count=0
CHECKPOINT row=4 layer=29 checkpoint=CP2-KV-R object=raw_kv_row result=EXACT element_count=512 mismatch_count=0
CHECKPOINT row=4 layer=29 checkpoint=CP3-F object=layer_attn_state_kv result=EXACT element_count=65536 mismatch_count=0
CHECKPOINT row=4 layer=29 checkpoint=CP3-F object=layer_attn_state_score result=EXACT element_count=65536 mismatch_count=0
CHECKPOINT row=4 layer=29 checkpoint=CP3-F object=layer_n_comp result=EXACT element_count=1 mismatch_count=0
CHECKPOINT row=4 layer=29 checkpoint=CP3-F object=attn_emitted_row_count result=EXACT element_count=1 mismatch_count=0
CHECKPOINT row=4 layer=29 checkpoint=CP4 object=post_attention_hidden_state result=EXACT element_count=16384 mismatch_count=0
CHECKPOINT row=4 layer=29 checkpoint=CP5 object=final_layer_hidden_state result=EXACT element_count=16384 mismatch_count=0
CHECKPOINT row=4 layer=30 checkpoint=CP1 object=normalized_attention_input result=EXACT element_count=4096 mismatch_count=0
CHECKPOINT row=4 layer=30 checkpoint=CP2-Q object=q_projection result=EXACT element_count=1024 mismatch_count=0
CHECKPOINT row=4 layer=30 checkpoint=CP2-KV-P object=kv_projection result=EXACT element_count=512 mismatch_count=0
CHECKPOINT row=4 layer=30 checkpoint=CP2-KV-R object=raw_kv_row result=EXACT element_count=512 mismatch_count=0
CHECKPOINT row=4 layer=30 checkpoint=CP3-F object=layer_attn_state_kv result=EXACT element_count=8192 mismatch_count=0
CHECKPOINT row=4 layer=30 checkpoint=CP3-F object=layer_attn_state_score result=EXACT element_count=8192 mismatch_count=0
CHECKPOINT row=4 layer=30 checkpoint=CP3-F object=layer_n_comp result=EXACT element_count=1 mismatch_count=0
CHECKPOINT row=4 layer=30 checkpoint=CP3-F object=attn_emitted_row_count result=EXACT element_count=1 mismatch_count=0
CHECKPOINT row=4 layer=30 checkpoint=CP3-F object=layer_index_state_kv result=EXACT element_count=2048 mismatch_count=0
CHECKPOINT row=4 layer=30 checkpoint=CP3-F object=layer_index_state_score result=EXACT element_count=2048 mismatch_count=0
CHECKPOINT row=4 layer=30 checkpoint=CP3-F object=layer_n_index_comp result=EXACT element_count=1 mismatch_count=0
CHECKPOINT row=4 layer=30 checkpoint=CP3-F object=index_emitted_row_count result=EXACT element_count=1 mismatch_count=0
CHECKPOINT row=4 layer=30 checkpoint=CP4 object=post_attention_hidden_state result=EXACT element_count=16384 mismatch_count=0
CHECKPOINT row=4 layer=30 checkpoint=CP5 object=final_layer_hidden_state result=EXACT element_count=16384 mismatch_count=0
CHECKPOINT row=4 layer=31 checkpoint=CP1 object=normalized_attention_input result=EXACT element_count=4096 mismatch_count=0
CHECKPOINT row=4 layer=31 checkpoint=CP2-Q object=q_projection result=EXACT element_count=1024 mismatch_count=0
CHECKPOINT row=4 layer=31 checkpoint=CP2-KV-P object=kv_projection result=EXACT element_count=512 mismatch_count=0
CHECKPOINT row=4 layer=31 checkpoint=CP2-KV-R object=raw_kv_row result=EXACT element_count=512 mismatch_count=0
CHECKPOINT row=4 layer=31 checkpoint=CP3-F object=layer_attn_state_kv result=EXACT element_count=65536 mismatch_count=0
CHECKPOINT row=4 layer=31 checkpoint=CP3-F object=layer_attn_state_score result=EXACT element_count=65536 mismatch_count=0
CHECKPOINT row=4 layer=31 checkpoint=CP3-F object=layer_n_comp result=EXACT element_count=1 mismatch_count=0
CHECKPOINT row=4 layer=31 checkpoint=CP3-F object=attn_emitted_row_count result=EXACT element_count=1 mismatch_count=0
CHECKPOINT row=4 layer=31 checkpoint=CP4 object=post_attention_hidden_state result=EXACT element_count=16384 mismatch_count=0
CHECKPOINT row=4 layer=31 checkpoint=CP5 object=final_layer_hidden_state result=EXACT element_count=16384 mismatch_count=0
CHECKPOINT row=4 layer=32 checkpoint=CP1 object=normalized_attention_input result=EXACT element_count=4096 mismatch_count=0
CHECKPOINT row=4 layer=32 checkpoint=CP2-Q object=q_projection result=EXACT element_count=1024 mismatch_count=0
CHECKPOINT row=4 layer=32 checkpoint=CP2-KV-P object=kv_projection result=EXACT element_count=512 mismatch_count=0
CHECKPOINT row=4 layer=32 checkpoint=CP2-KV-R object=raw_kv_row result=EXACT element_count=512 mismatch_count=0
CHECKPOINT row=4 layer=32 checkpoint=CP3-F object=layer_attn_state_kv result=EXACT element_count=8192 mismatch_count=0
CHECKPOINT row=4 layer=32 checkpoint=CP3-F object=layer_attn_state_score result=EXACT element_count=8192 mismatch_count=0
CHECKPOINT row=4 layer=32 checkpoint=CP3-F object=layer_n_comp result=EXACT element_count=1 mismatch_count=0
CHECKPOINT row=4 layer=32 checkpoint=CP3-F object=attn_emitted_row_count result=EXACT element_count=1 mismatch_count=0
CHECKPOINT row=4 layer=32 checkpoint=CP3-F object=layer_index_state_kv result=EXACT element_count=2048 mismatch_count=0
CHECKPOINT row=4 layer=32 checkpoint=CP3-F object=layer_index_state_score result=EXACT element_count=2048 mismatch_count=0
CHECKPOINT row=4 layer=32 checkpoint=CP3-F object=layer_n_index_comp result=EXACT element_count=1 mismatch_count=0
CHECKPOINT row=4 layer=32 checkpoint=CP3-F object=index_emitted_row_count result=EXACT element_count=1 mismatch_count=0
CHECKPOINT row=4 layer=32 checkpoint=CP4 object=post_attention_hidden_state result=EXACT element_count=16384 mismatch_count=0
CHECKPOINT row=4 layer=32 checkpoint=CP5 object=final_layer_hidden_state result=EXACT element_count=16384 mismatch_count=0
CHECKPOINT row=4 layer=33 checkpoint=CP1 object=normalized_attention_input result=EXACT element_count=4096 mismatch_count=0
CHECKPOINT row=4 layer=33 checkpoint=CP2-Q object=q_projection result=EXACT element_count=1024 mismatch_count=0
CHECKPOINT row=4 layer=33 checkpoint=CP2-KV-P object=kv_projection result=EXACT element_count=512 mismatch_count=0
CHECKPOINT row=4 layer=33 checkpoint=CP2-KV-R object=raw_kv_row result=EXACT element_count=512 mismatch_count=0
CHECKPOINT row=4 layer=33 checkpoint=CP3-F object=layer_attn_state_kv result=EXACT element_count=65536 mismatch_count=0
CHECKPOINT row=4 layer=33 checkpoint=CP3-F object=layer_attn_state_score result=EXACT element_count=65536 mismatch_count=0
CHECKPOINT row=4 layer=33 checkpoint=CP3-F object=layer_n_comp result=EXACT element_count=1 mismatch_count=0
CHECKPOINT row=4 layer=33 checkpoint=CP3-F object=attn_emitted_row_count result=EXACT element_count=1 mismatch_count=0
CHECKPOINT row=4 layer=33 checkpoint=CP4 object=post_attention_hidden_state result=EXACT element_count=16384 mismatch_count=0
CHECKPOINT row=4 layer=33 checkpoint=CP5 object=final_layer_hidden_state result=EXACT element_count=16384 mismatch_count=0
CHECKPOINT row=4 layer=34 checkpoint=CP1 object=normalized_attention_input result=EXACT element_count=4096 mismatch_count=0
CHECKPOINT row=4 layer=34 checkpoint=CP2-Q object=q_projection result=EXACT element_count=1024 mismatch_count=0
CHECKPOINT row=4 layer=34 checkpoint=CP2-KV-P object=kv_projection result=EXACT element_count=512 mismatch_count=0
CHECKPOINT row=4 layer=34 checkpoint=CP2-KV-R object=raw_kv_row result=EXACT element_count=512 mismatch_count=0
CHECKPOINT row=4 layer=34 checkpoint=CP3-F object=layer_attn_state_kv result=EXACT element_count=8192 mismatch_count=0
CHECKPOINT row=4 layer=34 checkpoint=CP3-F object=layer_attn_state_score result=EXACT element_count=8192 mismatch_count=0
CHECKPOINT row=4 layer=34 checkpoint=CP3-F object=layer_n_comp result=EXACT element_count=1 mismatch_count=0
CHECKPOINT row=4 layer=34 checkpoint=CP3-F object=attn_emitted_row_count result=EXACT element_count=1 mismatch_count=0
CHECKPOINT row=4 layer=34 checkpoint=CP3-F object=layer_index_state_kv result=EXACT element_count=2048 mismatch_count=0
CHECKPOINT row=4 layer=34 checkpoint=CP3-F object=layer_index_state_score result=EXACT element_count=2048 mismatch_count=0
CHECKPOINT row=4 layer=34 checkpoint=CP3-F object=layer_n_index_comp result=EXACT element_count=1 mismatch_count=0
CHECKPOINT row=4 layer=34 checkpoint=CP3-F object=index_emitted_row_count result=EXACT element_count=1 mismatch_count=0
CHECKPOINT row=4 layer=34 checkpoint=CP4 object=post_attention_hidden_state result=EXACT element_count=16384 mismatch_count=0
CHECKPOINT row=4 layer=34 checkpoint=CP5 object=final_layer_hidden_state result=EXACT element_count=16384 mismatch_count=0
CHECKPOINT row=4 layer=35 checkpoint=CP1 object=normalized_attention_input result=EXACT element_count=4096 mismatch_count=0
CHECKPOINT row=4 layer=35 checkpoint=CP2-Q object=q_projection result=EXACT element_count=1024 mismatch_count=0
CHECKPOINT row=4 layer=35 checkpoint=CP2-KV-P object=kv_projection result=EXACT element_count=512 mismatch_count=0
CHECKPOINT row=4 layer=35 checkpoint=CP2-KV-R object=raw_kv_row result=EXACT element_count=512 mismatch_count=0
CHECKPOINT row=4 layer=35 checkpoint=CP3-F object=layer_attn_state_kv result=EXACT element_count=65536 mismatch_count=0
CHECKPOINT row=4 layer=35 checkpoint=CP3-F object=layer_attn_state_score result=EXACT element_count=65536 mismatch_count=0
CHECKPOINT row=4 layer=35 checkpoint=CP3-F object=layer_n_comp result=EXACT element_count=1 mismatch_count=0
CHECKPOINT row=4 layer=35 checkpoint=CP3-F object=attn_emitted_row_count result=EXACT element_count=1 mismatch_count=0
CHECKPOINT row=4 layer=35 checkpoint=CP4 object=post_attention_hidden_state result=EXACT element_count=16384 mismatch_count=0
CHECKPOINT row=4 layer=35 checkpoint=CP5 object=final_layer_hidden_state result=EXACT element_count=16384 mismatch_count=0
CHECKPOINT row=4 layer=36 checkpoint=CP1 object=normalized_attention_input result=EXACT element_count=4096 mismatch_count=0
CHECKPOINT row=4 layer=36 checkpoint=CP2-Q object=q_projection result=EXACT element_count=1024 mismatch_count=0
CHECKPOINT row=4 layer=36 checkpoint=CP2-KV-P object=kv_projection result=EXACT element_count=512 mismatch_count=0
CHECKPOINT row=4 layer=36 checkpoint=CP2-KV-R object=raw_kv_row result=EXACT element_count=512 mismatch_count=0
CHECKPOINT row=4 layer=36 checkpoint=CP3-F object=layer_attn_state_kv result=EXACT element_count=8192 mismatch_count=0
CHECKPOINT row=4 layer=36 checkpoint=CP3-F object=layer_attn_state_score result=EXACT element_count=8192 mismatch_count=0
CHECKPOINT row=4 layer=36 checkpoint=CP3-F object=layer_n_comp result=EXACT element_count=1 mismatch_count=0
CHECKPOINT row=4 layer=36 checkpoint=CP3-F object=attn_emitted_row_count result=EXACT element_count=1 mismatch_count=0
CHECKPOINT row=4 layer=36 checkpoint=CP3-F object=layer_index_state_kv result=EXACT element_count=2048 mismatch_count=0
CHECKPOINT row=4 layer=36 checkpoint=CP3-F object=layer_index_state_score result=EXACT element_count=2048 mismatch_count=0
CHECKPOINT row=4 layer=36 checkpoint=CP3-F object=layer_n_index_comp result=EXACT element_count=1 mismatch_count=0
CHECKPOINT row=4 layer=36 checkpoint=CP3-F object=index_emitted_row_count result=EXACT element_count=1 mismatch_count=0
CHECKPOINT row=4 layer=36 checkpoint=CP4 object=post_attention_hidden_state result=EXACT element_count=16384 mismatch_count=0
CHECKPOINT row=4 layer=36 checkpoint=CP5 object=final_layer_hidden_state result=EXACT element_count=16384 mismatch_count=0
CHECKPOINT row=4 layer=37 checkpoint=CP1 object=normalized_attention_input result=EXACT element_count=4096 mismatch_count=0
CHECKPOINT row=4 layer=37 checkpoint=CP2-Q object=q_projection result=EXACT element_count=1024 mismatch_count=0
CHECKPOINT row=4 layer=37 checkpoint=CP2-KV-P object=kv_projection result=EXACT element_count=512 mismatch_count=0
CHECKPOINT row=4 layer=37 checkpoint=CP2-KV-R object=raw_kv_row result=EXACT element_count=512 mismatch_count=0
CHECKPOINT row=4 layer=37 checkpoint=CP3-F object=layer_attn_state_kv result=EXACT element_count=65536 mismatch_count=0
CHECKPOINT row=4 layer=37 checkpoint=CP3-F object=layer_attn_state_score result=EXACT element_count=65536 mismatch_count=0
CHECKPOINT row=4 layer=37 checkpoint=CP3-F object=layer_n_comp result=EXACT element_count=1 mismatch_count=0
CHECKPOINT row=4 layer=37 checkpoint=CP3-F object=attn_emitted_row_count result=EXACT element_count=1 mismatch_count=0
CHECKPOINT row=4 layer=37 checkpoint=CP4 object=post_attention_hidden_state result=EXACT element_count=16384 mismatch_count=0
CHECKPOINT row=4 layer=37 checkpoint=CP5 object=final_layer_hidden_state result=EXACT element_count=16384 mismatch_count=0
CHECKPOINT row=4 layer=38 checkpoint=CP1 object=normalized_attention_input result=EXACT element_count=4096 mismatch_count=0
CHECKPOINT row=4 layer=38 checkpoint=CP2-Q object=q_projection result=EXACT element_count=1024 mismatch_count=0
CHECKPOINT row=4 layer=38 checkpoint=CP2-KV-P object=kv_projection result=EXACT element_count=512 mismatch_count=0
CHECKPOINT row=4 layer=38 checkpoint=CP2-KV-R object=raw_kv_row result=EXACT element_count=512 mismatch_count=0
CHECKPOINT row=4 layer=38 checkpoint=CP3-F object=layer_attn_state_kv result=EXACT element_count=8192 mismatch_count=0
CHECKPOINT row=4 layer=38 checkpoint=CP3-F object=layer_attn_state_score result=EXACT element_count=8192 mismatch_count=0
CHECKPOINT row=4 layer=38 checkpoint=CP3-F object=layer_n_comp result=EXACT element_count=1 mismatch_count=0
CHECKPOINT row=4 layer=38 checkpoint=CP3-F object=attn_emitted_row_count result=EXACT element_count=1 mismatch_count=0
CHECKPOINT row=4 layer=38 checkpoint=CP3-F object=layer_index_state_kv result=EXACT element_count=2048 mismatch_count=0
CHECKPOINT row=4 layer=38 checkpoint=CP3-F object=layer_index_state_score result=EXACT element_count=2048 mismatch_count=0
CHECKPOINT row=4 layer=38 checkpoint=CP3-F object=layer_n_index_comp result=EXACT element_count=1 mismatch_count=0
CHECKPOINT row=4 layer=38 checkpoint=CP3-F object=index_emitted_row_count result=EXACT element_count=1 mismatch_count=0
CHECKPOINT row=4 layer=38 checkpoint=CP4 object=post_attention_hidden_state result=EXACT element_count=16384 mismatch_count=0
CHECKPOINT row=4 layer=38 checkpoint=CP5 object=final_layer_hidden_state result=EXACT element_count=16384 mismatch_count=0
CHECKPOINT row=4 layer=39 checkpoint=CP1 object=normalized_attention_input result=EXACT element_count=4096 mismatch_count=0
CHECKPOINT row=4 layer=39 checkpoint=CP2-Q object=q_projection result=EXACT element_count=1024 mismatch_count=0
CHECKPOINT row=4 layer=39 checkpoint=CP2-KV-P object=kv_projection result=EXACT element_count=512 mismatch_count=0
CHECKPOINT row=4 layer=39 checkpoint=CP2-KV-R object=raw_kv_row result=EXACT element_count=512 mismatch_count=0
CHECKPOINT row=4 layer=39 checkpoint=CP3-F object=layer_attn_state_kv result=EXACT element_count=65536 mismatch_count=0
CHECKPOINT row=4 layer=39 checkpoint=CP3-F object=layer_attn_state_score result=EXACT element_count=65536 mismatch_count=0
CHECKPOINT row=4 layer=39 checkpoint=CP3-F object=layer_n_comp result=EXACT element_count=1 mismatch_count=0
CHECKPOINT row=4 layer=39 checkpoint=CP3-F object=attn_emitted_row_count result=EXACT element_count=1 mismatch_count=0
CHECKPOINT row=4 layer=39 checkpoint=CP4 object=post_attention_hidden_state result=EXACT element_count=16384 mismatch_count=0
CHECKPOINT row=4 layer=39 checkpoint=CP5 object=final_layer_hidden_state result=EXACT element_count=16384 mismatch_count=0
CHECKPOINT row=4 layer=40 checkpoint=CP1 object=normalized_attention_input result=EXACT element_count=4096 mismatch_count=0
CHECKPOINT row=4 layer=40 checkpoint=CP2-Q object=q_projection result=EXACT element_count=1024 mismatch_count=0
CHECKPOINT row=4 layer=40 checkpoint=CP2-KV-P object=kv_projection result=EXACT element_count=512 mismatch_count=0
CHECKPOINT row=4 layer=40 checkpoint=CP2-KV-R object=raw_kv_row result=EXACT element_count=512 mismatch_count=0
CHECKPOINT row=4 layer=40 checkpoint=CP3-F object=layer_attn_state_kv result=EXACT element_count=8192 mismatch_count=0
CHECKPOINT row=4 layer=40 checkpoint=CP3-F object=layer_attn_state_score result=EXACT element_count=8192 mismatch_count=0
CHECKPOINT row=4 layer=40 checkpoint=CP3-F object=layer_n_comp result=EXACT element_count=1 mismatch_count=0
CHECKPOINT row=4 layer=40 checkpoint=CP3-F object=attn_emitted_row_count result=EXACT element_count=1 mismatch_count=0
CHECKPOINT row=4 layer=40 checkpoint=CP3-F object=layer_index_state_kv result=EXACT element_count=2048 mismatch_count=0
CHECKPOINT row=4 layer=40 checkpoint=CP3-F object=layer_index_state_score result=EXACT element_count=2048 mismatch_count=0
CHECKPOINT row=4 layer=40 checkpoint=CP3-F object=layer_n_index_comp result=EXACT element_count=1 mismatch_count=0
CHECKPOINT row=4 layer=40 checkpoint=CP3-F object=index_emitted_row_count result=EXACT element_count=1 mismatch_count=0
CHECKPOINT row=4 layer=40 checkpoint=CP4 object=post_attention_hidden_state result=EXACT element_count=16384 mismatch_count=0
CHECKPOINT row=4 layer=40 checkpoint=CP5 object=final_layer_hidden_state result=EXACT element_count=16384 mismatch_count=0
CHECKPOINT row=4 layer=41 checkpoint=CP1 object=normalized_attention_input result=EXACT element_count=4096 mismatch_count=0
CHECKPOINT row=4 layer=41 checkpoint=CP2-Q object=q_projection result=EXACT element_count=1024 mismatch_count=0
CHECKPOINT row=4 layer=41 checkpoint=CP2-KV-P object=kv_projection result=EXACT element_count=512 mismatch_count=0
CHECKPOINT row=4 layer=41 checkpoint=CP2-KV-R object=raw_kv_row result=EXACT element_count=512 mismatch_count=0
CHECKPOINT row=4 layer=41 checkpoint=CP3-F object=layer_attn_state_kv result=EXACT element_count=65536 mismatch_count=0
CHECKPOINT row=4 layer=41 checkpoint=CP3-F object=layer_attn_state_score result=EXACT element_count=65536 mismatch_count=0
CHECKPOINT row=4 layer=41 checkpoint=CP3-F object=layer_n_comp result=EXACT element_count=1 mismatch_count=0
CHECKPOINT row=4 layer=41 checkpoint=CP3-F object=attn_emitted_row_count result=EXACT element_count=1 mismatch_count=0
CHECKPOINT row=4 layer=41 checkpoint=CP4 object=post_attention_hidden_state result=EXACT element_count=16384 mismatch_count=0
CHECKPOINT row=4 layer=41 checkpoint=CP5 object=final_layer_hidden_state result=EXACT element_count=16384 mismatch_count=0
CHECKPOINT row=4 layer=42 checkpoint=CP1 object=normalized_attention_input result=EXACT element_count=4096 mismatch_count=0
CHECKPOINT row=4 layer=42 checkpoint=CP2-Q object=q_projection result=EXACT element_count=1024 mismatch_count=0
CHECKPOINT row=4 layer=42 checkpoint=CP2-KV-P object=kv_projection result=EXACT element_count=512 mismatch_count=0
CHECKPOINT row=4 layer=42 checkpoint=CP2-KV-R object=raw_kv_row result=EXACT element_count=512 mismatch_count=0
CHECKPOINT row=4 layer=42 checkpoint=CP3-F object=layer_attn_state_kv result=EXACT element_count=8192 mismatch_count=0
CHECKPOINT row=4 layer=42 checkpoint=CP3-F object=layer_attn_state_score result=EXACT element_count=8192 mismatch_count=0
CHECKPOINT row=4 layer=42 checkpoint=CP3-F object=layer_n_comp result=EXACT element_count=1 mismatch_count=0
CHECKPOINT row=4 layer=42 checkpoint=CP3-F object=attn_emitted_row_count result=EXACT element_count=1 mismatch_count=0
CHECKPOINT row=4 layer=42 checkpoint=CP3-F object=layer_index_state_kv result=EXACT element_count=2048 mismatch_count=0
CHECKPOINT row=4 layer=42 checkpoint=CP3-F object=layer_index_state_score result=EXACT element_count=2048 mismatch_count=0
CHECKPOINT row=4 layer=42 checkpoint=CP3-F object=layer_n_index_comp result=EXACT element_count=1 mismatch_count=0
CHECKPOINT row=4 layer=42 checkpoint=CP3-F object=index_emitted_row_count result=EXACT element_count=1 mismatch_count=0
CHECKPOINT row=4 layer=42 checkpoint=CP4 object=post_attention_hidden_state result=EXACT element_count=16384 mismatch_count=0
CHECKPOINT row=4 layer=42 checkpoint=CP5 object=final_layer_hidden_state result=EXACT element_count=16384 mismatch_count=0
FIRST_DIVERGENCE row=3 layer=6 checkpoint=CP3-F index=466 actual_bits=0x00002407 expected_bits=0x00002406 mismatch_count=3 max_abs=1.52588e-05 max_rel=0.000969932 max_ulp=8192
C5_RESULT DIVERGED
C4_FORCED_TOKEN row=0 token=344
C4_FORCED_TOKEN row=1 token=411
C4_FORCED_TOKEN row=2 token=2526
C4_FORCED_TOKEN row=3 token=45044
C4_FORCED_TOKEN row=4 token=14
PASSB_INPUT_PROBE_CONTROL result=EXACT elements=16384
CP4_TAIL_INPUT_OBJECT input=heads producer=attention_core_inverse_rope result=EXACT elements=32768 mismatch_count=30334 first_index=0 pass_a_bits=0x3c876e1e pass_b_bits=0x3c876e20
CP4_TAIL_INPUT_OBJECT input=cur_hc producer=layer_input_HC result=EXACT elements=16384 mismatch_count=0 first_index=18446744073709551615 pass_a_bits=0x3ca70000 pass_b_bits=0x3ca70000
CP4_TAIL_INPUT_OBJECT input=post producer=hc_attn_pre_split result=EXACT elements=4 mismatch_count=2 first_index=1 pass_a_bits=0x3c9ca548 pass_b_bits=0x3c9ca548
CP4_TAIL_INPUT_OBJECT input=comb producer=hc_attn_pre_split result=EXACT elements=16 mismatch_count=11 first_index=1 pass_a_bits=0x3f6cc2ab pass_b_bits=0x3f6cc2ab
CP4_TAIL_WEIGHTS_AB output_a_offset=89860965440 output_a_type=8 output_b_offset=89896617024 output_b_type=8 model_map_same=PASS model_size=97591747456 result=PASS
CP4_TAIL_METADATA_AB row=0 layer=0 pos=16 group0=0 groups=8 group_dim=4096 rank=1024 group_index_base=0 group_index_stride=8 head_row=0 residual_row=0 split_row=0 post_index=4 comb_index=8 output_row=0 pass_a_batch_extent=5 pass_b_extent=1 result=PASS
CP4_TAIL_INPUT_AB heads=EXACT cur_hc=EXACT post=EXACT comb=EXACT weights_same=PASS metadata_same=PASS
PASS_B_SELF_REPLAY result=EXACT elements=16384 mismatch_count=0 first_index=18446744073709551615 replay_first_bits=0xbb9ce2ad passb_first_bits=0xbb9ce2ad required_first_bits=0xbb9ce2ad first_element=PASS
