ds4: DSpark support model detected: /Users/sijiaguo/ds4/gguf/DeepSeek-V4-Flash-DSpark-support-0731.gguf (stages=3 block=5 markov_rank=256 tensors=81 missing=0 invalid=0 metadata_errors=0); use --dspark to enable experimental runtime decode
ds4: Metal device Apple M4 Max, 128.00 GiB RAM
ds4: Metal 4 tensor API disabled for pre-M5/pre-A19 devices
ds4: drift-patch flags hc_stable=on norm_unify=on kv_raw_f32=off rope_exp2_log2=off math_safe=off tensor_matmul=off
ds4: Metal model views created in 2.895 ms, residency requested in 552.761 ms, warmup 4.776 ms (mapped 93065.67 MiB from offset 5.09 MiB)
ds4: Metal mapped mmaped model as 2 overlapping shared buffers
ds4: Metal model views created in 0.278 ms, residency requested in 612.790 ms, warmup 1.155 ms (mapped 5711.67 MiB from offset 0.01 MiB)
ds4: Metal mapped mmaped model as 3 overlapping shared buffers
ds4: metal backend initialized for graph diagnostics
ds4: memory: KV 0.61 GiB (raw 0.36 + compressed 0.25) + buffers 0.25 GiB + resident model 90.88 GiB = 91.74 GiB planned
ds4: memory detail: ctx=32768 prefill_cap=4096 raw_kv_rows=4352 compressed_kv_rows=8194 backend=metal
ds4: memory: KV 0.61 GiB (raw 0.36 + compressed 0.25) + buffers 0.25 GiB = 0.86 GiB context
ds4: memory detail: ctx=32768 prefill_cap=4096 raw_kv_rows=4352 compressed_kv_rows=8194 backend=metal
ds4: DSpark target-hidden capture enabled: layers=40,41,42
C4_FORCED_TOKEN row=0 token=344
C4_FORCED_TOKEN row=1 token=411
C4_FORCED_TOKEN row=2 token=2526
C4_FORCED_TOKEN row=3 token=45044
C4_FORCED_TOKEN row=4 token=14
C5_CHECKPOINT CP3-P UNAVAILABLE
CHECKPOINT row=0 layer=0 checkpoint=CP1 object=normalized_attention_input result=EXACT element_count=4096 mismatch_count=0
CHECKPOINT row=0 layer=0 checkpoint=CP2-Q object=q_projection result=MISMATCH element_count=1024 first_mismatch_index=0 actual_bits=0x3b21c760 expected_bits=0x3b21c7a0 mismatch_count=823 max_abs=5.21541e-08 max_rel=0.00133359 max_ulp=14336
CHECKPOINT row=0 layer=0 checkpoint=CP2-KV-P object=kv_projection result=MISMATCH element_count=512 first_mismatch_index=0 actual_bits=0x3bc606c4 expected_bits=0x3bc606bc mismatch_count=431 max_abs=4.47035e-08 max_rel=0.000661376 max_ulp=8192
CHECKPOINT row=0 layer=0 checkpoint=CP2-KV-R object=raw_kv_row result=EXACT element_count=512 mismatch_count=0
CHECKPOINT row=0 layer=0 checkpoint=CP3-F object=compressor result=N/A element_count=0
CHECKPOINT row=0 layer=0 checkpoint=CP4 object=post_attention_hidden_state result=MISMATCH element_count=16384 first_mismatch_index=0 actual_bits=0xbb9ce26c expected_bits=0xbb9ce2ad mismatch_count=5055 max_abs=1.41314e-07 max_rel=0.0068746 max_ulp=89712
CHECKPOINT row=0 layer=0 checkpoint=CP5 object=final_layer_hidden_state result=MISMATCH element_count=16384 first_mismatch_index=1 actual_bits=0xbcd7f892 expected_bits=0xbcd7f897 mismatch_count=10334 max_abs=3.27826e-07 max_rel=0.00488199 max_ulp=81466
CHECKPOINT row=0 layer=1 checkpoint=CP1 object=normalized_attention_input result=MISMATCH element_count=4096 first_mismatch_index=0 actual_bits=0xbc8bb15c expected_bits=0xbc8bb165 mismatch_count=3909 max_abs=9.68575e-08 max_rel=0.00109979 max_ulp=14182
CHECKPOINT row=0 layer=1 checkpoint=CP2-Q object=q_projection result=MISMATCH element_count=1024 first_mismatch_index=0 actual_bits=0x3d243bbf expected_bits=0x3d243bc9 mismatch_count=961 max_abs=1.49012e-07 max_rel=0.000797194 max_ulp=7680
CHECKPOINT row=0 layer=1 checkpoint=CP2-KV-P object=kv_projection result=MISMATCH element_count=512 first_mismatch_index=0 actual_bits=0xbcae8d04 expected_bits=0xbcae8d1c mismatch_count=479 max_abs=1.49012e-07 max_rel=0.000266571 max_ulp=2480
CHECKPOINT row=0 layer=1 checkpoint=CP2-KV-R object=raw_kv_row result=EXACT element_count=512 mismatch_count=0
CHECKPOINT row=0 layer=1 checkpoint=CP3-F object=compressor result=N/A element_count=0
CHECKPOINT row=0 layer=1 checkpoint=CP4 object=post_attention_hidden_state result=MISMATCH element_count=16384 first_mismatch_index=0 actual_bits=0x3b712a87 expected_bits=0x3b712c7d mismatch_count=14772 max_abs=3.33413e-07 max_rel=0.029183 max_ulp=355923
CHECKPOINT row=0 layer=1 checkpoint=CP5 object=final_layer_hidden_state result=MISMATCH element_count=16384 first_mismatch_index=0 actual_bits=0x3c81efe8 expected_bits=0x3c81effa mismatch_count=15791 max_abs=4.09782e-07 max_rel=0.075662 max_ulp=947877
CHECKPOINT row=0 layer=2 checkpoint=CP1 object=normalized_attention_input result=MISMATCH element_count=4096 first_mismatch_index=0 actual_bits=0xbd5ca9b0 expected_bits=0xbd5ca971 mismatch_count=4066 max_abs=7.26432e-07 max_rel=0.0168307 max_ulp=206663
CHECKPOINT row=0 layer=2 checkpoint=CP2-Q object=q_projection result=MISMATCH element_count=1024 first_mismatch_index=0 actual_bits=0x3e16d788 expected_bits=0x3e16d783 mismatch_count=1011 max_abs=1.13249e-06 max_rel=0.00874529 max_ulp=85504
CHECKPOINT row=0 layer=2 checkpoint=CP2-KV-P object=kv_projection result=MISMATCH element_count=512 first_mismatch_index=0 actual_bits=0x3e394fd0 expected_bits=0x3e394fda mismatch_count=504 max_abs=9.83477e-07 max_rel=0.00059634 max_ulp=6176
CHECKPOINT row=0 layer=2 checkpoint=CP2-KV-R object=raw_kv_row result=MISMATCH element_count=512 first_mismatch_index=46 actual_bits=0xbb800000 expected_bits=0xbb700000 mismatch_count=1 max_abs=0.000244141 max_rel=0.0625 max_ulp=1048576
CHECKPOINT row=0 layer=2 checkpoint=CP3-F object=layer_attn_state_kv result=MISMATCH element_count=8192 first_mismatch_index=4096 actual_bits=0x3e18ecd1 expected_bits=0x3e18ecbc mismatch_count=1010 max_abs=1.15857e-06 max_rel=0.00209437 max_ulp=21760
CHECKPOINT row=0 layer=2 checkpoint=CP3-F object=layer_attn_state_score result=MISMATCH element_count=8192 first_mismatch_index=4096 actual_bits=0x3f080f62 expected_bits=0x3f080f64 mismatch_count=960 max_abs=1.92225e-06 max_rel=0.00323529 max_ulp=45056
CHECKPOINT row=0 layer=2 checkpoint=CP3-F object=layer_n_comp result=EXACT element_count=1 mismatch_count=0
CHECKPOINT row=0 layer=2 checkpoint=CP3-F object=attn_emitted_row_count result=EXACT element_count=1 mismatch_count=0
CHECKPOINT row=0 layer=2 checkpoint=CP3-F object=layer_index_state_kv result=MISMATCH element_count=2048 first_mismatch_index=1024 actual_bits=0xbe43b785 expected_bits=0xbe43b798 mismatch_count=251 max_abs=1.54972e-06 max_rel=0.000296984 max_ulp=4880
CHECKPOINT row=0 layer=2 checkpoint=CP3-F object=layer_index_state_score result=MISMATCH element_count=2048 first_mismatch_index=1024 actual_bits=0xbef764a4 expected_bits=0xbef764ab mismatch_count=252 max_abs=2.14577e-06 max_rel=9.86837e-05 max_ulp=1248
CHECKPOINT row=0 layer=2 checkpoint=CP3-F object=layer_n_index_comp result=EXACT element_count=1 mismatch_count=0
CHECKPOINT row=0 layer=2 checkpoint=CP3-F object=index_emitted_row_count result=EXACT element_count=1 mismatch_count=0
CHECKPOINT row=0 layer=2 checkpoint=CP4 object=post_attention_hidden_state result=MISMATCH element_count=16384 first_mismatch_index=0 actual_bits=0xbcfab8fc expected_bits=0xbcfab8f9 mismatch_count=15826 max_abs=7.84174e-07 max_rel=0.0553705 max_ulp=525009
CHECKPOINT row=0 layer=2 checkpoint=CP5 object=final_layer_hidden_state result=MISMATCH element_count=16384 first_mismatch_index=0 actual_bits=0xbd4a5a8d expected_bits=0xbd4a5a93 mismatch_count=15416 max_abs=8.03731e-07 max_rel=0.0128906 max_ulp=126660
CHECKPOINT row=0 layer=3 checkpoint=CP1 object=normalized_attention_input result=MISMATCH element_count=4096 first_mismatch_index=0 actual_bits=0xbd8af56a expected_bits=0xbd8af56b mismatch_count=4066 max_abs=1.05798e-06 max_rel=0.0191611 max_ulp=234168
CHECKPOINT row=0 layer=3 checkpoint=CP2-Q object=q_projection result=MISMATCH element_count=1024 first_mismatch_index=0 actual_bits=0xbe2689b7 expected_bits=0xbe2689cc mismatch_count=1014 max_abs=1.49384e-06 max_rel=0.0018449 max_ulp=20800
CHECKPOINT row=0 layer=3 checkpoint=CP2-KV-P object=kv_projection result=MISMATCH element_count=512 first_mismatch_index=0 actual_bits=0xbd2b4378 expected_bits=0xbd2b4307 mismatch_count=508 max_abs=1.49384e-06 max_rel=0.00564816 max_ulp=68352
CHECKPOINT row=0 layer=3 checkpoint=CP2-KV-R object=raw_kv_row result=MISMATCH element_count=512 first_mismatch_index=265 actual_bits=0x39f00000 expected_bits=0x39e00000 mismatch_count=5 max_abs=3.05176e-05 max_rel=0.0666667 max_ulp=1048576
CHECKPOINT row=0 layer=3 checkpoint=CP3-F object=layer_attn_state_kv result=MISMATCH element_count=65536 first_mismatch_index=8192 actual_bits=0xbdab48f8 expected_bits=0xbdab48a6 mismatch_count=508 max_abs=1.84774e-06 max_rel=0.00283936 max_ulp=25888
CHECKPOINT row=0 layer=3 checkpoint=CP3-F object=layer_attn_state_score result=MISMATCH element_count=65536 first_mismatch_index=8192 actual_bits=0x3c2eef66 expected_bits=0x3c2eed4f mismatch_count=508 max_abs=3.94508e-06 max_rel=0.00382346 max_ulp=35008
CHECKPOINT row=0 layer=3 checkpoint=CP3-F object=layer_n_comp result=EXACT element_count=1 mismatch_count=0
CHECKPOINT row=0 layer=3 checkpoint=CP3-F object=attn_emitted_row_count result=EXACT element_count=1 mismatch_count=0
CHECKPOINT row=0 layer=3 checkpoint=CP4 object=post_attention_hidden_state result=MISMATCH element_count=16384 first_mismatch_index=0 actual_bits=0xbcd80d65 expected_bits=0xbcd80c65 mismatch_count=16064 max_abs=1.89524e-06 max_rel=0.0116455 max_ulp=175750
CHECKPOINT row=0 layer=3 checkpoint=CP5 object=final_layer_hidden_state result=MISMATCH element_count=16384 first_mismatch_index=0 actual_bits=0xbc9a9757 expected_bits=0xbc9a95d7 mismatch_count=16269 max_abs=2.07126e-06 max_rel=0.0876044 max_ulp=858888
CHECKPOINT row=0 layer=4 checkpoint=CP1 object=normalized_attention_input result=MISMATCH element_count=4096 first_mismatch_index=0 actual_bits=0x3c173869 expected_bits=0x3c173b46 mismatch_count=4080 max_abs=8.82149e-06 max_rel=0.0106703 max_ulp=111310
CHECKPOINT row=0 layer=4 checkpoint=CP2-Q object=q_projection result=MISMATCH element_count=1024 first_mismatch_index=0 actual_bits=0xbdcfed5c expected_bits=0xbdcfed56 mismatch_count=1022 max_abs=3.45707e-06 max_rel=0.00271373 max_ulp=35616
CHECKPOINT row=0 layer=4 checkpoint=CP2-KV-P object=kv_projection result=MISMATCH element_count=512 first_mismatch_index=0 actual_bits=0x3cd202e4 expected_bits=0x3cd202bc mismatch_count=509 max_abs=3.97116e-06 max_rel=0.00255209 max_ulp=33312
CHECKPOINT row=0 layer=4 checkpoint=CP2-KV-R object=raw_kv_row result=MISMATCH element_count=512 first_mismatch_index=475 actual_bits=0xbce1c000 expected_bits=0xbce1e000 mismatch_count=2 max_abs=3.05176e-05 max_rel=0.000902527 max_ulp=8192
CHECKPOINT row=0 layer=4 checkpoint=CP3-F object=layer_attn_state_kv result=MISMATCH element_count=8192 first_mismatch_index=4096 actual_bits=0x3d0047bf expected_bits=0x3d00475d mismatch_count=1022 max_abs=3.11434e-06 max_rel=0.0558152 max_ulp=843776
CHECKPOINT row=0 layer=4 checkpoint=CP3-F object=layer_attn_state_score result=MISMATCH element_count=8192 first_mismatch_index=4096 actual_bits=0xbf9262f8 expected_bits=0xbf926313 mismatch_count=1021 max_abs=1.09673e-05 max_rel=0.000399273 max_ulp=4940
CHECKPOINT row=0 layer=4 checkpoint=CP3-F object=layer_n_comp result=EXACT element_count=1 mismatch_count=0
CHECKPOINT row=0 layer=4 checkpoint=CP3-F object=attn_emitted_row_count result=EXACT element_count=1 mismatch_count=0
CHECKPOINT row=0 layer=4 checkpoint=CP3-F object=layer_index_state_kv result=MISMATCH element_count=2048 first_mismatch_index=1024 actual_bits=0x3ce932aa expected_bits=0x3ce92ed0 mismatch_count=256 max_abs=6.91414e-06 max_rel=0.00866473 max_ulp=143936
CHECKPOINT row=0 layer=4 checkpoint=CP3-F object=layer_index_state_score result=MISMATCH element_count=2048 first_mismatch_index=1024 actual_bits=0xbf9e5cc9 expected_bits=0xbf9e5cf4 mismatch_count=254 max_abs=1.19209e-05 max_rel=9.97161e-05 max_ulp=864
CHECKPOINT row=0 layer=4 checkpoint=CP3-F object=layer_n_index_comp result=EXACT element_count=1 mismatch_count=0
CHECKPOINT row=0 layer=4 checkpoint=CP3-F object=index_emitted_row_count result=EXACT element_count=1 mismatch_count=0
CHECKPOINT row=0 layer=4 checkpoint=CP4 object=post_attention_hidden_state result=MISMATCH element_count=16384 first_mismatch_index=0 actual_bits=0xbd4a0698 expected_bits=0xbd4a0681 mismatch_count=16276 max_abs=5.78165e-06 max_rel=0.032411 max_ulp=358798
CHECKPOINT row=0 layer=4 checkpoint=CP5 object=final_layer_hidden_state result=MISMATCH element_count=16384 first_mismatch_index=0 actual_bits=0xbd0ac6a7 expected_bits=0xbd0ac67a mismatch_count=16316 max_abs=6.33299e-06 max_rel=0.0957039 max_ulp=925606
CHECKPOINT row=0 layer=5 checkpoint=CP1 object=normalized_attention_input result=MISMATCH element_count=4096 first_mismatch_index=0 actual_bits=0xb9e93ac5 expected_bits=0xb9e94606 mismatch_count=4087 max_abs=3.03984e-06 max_rel=0.365637 max_ulp=5681216
CHECKPOINT row=0 layer=5 checkpoint=CP2-Q object=q_projection result=MISMATCH element_count=1024 first_mismatch_index=0 actual_bits=0x3ddad347 expected_bits=0x3ddad314 mismatch_count=1021 max_abs=2.91318e-06 max_rel=0.0164796 max_ulp=224768
CHECKPOINT row=0 layer=5 checkpoint=CP2-KV-P object=kv_projection result=MISMATCH element_count=512 first_mismatch_index=0 actual_bits=0x3d95f764 expected_bits=0x3d95f796 mismatch_count=507 max_abs=3.1963e-06 max_rel=0.00320707 max_ulp=50944
CHECKPOINT row=0 layer=5 checkpoint=CP2-KV-R object=raw_kv_row result=MISMATCH element_count=512 first_mismatch_index=464 actual_bits=0xbd58a000 expected_bits=0xbd58c000 mismatch_count=3 max_abs=6.10352e-05 max_rel=0.000971817 max_ulp=8192
CHECKPOINT row=0 layer=5 checkpoint=CP3-F object=layer_attn_state_kv result=MISMATCH element_count=65536 first_mismatch_index=8192 actual_bits=0xbd9a4814 expected_bits=0xbd9a476d mismatch_count=510 max_abs=3.58e-06 max_rel=0.00578972 max_ulp=60768
CHECKPOINT row=0 layer=5 checkpoint=CP3-F object=layer_attn_state_score result=MISMATCH element_count=65536 first_mismatch_index=8192 actual_bits=0x3ec41db6 expected_bits=0x3ec41d7b mismatch_count=511 max_abs=1.19358e-05 max_rel=0.00645986 max_ulp=76288
CHECKPOINT row=0 layer=5 checkpoint=CP3-F object=layer_n_comp result=EXACT element_count=1 mismatch_count=0
CHECKPOINT row=0 layer=5 checkpoint=CP3-F object=attn_emitted_row_count result=EXACT element_count=1 mismatch_count=0
CHECKPOINT row=0 layer=5 checkpoint=CP4 object=post_attention_hidden_state result=MISMATCH element_count=16384 first_mismatch_index=0 actual_bits=0xbcedcb68 expected_bits=0xbcedcb19 mismatch_count=16314 max_abs=5.93066e-06 max_rel=0.0581229 max_ulp=972479
CHECKPOINT row=0 layer=5 checkpoint=CP5 object=final_layer_hidden_state result=MISMATCH element_count=16384 first_mismatch_index=0 actual_bits=0xbce90403 expected_bits=0xbce903ab mismatch_count=16325 max_abs=5.70714e-06 max_rel=0.128881 max_ulp=1871012
CHECKPOINT row=0 layer=6 checkpoint=CP1 object=normalized_attention_input result=MISMATCH element_count=4096 first_mismatch_index=0 actual_bits=0xbcb8a497 expected_bits=0xbcb8a4c6 mismatch_count=4085 max_abs=5.91278e-05 max_rel=0.068735 max_ulp=781698
CHECKPOINT row=0 layer=6 checkpoint=CP2-Q object=q_projection result=MISMATCH element_count=1024 first_mismatch_index=0 actual_bits=0x3dabc604 expected_bits=0x3dabc4bb mismatch_count=1020 max_abs=8.09878e-06 max_rel=0.00512 max_ulp=46272
CHECKPOINT row=0 layer=6 checkpoint=CP2-KV-P object=kv_projection result=MISMATCH element_count=512 first_mismatch_index=0 actual_bits=0x3d74af7a expected_bits=0x3d74b2a4 mismatch_count=512 max_abs=8.6911e-06 max_rel=0.0150308 max_ulp=247296
CHECKPOINT row=0 layer=6 checkpoint=CP2-KV-R object=raw_kv_row result=MISMATCH element_count=512 first_mismatch_index=450 actual_bits=0xbdf80000 expected_bits=0xbdf7e000 mismatch_count=5 max_abs=0.000488281 max_rel=0.00212465 max_ulp=24576
CHECKPOINT row=0 layer=6 checkpoint=CP3-F object=layer_attn_state_kv result=MISMATCH element_count=8192 first_mismatch_index=4096 actual_bits=0xbdbbb680 expected_bits=0xbdbbb762 mismatch_count=1024 max_abs=8.25524e-06 max_rel=0.0121663 max_ulp=135552
CHECKPOINT row=0 layer=6 checkpoint=CP3-F object=layer_attn_state_score result=MISMATCH element_count=8192 first_mismatch_index=4096 actual_bits=0xbfb32ff8 expected_bits=0xbfb32f17 mismatch_count=1024 max_abs=4.05312e-05 max_rel=0.000551065 max_ulp=5712
CHECKPOINT row=0 layer=6 checkpoint=CP3-F object=layer_n_comp result=EXACT element_count=1 mismatch_count=0
CHECKPOINT row=0 layer=6 checkpoint=CP3-F object=attn_emitted_row_count result=EXACT element_count=1 mismatch_count=0
CHECKPOINT row=0 layer=6 checkpoint=CP3-F object=layer_index_state_kv result=MISMATCH element_count=2048 first_mismatch_index=1024 actual_bits=0xbd869947 expected_bits=0xbd869aca mismatch_count=256 max_abs=1.04904e-05 max_rel=0.0100248 max_ulp=125696
CHECKPOINT row=0 layer=6 checkpoint=CP3-F object=layer_index_state_score result=MISMATCH element_count=2048 first_mismatch_index=1024 actual_bits=0xbff59748 expected_bits=0xbff59642 mismatch_count=256 max_abs=5.34058e-05 max_rel=0.000237467 max_ulp=2700
CHECKPOINT row=0 layer=6 checkpoint=CP3-F object=layer_n_index_comp result=EXACT element_count=1 mismatch_count=0
CHECKPOINT row=0 layer=6 checkpoint=CP3-F object=index_emitted_row_count result=EXACT element_count=1 mismatch_count=0
CHECKPOINT row=0 layer=6 checkpoint=CP4 object=post_attention_hidden_state result=MISMATCH element_count=16384 first_mismatch_index=0 actual_bits=0xbcb58c49 expected_bits=0xbcb58b72 mismatch_count=16341 max_abs=5.70714e-06 max_rel=1.0548 max_ulp=1767644416
CHECKPOINT row=0 layer=6 checkpoint=CP5 object=final_layer_hidden_state result=MISMATCH element_count=16384 first_mismatch_index=0 actual_bits=0xbca7b4f5 expected_bits=0xbca7b410 mismatch_count=16347 max_abs=7.03032e-06 max_rel=1.7218 max_ulp=1764815030
CHECKPOINT row=0 layer=7 checkpoint=CP1 object=normalized_attention_input result=MISMATCH element_count=4096 first_mismatch_index=0 actual_bits=0xbc90d449 expected_bits=0xbc90d4ee mismatch_count=4092 max_abs=3.01423e-06 max_rel=0.288575 max_ulp=4547413
CHECKPOINT row=0 layer=7 checkpoint=CP2-Q object=q_projection result=MISMATCH element_count=1024 first_mismatch_index=0 actual_bits=0x3d109ac2 expected_bits=0x3d109a6b mismatch_count=1022 max_abs=5.49853e-06 max_rel=0.0199093 max_ulp=183680
CHECKPOINT row=0 layer=7 checkpoint=CP2-KV-P object=kv_projection result=MISMATCH element_count=512 first_mismatch_index=0 actual_bits=0x3dc32aa4 expected_bits=0x3dc329f0 mismatch_count=511 max_abs=4.92856e-06 max_rel=0.00480637 max_ulp=77152
CHECKPOINT row=0 layer=7 checkpoint=CP2-KV-R object=raw_kv_row result=MISMATCH element_count=512 first_mismatch_index=339 actual_bits=0x3cb00000 expected_bits=0x3ca00000 mismatch_count=3 max_abs=0.00195312 max_rel=0.0909091 max_ulp=1048576
CHECKPOINT row=0 layer=7 checkpoint=CP3-F object=layer_attn_state_kv result=MISMATCH element_count=65536 first_mismatch_index=8192 actual_bits=0xbd81f6a4 expected_bits=0xbd81f718 mismatch_count=512 max_abs=3.56138e-06 max_rel=0.0136197 max_ulp=201984
CHECKPOINT row=0 layer=7 checkpoint=CP3-F object=layer_attn_state_score result=MISMATCH element_count=65536 first_mismatch_index=8192 actual_bits=0xbd9280ba expected_bits=0xbd928248 mismatch_count=512 max_abs=1.52588e-05 max_rel=0.0585068 max_ulp=556416
CHECKPOINT row=0 layer=7 checkpoint=CP3-F object=layer_n_comp result=EXACT element_count=1 mismatch_count=0
CHECKPOINT row=0 layer=7 checkpoint=CP3-F object=attn_emitted_row_count result=EXACT element_count=1 mismatch_count=0
CHECKPOINT row=0 layer=7 checkpoint=CP4 object=post_attention_hidden_state result=MISMATCH element_count=16384 first_mismatch_index=0 actual_bits=0xbcb93544 expected_bits=0xbcb9343b mismatch_count=16340 max_abs=1.29398e-05 max_rel=0.503501 max_ulp=8500166
CHECKPOINT row=0 layer=7 checkpoint=CP5 object=final_layer_hidden_state result=MISMATCH element_count=16384 first_mismatch_index=0 actual_bits=0xbcdba78e expected_bits=0xbcdba5ff mismatch_count=16350 max_abs=3.23057e-05 max_rel=1.14269 max_ulp=1827820234
CHECKPOINT row=0 layer=8 checkpoint=CP1 object=normalized_attention_input result=MISMATCH element_count=4096 first_mismatch_index=0 actual_bits=0xbcd614b8 expected_bits=0xbcd60f14 mismatch_count=4094 max_abs=6.22272e-05 max_rel=0.53389 max_ulp=9428329
CHECKPOINT row=0 layer=8 checkpoint=CP2-Q object=q_projection result=MISMATCH element_count=1024 first_mismatch_index=0 actual_bits=0xbe41d7a3 expected_bits=0xbe41d736 mismatch_count=1024 max_abs=1.98409e-05 max_rel=0.352229 max_ulp=4662272
CHECKPOINT row=0 layer=8 checkpoint=CP2-KV-P object=kv_projection result=MISMATCH element_count=512 first_mismatch_index=0 actual_bits=0x3c940ef1 expected_bits=0x3c93f8e2 mismatch_count=510 max_abs=2.03457e-05 max_rel=0.00783271 max_ulp=108544
CHECKPOINT row=0 layer=8 checkpoint=CP2-KV-R object=raw_kv_row result=MISMATCH element_count=512 first_mismatch_index=460 actual_bits=0xbdd92000 expected_bits=0xbdd94000 mismatch_count=7 max_abs=0.000244141 max_rel=0.00290416 max_ulp=24576
CHECKPOINT row=0 layer=8 checkpoint=CP3-F object=layer_attn_state_kv result=MISMATCH element_count=8192 first_mismatch_index=4096 actual_bits=0xbd9ed69b expected_bits=0xbd9ed4e8 mismatch_count=1024 max_abs=2.03252e-05 max_rel=0.0967549 max_ulp=1160192
CHECKPOINT row=0 layer=8 checkpoint=CP3-F object=layer_attn_state_score result=MISMATCH element_count=8192 first_mismatch_index=4096 actual_bits=0xbf055de2 expected_bits=0xbf055fee mismatch_count=1023 max_abs=7.26581e-05 max_rel=0.0124615 max_ulp=165120
CHECKPOINT row=0 layer=8 checkpoint=CP3-F object=layer_n_comp result=EXACT element_count=1 mismatch_count=0
CHECKPOINT row=0 layer=8 checkpoint=CP3-F object=attn_emitted_row_count result=EXACT element_count=1 mismatch_count=0
CHECKPOINT row=0 layer=8 checkpoint=CP3-F object=layer_index_state_kv result=MISMATCH element_count=2048 first_mismatch_index=1024 actual_bits=0xba8367e0 expected_bits=0xba834d60 mismatch_count=256 max_abs=2.77758e-05 max_rel=0.00689924 max_ulp=73088
CHECKPOINT row=0 layer=8 checkpoint=CP3-F object=layer_index_state_score result=MISMATCH element_count=2048 first_mismatch_index=1024 actual_bits=0xbf305bcf expected_bits=0xbf305e80 mismatch_count=256 max_abs=7.21216e-05 max_rel=0.00560923 max_ulp=94080
CHECKPOINT row=0 layer=8 checkpoint=CP3-F object=layer_n_index_comp result=EXACT element_count=1 mismatch_count=0
CHECKPOINT row=0 layer=8 checkpoint=CP3-F object=index_emitted_row_count result=EXACT element_count=1 mismatch_count=0
CHECKPOINT row=0 layer=8 checkpoint=CP4 object=post_attention_hidden_state result=MISMATCH element_count=16384 first_mismatch_index=0 actual_bits=0xbcd0003d expected_bits=0xbccffe8e mismatch_count=16339 max_abs=3.23057e-05 max_rel=0.0322361 max_ulp=521327
CHECKPOINT row=0 layer=8 checkpoint=CP5 object=final_layer_hidden_state result=MISMATCH element_count=16384 first_mismatch_index=0 actual_bits=0xbce4493e expected_bits=0xbce4470e mismatch_count=16353 max_abs=4.42266e-05 max_rel=0.254719 max_ulp=3511207
CHECKPOINT row=0 layer=9 checkpoint=CP1 object=normalized_attention_input result=MISMATCH element_count=4096 first_mismatch_index=0 actual_bits=0xbd35f835 expected_bits=0xbd35f584 mismatch_count=4090 max_abs=6.89924e-06 max_rel=0.0890688 max_ulp=1303293
CHECKPOINT row=0 layer=9 checkpoint=CP2-Q object=q_projection result=MISMATCH element_count=1024 first_mismatch_index=0 actual_bits=0x3d8757ce expected_bits=0x3d87569a mismatch_count=1024 max_abs=9.17912e-06 max_rel=0.0262715 max_ulp=419712
CHECKPOINT row=0 layer=9 checkpoint=CP2-KV-P object=kv_projection result=MISMATCH element_count=512 first_mismatch_index=0 actual_bits=0x3c633dda expected_bits=0x3c633f05 mismatch_count=512 max_abs=7.59214e-06 max_rel=0.00948208 max_ulp=113920
CHECKPOINT row=0 layer=9 checkpoint=CP2-KV-R object=raw_kv_row result=MISMATCH element_count=512 first_mismatch_index=453 actual_bits=0xbd264000 expected_bits=0xbd266000 mismatch_count=6 max_abs=0.000488281 max_rel=0.000751315 max_ulp=8192
CHECKPOINT row=0 layer=9 checkpoint=CP3-F object=layer_attn_state_kv result=MISMATCH element_count=65536 first_mismatch_index=8192 actual_bits=0xbe109538 expected_bits=0xbe109536 mismatch_count=511 max_abs=9.74536e-06 max_rel=0.472712 max_ulp=7589888
CHECKPOINT row=0 layer=9 checkpoint=CP3-F object=layer_attn_state_score result=MISMATCH element_count=65536 first_mismatch_index=8192 actual_bits=0x3d43fbd0 expected_bits=0x3d43fa20 mismatch_count=511 max_abs=3.39746e-05 max_rel=0.0048453 max_ulp=53760
CHECKPOINT row=0 layer=9 checkpoint=CP3-F object=layer_n_comp result=EXACT element_count=1 mismatch_count=0
CHECKPOINT row=0 layer=9 checkpoint=CP3-F object=attn_emitted_row_count result=EXACT element_count=1 mismatch_count=0
CHECKPOINT row=0 layer=9 checkpoint=CP4 object=post_attention_hidden_state result=MISMATCH element_count=16384 first_mismatch_index=0 actual_bits=0xbd04bed6 expected_bits=0xbd04bce0 mismatch_count=16355 max_abs=3.78489e-05 max_rel=0.193098 max_ulp=2750288
CHECKPOINT row=0 layer=9 checkpoint=CP5 object=final_layer_hidden_state result=MISMATCH element_count=16384 first_mismatch_index=0 actual_bits=0xbd343554 expected_bits=0xbd3431c9 mismatch_count=16359 max_abs=5.77271e-05 max_rel=0.38588 max_ulp=5547261
CHECKPOINT row=0 layer=10 checkpoint=CP1 object=normalized_attention_input result=MISMATCH element_count=4096 first_mismatch_index=0 actual_bits=0xbc954126 expected_bits=0xbc953c14 mismatch_count=4093 max_abs=7.86185e-05 max_rel=0.122633 max_ulp=1444752
CHECKPOINT row=0 layer=10 checkpoint=CP2-Q object=q_projection result=MISMATCH element_count=1024 first_mismatch_index=0 actual_bits=0xbc0bcdf8 expected_bits=0xbc0bb4f4 mismatch_count=1023 max_abs=2.17818e-05 max_rel=0.568553 max_ulp=10313728
CHECKPOINT row=0 layer=10 checkpoint=CP2-KV-P object=kv_projection result=MISMATCH element_count=512 first_mismatch_index=0 actual_bits=0x3cd38bb7 expected_bits=0x3cd38f66 mismatch_count=512 max_abs=2.71797e-05 max_rel=0.00810427 max_ulp=71968
CHECKPOINT row=0 layer=10 checkpoint=CP2-KV-R object=raw_kv_row result=MISMATCH element_count=512 first_mismatch_index=453 actual_bits=0x3d0d6000 expected_bits=0x3d0d4000 mismatch_count=10 max_abs=0.000976562 max_rel=0.000884173 max_ulp=8192
CHECKPOINT row=0 layer=10 checkpoint=CP3-F object=layer_attn_state_kv result=MISMATCH element_count=8192 first_mismatch_index=4096 actual_bits=0x3de9dde8 expected_bits=0x3de9df76 mismatch_count=1022 max_abs=2.65241e-05 max_rel=0.0433038 max_ulp=417280
CHECKPOINT row=0 layer=10 checkpoint=CP3-F object=layer_attn_state_score result=MISMATCH element_count=8192 first_mismatch_index=4096 actual_bits=0x3ee6f218 expected_bits=0x3ee6f61a mismatch_count=1024 max_abs=0.000112176 max_rel=0.110074 max_ulp=1116672
CHECKPOINT row=0 layer=10 checkpoint=CP3-F object=layer_n_comp result=EXACT element_count=1 mismatch_count=0
CHECKPOINT row=0 layer=10 checkpoint=CP3-F object=attn_emitted_row_count result=EXACT element_count=1 mismatch_count=0
CHECKPOINT row=0 layer=10 checkpoint=CP3-F object=layer_index_state_kv result=MISMATCH element_count=2048 first_mismatch_index=1024 actual_bits=0x3d0a82de expected_bits=0x3d0a6a96 mismatch_count=256 max_abs=5.20945e-05 max_rel=0.00616505 max_ulp=81344
CHECKPOINT row=0 layer=10 checkpoint=CP3-F object=layer_index_state_score result=MISMATCH element_count=2048 first_mismatch_index=1024 actual_bits=0x3ebe99e8 expected_bits=0x3ebe9ec0 mismatch_count=256 max_abs=0.000136137 max_rel=0.0652646 max_ulp=631552
CHECKPOINT row=0 layer=10 checkpoint=CP3-F object=layer_n_index_comp result=EXACT element_count=1 mismatch_count=0
CHECKPOINT row=0 layer=10 checkpoint=CP3-F object=index_emitted_row_count result=EXACT element_count=1 mismatch_count=0
CHECKPOINT row=0 layer=10 checkpoint=CP4 object=post_attention_hidden_state result=MISMATCH element_count=16384 first_mismatch_index=0 actual_bits=0xbd332772 expected_bits=0xbd3322e9 mismatch_count=16363 max_abs=5.47767e-05 max_rel=0.749772 max_ulp=16767214
CHECKPOINT row=0 layer=10 checkpoint=CP5 object=final_layer_hidden_state result=MISMATCH element_count=16384 first_mismatch_index=0 actual_bits=0xbd366fc5 expected_bits=0xbd366b06 mismatch_count=16372 max_abs=5.21541e-05 max_rel=0.680245 max_ulp=13976627
CHECKPOINT row=0 layer=11 checkpoint=CP1 object=normalized_attention_input result=MISMATCH element_count=4096 first_mismatch_index=0 actual_bits=0xbb4c0719 expected_bits=0xbb4be5cd mismatch_count=4096 max_abs=8.96305e-06 max_rel=0.141676 max_ulp=1674732
CHECKPOINT row=0 layer=11 checkpoint=CP2-Q object=q_projection result=MISMATCH element_count=1024 first_mismatch_index=0 actual_bits=0x3e3590b4 expected_bits=0x3e359114 mismatch_count=1024 max_abs=1.71363e-05 max_rel=0.0197357 max_ulp=186576
CHECKPOINT row=0 layer=11 checkpoint=CP2-KV-P object=kv_projection result=MISMATCH element_count=512 first_mismatch_index=0 actual_bits=0xbdd94715 expected_bits=0xbdd945f9 mismatch_count=512 max_abs=1.68048e-05 max_rel=0.00881916 max_ulp=130880
CHECKPOINT row=0 layer=11 checkpoint=CP2-KV-R object=raw_kv_row result=MISMATCH element_count=512 first_mismatch_index=145 actual_bits=0x3d400000 expected_bits=0x3d500000 mismatch_count=14 max_abs=0.015625 max_rel=0.0769231 max_ulp=1048576
CHECKPOINT row=0 layer=11 checkpoint=CP3-F object=layer_attn_state_kv result=MISMATCH element_count=65536 first_mismatch_index=8192 actual_bits=0xbbbb1748 expected_bits=0xbbbb2908 mismatch_count=512 max_abs=2.01613e-05 max_rel=0.152413 max_ulp=1600512
CHECKPOINT row=0 layer=11 checkpoint=CP3-F object=layer_attn_state_score result=MISMATCH element_count=65536 first_mismatch_index=8192 actual_bits=0xbd0a3c2f expected_bits=0xbd0a4529 mismatch_count=511 max_abs=4.76241e-05 max_rel=0.0404827 max_ulp=589312
CHECKPOINT row=0 layer=11 checkpoint=CP3-F object=layer_n_comp result=EXACT element_count=1 mismatch_count=0
CHECKPOINT row=0 layer=11 checkpoint=CP3-F object=attn_emitted_row_count result=EXACT element_count=1 mismatch_count=0
CHECKPOINT row=0 layer=11 checkpoint=CP4 object=post_attention_hidden_state result=MISMATCH element_count=16384 first_mismatch_index=0 actual_bits=0xbd3753a6 expected_bits=0xbd374e83 mismatch_count=16377 max_abs=0.000198513 max_rel=0.953888 max_ulp=37593513
CHECKPOINT row=0 layer=11 checkpoint=CP5 object=final_layer_hidden_state result=MISMATCH element_count=16384 first_mismatch_index=0 actual_bits=0xbd3738be expected_bits=0xbd37335e mismatch_count=16379 max_abs=0.000211209 max_rel=0.744478 max_ulp=16481783
CHECKPOINT row=0 layer=12 checkpoint=CP1 object=normalized_attention_input result=MISMATCH element_count=4096 first_mismatch_index=0 actual_bits=0xbcf85004 expected_bits=0xbcf82f37 mismatch_count=4096 max_abs=0.000706494 max_rel=0.371253 max_ulp=5984577
CHECKPOINT row=0 layer=12 checkpoint=CP2-Q object=q_projection result=MISMATCH element_count=1024 first_mismatch_index=0 actual_bits=0xbe5f8ee0 expected_bits=0xbe5f9136 mismatch_count=1024 max_abs=0.000112948 max_rel=0.217342 max_ulp=3341472
CHECKPOINT row=0 layer=12 checkpoint=CP2-KV-P object=kv_projection result=MISMATCH element_count=512 first_mismatch_index=0 actual_bits=0x3c156650 expected_bits=0x3c158092 mismatch_count=512 max_abs=8.82e-05 max_rel=0.0933394 max_ulp=1355904
CHECKPOINT row=0 layer=12 checkpoint=CP2-KV-R object=raw_kv_row result=MISMATCH element_count=512 first_mismatch_index=171 actual_bits=0xbdf00000 expected_bits=0xbe000000 mismatch_count=26 max_abs=0.0625 max_rel=0.1 max_ulp=1048576
CHECKPOINT row=0 layer=12 checkpoint=CP3-F object=layer_attn_state_kv result=MISMATCH element_count=8192 first_mismatch_index=4096 actual_bits=0x3cd370b0 expected_bits=0x3cd352f2 mismatch_count=1024 max_abs=0.000119396 max_rel=0.0973803 max_ulp=1137536
CHECKPOINT row=0 layer=12 checkpoint=CP3-F object=layer_attn_state_score result=MISMATCH element_count=8192 first_mismatch_index=4096 actual_bits=0xbcac09c0 expected_bits=0xbcabf600 mismatch_count=1024 max_abs=0.000722647 max_rel=0.565768 max_ulp=10176512
CHECKPOINT row=0 layer=12 checkpoint=CP3-F object=layer_n_comp result=EXACT element_count=1 mismatch_count=0
CHECKPOINT row=0 layer=12 checkpoint=CP3-F object=attn_emitted_row_count result=EXACT element_count=1 mismatch_count=0
CHECKPOINT row=0 layer=12 checkpoint=CP3-F object=layer_index_state_kv result=MISMATCH element_count=2048 first_mismatch_index=1024 actual_bits=0xbe1c5528 expected_bits=0xbe1c5f64 mismatch_count=256 max_abs=0.00016737 max_rel=0.0419558 max_ulp=426112
CHECKPOINT row=0 layer=12 checkpoint=CP3-F object=layer_index_state_score result=MISMATCH element_count=2048 first_mismatch_index=1024 actual_bits=0x3d40ebe8 expected_bits=0x3d40e2e0 mismatch_count=256 max_abs=0.000782967 max_rel=0.103495 max_ulp=993536
CHECKPOINT row=0 layer=12 checkpoint=CP3-F object=layer_n_index_comp result=EXACT element_count=1 mismatch_count=0
CHECKPOINT row=0 layer=12 checkpoint=CP3-F object=index_emitted_row_count result=EXACT element_count=1 mismatch_count=0
CHECKPOINT row=0 layer=12 checkpoint=CP4 object=post_attention_hidden_state result=MISMATCH element_count=16384 first_mismatch_index=0 actual_bits=0xbd3d8ba8 expected_bits=0xbd3d85c6 mismatch_count=16373 max_abs=0.000696689 max_rel=1.48287 max_ulp=1910046789
CHECKPOINT row=0 layer=12 checkpoint=CP5 object=final_layer_hidden_state result=MISMATCH element_count=16384 first_mismatch_index=0 actual_bits=0xbd443665 expected_bits=0xbd4431ec mismatch_count=16380 max_abs=0.000923395 max_rel=1.43532 max_ulp=1920606767
CHECKPOINT row=0 layer=13 checkpoint=CP1 object=normalized_attention_input result=MISMATCH element_count=4096 first_mismatch_index=0 actual_bits=0xbd8393e7 expected_bits=0xbd839be5 mismatch_count=4096 max_abs=0.000102554 max_rel=1.45851 max_ulp=1866395807
CHECKPOINT row=0 layer=13 checkpoint=CP2-Q object=q_projection result=MISMATCH element_count=1024 first_mismatch_index=0 actual_bits=0x3db95565 expected_bits=0x3db93661 mismatch_count=1024 max_abs=0.000135852 max_rel=0.349843 max_ulp=5855424
CHECKPOINT row=0 layer=13 checkpoint=CP2-KV-P object=kv_projection result=MISMATCH element_count=512 first_mismatch_index=0 actual_bits=0x3d988147 expected_bits=0x3d98886a mismatch_count=512 max_abs=0.000168316 max_rel=0.403621 max_ulp=6167040
CHECKPOINT row=0 layer=13 checkpoint=CP2-KV-R object=raw_kv_row result=MISMATCH element_count=512 first_mismatch_index=27 actual_bits=0xbc600000 expected_bits=0xbc500000 mismatch_count=51 max_abs=0.0625 max_rel=0.384615 max_ulp=5242880
CHECKPOINT row=0 layer=13 checkpoint=CP3-F object=layer_attn_state_kv result=MISMATCH element_count=65536 first_mismatch_index=8192 actual_bits=0x3d408540 expected_bits=0x3d406b01 mismatch_count=512 max_abs=0.000125919 max_rel=0.263534 max_ulp=3535696
CHECKPOINT row=0 layer=13 checkpoint=CP3-F object=layer_attn_state_score result=MISMATCH element_count=65536 first_mismatch_index=8192 actual_bits=0xbc60fed0 expected_bits=0xbc610f5a mismatch_count=512 max_abs=0.000388324 max_rel=0.263358 max_ulp=3508480
CHECKPOINT row=0 layer=13 checkpoint=CP3-F object=layer_n_comp result=EXACT element_count=1 mismatch_count=0
CHECKPOINT row=0 layer=13 checkpoint=CP3-F object=attn_emitted_row_count result=EXACT element_count=1 mismatch_count=0
CHECKPOINT row=0 layer=13 checkpoint=CP4 object=post_attention_hidden_state result=MISMATCH element_count=16384 first_mismatch_index=0 actual_bits=0xbd4e9268 expected_bits=0xbd4e8fa0 mismatch_count=16381 max_abs=0.00146741 max_rel=1.66256 max_ulp=1950548245
CHECKPOINT row=0 layer=13 checkpoint=CP5 object=final_layer_hidden_state result=MISMATCH element_count=16384 first_mismatch_index=0 actual_bits=0xbd53a92d expected_bits=0xbd53a7e0 mismatch_count=16376 max_abs=0.00114459 max_rel=1.93995 max_ulp=1913408457
CHECKPOINT row=0 layer=14 checkpoint=CP1 object=normalized_attention_input result=MISMATCH element_count=4096 first_mismatch_index=0 actual_bits=0xbe03b970 expected_bits=0xbe03c799 mismatch_count=4096 max_abs=0.00164387 max_rel=1.30152 max_ulp=1894491850
CHECKPOINT row=0 layer=14 checkpoint=CP2-Q object=q_projection result=MISMATCH element_count=1024 first_mismatch_index=0 actual_bits=0x3d00ca5c expected_bits=0x3d018cfc mismatch_count=1024 max_abs=0.000540093 max_rel=0.435728 max_ulp=6884128
CHECKPOINT row=0 layer=14 checkpoint=CP2-KV-P object=kv_projection result=MISMATCH element_count=512 first_mismatch_index=0 actual_bits=0x3e13545e expected_bits=0x3e134ebb mismatch_count=512 max_abs=0.000822335 max_rel=0.188806 max_ulp=2992448
CHECKPOINT row=0 layer=14 checkpoint=CP2-KV-R object=raw_kv_row result=MISMATCH element_count=512 first_mismatch_index=121 actual_bits=0xbdb00000 expected_bits=0xbdc00000 mismatch_count=60 max_abs=0.0078125 max_rel=0.181818 max_ulp=2097152
CHECKPOINT row=0 layer=14 checkpoint=CP3-F object=layer_attn_state_kv result=MISMATCH element_count=8192 first_mismatch_index=4096 actual_bits=0x3e31060b expected_bits=0x3e311923 mismatch_count=1024 max_abs=0.000539333 max_rel=0.322605 max_ulp=4182592
CHECKPOINT row=0 layer=14 checkpoint=CP3-F object=layer_attn_state_score result=MISMATCH element_count=8192 first_mismatch_index=4096 actual_bits=0xbed5c678 expected_bits=0xbed62efa mismatch_count=1024 max_abs=0.00185013 max_rel=0.147694 max_ulp=2070080
CHECKPOINT row=0 layer=14 checkpoint=CP3-F object=layer_n_comp result=EXACT element_count=1 mismatch_count=0
CHECKPOINT row=0 layer=14 checkpoint=CP3-F object=attn_emitted_row_count result=EXACT element_count=1 mismatch_count=0
CHECKPOINT row=0 layer=14 checkpoint=CP3-F object=layer_index_state_kv result=MISMATCH element_count=2048 first_mismatch_index=1024 actual_bits=0x3f0b10b0 expected_bits=0x3f0b1100 mismatch_count=256 max_abs=0.000858694 max_rel=0.119286 max_ulp=1760736
CHECKPOINT row=0 layer=14 checkpoint=CP3-F object=layer_index_state_score result=MISMATCH element_count=2048 first_mismatch_index=1024 actual_bits=0xbf4c9d95 expected_bits=0xbf4cc603 mismatch_count=256 max_abs=0.00329971 max_rel=0.0420436 max_ulp=640320
CHECKPOINT row=0 layer=14 checkpoint=CP3-F object=layer_n_index_comp result=EXACT element_count=1 mismatch_count=0
CHECKPOINT row=0 layer=14 checkpoint=CP3-F object=index_emitted_row_count result=EXACT element_count=1 mismatch_count=0
CHECKPOINT row=0 layer=14 checkpoint=CP4 object=post_attention_hidden_state result=MISMATCH element_count=16384 first_mismatch_index=0 actual_bits=0xbd5b5348 expected_bits=0xbd5b523b mismatch_count=16379 max_abs=0.00121516 max_rel=1.71377 max_ulp=1913490519
CHECKPOINT row=0 layer=14 checkpoint=CP5 object=final_layer_hidden_state result=MISMATCH element_count=16384 first_mismatch_index=0 actual_bits=0xbd6b43c5 expected_bits=0xbd6b439a mismatch_count=16375 max_abs=0.00129184 max_rel=0.601791 max_ulp=10997243
CHECKPOINT row=0 layer=15 checkpoint=CP1 object=normalized_attention_input result=MISMATCH element_count=4096 first_mismatch_index=0 actual_bits=0xbd7964b0 expected_bits=0xbd797256 mismatch_count=4096 max_abs=0.000147313 max_rel=1.91629 max_ulp=1876607418
CHECKPOINT row=0 layer=15 checkpoint=CP2-Q object=q_projection result=MISMATCH element_count=1024 first_mismatch_index=0 actual_bits=0xbda1bacd expected_bits=0xbda19a6a mismatch_count=1024 max_abs=0.000170618 max_rel=0.287981 max_ulp=4574080
CHECKPOINT row=0 layer=15 checkpoint=CP2-KV-P object=kv_projection result=MISMATCH element_count=512 first_mismatch_index=0 actual_bits=0xbcd86982 expected_bits=0xbcd845e5 mismatch_count=512 max_abs=0.000245824 max_rel=0.242711 max_ulp=3500032
CHECKPOINT row=0 layer=15 checkpoint=CP2-KV-R object=raw_kv_row result=MISMATCH element_count=512 first_mismatch_index=34 actual_bits=0x3b300000 expected_bits=0x3b100000 mismatch_count=41 max_abs=0.0625 max_rel=0.1875 max_ulp=3145728
CHECKPOINT row=0 layer=15 checkpoint=CP3-F object=layer_attn_state_kv result=MISMATCH element_count=65536 first_mismatch_index=8192 actual_bits=0xbd7eb7dc expected_bits=0xbd7edbdc mismatch_count=512 max_abs=0.000184201 max_rel=0.957351 max_ulp=38412288
CHECKPOINT row=0 layer=15 checkpoint=CP3-F object=layer_attn_state_score result=MISMATCH element_count=65536 first_mismatch_index=8192 actual_bits=0x3e788a38 expected_bits=0x3e787b90 mismatch_count=512 max_abs=0.000510886 max_rel=0.328086 max_ulp=4882688
CHECKPOINT row=0 layer=15 checkpoint=CP3-F object=layer_n_comp result=EXACT element_count=1 mismatch_count=0
CHECKPOINT row=0 layer=15 checkpoint=CP3-F object=attn_emitted_row_count result=EXACT element_count=1 mismatch_count=0
CHECKPOINT row=0 layer=15 checkpoint=CP4 object=post_attention_hidden_state result=MISMATCH element_count=16384 first_mismatch_index=0 actual_bits=0xbd72ff5b expected_bits=0xbd72ff49 mismatch_count=16378 max_abs=0.00163788 max_rel=1.74201 max_ulp=1934900024
CHECKPOINT row=0 layer=15 checkpoint=CP5 object=final_layer_hidden_state result=MISMATCH element_count=16384 first_mismatch_index=0 actual_bits=0xbd84e3cd expected_bits=0xbd84e2f9 mismatch_count=16377 max_abs=0.00181776 max_rel=0.58493 max_ulp=10231923
CHECKPOINT row=0 layer=16 checkpoint=CP1 object=normalized_attention_input result=MISMATCH element_count=4096 first_mismatch_index=0 actual_bits=0xbe0e58a6 expected_bits=0xbe0e5425 mismatch_count=4096 max_abs=0.00174816 max_rel=0.506182 max_ulp=8580422
CHECKPOINT row=0 layer=16 checkpoint=CP2-Q object=q_projection result=MISMATCH element_count=1024 first_mismatch_index=0 actual_bits=0xbd88294e expected_bits=0xbd87ecf6 mismatch_count=1024 max_abs=0.000492498 max_rel=0.498257 max_ulp=8344896
CHECKPOINT row=0 layer=16 checkpoint=CP2-KV-P object=kv_projection result=MISMATCH element_count=512 first_mismatch_index=0 actual_bits=0x3e8bf8fc expected_bits=0x3e8bfec0 mismatch_count=512 max_abs=0.000418101 max_rel=1.76637 max_ulp=1874627585
CHECKPOINT row=0 layer=16 checkpoint=CP2-KV-R object=raw_kv_row result=MISMATCH element_count=512 first_mismatch_index=57 actual_bits=0x3f300000 expected_bits=0x3f200000 mismatch_count=54 max_abs=0.0625 max_rel=1.81818 max_ulp=1916796929
CHECKPOINT row=0 layer=16 checkpoint=CP3-F object=layer_attn_state_kv result=MISMATCH element_count=8192 first_mismatch_index=4096 actual_bits=0x3dba4e8a expected_bits=0x3dba56ec mismatch_count=1024 max_abs=0.000494331 max_rel=0.0939935 max_ulp=1417792
CHECKPOINT row=0 layer=16 checkpoint=CP3-F object=layer_attn_state_score result=MISMATCH element_count=8192 first_mismatch_index=4096 actual_bits=0xbfcc9287 expected_bits=0xbfcc7700 mismatch_count=1024 max_abs=0.00121224 max_rel=0.0406991 max_ulp=424448
CHECKPOINT row=0 layer=16 checkpoint=CP3-F object=layer_n_comp result=EXACT element_count=1 mismatch_count=0
CHECKPOINT row=0 layer=16 checkpoint=CP3-F object=attn_emitted_row_count result=EXACT element_count=1 mismatch_count=0
CHECKPOINT row=0 layer=16 checkpoint=CP3-F object=layer_index_state_kv result=MISMATCH element_count=2048 first_mismatch_index=1024 actual_bits=0x3e22a0c4 expected_bits=0x3e228174 mismatch_count=256 max_abs=0.000520952 max_rel=0.198831 max_ulp=2925888
CHECKPOINT row=0 layer=16 checkpoint=CP3-F object=layer_index_state_score result=MISMATCH element_count=2048 first_mismatch_index=1024 actual_bits=0xbfd35cb0 expected_bits=0xbfd34018 mismatch_count=256 max_abs=0.00214577 max_rel=0.0369087 max_ulp=330564
CHECKPOINT row=0 layer=16 checkpoint=CP3-F object=layer_n_index_comp result=EXACT element_count=1 mismatch_count=0
CHECKPOINT row=0 layer=16 checkpoint=CP3-F object=index_emitted_row_count result=EXACT element_count=1 mismatch_count=0
CHECKPOINT row=0 layer=16 checkpoint=CP4 object=post_attention_hidden_state result=MISMATCH element_count=16384 first_mismatch_index=0 actual_bits=0xbd863d29 expected_bits=0xbd863c4b mismatch_count=16379 max_abs=0.00331426 max_rel=1.1544 max_ulp=1909828918
CHECKPOINT row=0 layer=16 checkpoint=CP5 object=final_layer_hidden_state result=MISMATCH element_count=16384 first_mismatch_index=0 actual_bits=0xbd8d669a expected_bits=0xbd8d6748 mismatch_count=16381 max_abs=0.00230095 max_rel=1.62496 max_ulp=1933708905
CHECKPOINT row=0 layer=17 checkpoint=CP1 object=normalized_attention_input result=MISMATCH element_count=4096 first_mismatch_index=0 actual_bits=0xbdbe8dc3 expected_bits=0xbdbe94e4 mismatch_count=4096 max_abs=0.000364907 max_rel=0.909358 max_ulp=29526583
CHECKPOINT row=0 layer=17 checkpoint=CP2-Q object=q_projection result=MISMATCH element_count=1024 first_mismatch_index=0 actual_bits=0x3bb59eb8 expected_bits=0x3bbdd5ac mismatch_count=1024 max_abs=0.000506714 max_rel=0.601677 max_ulp=11764096
CHECKPOINT row=0 layer=17 checkpoint=CP2-KV-P object=kv_projection result=MISMATCH element_count=512 first_mismatch_index=0 actual_bits=0xbd159f48 expected_bits=0xbd15811d mismatch_count=512 max_abs=0.000387534 max_rel=0.164968 max_ulp=1798272
CHECKPOINT row=0 layer=17 checkpoint=CP2-KV-R object=raw_kv_row result=MISMATCH element_count=512 first_mismatch_index=18 actual_bits=0xbdf00000 expected_bits=0xbde00000 mismatch_count=60 max_abs=0.0625 max_rel=0.2 max_ulp=3145728
CHECKPOINT row=0 layer=17 checkpoint=CP3-F object=layer_attn_state_kv result=MISMATCH element_count=65536 first_mismatch_index=8192 actual_bits=0x3ba71d28 expected_bits=0x3b9e7080 mismatch_count=512 max_abs=0.000466481 max_rel=1.10712 max_ulp=1889301121
CHECKPOINT row=0 layer=17 checkpoint=CP3-F object=layer_attn_state_score result=MISMATCH element_count=65536 first_mismatch_index=8192 actual_bits=0x3e92f626 expected_bits=0x3e92ffcd mismatch_count=512 max_abs=0.00113046 max_rel=0.0594245 max_ulp=828992
CHECKPOINT row=0 layer=17 checkpoint=CP3-F object=layer_n_comp result=EXACT element_count=1 mismatch_count=0
CHECKPOINT row=0 layer=17 checkpoint=CP3-F object=attn_emitted_row_count result=EXACT element_count=1 mismatch_count=0
CHECKPOINT row=0 layer=17 checkpoint=CP4 object=post_attention_hidden_state result=MISMATCH element_count=16384 first_mismatch_index=0 actual_bits=0xbd8edf7b expected_bits=0xbd8ee03a mismatch_count=16380 max_abs=0.00334084 max_rel=1.88669 max_ulp=1933633860
CHECKPOINT row=0 layer=17 checkpoint=CP5 object=final_layer_hidden_state result=MISMATCH element_count=16384 first_mismatch_index=0 actual_bits=0xbd5cef99 expected_bits=0xbd5cf501 mismatch_count=16384 max_abs=0.00380206 max_rel=1.53863 max_ulp=1966638326
CHECKPOINT row=0 layer=18 checkpoint=CP1 object=normalized_attention_input result=MISMATCH element_count=4096 first_mismatch_index=0 actual_bits=0xbb62a047 expected_bits=0xbb6283af mismatch_count=4096 max_abs=0.000637054 max_rel=1.04886 max_ulp=1824798009
CHECKPOINT row=0 layer=18 checkpoint=CP2-Q object=q_projection result=MISMATCH element_count=1024 first_mismatch_index=0 actual_bits=0xbd869a5d expected_bits=0xbd86ba32 mismatch_count=1024 max_abs=0.000217669 max_rel=0.519611 max_ulp=8900608
CHECKPOINT row=0 layer=18 checkpoint=CP2-KV-P object=kv_projection result=MISMATCH element_count=512 first_mismatch_index=0 actual_bits=0xbd404362 expected_bits=0xbd40427a mismatch_count=512 max_abs=0.000255406 max_rel=0.236905 max_ulp=3134912
CHECKPOINT row=0 layer=18 checkpoint=CP2-KV-R object=raw_kv_row result=MISMATCH element_count=512 first_mismatch_index=60 actual_bits=0x3e700000 expected_bits=0x3e600000 mismatch_count=44 max_abs=0.03125 max_rel=0.25 max_ulp=3145728
CHECKPOINT row=0 layer=18 checkpoint=CP3-F object=layer_attn_state_kv result=MISMATCH element_count=8192 first_mismatch_index=4096 actual_bits=0xbc627954 expected_bits=0xbc63238c mismatch_count=1024 max_abs=0.000207324 max_rel=0.657981 max_ulp=12782592
CHECKPOINT row=0 layer=18 checkpoint=CP3-F object=layer_attn_state_score result=MISMATCH element_count=8192 first_mismatch_index=4096 actual_bits=0x3f37ba90 expected_bits=0x3f37d8ae mismatch_count=1024 max_abs=0.000812173 max_rel=0.122924 max_ulp=1953800
CHECKPOINT row=0 layer=18 checkpoint=CP3-F object=layer_n_comp result=EXACT element_count=1 mismatch_count=0
CHECKPOINT row=0 layer=18 checkpoint=CP3-F object=attn_emitted_row_count result=EXACT element_count=1 mismatch_count=0
CHECKPOINT row=0 layer=18 checkpoint=CP3-F object=layer_index_state_kv result=MISMATCH element_count=2048 first_mismatch_index=1024 actual_bits=0x3d51cad3 expected_bits=0x3d51dee0 mismatch_count=256 max_abs=0.000281062 max_rel=0.0911167 max_ulp=1291776
CHECKPOINT row=0 layer=18 checkpoint=CP3-F object=layer_index_state_score result=MISMATCH element_count=2048 first_mismatch_index=1024 actual_bits=0x3f995ec1 expected_bits=0x3f997072 mismatch_count=256 max_abs=0.000839114 max_rel=0.0138774 max_ulp=186376
CHECKPOINT row=0 layer=18 checkpoint=CP3-F object=layer_n_index_comp result=EXACT element_count=1 mismatch_count=0
CHECKPOINT row=0 layer=18 checkpoint=CP3-F object=index_emitted_row_count result=EXACT element_count=1 mismatch_count=0
CHECKPOINT row=0 layer=18 checkpoint=CP4 object=post_attention_hidden_state result=MISMATCH element_count=16384 first_mismatch_index=0 actual_bits=0xbd9970ef expected_bits=0xbd9971ee mismatch_count=16383 max_abs=0.00452107 max_rel=1.68873 max_ulp=1945576440
CHECKPOINT row=0 layer=18 checkpoint=CP5 object=final_layer_hidden_state result=MISMATCH element_count=16384 first_mismatch_index=0 actual_bits=0x3c9d2f0d expected_bits=0x3c9de144 mismatch_count=16383 max_abs=0.00471413 max_rel=1.67173 max_ulp=1950081288
CHECKPOINT row=0 layer=19 checkpoint=CP1 object=normalized_attention_input result=MISMATCH element_count=4096 first_mismatch_index=0 actual_bits=0x3ca06aac expected_bits=0x3ca0aa06 mismatch_count=4096 max_abs=0.000101771 max_rel=0.482395 max_ulp=8026314
CHECKPOINT row=0 layer=19 checkpoint=CP2-Q object=q_projection result=MISMATCH element_count=1024 first_mismatch_index=0 actual_bits=0xbc1354a8 expected_bits=0xbc13bbc4 mismatch_count=1024 max_abs=0.000120412 max_rel=0.425788 max_ulp=6226688
CHECKPOINT row=0 layer=19 checkpoint=CP2-KV-P object=kv_projection result=MISMATCH element_count=512 first_mismatch_index=0 actual_bits=0x3d0abcd2 expected_bits=0x3d0a6e3c mismatch_count=512 max_abs=0.000176594 max_rel=0.0823043 max_ulp=1112448
CHECKPOINT row=0 layer=19 checkpoint=CP2-KV-R object=raw_kv_row result=MISMATCH element_count=512 first_mismatch_index=0 actual_bits=0x3ed00000 expected_bits=0x3ec00000 mismatch_count=62 max_abs=0.125 max_rel=0.111111 max_ulp=1048576
CHECKPOINT row=0 layer=19 checkpoint=CP3-F object=layer_attn_state_kv result=MISMATCH element_count=65536 first_mismatch_index=8192 actual_bits=0xbb7f5270 expected_bits=0xbb802cc0 mismatch_count=512 max_abs=0.000155296 max_rel=0.0764141 max_ulp=751712
CHECKPOINT row=0 layer=19 checkpoint=CP3-F object=layer_attn_state_score result=MISMATCH element_count=65536 first_mismatch_index=8192 actual_bits=0x3d3e4291 expected_bits=0x3d3e9bde mismatch_count=512 max_abs=0.000497103 max_rel=0.861157 max_ulp=23941120
CHECKPOINT row=0 layer=19 checkpoint=CP3-F object=layer_n_comp result=EXACT element_count=1 mismatch_count=0
CHECKPOINT row=0 layer=19 checkpoint=CP3-F object=attn_emitted_row_count result=EXACT element_count=1 mismatch_count=0
CHECKPOINT row=0 layer=19 checkpoint=CP4 object=post_attention_hidden_state result=MISMATCH element_count=16384 first_mismatch_index=0 actual_bits=0x3cdf2796 expected_bits=0x3cdfa09c mismatch_count=16384 max_abs=0.0108675 max_rel=1.71751 max_ulp=1977811074
CHECKPOINT row=0 layer=19 checkpoint=CP5 object=final_layer_hidden_state result=MISMATCH element_count=16384 first_mismatch_index=0 actual_bits=0x3c9efc18 expected_bits=0x3c9f600b mismatch_count=16384 max_abs=0.0106235 max_rel=1.23097 max_ulp=1976177632
CHECKPOINT row=0 layer=20 checkpoint=CP1 object=normalized_attention_input result=MISMATCH element_count=4096 first_mismatch_index=0 actual_bits=0x3c4e512e expected_bits=0x3c4defcd mismatch_count=4096 max_abs=0.00300014 max_rel=1.12854 max_ulp=1853914398
CHECKPOINT row=0 layer=20 checkpoint=CP2-Q object=q_projection result=MISMATCH element_count=1024 first_mismatch_index=0 actual_bits=0xbdb3ce84 expected_bits=0xbdb47faf mismatch_count=1024 max_abs=0.000576034 max_rel=0.735606 max_ulp=15962624
CHECKPOINT row=0 layer=20 checkpoint=CP2-KV-P object=kv_projection result=MISMATCH element_count=512 first_mismatch_index=0 actual_bits=0xbd80c022 expected_bits=0xbd807f68 mismatch_count=512 max_abs=0.000542343 max_rel=1.4054 max_ulp=1900581889
CHECKPOINT row=0 layer=20 checkpoint=CP2-KV-R object=raw_kv_row result=MISMATCH element_count=512 first_mismatch_index=0 actual_bits=0xbf300000 expected_bits=0xbf200000 mismatch_count=72 max_abs=0.125 max_rel=1.4 max_ulp=1956642817
CHECKPOINT row=0 layer=20 checkpoint=CP3-F object=layer_attn_state_kv result=MISMATCH element_count=8192 first_mismatch_index=4096 actual_bits=0xbdc0dbd4 expected_bits=0xbdc0f728 mismatch_count=1024 max_abs=0.000558037 max_rel=1.60334 max_ulp=1906170369
CHECKPOINT row=0 layer=20 checkpoint=CP3-F object=layer_attn_state_score result=MISMATCH element_count=8192 first_mismatch_index=4096 actual_bits=0xbf84b8ef expected_bits=0xbf84a8dc mismatch_count=1024 max_abs=0.00294745 max_rel=0.056069 max_ulp=819312
CHECKPOINT row=0 layer=20 checkpoint=CP3-F object=layer_n_comp result=EXACT element_count=1 mismatch_count=0
CHECKPOINT row=0 layer=20 checkpoint=CP3-F object=attn_emitted_row_count result=EXACT element_count=1 mismatch_count=0
CHECKPOINT row=0 layer=20 checkpoint=CP3-F object=layer_index_state_kv result=MISMATCH element_count=2048 first_mismatch_index=1024 actual_bits=0xbb5e7684 expected_bits=0xbb595dc0 mismatch_count=256 max_abs=0.000532232 max_rel=0.377503 max_ulp=5820672
CHECKPOINT row=0 layer=20 checkpoint=CP3-F object=layer_index_state_score result=MISMATCH element_count=2048 first_mismatch_index=1024 actual_bits=0xbf6fa4dd expected_bits=0xbf6f8a2d mismatch_count=256 max_abs=0.00362682 max_rel=0.0945726 max_ulp=987640
CHECKPOINT row=0 layer=20 checkpoint=CP3-F object=layer_n_index_comp result=EXACT element_count=1 mismatch_count=0
CHECKPOINT row=0 layer=20 checkpoint=CP3-F object=index_emitted_row_count result=EXACT element_count=1 mismatch_count=0
CHECKPOINT row=0 layer=20 checkpoint=CP4 object=post_attention_hidden_state result=MISMATCH element_count=16384 first_mismatch_index=0 actual_bits=0xbe982326 expected_bits=0xbe989217 mismatch_count=16384 max_abs=0.00998306 max_rel=1.76838 max_ulp=1940436880
CHECKPOINT row=0 layer=20 checkpoint=CP5 object=final_layer_hidden_state result=MISMATCH element_count=16384 first_mismatch_index=0 actual_bits=0xbe0f31f3 expected_bits=0xbe101fbb mismatch_count=16384 max_abs=0.00996518 max_rel=1.56831 max_ulp=1977451334
CHECKPOINT row=0 layer=21 checkpoint=CP1 object=normalized_attention_input result=MISMATCH element_count=4096 first_mismatch_index=0 actual_bits=0x3c9780eb expected_bits=0x3c96fef8 mismatch_count=4096 max_abs=0.000272606 max_rel=1.33845 max_ulp=1893486815
CHECKPOINT row=0 layer=21 checkpoint=CP2-Q object=q_projection result=MISMATCH element_count=1024 first_mismatch_index=0 actual_bits=0xbe00ad2f expected_bits=0xbe00efa2 mismatch_count=1024 max_abs=0.000446992 max_rel=0.212214 max_ulp=3026624
CHECKPOINT row=0 layer=21 checkpoint=CP2-KV-P object=kv_projection result=MISMATCH element_count=512 first_mismatch_index=0 actual_bits=0xbd52f1a2 expected_bits=0xbd52b953 mismatch_count=512 max_abs=0.000403374 max_rel=0.606175 max_ulp=11649632
CHECKPOINT row=0 layer=21 checkpoint=CP2-KV-R object=raw_kv_row result=MISMATCH element_count=512 first_mismatch_index=4 actual_bits=0x3e100000 expected_bits=0x3e000000 mismatch_count=72 max_abs=0.0625 max_rel=0.625 max_ulp=11534336
CHECKPOINT row=0 layer=21 checkpoint=CP3-F object=layer_attn_state_kv result=MISMATCH element_count=65536 first_mismatch_index=8192 actual_bits=0x3b9d2950 expected_bits=0x3b9baa58 mismatch_count=512 max_abs=0.000255227 max_rel=1.18758 max_ulp=1849030657
CHECKPOINT row=0 layer=21 checkpoint=CP3-F object=layer_attn_state_score result=MISMATCH element_count=65536 first_mismatch_index=8192 actual_bits=0x3e7ff990 expected_bits=0x3e80048c mismatch_count=512 max_abs=0.000652522 max_rel=0.285604 max_ulp=4788032
CHECKPOINT row=0 layer=21 checkpoint=CP3-F object=layer_n_comp result=EXACT element_count=1 mismatch_count=0
CHECKPOINT row=0 layer=21 checkpoint=CP3-F object=attn_emitted_row_count result=EXACT element_count=1 mismatch_count=0
CHECKPOINT row=0 layer=21 checkpoint=CP4 object=post_attention_hidden_state result=MISMATCH element_count=16384 first_mismatch_index=0 actual_bits=0xbe1d458f expected_bits=0xbe1e2d5c mismatch_count=16384 max_abs=0.00934166 max_rel=1.37959 max_ulp=1961554472
CHECKPOINT row=0 layer=21 checkpoint=CP5 object=final_layer_hidden_state result=MISMATCH element_count=16384 first_mismatch_index=0 actual_bits=0x3e3b8549 expected_bits=0x3e3b4411 mismatch_count=16383 max_abs=0.00969988 max_rel=1.97901 max_ulp=1991971378
CHECKPOINT row=0 layer=22 checkpoint=CP1 object=normalized_attention_input result=MISMATCH element_count=4096 first_mismatch_index=0 actual_bits=0x3d51d216 expected_bits=0x3d51c52b mismatch_count=4095 max_abs=0.00443292 max_rel=1.68051 max_ulp=1916273101
CHECKPOINT row=0 layer=22 checkpoint=CP2-Q object=q_projection result=MISMATCH element_count=1024 first_mismatch_index=0 actual_bits=0xbe8410ae expected_bits=0xbe83fc7c mismatch_count=1024 max_abs=0.00096038 max_rel=0.418996 max_ulp=6294784
CHECKPOINT row=0 layer=22 checkpoint=CP2-KV-P object=kv_projection result=MISMATCH element_count=512 first_mismatch_index=0 actual_bits=0xbdc126ec expected_bits=0xbdc13ff0 mismatch_count=512 max_abs=0.000672013 max_rel=0.220715 max_ulp=3495936
CHECKPOINT row=0 layer=22 checkpoint=CP2-KV-R object=raw_kv_row result=MISMATCH element_count=512 first_mismatch_index=13 actual_bits=0xbcb00000 expected_bits=0xbcc00000 mismatch_count=71 max_abs=0.125 max_rel=1.23562 max_ulp=1955938305
CHECKPOINT row=0 layer=22 checkpoint=CP3-F object=layer_attn_state_kv result=MISMATCH element_count=8192 first_mismatch_index=4096 actual_bits=0xbde7f544 expected_bits=0xbde7ff4b mismatch_count=1024 max_abs=0.000875115 max_rel=1.25862 max_ulp=1896246785
CHECKPOINT row=0 layer=22 checkpoint=CP3-F object=layer_attn_state_score result=MISMATCH element_count=8192 first_mismatch_index=4096 actual_bits=0xbfe4a635 expected_bits=0xbfe499dc mismatch_count=1024 max_abs=0.00349164 max_rel=0.332959 max_ulp=4777088
CHECKPOINT row=0 layer=22 checkpoint=CP3-F object=layer_n_comp result=EXACT element_count=1 mismatch_count=0
CHECKPOINT row=0 layer=22 checkpoint=CP3-F object=attn_emitted_row_count result=EXACT element_count=1 mismatch_count=0
CHECKPOINT row=0 layer=22 checkpoint=CP3-F object=layer_index_state_kv result=MISMATCH element_count=2048 first_mismatch_index=1024 actual_bits=0x3e334467 expected_bits=0x3e3322b1 mismatch_count=256 max_abs=0.00123024 max_rel=0.231648 max_ulp=3833504
CHECKPOINT row=0 layer=22 checkpoint=CP3-F object=layer_index_state_score result=MISMATCH element_count=2048 first_mismatch_index=1024 actual_bits=0xc0095cee expected_bits=0xc0095a52 mismatch_count=256 max_abs=0.00277573 max_rel=0.772235 max_ulp=17815040
CHECKPOINT row=0 layer=22 checkpoint=CP3-F object=layer_n_index_comp result=EXACT element_count=1 mismatch_count=0
CHECKPOINT row=0 layer=22 checkpoint=CP3-F object=index_emitted_row_count result=EXACT element_count=1 mismatch_count=0
CHECKPOINT row=0 layer=22 checkpoint=CP4 object=post_attention_hidden_state result=MISMATCH element_count=16384 first_mismatch_index=0 actual_bits=0x3c3a3f26 expected_bits=0x3c460ad2 mismatch_count=16383 max_abs=0.00925089 max_rel=1.75572 max_ulp=1985251401
CHECKPOINT row=0 layer=22 checkpoint=CP5 object=final_layer_hidden_state result=MISMATCH element_count=16384 first_mismatch_index=0 actual_bits=0x3dc76457 expected_bits=0x3dc8ab9a mismatch_count=16383 max_abs=0.00997961 max_rel=1.80614 max_ulp=1973095534
CHECKPOINT row=0 layer=23 checkpoint=CP1 object=normalized_attention_input result=MISMATCH element_count=4096 first_mismatch_index=0 actual_bits=0x3ce924d9 expected_bits=0x3ce8e299 mismatch_count=4096 max_abs=0.000404306 max_rel=0.75499 max_ulp=17082973
CHECKPOINT row=0 layer=23 checkpoint=CP2-Q object=q_projection result=MISMATCH element_count=1024 first_mismatch_index=0 actual_bits=0x3e6d53a1 expected_bits=0x3e6d48dd mismatch_count=1024 max_abs=0.000668854 max_rel=1.49712 max_ulp=1876377089
CHECKPOINT row=0 layer=23 checkpoint=CP2-KV-P object=kv_projection result=MISMATCH element_count=512 first_mismatch_index=0 actual_bits=0xbda3dd44 expected_bits=0xbda3e0c1 mismatch_count=512 max_abs=0.000817254 max_rel=0.728591 max_ulp=16041056
CHECKPOINT row=0 layer=23 checkpoint=CP2-KV-R object=raw_kv_row result=MISMATCH element_count=512 first_mismatch_index=43 actual_bits=0xbc200000 expected_bits=0xbc500000 mismatch_count=76 max_abs=0.125 max_rel=0.71875 max_ulp=15728640
CHECKPOINT row=0 layer=23 checkpoint=CP3-F object=layer_attn_state_kv result=MISMATCH element_count=65536 first_mismatch_index=8192 actual_bits=0x3e4b28ac expected_bits=0x3e4b3152 mismatch_count=512 max_abs=0.00126368 max_rel=0.400166 max_ulp=6087264
CHECKPOINT row=0 layer=23 checkpoint=CP3-F object=layer_attn_state_score result=MISMATCH element_count=65536 first_mismatch_index=8192 actual_bits=0xbdb64bc1 expected_bits=0xbdb54478 mismatch_count=512 max_abs=0.00100613 max_rel=0.186957 max_ulp=3075456
CHECKPOINT row=0 layer=23 checkpoint=CP3-F object=layer_n_comp result=EXACT element_count=1 mismatch_count=0
CHECKPOINT row=0 layer=23 checkpoint=CP3-F object=attn_emitted_row_count result=EXACT element_count=1 mismatch_count=0
CHECKPOINT row=0 layer=23 checkpoint=CP4 object=post_attention_hidden_state result=MISMATCH element_count=16384 first_mismatch_index=0 actual_bits=0x3da5ed8f expected_bits=0x3da6fd21 mismatch_count=16384 max_abs=0.00971782 max_rel=1.73671 max_ulp=1977978937
CHECKPOINT row=0 layer=23 checkpoint=CP5 object=final_layer_hidden_state result=MISMATCH element_count=16384 first_mismatch_index=0 actual_bits=0x3ddc25bc expected_bits=0x3ddd2f89 mismatch_count=16383 max_abs=0.0096159 max_rel=1.93728 max_ulp=1973868518
CHECKPOINT row=0 layer=24 checkpoint=CP1 object=normalized_attention_input result=MISMATCH element_count=4096 first_mismatch_index=0 actual_bits=0x3d56760e expected_bits=0x3d568cb7 mismatch_count=4096 max_abs=0.00298643 max_rel=1.29023 max_ulp=1885233861
CHECKPOINT row=0 layer=24 checkpoint=CP2-Q object=q_projection result=MISMATCH element_count=1024 first_mismatch_index=0 actual_bits=0xbf04435d expected_bits=0xbf045361 mismatch_count=1024 max_abs=0.00077647 max_rel=1.93825 max_ulp=1931585665
CHECKPOINT row=0 layer=24 checkpoint=CP2-KV-P object=kv_projection result=MISMATCH element_count=512 first_mismatch_index=0 actual_bits=0x3d5d990b expected_bits=0x3d5d00f4 mismatch_count=512 max_abs=0.000894025 max_rel=1.71732 max_ulp=1918131329
CHECKPOINT row=0 layer=24 checkpoint=CP2-KV-R object=raw_kv_row result=MISMATCH element_count=512 first_mismatch_index=1 actual_bits=0xbee00000 expected_bits=0xbed00000 mismatch_count=75 max_abs=0.0625 max_rel=1.7 max_ulp=1946157057
CHECKPOINT row=0 layer=24 checkpoint=CP3-F object=layer_attn_state_kv result=MISMATCH element_count=8192 first_mismatch_index=4096 actual_bits=0xbe5a5b12 expected_bits=0xbe5a5cb7 mismatch_count=1024 max_abs=0.000680968 max_rel=1.77157 max_ulp=1930173185
CHECKPOINT row=0 layer=24 checkpoint=CP3-F object=layer_attn_state_score result=MISMATCH element_count=8192 first_mismatch_index=4096 actual_bits=0xc011b153 expected_bits=0xc011a085 mismatch_count=1024 max_abs=0.00456619 max_rel=0.313735 max_ulp=4743552
CHECKPOINT row=0 layer=24 checkpoint=CP3-F object=layer_n_comp result=EXACT element_count=1 mismatch_count=0
CHECKPOINT row=0 layer=24 checkpoint=CP3-F object=attn_emitted_row_count result=EXACT element_count=1 mismatch_count=0
CHECKPOINT row=0 layer=24 checkpoint=CP3-F object=layer_index_state_kv result=MISMATCH element_count=2048 first_mismatch_index=1024 actual_bits=0xbdb2dc1c expected_bits=0xbdb330f4 mismatch_count=256 max_abs=0.000796795 max_rel=0.151191 max_ulp=2451072
CHECKPOINT row=0 layer=24 checkpoint=CP3-F object=layer_index_state_score result=MISMATCH element_count=2048 first_mismatch_index=1024 actual_bits=0xc0084a26 expected_bits=0xc008399b mismatch_count=256 max_abs=0.00439501 max_rel=0.029746 max_ulp=418784
CHECKPOINT row=0 layer=24 checkpoint=CP3-F object=layer_n_index_comp result=EXACT element_count=1 mismatch_count=0
CHECKPOINT row=0 layer=24 checkpoint=CP3-F object=index_emitted_row_count result=EXACT element_count=1 mismatch_count=0
CHECKPOINT row=0 layer=24 checkpoint=CP4 object=post_attention_hidden_state result=MISMATCH element_count=16384 first_mismatch_index=0 actual_bits=0xbe8e313e expected_bits=0xbe8b7f87 mismatch_count=16384 max_abs=0.0318517 max_rel=1.81654 max_ulp=2011062501
CHECKPOINT row=0 layer=24 checkpoint=CP5 object=final_layer_hidden_state result=MISMATCH element_count=16384 first_mismatch_index=0 actual_bits=0xbeffd664 expected_bits=0xbefce769 mismatch_count=16383 max_abs=0.0313703 max_rel=1.84808 max_ulp=2007956552
CHECKPOINT row=0 layer=25 checkpoint=CP1 object=normalized_attention_input result=MISMATCH element_count=4096 first_mismatch_index=0 actual_bits=0x3bbf7cba expected_bits=0x3bbf8f8f mismatch_count=4096 max_abs=8.34055e-05 max_rel=1.99615 max_ulp=1865200821
CHECKPOINT row=0 layer=25 checkpoint=CP2-Q object=q_projection result=MISMATCH element_count=1024 first_mismatch_index=0 actual_bits=0xbd1dd8fe expected_bits=0xbd1e15ba mismatch_count=1024 max_abs=0.000122558 max_rel=0.14476 max_ulp=2259200
CHECKPOINT row=0 layer=25 checkpoint=CP2-KV-P object=kv_projection result=MISMATCH element_count=512 first_mismatch_index=0 actual_bits=0x3d4adc40 expected_bits=0x3d4ac9e6 mismatch_count=512 max_abs=0.000145976 max_rel=0.608667 max_ulp=10920448
CHECKPOINT row=0 layer=25 checkpoint=CP2-KV-R object=raw_kv_row result=MISMATCH element_count=512 first_mismatch_index=23 actual_bits=0xbe100000 expected_bits=0xbe200000 mismatch_count=57 max_abs=0.0625 max_rel=0.423077 max_ulp=6291456
CHECKPOINT row=0 layer=25 checkpoint=CP3-F object=layer_attn_state_kv result=MISMATCH element_count=65536 first_mismatch_index=8192 actual_bits=0x3d92a8c9 expected_bits=0x3d92b538 mismatch_count=512 max_abs=0.000158429 max_rel=0.226753 max_ulp=3156064
CHECKPOINT row=0 layer=25 checkpoint=CP3-F object=layer_attn_state_score result=MISMATCH element_count=65536 first_mismatch_index=8192 actual_bits=0xbd07dd10 expected_bits=0xbd07f85b mismatch_count=512 max_abs=0.000355482 max_rel=0.611707 max_ulp=11175808
CHECKPOINT row=0 layer=25 checkpoint=CP3-F object=layer_n_comp result=EXACT element_count=1 mismatch_count=0
CHECKPOINT row=0 layer=25 checkpoint=CP3-F object=attn_emitted_row_count result=EXACT element_count=1 mismatch_count=0
CHECKPOINT row=0 layer=25 checkpoint=CP4 object=post_attention_hidden_state result=MISMATCH element_count=16384 first_mismatch_index=0 actual_bits=0xbeeb74af expected_bits=0xbee8a9b8 mismatch_count=16384 max_abs=0.0308909 max_rel=1.93559 max_ulp=2015787575
CHECKPOINT row=0 layer=25 checkpoint=CP5 object=final_layer_hidden_state result=MISMATCH element_count=16384 first_mismatch_index=0 actual_bits=0xbeab9c30 expected_bits=0xbea93878 mismatch_count=16384 max_abs=0.0305117 max_rel=1.84749 max_ulp=2013743955
CHECKPOINT row=0 layer=26 checkpoint=CP1 object=normalized_attention_input result=MISMATCH element_count=4096 first_mismatch_index=0 actual_bits=0x3cf2780b expected_bits=0x3cf22f3a mismatch_count=4095 max_abs=0.00389531 max_rel=1.64761 max_ulp=1878319594
CHECKPOINT row=0 layer=26 checkpoint=CP2-Q object=q_projection result=MISMATCH element_count=1024 first_mismatch_index=0 actual_bits=0x3cd2fb76 expected_bits=0x3cd25919 mismatch_count=1024 max_abs=0.000355974 max_rel=0.282697 max_ulp=4452480
CHECKPOINT row=0 layer=26 checkpoint=CP2-KV-P object=kv_projection result=MISMATCH element_count=512 first_mismatch_index=0 actual_bits=0x3eaee439 expected_bits=0x3eaede8c mismatch_count=512 max_abs=0.000368796 max_rel=0.0969904 max_ulp=1284032
CHECKPOINT row=0 layer=26 checkpoint=CP2-KV-R object=raw_kv_row result=MISMATCH element_count=512 first_mismatch_index=54 actual_bits=0x3e100000 expected_bits=0x3e200000 mismatch_count=60 max_abs=0.0625 max_rel=0.111111 max_ulp=1048576
CHECKPOINT row=0 layer=26 checkpoint=CP3-F object=layer_attn_state_kv result=MISMATCH element_count=8192 first_mismatch_index=4096 actual_bits=0xbe8c7f7b expected_bits=0xbe8c7bee mismatch_count=1024 max_abs=0.000379018 max_rel=0.415508 max_ulp=6506688
CHECKPOINT row=0 layer=26 checkpoint=CP3-F object=layer_attn_state_score result=MISMATCH element_count=8192 first_mismatch_index=4096 actual_bits=0x3e189134 expected_bits=0x3e1b5d1c mismatch_count=1024 max_abs=0.00398481 max_rel=1.23851 max_ulp=1968089601
CHECKPOINT row=0 layer=26 checkpoint=CP3-F object=layer_n_comp result=EXACT element_count=1 mismatch_count=0
CHECKPOINT row=0 layer=26 checkpoint=CP3-F object=attn_emitted_row_count result=EXACT element_count=1 mismatch_count=0
CHECKPOINT row=0 layer=26 checkpoint=CP3-F object=layer_index_state_kv result=MISMATCH element_count=2048 first_mismatch_index=1024 actual_bits=0x3de7c649 expected_bits=0x3de78c8e mismatch_count=256 max_abs=0.000357337 max_rel=0.0500218 max_ulp=803184
CHECKPOINT row=0 layer=26 checkpoint=CP3-F object=layer_index_state_score result=MISMATCH element_count=2048 first_mismatch_index=1024 actual_bits=0x3e48d18f expected_bits=0x3e4bf380 mismatch_count=256 max_abs=0.00539017 max_rel=1.76626 max_ulp=1971364353
CHECKPOINT row=0 layer=26 checkpoint=CP3-F object=layer_n_index_comp result=EXACT element_count=1 mismatch_count=0
CHECKPOINT row=0 layer=26 checkpoint=CP3-F object=index_emitted_row_count result=EXACT element_count=1 mismatch_count=0
CHECKPOINT row=0 layer=26 checkpoint=CP4 object=post_attention_hidden_state result=MISMATCH element_count=16384 first_mismatch_index=0 actual_bits=0xbeb3f4ff expected_bits=0xbeb18bf2 mismatch_count=16384 max_abs=0.0301265 max_rel=1.74651 max_ulp=2000237911
CHECKPOINT row=0 layer=26 checkpoint=CP5 object=final_layer_hidden_state result=MISMATCH element_count=16384 first_mismatch_index=0 actual_bits=0xbc1afdf7 expected_bits=0xbbaa3fc8 mismatch_count=16383 max_abs=0.0297814 max_rel=1.72428 max_ulp=2011626058
CHECKPOINT row=0 layer=27 checkpoint=CP1 object=normalized_attention_input result=MISMATCH element_count=4096 first_mismatch_index=0 actual_bits=0x3c78c576 expected_bits=0x3c79540d mismatch_count=4096 max_abs=0.000440618 max_rel=1.41726 max_ulp=1899797872
CHECKPOINT row=0 layer=27 checkpoint=CP2-Q object=q_projection result=MISMATCH element_count=1024 first_mismatch_index=0 actual_bits=0x3df989a0 expected_bits=0x3df9967d mismatch_count=1024 max_abs=0.000543587 max_rel=1.80319 max_ulp=1890759169
CHECKPOINT row=0 layer=27 checkpoint=CP2-KV-P object=kv_projection result=MISMATCH element_count=512 first_mismatch_index=0 actual_bits=0x3ce640f4 expected_bits=0x3ce5ef54 mismatch_count=512 max_abs=0.000373274 max_rel=0.465932 max_ulp=7788480
CHECKPOINT row=0 layer=27 checkpoint=CP2-KV-R object=raw_kv_row result=MISMATCH element_count=512 first_mismatch_index=8 actual_bits=0x3f400000 expected_bits=0x3f300000 mismatch_count=74 max_abs=0.125 max_rel=0.466667 max_ulp=7340032
CHECKPOINT row=0 layer=27 checkpoint=CP3-F object=layer_attn_state_kv result=MISMATCH element_count=65536 first_mismatch_index=8192 actual_bits=0xbc941f51 expected_bits=0xbc92c48a mismatch_count=512 max_abs=0.000724405 max_rel=0.521469 max_ulp=8976384
CHECKPOINT row=0 layer=27 checkpoint=CP3-F object=layer_attn_state_score result=MISMATCH element_count=65536 first_mismatch_index=8192 actual_bits=0xbde74f92 expected_bits=0xbde81cc7 mismatch_count=511 max_abs=0.000949413 max_rel=0.437662 max_ulp=6696224
CHECKPOINT row=0 layer=27 checkpoint=CP3-F object=layer_n_comp result=EXACT element_count=1 mismatch_count=0
CHECKPOINT row=0 layer=27 checkpoint=CP3-F object=attn_emitted_row_count result=EXACT element_count=1 mismatch_count=0
CHECKPOINT row=0 layer=27 checkpoint=CP4 object=post_attention_hidden_state result=MISMATCH element_count=16384 first_mismatch_index=0 actual_bits=0x3f03eb8f expected_bits=0x3f052297 mismatch_count=16384 max_abs=0.028484 max_rel=1.81886 max_ulp=2005036763
CHECKPOINT row=0 layer=27 checkpoint=CP5 object=final_layer_hidden_state result=MISMATCH element_count=16384 first_mismatch_index=0 actual_bits=0x3f67a638 expected_bits=0x3f68b0bf mismatch_count=16384 max_abs=0.0291452 max_rel=1.44369 max_ulp=2010866610
CHECKPOINT row=0 layer=28 checkpoint=CP1 object=normalized_attention_input result=MISMATCH element_count=4096 first_mismatch_index=0 actual_bits=0x3d2fd9d4 expected_bits=0x3d2f8f5e mismatch_count=4096 max_abs=0.00313658 max_rel=0.866461 max_ulp=24109070
CHECKPOINT row=0 layer=28 checkpoint=CP2-Q object=q_projection result=MISMATCH element_count=1024 first_mismatch_index=0 actual_bits=0x3e0f1a96 expected_bits=0x3e0f15a2 mismatch_count=1024 max_abs=0.000444721 max_rel=0.370794 max_ulp=5835648
CHECKPOINT row=0 layer=28 checkpoint=CP2-KV-P object=kv_projection result=MISMATCH element_count=512 first_mismatch_index=0 actual_bits=0x3d5a1e78 expected_bits=0x3d5a360a mismatch_count=512 max_abs=0.000414174 max_rel=0.315409 max_ulp=4260480
CHECKPOINT row=0 layer=28 checkpoint=CP2-KV-R object=raw_kv_row result=MISMATCH element_count=512 first_mismatch_index=32 actual_bits=0xbfb00000 expected_bits=0xbfa00000 mismatch_count=70 max_abs=0.125 max_rel=0.333333 max_ulp=5242880
CHECKPOINT row=0 layer=28 checkpoint=CP3-F object=layer_attn_state_kv result=MISMATCH element_count=8192 first_mismatch_index=4096 actual_bits=0x3d88c6bc expected_bits=0x3d889c58 mismatch_count=1024 max_abs=0.000594698 max_rel=0.191921 max_ulp=2988928
CHECKPOINT row=0 layer=28 checkpoint=CP3-F object=layer_attn_state_score result=MISMATCH element_count=8192 first_mismatch_index=4096 actual_bits=0x3fbe9be4 expected_bits=0x3fbeed46 mismatch_count=1023 max_abs=0.00435162 max_rel=0.101495 max_ulp=996480
CHECKPOINT row=0 layer=28 checkpoint=CP3-F object=layer_n_comp result=EXACT element_count=1 mismatch_count=0
CHECKPOINT row=0 layer=28 checkpoint=CP3-F object=attn_emitted_row_count result=EXACT element_count=1 mismatch_count=0
CHECKPOINT row=0 layer=28 checkpoint=CP3-F object=layer_index_state_kv result=MISMATCH element_count=2048 first_mismatch_index=1024 actual_bits=0xbe608b67 expected_bits=0xbe60a306 mismatch_count=255 max_abs=0.000475749 max_rel=0.698308 max_ulp=14463872
CHECKPOINT row=0 layer=28 checkpoint=CP3-F object=layer_index_state_score result=MISMATCH element_count=2048 first_mismatch_index=1024 actual_bits=0x3fc0c15a expected_bits=0x3fc119af mismatch_count=256 max_abs=0.00521898 max_rel=0.00618459 max_ulp=75361
CHECKPOINT row=0 layer=28 checkpoint=CP3-F object=layer_n_index_comp result=EXACT element_count=1 mismatch_count=0
CHECKPOINT row=0 layer=28 checkpoint=CP3-F object=index_emitted_row_count result=EXACT element_count=1 mismatch_count=0
CHECKPOINT row=0 layer=28 checkpoint=CP4 object=post_attention_hidden_state result=MISMATCH element_count=16384 first_mismatch_index=0 actual_bits=0x3f6323aa expected_bits=0x3f64284b mismatch_count=16384 max_abs=0.0292354 max_rel=1.9588 max_ulp=2013530880
CHECKPOINT row=0 layer=28 checkpoint=CP5 object=final_layer_hidden_state result=MISMATCH element_count=16384 first_mismatch_index=0 actual_bits=0x3f2d18b4 expected_bits=0x3f2e1d74 mismatch_count=16384 max_abs=0.0295352 max_rel=1.76596 max_ulp=2010693246
CHECKPOINT row=0 layer=29 checkpoint=CP1 object=normalized_attention_input result=MISMATCH element_count=4096 first_mismatch_index=0 actual_bits=0x3d2c0183 expected_bits=0x3d2bb046 mismatch_count=4096 max_abs=0.000401814 max_rel=0.991397 max_ulp=57759424
CHECKPOINT row=0 layer=29 checkpoint=CP2-Q object=q_projection result=MISMATCH element_count=1024 first_mismatch_index=0 actual_bits=0xbd9d6550 expected_bits=0xbd9df34f mismatch_count=1024 max_abs=0.00053435 max_rel=1.76461 max_ulp=1908368385
CHECKPOINT row=0 layer=29 checkpoint=CP2-KV-P object=kv_projection result=MISMATCH element_count=512 first_mismatch_index=0 actual_bits=0xbd0b963a expected_bits=0xbd0bd06a mismatch_count=512 max_abs=0.000605226 max_rel=0.769613 max_ulp=17649408
CHECKPOINT row=0 layer=29 checkpoint=CP2-KV-R object=raw_kv_row result=MISMATCH element_count=512 first_mismatch_index=9 actual_bits=0xbe400000 expected_bits=0xbe500000 mismatch_count=85 max_abs=0.125 max_rel=0.770833 max_ulp=17825792
CHECKPOINT row=0 layer=29 checkpoint=CP3-F object=layer_attn_state_kv result=MISMATCH element_count=65536 first_mismatch_index=8192 actual_bits=0x3e120052 expected_bits=0x3e11cda8 mismatch_count=512 max_abs=0.000581618 max_rel=0.600093 max_ulp=10875264
CHECKPOINT row=0 layer=29 checkpoint=CP3-F object=layer_attn_state_score result=MISMATCH element_count=65536 first_mismatch_index=8192 actual_bits=0x3dc24f60 expected_bits=0x3dc44ab8 mismatch_count=512 max_abs=0.00207102 max_rel=0.626973 max_ulp=12142848
CHECKPOINT row=0 layer=29 checkpoint=CP3-F object=layer_n_comp result=EXACT element_count=1 mismatch_count=0
CHECKPOINT row=0 layer=29 checkpoint=CP3-F object=attn_emitted_row_count result=EXACT element_count=1 mismatch_count=0
CHECKPOINT row=0 layer=29 checkpoint=CP4 object=post_attention_hidden_state result=MISMATCH element_count=16384 first_mismatch_index=0 actual_bits=0x3f2b2ab4 expected_bits=0x3f2c2cad mismatch_count=16382 max_abs=0.0391302 max_rel=1.94492 max_ulp=2012187336
CHECKPOINT row=0 layer=29 checkpoint=CP5 object=final_layer_hidden_state result=MISMATCH element_count=16384 first_mismatch_index=0 actual_bits=0x3f072cc6 expected_bits=0x3f08425c mismatch_count=16384 max_abs=0.0406497 max_rel=1.9359 max_ulp=2008493968
CHECKPOINT row=0 layer=30 checkpoint=CP1 object=normalized_attention_input result=MISMATCH element_count=4096 first_mismatch_index=0 actual_bits=0x3c001844 expected_bits=0x3bfcb529 mismatch_count=4096 max_abs=0.00794864 max_rel=1.79834 max_ulp=1923816154
CHECKPOINT row=0 layer=30 checkpoint=CP2-Q object=q_projection result=MISMATCH element_count=1024 first_mismatch_index=0 actual_bits=0xbd964ad0 expected_bits=0xbd961f55 mismatch_count=1022 max_abs=0.000823699 max_rel=0.608594 max_ulp=11267392
CHECKPOINT row=0 layer=30 checkpoint=CP2-KV-P object=kv_projection result=MISMATCH element_count=512 first_mismatch_index=0 actual_bits=0x3d584271 expected_bits=0x3d5948fc mismatch_count=512 max_abs=0.00119001 max_rel=0.245652 max_ulp=2967456
CHECKPOINT row=0 layer=30 checkpoint=CP2-KV-R object=raw_kv_row result=MISMATCH element_count=512 first_mismatch_index=15 actual_bits=0xbdb00000 expected_bits=0xbda00000 mismatch_count=77 max_abs=0.125 max_rel=0.25 max_ulp=3145728
CHECKPOINT row=0 layer=30 checkpoint=CP3-F object=layer_attn_state_kv result=MISMATCH element_count=8192 first_mismatch_index=4096 actual_bits=0xbca21a71 expected_bits=0xbca1f6da mismatch_count=1024 max_abs=0.00221251 max_rel=0.434212 max_ulp=6958816
CHECKPOINT row=0 layer=30 checkpoint=CP3-F object=layer_attn_state_score result=MISMATCH element_count=8192 first_mismatch_index=4096 actual_bits=0x3f4049f8 expected_bits=0x3f3fe71c mismatch_count=1024 max_abs=0.0105706 max_rel=0.38015 max_ulp=5489664
CHECKPOINT row=0 layer=30 checkpoint=CP3-F object=layer_n_comp result=EXACT element_count=1 mismatch_count=0
CHECKPOINT row=0 layer=30 checkpoint=CP3-F object=attn_emitted_row_count result=EXACT element_count=1 mismatch_count=0
CHECKPOINT row=0 layer=30 checkpoint=CP3-F object=layer_index_state_kv result=MISMATCH element_count=2048 first_mismatch_index=1024 actual_bits=0x3bac9784 expected_bits=0x3bb260e0 mismatch_count=256 max_abs=0.00188056 max_rel=0.20324 max_ulp=2757248
CHECKPOINT row=0 layer=30 checkpoint=CP3-F object=layer_index_state_score result=MISMATCH element_count=2048 first_mismatch_index=1024 actual_bits=0x3eed10e6 expected_bits=0x3eebd89c mismatch_count=256 max_abs=0.0118711 max_rel=0.138019 max_ulp=1932576
CHECKPOINT row=0 layer=30 checkpoint=CP3-F object=layer_n_index_comp result=EXACT element_count=1 mismatch_count=0
CHECKPOINT row=0 layer=30 checkpoint=CP3-F object=index_emitted_row_count result=EXACT element_count=1 mismatch_count=0
CHECKPOINT row=0 layer=30 checkpoint=CP4 object=post_attention_hidden_state result=MISMATCH element_count=16384 first_mismatch_index=0 actual_bits=0x3f0532db expected_bits=0x3f072975 mismatch_count=16384 max_abs=0.141656 max_rel=1.90582 max_ulp=2064586518
CHECKPOINT row=0 layer=30 checkpoint=CP5 object=final_layer_hidden_state result=MISMATCH element_count=16384 first_mismatch_index=0 actual_bits=0x3eb03986 expected_bits=0x3eb3b48d mismatch_count=16384 max_abs=0.132077 max_rel=1.90923 max_ulp=2017381953
CHECKPOINT row=0 layer=31 checkpoint=CP1 object=normalized_attention_input result=MISMATCH element_count=4096 first_mismatch_index=0 actual_bits=0xb7928227 expected_bits=0x380336e3 mismatch_count=4096 max_abs=0.000871286 max_rel=1.87459 max_ulp=1911983155
CHECKPOINT row=0 layer=31 checkpoint=CP2-Q object=q_projection result=MISMATCH element_count=1024 first_mismatch_index=0 actual_bits=0x3d17aaee expected_bits=0x3d1916eb mismatch_count=1023 max_abs=0.000606701 max_rel=1.25016 max_ulp=1902613121
CHECKPOINT row=0 layer=31 checkpoint=CP2-KV-P object=kv_projection result=MISMATCH element_count=512 first_mismatch_index=0 actual_bits=0xbc8e20f2 expected_bits=0xbc8f1936 mismatch_count=512 max_abs=0.000791252 max_rel=0.489026 max_ulp=8118656
CHECKPOINT row=0 layer=31 checkpoint=CP2-KV-R object=raw_kv_row result=MISMATCH element_count=512 first_mismatch_index=5 actual_bits=0xbf100000 expected_bits=0xbf000000 mismatch_count=95 max_abs=0.0625 max_rel=0.444444 max_ulp=7340032
CHECKPOINT row=0 layer=31 checkpoint=CP3-F object=layer_attn_state_kv result=MISMATCH element_count=65536 first_mismatch_index=8192 actual_bits=0x3c0d595d expected_bits=0x3c0fee84 mismatch_count=512 max_abs=0.000633784 max_rel=0.294767 max_ulp=3794592
CHECKPOINT row=0 layer=31 checkpoint=CP3-F object=layer_attn_state_score result=MISMATCH element_count=65536 first_mismatch_index=8192 actual_bits=0xbd92dc6a expected_bits=0xbd9281ba mismatch_count=512 max_abs=0.00195473 max_rel=0.371312 max_ulp=5099584
CHECKPOINT row=0 layer=31 checkpoint=CP3-F object=layer_n_comp result=EXACT element_count=1 mismatch_count=0
CHECKPOINT row=0 layer=31 checkpoint=CP3-F object=attn_emitted_row_count result=EXACT element_count=1 mismatch_count=0
CHECKPOINT row=0 layer=31 checkpoint=CP4 object=post_attention_hidden_state result=MISMATCH element_count=16384 first_mismatch_index=0 actual_bits=0x3f0b3aa7 expected_bits=0x3f0ccc86 mismatch_count=16384 max_abs=0.130787 max_rel=1.93487 max_ulp=2026000628
CHECKPOINT row=0 layer=31 checkpoint=CP5 object=final_layer_hidden_state result=MISMATCH element_count=16384 first_mismatch_index=0 actual_bits=0x3ec7785f expected_bits=0x3ecb1991 mismatch_count=16384 max_abs=0.118904 max_rel=1.97219 max_ulp=2037458246
CHECKPOINT row=0 layer=32 checkpoint=CP1 object=normalized_attention_input result=MISMATCH element_count=4096 first_mismatch_index=0 actual_bits=0x3baa62c0 expected_bits=0x3baf8738 mismatch_count=4096 max_abs=0.0162396 max_rel=1.49805 max_ulp=1912276026
CHECKPOINT row=0 layer=32 checkpoint=CP2-Q object=q_projection result=MISMATCH element_count=1024 first_mismatch_index=0 actual_bits=0x3de035de expected_bits=0x3de02fba mismatch_count=1024 max_abs=0.00118708 max_rel=0.668259 max_ulp=13399104
CHECKPOINT row=0 layer=32 checkpoint=CP2-KV-P object=kv_projection result=MISMATCH element_count=512 first_mismatch_index=0 actual_bits=0xbdd6c2b6 expected_bits=0xbdd61424 mismatch_count=512 max_abs=0.00165315 max_rel=0.693859 max_ulp=14607536
CHECKPOINT row=0 layer=32 checkpoint=CP2-KV-R object=raw_kv_row result=MISMATCH element_count=512 first_mismatch_index=1 actual_bits=0xbe800000 expected_bits=0xbe700000 mismatch_count=122 max_abs=0.125 max_rel=0.678571 max_ulp=13631488
CHECKPOINT row=0 layer=32 checkpoint=CP3-F object=layer_attn_state_kv result=MISMATCH element_count=8192 first_mismatch_index=4096 actual_bits=0xbcc9c99a expected_bits=0xbccdaaea mismatch_count=1024 max_abs=0.00132716 max_rel=1.61733 max_ulp=1922345217
CHECKPOINT row=0 layer=32 checkpoint=CP3-F object=layer_attn_state_score result=MISMATCH element_count=8192 first_mismatch_index=4096 actual_bits=0xbfdb9de0 expected_bits=0xbfdd2a83 mismatch_count=1024 max_abs=0.0169203 max_rel=0.168765 max_ulp=2076248
CHECKPOINT row=0 layer=32 checkpoint=CP3-F object=layer_n_comp result=EXACT element_count=1 mismatch_count=0
CHECKPOINT row=0 layer=32 checkpoint=CP3-F object=attn_emitted_row_count result=EXACT element_count=1 mismatch_count=0
CHECKPOINT row=0 layer=32 checkpoint=CP3-F object=layer_index_state_kv result=MISMATCH element_count=2048 first_mismatch_index=1024 actual_bits=0x3e114971 expected_bits=0x3e1129ba mismatch_count=256 max_abs=0.00254703 max_rel=0.671303 max_ulp=14117632
CHECKPOINT row=0 layer=32 checkpoint=CP3-F object=layer_index_state_score result=MISMATCH element_count=2048 first_mismatch_index=1024 actual_bits=0xbfebd91a expected_bits=0xbfed51b2 mismatch_count=256 max_abs=0.0155463 max_rel=0.352397 max_ulp=4994208
CHECKPOINT row=0 layer=32 checkpoint=CP3-F object=layer_n_index_comp result=EXACT element_count=1 mismatch_count=0
CHECKPOINT row=0 layer=32 checkpoint=CP3-F object=index_emitted_row_count result=EXACT element_count=1 mismatch_count=0
CHECKPOINT row=0 layer=32 checkpoint=CP4 object=post_attention_hidden_state result=MISMATCH element_count=16384 first_mismatch_index=0 actual_bits=0x3ebd3d94 expected_bits=0x3ec0f406 mismatch_count=16383 max_abs=0.118504 max_rel=1.98845 max_ulp=2027673958
CHECKPOINT row=0 layer=32 checkpoint=CP5 object=final_layer_hidden_state result=MISMATCH element_count=16384 first_mismatch_index=0 actual_bits=0x3f3c129b expected_bits=0x3f3e0d75 mismatch_count=16384 max_abs=0.11847 max_rel=1.99795 max_ulp=2035880000
CHECKPOINT row=0 layer=33 checkpoint=CP1 object=normalized_attention_input result=MISMATCH element_count=4096 first_mismatch_index=0 actual_bits=0x3c336528 expected_bits=0x3c355249 mismatch_count=4096 max_abs=0.001044 max_rel=1.22004 max_ulp=1901226244
CHECKPOINT row=0 layer=33 checkpoint=CP2-Q object=q_projection result=MISMATCH element_count=1024 first_mismatch_index=0 actual_bits=0xbe027769 expected_bits=0xbe02733b mismatch_count=1024 max_abs=0.000978986 max_rel=1.82292 max_ulp=1932068897
CHECKPOINT row=0 layer=33 checkpoint=CP2-KV-P object=kv_projection result=MISMATCH element_count=512 first_mismatch_index=0 actual_bits=0x3d9aafa0 expected_bits=0x3d9ab520 mismatch_count=512 max_abs=0.00111851 max_rel=0.242568 max_ulp=3014112
CHECKPOINT row=0 layer=33 checkpoint=CP2-KV-R object=raw_kv_row result=MISMATCH element_count=512 first_mismatch_index=2 actual_bits=0x3cf00000 expected_bits=0x3d000000 mismatch_count=100 max_abs=0.125 max_rel=0.25 max_ulp=3145728
CHECKPOINT row=0 layer=33 checkpoint=CP3-F object=layer_attn_state_kv result=MISMATCH element_count=65536 first_mismatch_index=8192 actual_bits=0x3d1c647d expected_bits=0x3d1c2876 mismatch_count=512 max_abs=0.000818262 max_rel=0.504873 max_ulp=8491280
CHECKPOINT row=0 layer=33 checkpoint=CP3-F object=layer_attn_state_score result=MISMATCH element_count=65536 first_mismatch_index=8192 actual_bits=0xbda6535c expected_bits=0xbda66587 mismatch_count=512 max_abs=0.00239253 max_rel=1.27624 max_ulp=1952276097
CHECKPOINT row=0 layer=33 checkpoint=CP3-F object=layer_n_comp result=EXACT element_count=1 mismatch_count=0
CHECKPOINT row=0 layer=33 checkpoint=CP3-F object=attn_emitted_row_count result=EXACT element_count=1 mismatch_count=0
CHECKPOINT row=0 layer=33 checkpoint=CP4 object=post_attention_hidden_state result=MISMATCH element_count=16384 first_mismatch_index=0 actual_bits=0x3f39a889 expected_bits=0x3f3ba018 mismatch_count=16384 max_abs=0.189096 max_rel=1.89082 max_ulp=2038794825
CHECKPOINT row=0 layer=33 checkpoint=CP5 object=final_layer_hidden_state result=MISMATCH element_count=16384 first_mismatch_index=0 actual_bits=0x3fa7e0bd expected_bits=0x3fa89bae mismatch_count=16384 max_abs=0.186808 max_rel=1.9651 max_ulp=2039089218
CHECKPOINT row=0 layer=34 checkpoint=CP1 object=normalized_attention_input result=MISMATCH element_count=4096 first_mismatch_index=0 actual_bits=0x3d1625bd expected_bits=0x3d176d42 mismatch_count=4096 max_abs=0.0450704 max_rel=1.41509 max_ulp=1925257122
CHECKPOINT row=0 layer=34 checkpoint=CP2-Q object=q_projection result=MISMATCH element_count=1024 first_mismatch_index=0 actual_bits=0x3ed796e3 expected_bits=0x3ed78f78 mismatch_count=1024 max_abs=0.00106389 max_rel=1.73177 max_ulp=1941588417
CHECKPOINT row=0 layer=34 checkpoint=CP2-KV-P object=kv_projection result=MISMATCH element_count=512 first_mismatch_index=0 actual_bits=0x3e167c23 expected_bits=0x3e15eaf6 mismatch_count=512 max_abs=0.00113862 max_rel=0.644132 max_ulp=13148928
CHECKPOINT row=0 layer=34 checkpoint=CP2-KV-R object=raw_kv_row result=MISMATCH element_count=512 first_mismatch_index=1 actual_bits=0x3cf00000 expected_bits=0x3ce00000 mismatch_count=92 max_abs=0.125 max_rel=0.625 max_ulp=11534336
CHECKPOINT row=0 layer=34 checkpoint=CP3-F object=layer_attn_state_kv result=MISMATCH element_count=8192 first_mismatch_index=4096 actual_bits=0x3e017a4b expected_bits=0x3e00d8be mismatch_count=1024 max_abs=0.00302076 max_rel=0.384126 max_ulp=5498368
CHECKPOINT row=0 layer=34 checkpoint=CP3-F object=layer_attn_state_score result=MISMATCH element_count=8192 first_mismatch_index=4096 actual_bits=0x4025c229 expected_bits=0x4023161c mismatch_count=1024 max_abs=0.06775 max_rel=1.19613 max_ulp=2001638305
CHECKPOINT row=0 layer=34 checkpoint=CP3-F object=layer_n_comp result=EXACT element_count=1 mismatch_count=0
CHECKPOINT row=0 layer=34 checkpoint=CP3-F object=attn_emitted_row_count result=EXACT element_count=1 mismatch_count=0
CHECKPOINT row=0 layer=34 checkpoint=CP3-F object=layer_index_state_kv result=MISMATCH element_count=2048 first_mismatch_index=1024 actual_bits=0x3e6dd3ae expected_bits=0x3e6d339a mismatch_count=256 max_abs=0.00251326 max_rel=0.26289 max_ulp=4222464
CHECKPOINT row=0 layer=34 checkpoint=CP3-F object=layer_index_state_score result=MISMATCH element_count=2048 first_mismatch_index=1024 actual_bits=0x401b3263 expected_bits=0x40189e2b mismatch_count=256 max_abs=0.0675459 max_rel=0.974095 max_ulp=44723456
CHECKPOINT row=0 layer=34 checkpoint=CP3-F object=layer_n_index_comp result=EXACT element_count=1 mismatch_count=0
CHECKPOINT row=0 layer=34 checkpoint=CP3-F object=index_emitted_row_count result=EXACT element_count=1 mismatch_count=0
CHECKPOINT row=0 layer=34 checkpoint=CP4 object=post_attention_hidden_state result=MISMATCH element_count=16384 first_mismatch_index=0 actual_bits=0x3fb2cae2 expected_bits=0x3fb3a8e4 mismatch_count=16384 max_abs=0.184036 max_rel=1.8369 max_ulp=2030590719
CHECKPOINT row=0 layer=34 checkpoint=CP5 object=final_layer_hidden_state result=MISMATCH element_count=16384 first_mismatch_index=0 actual_bits=0x3f8c949b expected_bits=0x3f8dca9c mismatch_count=16383 max_abs=0.182649 max_rel=1.99288 max_ulp=2024477928
CHECKPOINT row=0 layer=35 checkpoint=CP1 object=normalized_attention_input result=MISMATCH element_count=4096 first_mismatch_index=0 actual_bits=0x3d0bf8cd expected_bits=0x3d0de929 mismatch_count=4096 max_abs=0.000916146 max_rel=1.5997 max_ulp=1899439440
CHECKPOINT row=0 layer=35 checkpoint=CP2-Q object=q_projection result=MISMATCH element_count=1024 first_mismatch_index=0 actual_bits=0x3db5c768 expected_bits=0x3db55900 mismatch_count=1024 max_abs=0.00107997 max_rel=1.69928 max_ulp=1931788289
CHECKPOINT row=0 layer=35 checkpoint=CP2-KV-P object=kv_projection result=MISMATCH element_count=512 first_mismatch_index=0 actual_bits=0xbdb5a46b expected_bits=0xbdb71bbc mismatch_count=512 max_abs=0.00150385 max_rel=0.506896 max_ulp=8507136
CHECKPOINT row=0 layer=35 checkpoint=CP2-KV-R object=raw_kv_row result=MISMATCH element_count=512 first_mismatch_index=9 actual_bits=0xbe000000 expected_bits=0xbe100000 mismatch_count=90 max_abs=0.125 max_rel=0.5 max_ulp=8388608
CHECKPOINT row=0 layer=35 checkpoint=CP3-F object=layer_attn_state_kv result=MISMATCH element_count=65536 first_mismatch_index=8192 actual_bits=0xbce61781 expected_bits=0xbce72835 mismatch_count=512 max_abs=0.00100481 max_rel=1.06937 max_ulp=1907943041
CHECKPOINT row=0 layer=35 checkpoint=CP3-F object=layer_attn_state_score result=MISMATCH element_count=65536 first_mismatch_index=8192 actual_bits=0xbe6dd74a expected_bits=0xbe6de46c mismatch_count=512 max_abs=0.00413781 max_rel=0.729013 max_ulp=16003520
CHECKPOINT row=0 layer=35 checkpoint=CP3-F object=layer_n_comp result=EXACT element_count=1 mismatch_count=0
CHECKPOINT row=0 layer=35 checkpoint=CP3-F object=attn_emitted_row_count result=EXACT element_count=1 mismatch_count=0
CHECKPOINT row=0 layer=35 checkpoint=CP4 object=post_attention_hidden_state result=MISMATCH element_count=16384 first_mismatch_index=0 actual_bits=0x3f92b290 expected_bits=0x3f93d728 mismatch_count=16384 max_abs=0.181961 max_rel=1.95128 max_ulp=2016701821
CHECKPOINT row=0 layer=35 checkpoint=CP5 object=final_layer_hidden_state result=MISMATCH element_count=16384 first_mismatch_index=0 actual_bits=0x3f96e17d expected_bits=0x3f9809dc mismatch_count=16384 max_abs=0.160964 max_rel=1.90319 max_ulp=2025009370
CHECKPOINT row=0 layer=36 checkpoint=CP1 object=normalized_attention_input result=MISMATCH element_count=4096 first_mismatch_index=0 actual_bits=0x3d855196 expected_bits=0x3d8673e7 mismatch_count=4096 max_abs=0.0270958 max_rel=1.43854 max_ulp=1935705207
CHECKPOINT row=0 layer=36 checkpoint=CP2-Q object=q_projection result=MISMATCH element_count=1024 first_mismatch_index=0 actual_bits=0x3cd2cfac expected_bits=0x3cd6acb2 mismatch_count=1024 max_abs=0.00177465 max_rel=0.523788 max_ulp=8915904
CHECKPOINT row=0 layer=36 checkpoint=CP2-KV-P object=kv_projection result=MISMATCH element_count=512 first_mismatch_index=0 actual_bits=0xbd6ac109 expected_bits=0xbd6c6f96 mismatch_count=512 max_abs=0.00154484 max_rel=1.9872 max_ulp=1930646017
CHECKPOINT row=0 layer=36 checkpoint=CP2-KV-R object=raw_kv_row result=MISMATCH element_count=512 first_mismatch_index=2 actual_bits=0x3db00000 expected_bits=0x3dc00000 mismatch_count=110 max_abs=0.125 max_rel=2 max_ulp=1975517185
CHECKPOINT row=0 layer=36 checkpoint=CP3-F object=layer_attn_state_kv result=MISMATCH element_count=8192 first_mismatch_index=4096 actual_bits=0x3ce70930 expected_bits=0x3ce19d62 mismatch_count=1024 max_abs=0.00246685 max_rel=0.82693 max_ulp=20850304
CHECKPOINT row=0 layer=36 checkpoint=CP3-F object=layer_attn_state_score result=MISMATCH element_count=8192 first_mismatch_index=4096 actual_bits=0x3e42a561 expected_bits=0x3e47359a mismatch_count=1024 max_abs=0.0203952 max_rel=1.92648 max_ulp=1979404801
CHECKPOINT row=0 layer=36 checkpoint=CP3-F object=layer_n_comp result=EXACT element_count=1 mismatch_count=0
CHECKPOINT row=0 layer=36 checkpoint=CP3-F object=attn_emitted_row_count result=EXACT element_count=1 mismatch_count=0
CHECKPOINT row=0 layer=36 checkpoint=CP3-F object=layer_index_state_kv result=MISMATCH element_count=2048 first_mismatch_index=1024 actual_bits=0xbc8ac258 expected_bits=0xbc8d2a02 mismatch_count=256 max_abs=0.00258706 max_rel=0.192969 max_ulp=2777830
CHECKPOINT row=0 layer=36 checkpoint=CP3-F object=layer_index_state_score result=MISMATCH element_count=2048 first_mismatch_index=1024 actual_bits=0xbe065d96 expected_bits=0xbe020a3b mismatch_count=256 max_abs=0.0211155 max_rel=1.20199 max_ulp=1993778849
CHECKPOINT row=0 layer=36 checkpoint=CP3-F object=layer_n_index_comp result=EXACT element_count=1 mismatch_count=0
CHECKPOINT row=0 layer=36 checkpoint=CP3-F object=index_emitted_row_count result=EXACT element_count=1 mismatch_count=0
CHECKPOINT row=0 layer=36 checkpoint=CP4 object=post_attention_hidden_state result=MISMATCH element_count=16384 first_mismatch_index=0 actual_bits=0x3f415179 expected_bits=0x3f44d2ec mismatch_count=16384 max_abs=0.175997 max_rel=1.94089 max_ulp=2044997247
CHECKPOINT row=0 layer=36 checkpoint=CP5 object=final_layer_hidden_state result=MISMATCH element_count=16384 first_mismatch_index=0 actual_bits=0xbf87ab2c expected_bits=0xbf866fe4 mismatch_count=16384 max_abs=0.176415 max_rel=1.93762 max_ulp=2045759908
CHECKPOINT row=0 layer=37 checkpoint=CP1 object=normalized_attention_input result=MISMATCH element_count=4096 first_mismatch_index=0 actual_bits=0x3c735053 expected_bits=0x3c7f3408 mismatch_count=4096 max_abs=0.00117701 max_rel=1.65609 max_ulp=1929914019
CHECKPOINT row=0 layer=37 checkpoint=CP2-Q object=q_projection result=MISMATCH element_count=1024 first_mismatch_index=0 actual_bits=0xbd53ce15 expected_bits=0xbd559930 mismatch_count=1024 max_abs=0.00172193 max_rel=1.24171 max_ulp=1896617345
CHECKPOINT row=0 layer=37 checkpoint=CP2-KV-P object=kv_projection result=MISMATCH element_count=512 first_mismatch_index=0 actual_bits=0x3da1f3e3 expected_bits=0x3da268d6 mismatch_count=512 max_abs=0.00171989 max_rel=1.21973 max_ulp=1936325313
CHECKPOINT row=0 layer=37 checkpoint=CP2-KV-R object=raw_kv_row result=MISMATCH element_count=512 first_mismatch_index=2 actual_bits=0xbb400000 expected_bits=0xbb100000 mismatch_count=112 max_abs=0.0625 max_rel=1.90698 max_ulp=1985298433
CHECKPOINT row=0 layer=37 checkpoint=CP3-F object=layer_attn_state_kv result=MISMATCH element_count=65536 first_mismatch_index=8192 actual_bits=0xbbcf7a50 expected_bits=0xbbd25e3e mismatch_count=512 max_abs=0.000987381 max_rel=1.81587 max_ulp=1858893569
CHECKPOINT row=0 layer=37 checkpoint=CP3-F object=layer_attn_state_score result=MISMATCH element_count=65536 first_mismatch_index=8192 actual_bits=0xbe613e20 expected_bits=0xbe605df8 mismatch_count=512 max_abs=0.00357839 max_rel=0.884107 max_ulp=26106432
CHECKPOINT row=0 layer=37 checkpoint=CP3-F object=layer_n_comp result=EXACT element_count=1 mismatch_count=0
CHECKPOINT row=0 layer=37 checkpoint=CP3-F object=attn_emitted_row_count result=EXACT element_count=1 mismatch_count=0
CHECKPOINT row=0 layer=37 checkpoint=CP4 object=post_attention_hidden_state result=MISMATCH element_count=16384 first_mismatch_index=0 actual_bits=0xbf8c325c expected_bits=0xbf8af4f1 mismatch_count=16384 max_abs=0.171803 max_rel=1.9841 max_ulp=2039196047
CHECKPOINT row=0 layer=37 checkpoint=CP5 object=final_layer_hidden_state result=MISMATCH element_count=16384 first_mismatch_index=0 actual_bits=0xbf610190 expected_bits=0xbf5de5d8 mismatch_count=16384 max_abs=0.171047 max_rel=1.87406 max_ulp=2044556643
CHECKPOINT row=0 layer=38 checkpoint=CP1 object=normalized_attention_input result=MISMATCH element_count=4096 first_mismatch_index=0 actual_bits=0xbc0c18e5 expected_bits=0xbbfe1afd mismatch_count=4096 max_abs=0.0152593 max_rel=1.39715 max_ulp=1941469344
CHECKPOINT row=0 layer=38 checkpoint=CP2-Q object=q_projection result=MISMATCH element_count=1024 first_mismatch_index=0 actual_bits=0x3d8a52b0 expected_bits=0x3d880096 mismatch_count=1024 max_abs=0.00302942 max_rel=1.56287 max_ulp=1938759041
CHECKPOINT row=0 layer=38 checkpoint=CP2-KV-P object=kv_projection result=MISMATCH element_count=512 first_mismatch_index=0 actual_bits=0xbdba329f expected_bits=0xbdbc0271 mismatch_count=512 max_abs=0.00311944 max_rel=1.64766 max_ulp=1942349441
CHECKPOINT row=0 layer=38 checkpoint=CP2-KV-R object=raw_kv_row result=MISMATCH element_count=512 first_mismatch_index=0 actual_bits=0xbea00000 expected_bits=0xbeb00000 mismatch_count=93 max_abs=0.0625 max_rel=1.64286 max_ulp=1970274305
CHECKPOINT row=0 layer=38 checkpoint=CP3-F object=layer_attn_state_kv result=MISMATCH element_count=8192 first_mismatch_index=4096 actual_bits=0xbd965618 expected_bits=0xbd991790 mismatch_count=1024 max_abs=0.00362499 max_rel=0.896198 max_ulp=27078528
CHECKPOINT row=0 layer=38 checkpoint=CP3-F object=layer_attn_state_score result=MISMATCH element_count=8192 first_mismatch_index=4096 actual_bits=0xc02f7be1 expected_bits=0xc0302421 mismatch_count=1024 max_abs=0.0157948 max_rel=0.0902208 max_ulp=1116608
CHECKPOINT row=0 layer=38 checkpoint=CP3-F object=layer_n_comp result=EXACT element_count=1 mismatch_count=0
CHECKPOINT row=0 layer=38 checkpoint=CP3-F object=attn_emitted_row_count result=EXACT element_count=1 mismatch_count=0
CHECKPOINT row=0 layer=38 checkpoint=CP3-F object=layer_index_state_kv result=MISMATCH element_count=2048 first_mismatch_index=1024 actual_bits=0x3dba1324 expected_bits=0x3dbb3282 mismatch_count=256 max_abs=0.00958216 max_rel=0.405268 max_ulp=6049152
CHECKPOINT row=0 layer=38 checkpoint=CP3-F object=layer_index_state_score result=MISMATCH element_count=2048 first_mismatch_index=1024 actual_bits=0xc02f2552 expected_bits=0xc02fb062 mismatch_count=256 max_abs=0.01478 max_rel=0.0690456 max_ulp=986240
CHECKPOINT row=0 layer=38 checkpoint=CP3-F object=layer_n_index_comp result=EXACT element_count=1 mismatch_count=0
CHECKPOINT row=0 layer=38 checkpoint=CP3-F object=index_emitted_row_count result=EXACT element_count=1 mismatch_count=0
CHECKPOINT row=0 layer=38 checkpoint=CP4 object=post_attention_hidden_state result=MISMATCH element_count=16384 first_mismatch_index=0 actual_bits=0xbfa0b9ad expected_bits=0xbf9ef8ce mismatch_count=16384 max_abs=0.178927 max_rel=1.99724 max_ulp=2050630491
CHECKPOINT row=0 layer=38 checkpoint=CP5 object=final_layer_hidden_state result=MISMATCH element_count=16384 first_mismatch_index=0 actual_bits=0xbfd0dcd2 expected_bits=0xbfce8028 mismatch_count=16383 max_abs=0.178679 max_rel=1.92533 max_ulp=2055447751
CHECKPOINT row=0 layer=39 checkpoint=CP1 object=normalized_attention_input result=MISMATCH element_count=4096 first_mismatch_index=0 actual_bits=0xbcefd80b expected_bits=0xbceb1783 mismatch_count=4096 max_abs=0.000886846 max_rel=1.67878 max_ulp=1918377317
CHECKPOINT row=0 layer=39 checkpoint=CP2-Q object=q_projection result=MISMATCH element_count=1024 first_mismatch_index=0 actual_bits=0x3daee4e5 expected_bits=0x3dae5a82 mismatch_count=1024 max_abs=0.00160841 max_rel=0.995101 max_ulp=64648192
CHECKPOINT row=0 layer=39 checkpoint=CP2-KV-P object=kv_projection result=MISMATCH element_count=512 first_mismatch_index=0 actual_bits=0x3ee3302a expected_bits=0x3ee349cf mismatch_count=512 max_abs=0.00158095 max_rel=1.00909 max_ulp=1885439745
CHECKPOINT row=0 layer=39 checkpoint=CP2-KV-R object=raw_kv_row result=MISMATCH element_count=512 first_mismatch_index=24 actual_bits=0xbcc00000 expected_bits=0xbcd00000 mismatch_count=83 max_abs=0.125 max_rel=0.4375 max_ulp=7340032
CHECKPOINT row=0 layer=39 checkpoint=CP3-F object=layer_attn_state_kv result=MISMATCH element_count=65536 first_mismatch_index=8192 actual_bits=0x3ca620cc expected_bits=0x3ca53e4c mismatch_count=512 max_abs=0.00165172 max_rel=0.807443 max_ulp=19603968
CHECKPOINT row=0 layer=39 checkpoint=CP3-F object=layer_attn_state_score result=MISMATCH element_count=65536 first_mismatch_index=8192 actual_bits=0x3e52cfdc expected_bits=0x3e52acf1 mismatch_count=512 max_abs=0.00380051 max_rel=1.58274 max_ulp=1940744321
CHECKPOINT row=0 layer=39 checkpoint=CP3-F object=layer_n_comp result=EXACT element_count=1 mismatch_count=0
CHECKPOINT row=0 layer=39 checkpoint=CP3-F object=attn_emitted_row_count result=EXACT element_count=1 mismatch_count=0
CHECKPOINT row=0 layer=39 checkpoint=CP4 object=post_attention_hidden_state result=MISMATCH element_count=16384 first_mismatch_index=0 actual_bits=0xbfd25a8c expected_bits=0xbfd07aeb mismatch_count=16384 max_abs=0.177938 max_rel=1.92596 max_ulp=2043689194
CHECKPOINT row=0 layer=39 checkpoint=CP5 object=final_layer_hidden_state result=MISMATCH element_count=16384 first_mismatch_index=0 actual_bits=0xbfdd52a5 expected_bits=0xbfdb58b5 mismatch_count=16384 max_abs=0.177971 max_rel=1.92346 max_ulp=2060881706
CHECKPOINT row=0 layer=40 checkpoint=CP1 object=normalized_attention_input result=MISMATCH element_count=4096 first_mismatch_index=0 actual_bits=0xbd24bd2f expected_bits=0xbd228cd8 mismatch_count=4096 max_abs=0.0248184 max_rel=1.17052 max_ulp=1895208239
CHECKPOINT row=0 layer=40 checkpoint=CP2-Q object=q_projection result=MISMATCH element_count=1024 first_mismatch_index=0 actual_bits=0xbea4f596 expected_bits=0xbea4e4d4 mismatch_count=1024 max_abs=0.00251728 max_rel=0.827196 max_ulp=20718592
CHECKPOINT row=0 layer=40 checkpoint=CP2-KV-P object=kv_projection result=MISMATCH element_count=512 first_mismatch_index=0 actual_bits=0xbdadfedc expected_bits=0xbdad6f34 mismatch_count=512 max_abs=0.00226629 max_rel=0.737341 max_ulp=16278400
CHECKPOINT row=0 layer=40 checkpoint=CP2-KV-R object=raw_kv_row result=MISMATCH element_count=512 first_mismatch_index=3 actual_bits=0x3d700000 expected_bits=0x3d500000 mismatch_count=102 max_abs=0.125 max_rel=0.733333 max_ulp=15728640
CHECKPOINT row=0 layer=40 checkpoint=CP3-F object=layer_attn_state_kv result=MISMATCH element_count=8192 first_mismatch_index=4096 actual_bits=0xbdfa57e3 expected_bits=0xbdf8b5fb mismatch_count=1024 max_abs=0.00374126 max_rel=1.60658 max_ulp=1926509569
CHECKPOINT row=0 layer=40 checkpoint=CP3-F object=layer_attn_state_score result=MISMATCH element_count=8192 first_mismatch_index=4096 actual_bits=0x3f0fe211 expected_bits=0x3f0d8400 mismatch_count=1024 max_abs=0.032649 max_rel=1.15438 max_ulp=1985762913
CHECKPOINT row=0 layer=40 checkpoint=CP3-F object=layer_n_comp result=EXACT element_count=1 mismatch_count=0
CHECKPOINT row=0 layer=40 checkpoint=CP3-F object=attn_emitted_row_count result=EXACT element_count=1 mismatch_count=0
CHECKPOINT row=0 layer=40 checkpoint=CP3-F object=layer_index_state_kv result=MISMATCH element_count=2048 first_mismatch_index=1024 actual_bits=0x3e6333f3 expected_bits=0x3e63d51e mismatch_count=256 max_abs=0.00351346 max_rel=0.195394 max_ulp=2621472
CHECKPOINT row=0 layer=40 checkpoint=CP3-F object=layer_index_state_score result=MISMATCH element_count=2048 first_mismatch_index=1024 actual_bits=0x3f4b9258 expected_bits=0x3f495b50 mismatch_count=256 max_abs=0.0315623 max_rel=0.193423 max_ulp=2357880
CHECKPOINT row=0 layer=40 checkpoint=CP3-F object=layer_n_index_comp result=EXACT element_count=1 mismatch_count=0
CHECKPOINT row=0 layer=40 checkpoint=CP3-F object=index_emitted_row_count result=EXACT element_count=1 mismatch_count=0
CHECKPOINT row=0 layer=40 checkpoint=CP4 object=post_attention_hidden_state result=MISMATCH element_count=16384 first_mismatch_index=0 actual_bits=0xbfbc8abc expected_bits=0xbfba4415 mismatch_count=16384 max_abs=0.177437 max_rel=1.77259 max_ulp=2061879288
CHECKPOINT row=0 layer=40 checkpoint=CP5 object=final_layer_hidden_state result=MISMATCH element_count=16384 first_mismatch_index=0 actual_bits=0x400163a6 expected_bits=0x4002a358 mismatch_count=16384 max_abs=0.178208 max_rel=1.95034 max_ulp=2063197315
CHECKPOINT row=0 layer=41 checkpoint=CP1 object=normalized_attention_input result=MISMATCH element_count=4096 first_mismatch_index=0 actual_bits=0x3d20a583 expected_bits=0x3d2292fe mismatch_count=4096 max_abs=0.00086977 max_rel=1.80492 max_ulp=1926023723
CHECKPOINT row=0 layer=41 checkpoint=CP2-Q object=q_projection result=MISMATCH element_count=1024 first_mismatch_index=0 actual_bits=0xbe92b5ce expected_bits=0xbe92f05c mismatch_count=1024 max_abs=0.00154416 max_rel=0.383263 max_ulp=5406720
CHECKPOINT row=0 layer=41 checkpoint=CP2-KV-P object=kv_projection result=MISMATCH element_count=512 first_mismatch_index=0 actual_bits=0xbe95aeec expected_bits=0xbe95c78e mismatch_count=512 max_abs=0.00131828 max_rel=0.815618 max_ulp=21057664
CHECKPOINT row=0 layer=41 checkpoint=CP2-KV-R object=raw_kv_row result=MISMATCH element_count=512 first_mismatch_index=7 actual_bits=0xbcf00000 expected_bits=0xbd000000 mismatch_count=103 max_abs=0.25 max_rel=0.821429 max_ulp=20971520
CHECKPOINT row=0 layer=41 checkpoint=CP3-F object=layer_attn_state_kv result=MISMATCH element_count=65536 first_mismatch_index=8192 actual_bits=0xbba01064 expected_bits=0xbbb40648 mismatch_count=512 max_abs=0.000769734 max_rel=1.22586 max_ulp=1880885505
CHECKPOINT row=0 layer=41 checkpoint=CP3-F object=layer_attn_state_score result=MISMATCH element_count=65536 first_mismatch_index=8192 actual_bits=0x3b107cc8 expected_bits=0x3b4d5f70 mismatch_count=512 max_abs=0.0033617 max_rel=0.899512 max_ulp=27231936
CHECKPOINT row=0 layer=41 checkpoint=CP3-F object=layer_n_comp result=EXACT element_count=1 mismatch_count=0
CHECKPOINT row=0 layer=41 checkpoint=CP3-F object=attn_emitted_row_count result=EXACT element_count=1 mismatch_count=0
CHECKPOINT row=0 layer=41 checkpoint=CP4 object=post_attention_hidden_state result=MISMATCH element_count=16384 first_mismatch_index=0 actual_bits=0x3fa96f2f expected_bits=0x3faa2d02 mismatch_count=16384 max_abs=0.208111 max_rel=1.963 max_ulp=2049999176
CHECKPOINT row=0 layer=41 checkpoint=CP5 object=final_layer_hidden_state result=MISMATCH element_count=16384 first_mismatch_index=0 actual_bits=0x3f62182d expected_bits=0x3f67a7ad mismatch_count=16384 max_abs=0.202988 max_rel=1.99721 max_ulp=2040354591
CHECKPOINT row=0 layer=42 checkpoint=CP1 object=normalized_attention_input result=MISMATCH element_count=4096 first_mismatch_index=0 actual_bits=0xba96aeb9 expected_bits=0xba580c89 mismatch_count=4096 max_abs=0.00500143 max_rel=1.94284 max_ulp=1942670373
CHECKPOINT row=0 layer=42 checkpoint=CP2-Q object=q_projection result=MISMATCH element_count=1024 first_mismatch_index=0 actual_bits=0x3d98a1d2 expected_bits=0x3d98fef6 mismatch_count=1024 max_abs=0.00309861 max_rel=1.2893 max_ulp=1953468481
CHECKPOINT row=0 layer=42 checkpoint=CP2-KV-P object=kv_projection result=MISMATCH element_count=512 first_mismatch_index=0 actual_bits=0xbed253c8 expected_bits=0xbed28df0 mismatch_count=512 max_abs=0.00259945 max_rel=1.63169 max_ulp=1951653729
CHECKPOINT row=0 layer=42 checkpoint=CP2-KV-R object=raw_kv_row result=MISMATCH element_count=512 first_mismatch_index=7 actual_bits=0x3e700000 expected_bits=0x3e800000 mismatch_count=136 max_abs=0.125 max_rel=1.64286 max_ulp=1987051521
CHECKPOINT row=0 layer=42 checkpoint=CP3-F object=layer_attn_state_kv result=MISMATCH element_count=8192 first_mismatch_index=4096 actual_bits=0x3e997bd7 expected_bits=0x3e99ff63 mismatch_count=1024 max_abs=0.00354986 max_rel=1.97923 max_ulp=1955979697
CHECKPOINT row=0 layer=42 checkpoint=CP3-F object=layer_attn_state_score result=MISMATCH element_count=8192 first_mismatch_index=4096 actual_bits=0x3f4af57f expected_bits=0x3f4b2aae mismatch_count=1024 max_abs=0.0203754 max_rel=1.15743 max_ulp=1959972377
CHECKPOINT row=0 layer=42 checkpoint=CP3-F object=layer_n_comp result=EXACT element_count=1 mismatch_count=0
CHECKPOINT row=0 layer=42 checkpoint=CP3-F object=attn_emitted_row_count result=EXACT element_count=1 mismatch_count=0
CHECKPOINT row=0 layer=42 checkpoint=CP3-F object=layer_index_state_kv result=MISMATCH element_count=2048 first_mismatch_index=1024 actual_bits=0xbdadf694 expected_bits=0xbdad898a mismatch_count=256 max_abs=0.00293836 max_rel=0.645968 max_ulp=12370592
CHECKPOINT row=0 layer=42 checkpoint=CP3-F object=layer_index_state_score result=MISMATCH element_count=2048 first_mismatch_index=1024 actual_bits=0xbeef34f6 expected_bits=0xbef3d140 mismatch_count=256 max_abs=0.0227345 max_rel=0.873499 max_ulp=25035200
CHECKPOINT row=0 layer=42 checkpoint=CP3-F object=layer_n_index_comp result=EXACT element_count=1 mismatch_count=0
CHECKPOINT row=0 layer=42 checkpoint=CP3-F object=index_emitted_row_count result=EXACT element_count=1 mismatch_count=0
CHECKPOINT row=0 layer=42 checkpoint=CP4 object=post_attention_hidden_state result=MISMATCH element_count=16384 first_mismatch_index=0 actual_bits=0x3fa491f3 expected_bits=0x3fa853f6 mismatch_count=16384 max_abs=0.224213 max_rel=1.92205 max_ulp=2058676367
CHECKPOINT row=0 layer=42 checkpoint=CP5 object=final_layer_hidden_state result=MISMATCH element_count=16384 first_mismatch_index=0 actual_bits=0xbf047eb9 expected_bits=0xbefd6ecd mismatch_count=16384 max_abs=0.35815 max_rel=1.91252 max_ulp=2063274932
CHECKPOINT row=1 layer=0 checkpoint=CP1 object=normalized_attention_input result=EXACT element_count=4096 mismatch_count=0
CHECKPOINT row=1 layer=0 checkpoint=CP2-Q object=q_projection result=MISMATCH element_count=1024 first_mismatch_index=0 actual_bits=0xbd53a674 expected_bits=0xbd53a671 mismatch_count=828 max_abs=3.72529e-08 max_rel=3.95161e-05 max_ulp=368
CHECKPOINT row=1 layer=0 checkpoint=CP2-KV-P object=kv_projection result=MISMATCH element_count=512 first_mismatch_index=0 actual_bits=0x3d818930 expected_bits=0x3d818933 mismatch_count=418 max_abs=5.96046e-08 max_rel=9.67979e-05 max_ulp=1280
CHECKPOINT row=1 layer=0 checkpoint=CP2-KV-R object=raw_kv_row result=EXACT element_count=512 mismatch_count=0
CHECKPOINT row=1 layer=0 checkpoint=CP3-F object=compressor result=N/A element_count=0
CHECKPOINT row=1 layer=0 checkpoint=CP4 object=post_attention_hidden_state result=MISMATCH element_count=16384 first_mismatch_index=0 actual_bits=0xbcc6e059 expected_bits=0xbcc6e042 mismatch_count=7871 max_abs=1.8999e-07 max_rel=0.00817734 max_ulp=90112
CHECKPOINT row=1 layer=0 checkpoint=CP5 object=final_layer_hidden_state result=MISMATCH element_count=16384 first_mismatch_index=0 actual_bits=0xbc8d3d7e expected_bits=0xbc8d3d79 mismatch_count=11487 max_abs=4.17233e-07 max_rel=0.00397958 max_ulp=37358
CHECKPOINT row=1 layer=1 checkpoint=CP1 object=normalized_attention_input result=MISMATCH element_count=4096 first_mismatch_index=0 actual_bits=0xbd67f077 expected_bits=0xbd67f070 mismatch_count=3909 max_abs=8.9407e-08 max_rel=0.0123518 max_ulp=153489
CHECKPOINT row=1 layer=1 checkpoint=CP2-Q object=q_projection result=MISMATCH element_count=1024 first_mismatch_index=0 actual_bits=0x3dcf7ab3 expected_bits=0x3dcf7ab2 mismatch_count=962 max_abs=2.01166e-07 max_rel=0.000487962 max_ulp=6784
CHECKPOINT row=1 layer=1 checkpoint=CP2-KV-P object=kv_projection result=MISMATCH element_count=512 first_mismatch_index=0 actual_bits=0x3d898a46 expected_bits=0x3d898a4e mismatch_count=458 max_abs=1.60187e-07 max_rel=0.0257732 max_ulp=409600
CHECKPOINT row=1 layer=1 checkpoint=CP2-KV-R object=raw_kv_row result=EXACT element_count=512 mismatch_count=0
CHECKPOINT row=1 layer=1 checkpoint=CP3-F object=compressor result=N/A element_count=0
CHECKPOINT row=1 layer=1 checkpoint=CP4 object=post_attention_hidden_state result=MISMATCH element_count=16384 first_mismatch_index=0 actual_bits=0xbcb16c50 expected_bits=0xbcb16be5 mismatch_count=14304 max_abs=5.62519e-07 max_rel=0.0127332 max_ulp=150861
CHECKPOINT row=1 layer=1 checkpoint=CP5 object=final_layer_hidden_state result=MISMATCH element_count=16384 first_mismatch_index=0 actual_bits=0xbc9920ee expected_bits=0xbc9920bb mismatch_count=15218 max_abs=4.55417e-07 max_rel=0.0541929 max_ulp=725830
CHECKPOINT row=1 layer=2 checkpoint=CP1 object=normalized_attention_input result=MISMATCH element_count=4096 first_mismatch_index=0 actual_bits=0xbdb32974 expected_bits=0xbdb3296e mismatch_count=4057 max_abs=2.74181e-06 max_rel=0.00744651 max_ulp=74301
CHECKPOINT row=1 layer=2 checkpoint=CP2-Q object=q_projection result=MISMATCH element_count=1024 first_mismatch_index=0 actual_bits=0x3d9a1558 expected_bits=0x3d9a157b mismatch_count=1011 max_abs=1.19209e-06 max_rel=0.0219793 max_ulp=197632
CHECKPOINT row=1 layer=2 checkpoint=CP2-KV-P object=kv_projection result=MISMATCH element_count=512 first_mismatch_index=0 actual_bits=0x3d9f179a expected_bits=0x3d9f1783 mismatch_count=508 max_abs=1.15484e-06 max_rel=0.00223058 max_ulp=36608
CHECKPOINT row=1 layer=2 checkpoint=CP2-KV-R object=raw_kv_row result=EXACT element_count=512 mismatch_count=0
CHECKPOINT row=1 layer=2 checkpoint=CP3-F object=layer_attn_state_kv result=MISMATCH element_count=8192 first_mismatch_index=4096 actual_bits=0x3e18ecd1 expected_bits=0x3e18ecbc mismatch_count=2023 max_abs=1.3411e-06 max_rel=0.00209437 max_ulp=21760
CHECKPOINT row=1 layer=2 checkpoint=CP3-F object=layer_attn_state_score result=MISMATCH element_count=8192 first_mismatch_index=4096 actual_bits=0x3f080f62 expected_bits=0x3f080f64 mismatch_count=1959 max_abs=2.5034e-06 max_rel=0.00323529 max_ulp=45056
CHECKPOINT row=1 layer=2 checkpoint=CP3-F object=layer_n_comp result=EXACT element_count=1 mismatch_count=0
CHECKPOINT row=1 layer=2 checkpoint=CP3-F object=attn_emitted_row_count result=EXACT element_count=1 mismatch_count=0
CHECKPOINT row=1 layer=2 checkpoint=CP3-F object=layer_index_state_kv result=MISMATCH element_count=2048 first_mismatch_index=1024 actual_bits=0xbe43b785 expected_bits=0xbe43b798 mismatch_count=501 max_abs=1.54972e-06 max_rel=0.000339408 max_ulp=4880
CHECKPOINT row=1 layer=2 checkpoint=CP3-F object=layer_index_state_score result=MISMATCH element_count=2048 first_mismatch_index=1024 actual_bits=0xbef764a4 expected_bits=0xbef764ab mismatch_count=500 max_abs=2.38419e-06 max_rel=0.000200139 max_ulp=2144
CHECKPOINT row=1 layer=2 checkpoint=CP3-F object=layer_n_index_comp result=EXACT element_count=1 mismatch_count=0
CHECKPOINT row=1 layer=2 checkpoint=CP3-F object=index_emitted_row_count result=EXACT element_count=1 mismatch_count=0
CHECKPOINT row=1 layer=2 checkpoint=CP4 object=post_attention_hidden_state result=MISMATCH element_count=16384 first_mismatch_index=0 actual_bits=0xbd591f37 expected_bits=0xbd591f39 mismatch_count=15250 max_abs=1.0659e-06 max_rel=0.064205 max_ulp=714888
CHECKPOINT row=1 layer=2 checkpoint=CP5 object=final_layer_hidden_state result=MISMATCH element_count=16384 first_mismatch_index=0 actual_bits=0xbd274d2a expected_bits=0xbd274d1e mismatch_count=15417 max_abs=9.46224e-07 max_rel=0.0740592 max_ulp=1203510
CHECKPOINT row=1 layer=3 checkpoint=CP1 object=normalized_attention_input result=MISMATCH element_count=4096 first_mismatch_index=0 actual_bits=0xbd8ea508 expected_bits=0xbd8ea503 mismatch_count=4067 max_abs=1.03563e-06 max_rel=0.146405 max_ulp=1865276
CHECKPOINT row=1 layer=3 checkpoint=CP2-Q object=q_projection result=MISMATCH element_count=1024 first_mismatch_index=0 actual_bits=0xbd0e7842 expected_bits=0xbd0e7798 mismatch_count=1018 max_abs=1.91852e-06 max_rel=0.00647696 max_ulp=86528
CHECKPOINT row=1 layer=3 checkpoint=CP2-KV-P object=kv_projection result=MISMATCH element_count=512 first_mismatch_index=0 actual_bits=0xbbc52a44 expected_bits=0xbbc53068 mismatch_count=509 max_abs=2.02283e-06 max_rel=0.00402598 max_ulp=34944
CHECKPOINT row=1 layer=3 checkpoint=CP2-KV-R object=raw_kv_row result=MISMATCH element_count=512 first_mismatch_index=473 actual_bits=0x3dfdc000 expected_bits=0x3dfde000 mismatch_count=2 max_abs=0.00012207 max_rel=0.000524659 max_ulp=8192
CHECKPOINT row=1 layer=3 checkpoint=CP3-F object=layer_attn_state_kv result=MISMATCH element_count=65536 first_mismatch_index=8192 actual_bits=0xbdab48f8 expected_bits=0xbdab48a6 mismatch_count=1015 max_abs=2.66731e-06 max_rel=0.0101111 max_ulp=129984
CHECKPOINT row=1 layer=3 checkpoint=CP3-F object=layer_attn_state_score result=MISMATCH element_count=65536 first_mismatch_index=8192 actual_bits=0x3c2eef66 expected_bits=0x3c2eed4f mismatch_count=1015 max_abs=4.03076e-06 max_rel=0.00382346 max_ulp=35008
CHECKPOINT row=1 layer=3 checkpoint=CP3-F object=layer_n_comp result=EXACT element_count=1 mismatch_count=0
CHECKPOINT row=1 layer=3 checkpoint=CP3-F object=attn_emitted_row_count result=EXACT element_count=1 mismatch_count=0
CHECKPOINT row=1 layer=3 checkpoint=CP4 object=post_attention_hidden_state result=MISMATCH element_count=16384 first_mismatch_index=0 actual_bits=0x3c9d5ee3 expected_bits=0x3c9d5e25 mismatch_count=16022 max_abs=1.95391e-06 max_rel=0.0696088 max_ulp=1054151
CHECKPOINT row=1 layer=3 checkpoint=CP5 object=final_layer_hidden_state result=MISMATCH element_count=16384 first_mismatch_index=0 actual_bits=0x3ce65d10 expected_bits=0x3ce65cf4 mismatch_count=16240 max_abs=1.50502e-06 max_rel=0.0278473 max_ulp=415622
CHECKPOINT row=1 layer=4 checkpoint=CP1 object=normalized_attention_input result=MISMATCH element_count=4096 first_mismatch_index=0 actual_bits=0xbad02c94 expected_bits=0xbad028ab mismatch_count=4079 max_abs=4.05312e-06 max_rel=0.0423 max_ulp=619853
CHECKPOINT row=1 layer=4 checkpoint=CP2-Q object=q_projection result=MISMATCH element_count=1024 first_mismatch_index=0 actual_bits=0x3bd698ec expected_bits=0x3bd68e00 mismatch_count=1020 max_abs=2.05636e-06 max_rel=0.00399124 max_ulp=40576
CHECKPOINT row=1 layer=4 checkpoint=CP2-KV-P object=kv_projection result=MISMATCH element_count=512 first_mismatch_index=0 actual_bits=0x3e83d482 expected_bits=0x3e83d489 mismatch_count=509 max_abs=2.13087e-06 max_rel=0.00595833 max_ulp=76288
CHECKPOINT row=1 layer=4 checkpoint=CP2-KV-R object=raw_kv_row result=MISMATCH element_count=512 first_mismatch_index=486 actual_bits=0x3dece000 expected_bits=0x3decc000 mismatch_count=2 max_abs=6.10352e-05 max_rel=0.000738552 max_ulp=8192
CHECKPOINT row=1 layer=4 checkpoint=CP3-F object=layer_attn_state_kv result=MISMATCH element_count=8192 first_mismatch_index=4096 actual_bits=0x3d0047bf expected_bits=0x3d00475d mismatch_count=2044 max_abs=3.11434e-06 max_rel=0.0558152 max_ulp=843776
CHECKPOINT row=1 layer=4 checkpoint=CP3-F object=layer_attn_state_score result=MISMATCH element_count=8192 first_mismatch_index=4096 actual_bits=0xbf9262f8 expected_bits=0xbf926313 mismatch_count=2010 max_abs=1.09673e-05 max_rel=0.000399273 max_ulp=4940
CHECKPOINT row=1 layer=4 checkpoint=CP3-F object=layer_n_comp result=EXACT element_count=1 mismatch_count=0
CHECKPOINT row=1 layer=4 checkpoint=CP3-F object=attn_emitted_row_count result=EXACT element_count=1 mismatch_count=0
CHECKPOINT row=1 layer=4 checkpoint=CP3-F object=layer_index_state_kv result=MISMATCH element_count=2048 first_mismatch_index=1024 actual_bits=0x3ce932aa expected_bits=0x3ce92ed0 mismatch_count=511 max_abs=6.91414e-06 max_rel=0.00866473 max_ulp=143936
CHECKPOINT row=1 layer=4 checkpoint=CP3-F object=layer_index_state_score result=MISMATCH element_count=2048 first_mismatch_index=1024 actual_bits=0xbf9e5cc9 expected_bits=0xbf9e5cf4 mismatch_count=503 max_abs=1.19209e-05 max_rel=9.97161e-05 max_ulp=864
CHECKPOINT row=1 layer=4 checkpoint=CP3-F object=layer_n_index_comp result=EXACT element_count=1 mismatch_count=0
CHECKPOINT row=1 layer=4 checkpoint=CP3-F object=index_emitted_row_count result=EXACT element_count=1 mismatch_count=0
CHECKPOINT row=1 layer=4 checkpoint=CP4 object=post_attention_hidden_state result=MISMATCH element_count=16384 first_mismatch_index=0 actual_bits=0x3d072d67 expected_bits=0x3d072d8f mismatch_count=16240 max_abs=2.13925e-06 max_rel=0.244891 max_ulp=2835846
CHECKPOINT row=1 layer=4 checkpoint=CP5 object=final_layer_hidden_state result=MISMATCH element_count=16384 first_mismatch_index=0 actual_bits=0x3d8e7421 expected_bits=0x3d8e7425 mismatch_count=16256 max_abs=2.21469e-06 max_rel=0.018953 max_ulp=203126
CHECKPOINT row=1 layer=5 checkpoint=CP1 object=normalized_attention_input result=MISMATCH element_count=4096 first_mismatch_index=0 actual_bits=0x3cab6598 expected_bits=0x3cab65d7 mismatch_count=4077 max_abs=8.60542e-07 max_rel=0.012663 max_ulp=135499
CHECKPOINT row=1 layer=5 checkpoint=CP2-Q object=q_projection result=MISMATCH element_count=1024 first_mismatch_index=0 actual_bits=0x3dfd38e0 expected_bits=0x3dfd384c mismatch_count=1017 max_abs=1.42772e-06 max_rel=0.00195998 max_ulp=22656
CHECKPOINT row=1 layer=5 checkpoint=CP2-KV-P object=kv_projection result=MISMATCH element_count=512 first_mismatch_index=0 actual_bits=0x3c5cf16d expected_bits=0x3c5cf1ac mismatch_count=507 max_abs=2.01166e-06 max_rel=0.00302181 max_ulp=42496
CHECKPOINT row=1 layer=5 checkpoint=CP2-KV-R object=raw_kv_row result=MISMATCH element_count=512 first_mismatch_index=471 actual_bits=0x3fc62000 expected_bits=0x3fc64000 mismatch_count=2 max_abs=0.000976562 max_rel=0.000782473 max_ulp=8192
CHECKPOINT row=1 layer=5 checkpoint=CP3-F object=layer_attn_state_kv result=MISMATCH element_count=65536 first_mismatch_index=8192 actual_bits=0xbd9a4814 expected_bits=0xbd9a476d mismatch_count=1019 max_abs=3.58e-06 max_rel=0.00578972 max_ulp=60768
CHECKPOINT row=1 layer=5 checkpoint=CP3-F object=layer_attn_state_score result=MISMATCH element_count=65536 first_mismatch_index=8192 actual_bits=0x3ec41db6 expected_bits=0x3ec41d7b mismatch_count=1023 max_abs=1.19358e-05 max_rel=0.00675727 max_ulp=90880
CHECKPOINT row=1 layer=5 checkpoint=CP3-F object=layer_n_comp result=EXACT element_count=1 mismatch_count=0
CHECKPOINT row=1 layer=5 checkpoint=CP3-F object=attn_emitted_row_count result=EXACT element_count=1 mismatch_count=0
CHECKPOINT row=1 layer=5 checkpoint=CP4 object=post_attention_hidden_state result=MISMATCH element_count=16384 first_mismatch_index=0 actual_bits=0x3d89543f expected_bits=0x3d895443 mismatch_count=16275 max_abs=1.01477e-05 max_rel=0.140419 max_ulp=1401226
CHECKPOINT row=1 layer=5 checkpoint=CP5 object=final_layer_hidden_state result=MISMATCH element_count=16384 first_mismatch_index=0 actual_bits=0x3d84ceda expected_bits=0x3d84cecd mismatch_count=16344 max_abs=1.21538e-05 max_rel=0.189555 max_ulp=3177566
CHECKPOINT row=1 layer=6 checkpoint=CP1 object=normalized_attention_input result=MISMATCH element_count=4096 first_mismatch_index=0 actual_bits=0x3c92c1c7 expected_bits=0x3c92bd18 mismatch_count=4089 max_abs=5.05447e-05 max_rel=0.233736 max_ulp=3570272
CHECKPOINT row=1 layer=6 checkpoint=CP2-Q object=q_projection result=MISMATCH element_count=1024 first_mismatch_index=0 actual_bits=0x3df408f9 expected_bits=0x3df40b57 mismatch_count=1024 max_abs=1.19358e-05 max_rel=0.0428595 max_ulp=536576
CHECKPOINT row=1 layer=6 checkpoint=CP2-KV-P object=kv_projection result=MISMATCH element_count=512 first_mismatch_index=0 actual_bits=0x3c57543c expected_bits=0x3c575273 mismatch_count=512 max_abs=1.5378e-05 max_rel=0.00670692 max_ulp=66688
CHECKPOINT row=1 layer=6 checkpoint=CP2-KV-R object=raw_kv_row result=MISMATCH element_count=512 first_mismatch_index=460 actual_bits=0xbb178000 expected_bits=0xbb174000 mismatch_count=5 max_abs=0.00012207 max_rel=0.00393701 max_ulp=57344
CHECKPOINT row=1 layer=6 checkpoint=CP3-F object=layer_attn_state_kv result=MISMATCH element_count=8192 first_mismatch_index=4096 actual_bits=0xbdbbb680 expected_bits=0xbdbbb762 mismatch_count=2048 max_abs=1.29361e-05 max_rel=0.0740633 max_ulp=911872
CHECKPOINT row=1 layer=6 checkpoint=CP3-F object=layer_attn_state_score result=MISMATCH element_count=8192 first_mismatch_index=4096 actual_bits=0xbfb32ff8 expected_bits=0xbfb32f17 mismatch_count=2048 max_abs=5.93662e-05 max_rel=0.00257278 max_ulp=39232
CHECKPOINT row=1 layer=6 checkpoint=CP3-F object=layer_n_comp result=EXACT element_count=1 mismatch_count=0
CHECKPOINT row=1 layer=6 checkpoint=CP3-F object=attn_emitted_row_count result=EXACT element_count=1 mismatch_count=0
CHECKPOINT row=1 layer=6 checkpoint=CP3-F object=layer_index_state_kv result=MISMATCH element_count=2048 first_mismatch_index=1024 actual_bits=0xbd869947 expected_bits=0xbd869aca mismatch_count=512 max_abs=4.74453e-05 max_rel=0.0100248 max_ulp=125696
CHECKPOINT row=1 layer=6 checkpoint=CP3-F object=layer_index_state_score result=MISMATCH element_count=2048 first_mismatch_index=1024 actual_bits=0xbff59748 expected_bits=0xbff59642 mismatch_count=512 max_abs=5.34058e-05 max_rel=0.000366681 max_ulp=6000
CHECKPOINT row=1 layer=6 checkpoint=CP3-F object=layer_n_index_comp result=EXACT element_count=1 mismatch_count=0
CHECKPOINT row=1 layer=6 checkpoint=CP3-F object=index_emitted_row_count result=EXACT element_count=1 mismatch_count=0
CHECKPOINT row=1 layer=6 checkpoint=CP4 object=post_attention_hidden_state result=MISMATCH element_count=16384 first_mismatch_index=0 actual_bits=0x3d9ca9e9 expected_bits=0x3d9ca99a mismatch_count=16357 max_abs=1.2219e-05 max_rel=1.40508 max_ulp=1824262216
CHECKPOINT row=1 layer=6 checkpoint=CP5 object=final_layer_hidden_state result=MISMATCH element_count=16384 first_mismatch_index=0 actual_bits=0x3d9928c8 expected_bits=0x3d992852 mismatch_count=16358 max_abs=1.48676e-05 max_rel=0.085273 max_ulp=1014556
CHECKPOINT row=1 layer=7 checkpoint=CP1 object=normalized_attention_input result=MISMATCH element_count=4096 first_mismatch_index=0 actual_bits=0x3b609e77 expected_bits=0x3b608e43 mismatch_count=4092 max_abs=4.47035e-06 max_rel=0.0863484 max_ulp=1281562
CHECKPOINT row=1 layer=7 checkpoint=CP2-Q object=q_projection result=MISMATCH element_count=1024 first_mismatch_index=0 actual_bits=0x3d89a52f expected_bits=0x3d89a441 mismatch_count=1023 max_abs=8.00937e-06 max_rel=0.00438946 max_ulp=63520
CHECKPOINT row=1 layer=7 checkpoint=CP2-KV-P object=kv_projection result=MISMATCH element_count=512 first_mismatch_index=0 actual_bits=0x3d2b6d0e expected_bits=0x3d2b6a6e mismatch_count=511 max_abs=8.76188e-06 max_rel=0.028022 max_ulp=428288
CHECKPOINT row=1 layer=7 checkpoint=CP2-KV-R object=raw_kv_row result=MISMATCH element_count=512 first_mismatch_index=464 actual_bits=0xbe872000 expected_bits=0xbe870000 mismatch_count=9 max_abs=0.000488281 max_rel=0.00120627 max_ulp=16384
CHECKPOINT row=1 layer=7 checkpoint=CP3-F object=layer_attn_state_kv result=MISMATCH element_count=65536 first_mismatch_index=8192 actual_bits=0xbd81f6a4 expected_bits=0xbd81f718 mismatch_count=1024 max_abs=7.98702e-06 max_rel=0.0938537 max_ulp=1462784
CHECKPOINT row=1 layer=7 checkpoint=CP3-F object=layer_attn_state_score result=MISMATCH element_count=65536 first_mismatch_index=8192 actual_bits=0xbd9280ba expected_bits=0xbd928248 mismatch_count=1023 max_abs=2.24113e-05 max_rel=0.0585068 max_ulp=556416
CHECKPOINT row=1 layer=7 checkpoint=CP3-F object=layer_n_comp result=EXACT element_count=1 mismatch_count=0
CHECKPOINT row=1 layer=7 checkpoint=CP3-F object=attn_emitted_row_count result=EXACT element_count=1 mismatch_count=0
CHECKPOINT row=1 layer=7 checkpoint=CP4 object=post_attention_hidden_state result=MISMATCH element_count=16384 first_mismatch_index=0 actual_bits=0x3d906af7 expected_bits=0x3d906a68 mismatch_count=16351 max_abs=2.14651e-05 max_rel=0.669955 max_ulp=13600976
CHECKPOINT row=1 layer=7 checkpoint=CP5 object=final_layer_hidden_state result=MISMATCH element_count=16384 first_mismatch_index=0 actual_bits=0x3d8c9566 expected_bits=0x3d8c94c3 mismatch_count=16362 max_abs=2.98619e-05 max_rel=0.130669 max_ulp=2165520
CHECKPOINT row=1 layer=8 checkpoint=CP1 object=normalized_attention_input result=MISMATCH element_count=4096 first_mismatch_index=0 actual_bits=0x3d15a5d5 expected_bits=0x3d15a2f8 mismatch_count=4094 max_abs=0.000102401 max_rel=0.336233 max_ulp=5468883
CHECKPOINT row=1 layer=8 checkpoint=CP2-Q object=q_projection result=MISMATCH element_count=1024 first_mismatch_index=0 actual_bits=0xbec3f1e2 expected_bits=0xbec3f28e mismatch_count=1022 max_abs=1.46925e-05 max_rel=0.018771 max_ulp=231488
CHECKPOINT row=1 layer=8 checkpoint=CP2-KV-P object=kv_projection result=MISMATCH element_count=512 first_mismatch_index=0 actual_bits=0x3e541d46 expected_bits=0x3e541d3a mismatch_count=512 max_abs=1.29938e-05 max_rel=0.00920496 max_ulp=129440
CHECKPOINT row=1 layer=8 checkpoint=CP2-KV-R object=raw_kv_row result=MISMATCH element_count=512 first_mismatch_index=225 actual_bits=0xbe600000 expected_bits=0xbe700000 mismatch_count=3 max_abs=0.015625 max_rel=0.0666667 max_ulp=1048576
CHECKPOINT row=1 layer=8 checkpoint=CP3-F object=layer_attn_state_kv result=MISMATCH element_count=8192 first_mismatch_index=4096 actual_bits=0xbd9ed69b expected_bits=0xbd9ed4e8 mismatch_count=2047 max_abs=2.3976e-05 max_rel=0.160488 max_ulp=2234368
CHECKPOINT row=1 layer=8 checkpoint=CP3-F object=layer_attn_state_score result=MISMATCH element_count=8192 first_mismatch_index=4096 actual_bits=0xbf055de2 expected_bits=0xbf055fee mismatch_count=2043 max_abs=0.000103235 max_rel=0.0124615 max_ulp=165120
CHECKPOINT row=1 layer=8 checkpoint=CP3-F object=layer_n_comp result=EXACT element_count=1 mismatch_count=0
CHECKPOINT row=1 layer=8 checkpoint=CP3-F object=attn_emitted_row_count result=EXACT element_count=1 mismatch_count=0
CHECKPOINT row=1 layer=8 checkpoint=CP3-F object=layer_index_state_kv result=MISMATCH element_count=2048 first_mismatch_index=1024 actual_bits=0xba8367e0 expected_bits=0xba834d60 mismatch_count=512 max_abs=2.77758e-05 max_rel=0.00689924 max_ulp=73088
CHECKPOINT row=1 layer=8 checkpoint=CP3-F object=layer_index_state_score result=MISMATCH element_count=2048 first_mismatch_index=1024 actual_bits=0xbf305bcf expected_bits=0xbf305e80 mismatch_count=511 max_abs=0.000135899 max_rel=0.00560923 max_ulp=94080
CHECKPOINT row=1 layer=8 checkpoint=CP3-F object=layer_n_index_comp result=EXACT element_count=1 mismatch_count=0
CHECKPOINT row=1 layer=8 checkpoint=CP3-F object=index_emitted_row_count result=EXACT element_count=1 mismatch_count=0
CHECKPOINT row=1 layer=8 checkpoint=CP4 object=post_attention_hidden_state result=MISMATCH element_count=16384 first_mismatch_index=0 actual_bits=0x3d879619 expected_bits=0x3d879585 mismatch_count=16364 max_abs=0.000204008 max_rel=0.402499 max_ulp=5875749
CHECKPOINT row=1 layer=8 checkpoint=CP5 object=final_layer_hidden_state result=MISMATCH element_count=16384 first_mismatch_index=0 actual_bits=0x3d847086 expected_bits=0x3d846fe3 mismatch_count=16367 max_abs=0.000206694 max_rel=0.782169 max_ulp=18196522
CHECKPOINT row=1 layer=9 checkpoint=CP1 object=normalized_attention_input result=MISMATCH element_count=4096 first_mismatch_index=0 actual_bits=0x3c4b2ca4 expected_bits=0x3c4b42bd mismatch_count=4093 max_abs=1.7114e-05 max_rel=0.10396 max_ulp=1054571
CHECKPOINT row=1 layer=9 checkpoint=CP2-Q object=q_projection result=MISMATCH element_count=1024 first_mismatch_index=0 actual_bits=0x3cdc9b77 expected_bits=0x3cdcb662 mismatch_count=1024 max_abs=2.91746e-05 max_rel=0.0628212 max_ulp=713376
CHECKPOINT row=1 layer=9 checkpoint=CP2-KV-P object=kv_projection result=MISMATCH element_count=512 first_mismatch_index=0 actual_bits=0x3d346118 expected_bits=0x3d34508c mismatch_count=512 max_abs=2.59504e-05 max_rel=0.0518364 max_ulp=599424
CHECKPOINT row=1 layer=9 checkpoint=CP2-KV-R object=raw_kv_row result=MISMATCH element_count=512 first_mismatch_index=51 actual_bits=0xbf500000 expected_bits=0xbf400000 mismatch_count=14 max_abs=0.0625 max_rel=0.1 max_ulp=1048576
CHECKPOINT row=1 layer=9 checkpoint=CP3-F object=layer_attn_state_kv result=MISMATCH element_count=65536 first_mismatch_index=8192 actual_bits=0xbe109538 expected_bits=0xbe109536 mismatch_count=1023 max_abs=3.04878e-05 max_rel=0.720545 max_ulp=15212544
CHECKPOINT row=1 layer=9 checkpoint=CP3-F object=layer_attn_state_score result=MISMATCH element_count=65536 first_mismatch_index=8192 actual_bits=0x3d43fbd0 expected_bits=0x3d43fa20 mismatch_count=1023 max_abs=8.69632e-05 max_rel=0.0453433 max_ulp=565952
CHECKPOINT row=1 layer=9 checkpoint=CP3-F object=layer_n_comp result=EXACT element_count=1 mismatch_count=0
CHECKPOINT row=1 layer=9 checkpoint=CP3-F object=attn_emitted_row_count result=EXACT element_count=1 mismatch_count=0
CHECKPOINT row=1 layer=9 checkpoint=CP4 object=post_attention_hidden_state result=MISMATCH element_count=16384 first_mismatch_index=0 actual_bits=0x3db57517 expected_bits=0x3db56105 mismatch_count=16381 max_abs=0.000487149 max_rel=1.72319 max_ulp=1883522309
CHECKPOINT row=1 layer=9 checkpoint=CP5 object=final_layer_hidden_state result=MISMATCH element_count=16384 first_mismatch_index=0 actual_bits=0x3db5eee5 expected_bits=0x3db5daf0 mismatch_count=16382 max_abs=0.000391811 max_rel=1.9201 max_ulp=1900826372
CHECKPOINT row=1 layer=10 checkpoint=CP1 object=normalized_attention_input result=MISMATCH element_count=4096 first_mismatch_index=0 actual_bits=0x3d3f3bb6 expected_bits=0x3d3f19a8 mismatch_count=4096 max_abs=0.00253463 max_rel=0.90736 max_ulp=28866929
CHECKPOINT row=1 layer=10 checkpoint=CP2-Q object=q_projection result=MISMATCH element_count=1024 first_mismatch_index=0 actual_bits=0xbd298126 expected_bits=0xbd29c741 mismatch_count=1024 max_abs=0.000347719 max_rel=0.0991065 max_ulp=1103392
CHECKPOINT row=1 layer=10 checkpoint=CP2-KV-P object=kv_projection result=MISMATCH element_count=512 first_mismatch_index=0 actual_bits=0xbdb71634 expected_bits=0xbdb6e2ee mismatch_count=512 max_abs=0.000400379 max_rel=0.344346 max_ulp=4934784
CHECKPOINT row=1 layer=10 checkpoint=CP2-KV-R object=raw_kv_row result=MISMATCH element_count=512 first_mismatch_index=63 actual_bits=0x3dd00000 expected_bits=0x3de00000 mismatch_count=50 max_abs=0.03125 max_rel=0.307692 max_ulp=4194304
CHECKPOINT row=1 layer=10 checkpoint=CP3-F object=layer_attn_state_kv result=MISMATCH element_count=8192 first_mismatch_index=4096 actual_bits=0x3de9dde8 expected_bits=0x3de9df76 mismatch_count=2046 max_abs=0.000346422 max_rel=0.853535 max_ulp=23540224
CHECKPOINT row=1 layer=10 checkpoint=CP3-F object=layer_attn_state_score result=MISMATCH element_count=8192 first_mismatch_index=4096 actual_bits=0x3ee6f218 expected_bits=0x3ee6f61a mismatch_count=2048 max_abs=0.00140452 max_rel=1.06629 max_ulp=1914964289
CHECKPOINT row=1 layer=10 checkpoint=CP3-F object=layer_n_comp result=EXACT element_count=1 mismatch_count=0
CHECKPOINT row=1 layer=10 checkpoint=CP3-F object=attn_emitted_row_count result=EXACT element_count=1 mismatch_count=0
CHECKPOINT row=1 layer=10 checkpoint=CP3-F object=layer_index_state_kv result=MISMATCH element_count=2048 first_mismatch_index=1024 actual_bits=0x3d0a82de expected_bits=0x3d0a6a96 mismatch_count=512 max_abs=0.000649095 max_rel=0.154484 max_ulp=1798752
CHECKPOINT row=1 layer=10 checkpoint=CP3-F object=layer_index_state_score result=MISMATCH element_count=2048 first_mismatch_index=1024 actual_bits=0x3ebe99e8 expected_bits=0x3ebe9ec0 mismatch_count=512 max_abs=0.00184631 max_rel=0.103959 max_ulp=1320608
CHECKPOINT row=1 layer=10 checkpoint=CP3-F object=layer_n_index_comp result=EXACT element_count=1 mismatch_count=0
CHECKPOINT row=1 layer=10 checkpoint=CP3-F object=index_emitted_row_count result=EXACT element_count=1 mismatch_count=0
CHECKPOINT row=1 layer=10 checkpoint=CP4 object=post_attention_hidden_state result=MISMATCH element_count=16384 first_mismatch_index=0 actual_bits=0x3d71c3da expected_bits=0x3d7175e0 mismatch_count=16380 max_abs=0.000984877 max_rel=1.77321 max_ulp=1892332643
CHECKPOINT row=1 layer=10 checkpoint=CP5 object=final_layer_hidden_state result=MISMATCH element_count=16384 first_mismatch_index=0 actual_bits=0x3d9cb733 expected_bits=0x3d9c9946 mismatch_count=16380 max_abs=0.000698119 max_rel=0.942402 max_ulp=34473291
CHECKPOINT row=1 layer=11 checkpoint=CP1 object=normalized_attention_input result=MISMATCH element_count=4096 first_mismatch_index=0 actual_bits=0x3cb1456a expected_bits=0x3cb14562 mismatch_count=4096 max_abs=7.53552e-05 max_rel=1.96031 max_ulp=1849438380
CHECKPOINT row=1 layer=11 checkpoint=CP2-Q object=q_projection result=MISMATCH element_count=1024 first_mismatch_index=0 actual_bits=0x3e07618e expected_bits=0x3e075d51 mismatch_count=1024 max_abs=0.000119127 max_rel=0.0696021 max_ulp=1050528
CHECKPOINT row=1 layer=11 checkpoint=CP2-KV-P object=kv_projection result=MISMATCH element_count=512 first_mismatch_index=0 actual_bits=0xbd2c25fa expected_bits=0xbd2c1526 mismatch_count=512 max_abs=0.000116264 max_rel=0.0392148 max_ulp=507424
CHECKPOINT row=1 layer=11 checkpoint=CP2-KV-R object=raw_kv_row result=MISMATCH element_count=512 first_mismatch_index=7 actual_bits=0xbe700000 expected_bits=0xbe600000 mismatch_count=43 max_abs=0.0625 max_rel=0.111111 max_ulp=1048576
CHECKPOINT row=1 layer=11 checkpoint=CP3-F object=layer_attn_state_kv result=MISMATCH element_count=65536 first_mismatch_index=8192 actual_bits=0xbbbb1748 expected_bits=0xbbbb2908 mismatch_count=1024 max_abs=0.00010737 max_rel=0.286755 max_ulp=4553728
CHECKPOINT row=1 layer=11 checkpoint=CP3-F object=layer_attn_state_score result=MISMATCH element_count=65536 first_mismatch_index=8192 actual_bits=0xbd0a3c2f expected_bits=0xbd0a4529 mismatch_count=1023 max_abs=0.000353396 max_rel=0.0537221 max_ulp=632576
CHECKPOINT row=1 layer=11 checkpoint=CP3-F object=layer_n_comp result=EXACT element_count=1 mismatch_count=0
CHECKPOINT row=1 layer=11 checkpoint=CP3-F object=attn_emitted_row_count result=EXACT element_count=1 mismatch_count=0
CHECKPOINT row=1 layer=11 checkpoint=CP4 object=post_attention_hidden_state result=MISMATCH element_count=16384 first_mismatch_index=0 actual_bits=0x3d90f9c7 expected_bits=0x3d90ea8a mismatch_count=16382 max_abs=0.00121832 max_rel=1.97749 max_ulp=1919271777
CHECKPOINT row=1 layer=11 checkpoint=CP5 object=final_layer_hidden_state result=MISMATCH element_count=16384 first_mismatch_index=0 actual_bits=0x3d906c5c expected_bits=0x3d9062bc mismatch_count=16384 max_abs=0.00179768 max_rel=1.8391 max_ulp=1918664675
CHECKPOINT row=1 layer=12 checkpoint=CP1 object=normalized_attention_input result=MISMATCH element_count=4096 first_mismatch_index=0 actual_bits=0x3c9d3373 expected_bits=0x3c9df6c2 mismatch_count=4095 max_abs=0.00290632 max_rel=1.75577 max_ulp=1872928967
CHECKPOINT row=1 layer=12 checkpoint=CP2-Q object=q_projection result=MISMATCH element_count=1024 first_mismatch_index=0 actual_bits=0xbd1e3d64 expected_bits=0xbd1f266a mismatch_count=1024 max_abs=0.000502605 max_rel=0.455687 max_ulp=7426112
CHECKPOINT row=1 layer=12 checkpoint=CP2-KV-P object=kv_projection result=MISMATCH element_count=512 first_mismatch_index=0 actual_bits=0xbe196ed0 expected_bits=0xbe198938 mismatch_count=512 max_abs=0.00045938 max_rel=0.436327 max_ulp=6841984
CHECKPOINT row=1 layer=12 checkpoint=CP2-KV-R object=raw_kv_row result=MISMATCH element_count=512 first_mismatch_index=36 actual_bits=0xbd400000 expected_bits=0xbd300000 mismatch_count=62 max_abs=0.125 max_rel=0.423077 max_ulp=6291456
CHECKPOINT row=1 layer=12 checkpoint=CP3-F object=layer_attn_state_kv result=MISMATCH element_count=8192 first_mismatch_index=4096 actual_bits=0x3cd370b0 expected_bits=0x3cd352f2 mismatch_count=2048 max_abs=0.000505447 max_rel=0.36996 max_ulp=5178368
CHECKPOINT row=1 layer=12 checkpoint=CP3-F object=layer_attn_state_score result=MISMATCH element_count=8192 first_mismatch_index=4096 actual_bits=0xbcac09c0 expected_bits=0xbcabf600 mismatch_count=2048 max_abs=0.00173712 max_rel=0.565768 max_ulp=10176512
CHECKPOINT row=1 layer=12 checkpoint=CP3-F object=layer_n_comp result=EXACT element_count=1 mismatch_count=0
CHECKPOINT row=1 layer=12 checkpoint=CP3-F object=attn_emitted_row_count result=EXACT element_count=1 mismatch_count=0
CHECKPOINT row=1 layer=12 checkpoint=CP3-F object=layer_index_state_kv result=MISMATCH element_count=2048 first_mismatch_index=1024 actual_bits=0xbe1c5528 expected_bits=0xbe1c5f64 mismatch_count=512 max_abs=0.000870228 max_rel=0.0624003 max_ulp=666472
CHECKPOINT row=1 layer=12 checkpoint=CP3-F object=layer_index_state_score result=MISMATCH element_count=2048 first_mismatch_index=1024 actual_bits=0x3d40ebe8 expected_bits=0x3d40e2e0 mismatch_count=512 max_abs=0.00186515 max_rel=0.13106 max_ulp=2168832
CHECKPOINT row=1 layer=12 checkpoint=CP3-F object=layer_n_index_comp result=EXACT element_count=1 mismatch_count=0
CHECKPOINT row=1 layer=12 checkpoint=CP3-F object=index_emitted_row_count result=EXACT element_count=1 mismatch_count=0
CHECKPOINT row=1 layer=12 checkpoint=CP4 object=post_attention_hidden_state result=MISMATCH element_count=16384 first_mismatch_index=0 actual_bits=0x3d844f5d expected_bits=0x3d843e53 mismatch_count=16381 max_abs=0.00307107 max_rel=1.919 max_ulp=1947291297
CHECKPOINT row=1 layer=12 checkpoint=CP5 object=final_layer_hidden_state result=MISMATCH element_count=16384 first_mismatch_index=0 actual_bits=0x3d84e653 expected_bits=0x3d84d5de mismatch_count=16381 max_abs=0.0024299 max_rel=1.98449 max_ulp=1947981256
CHECKPOINT row=1 layer=13 checkpoint=CP1 object=normalized_attention_input result=MISMATCH element_count=4096 first_mismatch_index=0 actual_bits=0x3cac9ac2 expected_bits=0x3cacb498 mismatch_count=4095 max_abs=0.00024827 max_rel=1.19504 max_ulp=1898546075
CHECKPOINT row=1 layer=13 checkpoint=CP2-Q object=q_projection result=MISMATCH element_count=1024 first_mismatch_index=0 actual_bits=0x3ddf9ad5 expected_bits=0x3ddfdcf7 mismatch_count=1024 max_abs=0.000520021 max_rel=1.68094 max_ulp=1917829697
CHECKPOINT row=1 layer=13 checkpoint=CP2-KV-P object=kv_projection result=MISMATCH element_count=512 first_mismatch_index=0 actual_bits=0x3daf2a4a expected_bits=0x3dae379a mismatch_count=512 max_abs=0.000529759 max_rel=0.272523 max_ulp=3645760
CHECKPOINT row=1 layer=13 checkpoint=CP2-KV-R object=raw_kv_row result=MISMATCH element_count=512 first_mismatch_index=24 actual_bits=0xbce00000 expected_bits=0xbcf00000 mismatch_count=86 max_abs=0.0625 max_rel=0.266667 max_ulp=4194304
CHECKPOINT row=1 layer=13 checkpoint=CP3-F object=layer_attn_state_kv result=MISMATCH element_count=65536 first_mismatch_index=8192 actual_bits=0x3d408540 expected_bits=0x3d406b01 mismatch_count=1024 max_abs=0.000427172 max_rel=0.523531 max_ulp=8859120
CHECKPOINT row=1 layer=13 checkpoint=CP3-F object=layer_attn_state_score result=MISMATCH element_count=65536 first_mismatch_index=8192 actual_bits=0xbc60fed0 expected_bits=0xbc610f5a mismatch_count=1024 max_abs=0.00102279 max_rel=0.479984 max_ulp=7945792
CHECKPOINT row=1 layer=13 checkpoint=CP3-F object=layer_n_comp result=EXACT element_count=1 mismatch_count=0
CHECKPOINT row=1 layer=13 checkpoint=CP3-F object=attn_emitted_row_count result=EXACT element_count=1 mismatch_count=0
CHECKPOINT row=1 layer=13 checkpoint=CP4 object=post_attention_hidden_state result=MISMATCH element_count=16384 first_mismatch_index=0 actual_bits=0x3d84fb3d expected_bits=0x3d84eadb mismatch_count=16383 max_abs=0.00270557 max_rel=1.58086 max_ulp=1936019660
CHECKPOINT row=1 layer=13 checkpoint=CP5 object=final_layer_hidden_state result=MISMATCH element_count=16384 first_mismatch_index=0 actual_bits=0x3d85b111 expected_bits=0x3d85a0d4 mismatch_count=16383 max_abs=0.00508714 max_rel=1.56036 max_ulp=1935302585
CHECKPOINT row=1 layer=14 checkpoint=CP1 object=normalized_attention_input result=MISMATCH element_count=4096 first_mismatch_index=0 actual_bits=0x3d8c5235 expected_bits=0x3d8c826a mismatch_count=4096 max_abs=0.0086174 max_rel=1.69543 max_ulp=1896240737
CHECKPOINT row=1 layer=14 checkpoint=CP2-Q object=q_projection result=MISMATCH element_count=1024 first_mismatch_index=0 actual_bits=0xbd7201ec expected_bits=0xbd7286ce mismatch_count=1024 max_abs=0.000775278 max_rel=0.358921 max_ulp=4881840
CHECKPOINT row=1 layer=14 checkpoint=CP2-KV-P object=kv_projection result=MISMATCH element_count=512 first_mismatch_index=0 actual_bits=0xbd17e4d6 expected_bits=0xbd186098 mismatch_count=512 max_abs=0.000671864 max_rel=0.3265 max_ulp=4204560
CHECKPOINT row=1 layer=14 checkpoint=CP2-KV-R object=raw_kv_row result=MISMATCH element_count=512 first_mismatch_index=57 actual_bits=0xbf700000 expected_bits=0xbf800000 mismatch_count=62 max_abs=0.125 max_rel=0.323067 max_ulp=4210688
CHECKPOINT row=1 layer=14 checkpoint=CP3-F object=layer_attn_state_kv result=MISMATCH element_count=8192 first_mismatch_index=4096 actual_bits=0x3e31060b expected_bits=0x3e311923 mismatch_count=2048 max_abs=0.00246727 max_rel=0.810801 max_ulp=20017536
CHECKPOINT row=1 layer=14 checkpoint=CP3-F object=layer_attn_state_score result=MISMATCH element_count=8192 first_mismatch_index=4096 actual_bits=0xbed5c678 expected_bits=0xbed62efa mismatch_count=2048 max_abs=0.00819111 max_rel=0.147694 max_ulp=2070080
CHECKPOINT row=1 layer=14 checkpoint=CP3-F object=layer_n_comp result=EXACT element_count=1 mismatch_count=0
CHECKPOINT row=1 layer=14 checkpoint=CP3-F object=attn_emitted_row_count result=EXACT element_count=1 mismatch_count=0
CHECKPOINT row=1 layer=14 checkpoint=CP3-F object=layer_index_state_kv result=MISMATCH element_count=2048 first_mismatch_index=1024 actual_bits=0x3f0b10b0 expected_bits=0x3f0b1100 mismatch_count=512 max_abs=0.000981286 max_rel=0.734215 max_ulp=16171520
CHECKPOINT row=1 layer=14 checkpoint=CP3-F object=layer_index_state_score result=MISMATCH element_count=2048 first_mismatch_index=1024 actual_bits=0xbf4c9d95 expected_bits=0xbf4cc603 mismatch_count=512 max_abs=0.00982749 max_rel=0.0683274 max_ulp=943360
CHECKPOINT row=1 layer=14 checkpoint=CP3-F object=layer_n_index_comp result=EXACT element_count=1 mismatch_count=0
CHECKPOINT row=1 layer=14 checkpoint=CP3-F object=index_emitted_row_count result=EXACT element_count=1 mismatch_count=0
CHECKPOINT row=1 layer=14 checkpoint=CP4 object=post_attention_hidden_state result=MISMATCH element_count=16384 first_mismatch_index=0 actual_bits=0x3d86b21b expected_bits=0x3d86a226 mismatch_count=16382 max_abs=0.00385797 max_rel=1.471 max_ulp=1959137481
CHECKPOINT row=1 layer=14 checkpoint=CP5 object=final_layer_hidden_state result=MISMATCH element_count=16384 first_mismatch_index=0 actual_bits=0x3d84242b expected_bits=0x3d84170c mismatch_count=16382 max_abs=0.0045739 max_rel=1.9909 max_ulp=1929245850
CHECKPOINT row=1 layer=15 checkpoint=CP1 object=normalized_attention_input result=MISMATCH element_count=4096 first_mismatch_index=0 actual_bits=0x3d3d8752 expected_bits=0x3d3d84ee mismatch_count=4096 max_abs=0.000400111 max_rel=0.841979 max_ulp=22758528
CHECKPOINT row=1 layer=15 checkpoint=CP2-Q object=q_projection result=MISMATCH element_count=1024 first_mismatch_index=0 actual_bits=0xbe3b8e64 expected_bits=0xbe3b8bb4 mismatch_count=1024 max_abs=0.000714384 max_rel=1.76685 max_ulp=1896646145
CHECKPOINT row=1 layer=15 checkpoint=CP2-KV-P object=kv_projection result=MISMATCH element_count=512 first_mismatch_index=0 actual_bits=0xbdc4d07c expected_bits=0xbdc45e7a mismatch_count=512 max_abs=0.00067544 max_rel=0.68175 max_ulp=13856960
CHECKPOINT row=1 layer=15 checkpoint=CP2-KV-R object=raw_kv_row result=MISMATCH element_count=512 first_mismatch_index=11 actual_bits=0xbc900000 expected_bits=0xbc700000 mismatch_count=90 max_abs=0.0625 max_rel=0.7 max_ulp=14680064
CHECKPOINT row=1 layer=15 checkpoint=CP3-F object=layer_attn_state_kv result=MISMATCH element_count=65536 first_mismatch_index=8192 actual_bits=0xbd7eb7dc expected_bits=0xbd7edbdc mismatch_count=1024 max_abs=0.000611097 max_rel=1.35214 max_ulp=1914218625
CHECKPOINT row=1 layer=15 checkpoint=CP3-F object=layer_attn_state_score result=MISMATCH element_count=65536 first_mismatch_index=8192 actual_bits=0x3e788a38 expected_bits=0x3e787b90 mismatch_count=1024 max_abs=0.00182205 max_rel=0.328086 max_ulp=4882688
CHECKPOINT row=1 layer=15 checkpoint=CP3-F object=layer_n_comp result=EXACT element_count=1 mismatch_count=0
CHECKPOINT row=1 layer=15 checkpoint=CP3-F object=attn_emitted_row_count result=EXACT element_count=1 mismatch_count=0
CHECKPOINT row=1 layer=15 checkpoint=CP4 object=post_attention_hidden_state result=MISMATCH element_count=16384 first_mismatch_index=0 actual_bits=0x3d842e79 expected_bits=0x3d84209c mismatch_count=16383 max_abs=0.00445719 max_rel=1.39742 max_ulp=1936893823
CHECKPOINT row=1 layer=15 checkpoint=CP5 object=final_layer_hidden_state result=MISMATCH element_count=16384 first_mismatch_index=0 actual_bits=0x3d882410 expected_bits=0x3d881b91 mismatch_count=16382 max_abs=0.0056642 max_rel=1.74627 max_ulp=1958937222
CHECKPOINT row=1 layer=16 checkpoint=CP1 object=normalized_attention_input result=MISMATCH element_count=4096 first_mismatch_index=0 actual_bits=0x3dc05daa expected_bits=0x3dc04a34 mismatch_count=4096 max_abs=0.00363874 max_rel=1.37643 max_ulp=1914243325
CHECKPOINT row=1 layer=16 checkpoint=CP2-Q object=q_projection result=MISMATCH element_count=1024 first_mismatch_index=0 actual_bits=0xbea3ec47 expected_bits=0xbea3bc27 mismatch_count=1024 max_abs=0.00113004 max_rel=0.651117 max_ulp=12649280
CHECKPOINT row=1 layer=16 checkpoint=CP2-KV-P object=kv_projection result=MISMATCH element_count=512 first_mismatch_index=0 actual_bits=0xbe8474ba expected_bits=0xbe847a4e mismatch_count=512 max_abs=0.00103837 max_rel=0.46473 max_ulp=7794304
CHECKPOINT row=1 layer=16 checkpoint=CP2-KV-R object=raw_kv_row result=MISMATCH element_count=512 first_mismatch_index=2 actual_bits=0x3cd00000 expected_bits=0x3cc00000 mismatch_count=74 max_abs=0.125 max_rel=0.444444 max_ulp=7340032
CHECKPOINT row=1 layer=16 checkpoint=CP3-F object=layer_attn_state_kv result=MISMATCH element_count=8192 first_mismatch_index=4096 actual_bits=0x3dba4e8a expected_bits=0x3dba56ec mismatch_count=2048 max_abs=0.000904858 max_rel=1.36696 max_ulp=1922297473
CHECKPOINT row=1 layer=16 checkpoint=CP3-F object=layer_attn_state_score result=MISMATCH element_count=8192 first_mismatch_index=4096 actual_bits=0xbfcc9287 expected_bits=0xbfcc7700 mismatch_count=2048 max_abs=0.0031836 max_rel=0.0406991 max_ulp=424448
CHECKPOINT row=1 layer=16 checkpoint=CP3-F object=layer_n_comp result=EXACT element_count=1 mismatch_count=0
CHECKPOINT row=1 layer=16 checkpoint=CP3-F object=attn_emitted_row_count result=EXACT element_count=1 mismatch_count=0
CHECKPOINT row=1 layer=16 checkpoint=CP3-F object=layer_index_state_kv result=MISMATCH element_count=2048 first_mismatch_index=1024 actual_bits=0x3e22a0c4 expected_bits=0x3e228174 mismatch_count=512 max_abs=0.00129744 max_rel=1.18827 max_ulp=1912400385
CHECKPOINT row=1 layer=16 checkpoint=CP3-F object=layer_index_state_score result=MISMATCH element_count=2048 first_mismatch_index=1024 actual_bits=0xbfd35cb0 expected_bits=0xbfd34018 mismatch_count=512 max_abs=0.0046854 max_rel=0.0468736 max_ulp=652628
CHECKPOINT row=1 layer=16 checkpoint=CP3-F object=layer_n_index_comp result=EXACT element_count=1 mismatch_count=0
CHECKPOINT row=1 layer=16 checkpoint=CP3-F object=index_emitted_row_count result=EXACT element_count=1 mismatch_count=0
CHECKPOINT row=1 layer=16 checkpoint=CP4 object=post_attention_hidden_state result=MISMATCH element_count=16384 first_mismatch_index=0 actual_bits=0x3d881b1c expected_bits=0x3d881281 mismatch_count=16382 max_abs=0.0595971 max_rel=1.77636 max_ulp=1982943581
CHECKPOINT row=1 layer=16 checkpoint=CP5 object=final_layer_hidden_state result=MISMATCH element_count=16384 first_mismatch_index=0 actual_bits=0x3d8976f8 expected_bits=0x3d89791c mismatch_count=16379 max_abs=0.0176318 max_rel=1.57541 max_ulp=1987181299
CHECKPOINT row=1 layer=17 checkpoint=CP1 object=normalized_attention_input result=MISMATCH element_count=4096 first_mismatch_index=0 actual_bits=0x3d8581e8 expected_bits=0x3d858dd5 mismatch_count=4096 max_abs=0.00193828 max_rel=1.32882 max_ulp=1918377889
CHECKPOINT row=1 layer=17 checkpoint=CP2-Q object=q_projection result=MISMATCH element_count=1024 first_mismatch_index=0 actual_bits=0x3e7a7642 expected_bits=0x3e7a036b mismatch_count=1024 max_abs=0.00157024 max_rel=1.24755 max_ulp=1924391553
CHECKPOINT row=1 layer=17 checkpoint=CP2-KV-P object=kv_projection result=MISMATCH element_count=512 first_mismatch_index=0 actual_bits=0x3bb28520 expected_bits=0x3bb2a580 mismatch_count=512 max_abs=0.00138617 max_rel=1.26834 max_ulp=1934155009
CHECKPOINT row=1 layer=17 checkpoint=CP2-KV-R object=raw_kv_row result=MISMATCH element_count=512 first_mismatch_index=7 actual_bits=0x3e400000 expected_bits=0x3e300000 mismatch_count=98 max_abs=0.125 max_rel=1.26923 max_ulp=1974468609
CHECKPOINT row=1 layer=17 checkpoint=CP3-F object=layer_attn_state_kv result=MISMATCH element_count=65536 first_mismatch_index=8192 actual_bits=0x3ba71d28 expected_bits=0x3b9e7080 mismatch_count=1024 max_abs=0.00128831 max_rel=1.10712 max_ulp=1889301121
CHECKPOINT row=1 layer=17 checkpoint=CP3-F object=layer_attn_state_score result=MISMATCH element_count=65536 first_mismatch_index=8192 actual_bits=0x3e92f626 expected_bits=0x3e92ffcd mismatch_count=1024 max_abs=0.00611323 max_rel=0.61142 max_ulp=11058112
CHECKPOINT row=1 layer=17 checkpoint=CP3-F object=layer_n_comp result=EXACT element_count=1 mismatch_count=0
CHECKPOINT row=1 layer=17 checkpoint=CP3-F object=attn_emitted_row_count result=EXACT element_count=1 mismatch_count=0
CHECKPOINT row=1 layer=17 checkpoint=CP4 object=post_attention_hidden_state result=MISMATCH element_count=16384 first_mismatch_index=0 actual_bits=0x3d89326e expected_bits=0x3d893426 mismatch_count=16382 max_abs=0.0182462 max_rel=1.87987 max_ulp=1984991749
CHECKPOINT row=1 layer=17 checkpoint=CP5 object=final_layer_hidden_state result=MISMATCH element_count=16384 first_mismatch_index=0 actual_bits=0x3d91c66a expected_bits=0x3d91a0e5 mismatch_count=16382 max_abs=0.0192156 max_rel=1.43727 max_ulp=1960982406
CHECKPOINT row=1 layer=18 checkpoint=CP1 object=normalized_attention_input result=MISMATCH element_count=4096 first_mismatch_index=0 actual_bits=0x3d13d3b2 expected_bits=0x3d132ef3 mismatch_count=4096 max_abs=0.00400901 max_rel=1.79517 max_ulp=1912348389
CHECKPOINT row=1 layer=18 checkpoint=CP2-Q object=q_projection result=MISMATCH element_count=1024 first_mismatch_index=0 actual_bits=0xbd5852e0 expected_bits=0xbd59e78d mismatch_count=1024 max_abs=0.000972636 max_rel=0.68245 max_ulp=13621152
CHECKPOINT row=1 layer=18 checkpoint=CP2-KV-P object=kv_projection result=MISMATCH element_count=512 first_mismatch_index=0 actual_bits=0x3d00d01e expected_bits=0x3cfc4dd8 mismatch_count=512 max_abs=0.00107966 max_rel=0.505826 max_ulp=8544256
CHECKPOINT row=1 layer=18 checkpoint=CP2-KV-R object=raw_kv_row result=MISMATCH element_count=512 first_mismatch_index=8 actual_bits=0xbbb00000 expected_bits=0xbba00000 mismatch_count=82 max_abs=0.125 max_rel=0.55 max_ulp=9437184
CHECKPOINT row=1 layer=18 checkpoint=CP3-F object=layer_attn_state_kv result=MISMATCH element_count=8192 first_mismatch_index=4096 actual_bits=0xbc627954 expected_bits=0xbc63238c mismatch_count=2048 max_abs=0.000985771 max_rel=1.55608 max_ulp=1910865025
CHECKPOINT row=1 layer=18 checkpoint=CP3-F object=layer_attn_state_score result=MISMATCH element_count=8192 first_mismatch_index=4096 actual_bits=0x3f37ba90 expected_bits=0x3f37d8ae mismatch_count=2048 max_abs=0.00446963 max_rel=0.122924 max_ulp=1953800
CHECKPOINT row=1 layer=18 checkpoint=CP3-F object=layer_n_comp result=EXACT element_count=1 mismatch_count=0
CHECKPOINT row=1 layer=18 checkpoint=CP3-F object=attn_emitted_row_count result=EXACT element_count=1 mismatch_count=0
CHECKPOINT row=1 layer=18 checkpoint=CP3-F object=layer_index_state_kv result=MISMATCH element_count=2048 first_mismatch_index=1024 actual_bits=0x3d51cad3 expected_bits=0x3d51dee0 mismatch_count=512 max_abs=0.00140834 max_rel=0.391996 max_ulp=6275648
CHECKPOINT row=1 layer=18 checkpoint=CP3-F object=layer_index_state_score result=MISMATCH element_count=2048 first_mismatch_index=1024 actual_bits=0x3f995ec1 expected_bits=0x3f997072 mismatch_count=512 max_abs=0.00393116 max_rel=0.0453796 max_ulp=415376
CHECKPOINT row=1 layer=18 checkpoint=CP3-F object=layer_n_index_comp result=EXACT element_count=1 mismatch_count=0
CHECKPOINT row=1 layer=18 checkpoint=CP3-F object=index_emitted_row_count result=EXACT element_count=1 mismatch_count=0
CHECKPOINT row=1 layer=18 checkpoint=CP4 object=post_attention_hidden_state result=MISMATCH element_count=16384 first_mismatch_index=0 actual_bits=0x3d97c69e expected_bits=0x3d984320 mismatch_count=16384 max_abs=0.0169412 max_rel=1.72471 max_ulp=1986851845
CHECKPOINT row=1 layer=18 checkpoint=CP5 object=final_layer_hidden_state result=MISMATCH element_count=16384 first_mismatch_index=0 actual_bits=0x3dc57990 expected_bits=0x3dc5fcb6 mismatch_count=16382 max_abs=0.0171978 max_rel=1.93715 max_ulp=1995459945
CHECKPOINT row=1 layer=19 checkpoint=CP1 object=normalized_attention_input result=MISMATCH element_count=4096 first_mismatch_index=0 actual_bits=0x3cf47cc0 expected_bits=0x3cf4df8e mismatch_count=4096 max_abs=0.000433464 max_rel=1.57695 max_ulp=1920509376
CHECKPOINT row=1 layer=19 checkpoint=CP2-Q object=q_projection result=MISMATCH element_count=1024 first_mismatch_index=0 actual_bits=0x3c74c37e expected_bits=0x3c7558ca mismatch_count=1024 max_abs=0.000710029 max_rel=1.15989 max_ulp=1912990401
CHECKPOINT row=1 layer=19 checkpoint=CP2-KV-P object=kv_projection result=MISMATCH element_count=512 first_mismatch_index=0 actual_bits=0xbd4bd151 expected_bits=0xbd4b237f mismatch_count=512 max_abs=0.000745719 max_rel=0.678151 max_ulp=13827584
CHECKPOINT row=1 layer=19 checkpoint=CP2-KV-R object=raw_kv_row result=MISMATCH element_count=512 first_mismatch_index=8 actual_bits=0x39900000 expected_bits=0x3a600000 mismatch_count=106 max_abs=0.125 max_rel=0.678571 max_ulp=13631488
CHECKPOINT row=1 layer=19 checkpoint=CP3-F object=layer_attn_state_kv result=MISMATCH element_count=65536 first_mismatch_index=8192 actual_bits=0xbb7f5270 expected_bits=0xbb802cc0 mismatch_count=1024 max_abs=0.000539519 max_rel=0.566442 max_ulp=10282976
CHECKPOINT row=1 layer=19 checkpoint=CP3-F object=layer_attn_state_score result=MISMATCH element_count=65536 first_mismatch_index=8192 actual_bits=0x3d3e4291 expected_bits=0x3d3e9bde mismatch_count=1024 max_abs=0.00122406 max_rel=1.50021 max_ulp=1880726017
CHECKPOINT row=1 layer=19 checkpoint=CP3-F object=layer_n_comp result=EXACT element_count=1 mismatch_count=0
CHECKPOINT row=1 layer=19 checkpoint=CP3-F object=attn_emitted_row_count result=EXACT element_count=1 mismatch_count=0
CHECKPOINT row=1 layer=19 checkpoint=CP4 object=post_attention_hidden_state result=MISMATCH element_count=16384 first_mismatch_index=0 actual_bits=0x3dd42f36 expected_bits=0x3dd4c45e mismatch_count=16382 max_abs=0.0243874 max_rel=1.85647 max_ulp=2009333823
CHECKPOINT row=1 layer=19 checkpoint=CP5 object=final_layer_hidden_state result=MISMATCH element_count=16384 first_mismatch_index=0 actual_bits=0x3dd11041 expected_bits=0x3dd1a9c8 mismatch_count=16384 max_abs=0.022929 max_rel=1.84649 max_ulp=2008029604
CHECKPOINT row=1 layer=20 checkpoint=CP1 object=normalized_attention_input result=MISMATCH element_count=4096 first_mismatch_index=0 actual_bits=0x3d801cd0 expected_bits=0x3d80539a mismatch_count=4096 max_abs=0.00249195 max_rel=1.60495 max_ulp=1928539783
CHECKPOINT row=1 layer=20 checkpoint=CP2-Q object=q_projection result=MISMATCH element_count=1024 first_mismatch_index=0 actual_bits=0xbc739fa6 expected_bits=0xbc7096ec mismatch_count=1024 max_abs=0.00180421 max_rel=1.15627 max_ulp=1923389345
CHECKPOINT row=1 layer=20 checkpoint=CP2-KV-P object=kv_projection result=MISMATCH element_count=512 first_mismatch_index=0 actual_bits=0xb990a700 expected_bits=0xb99502c0 mismatch_count=512 max_abs=0.00120509 max_rel=0.574301 max_ulp=10326464
CHECKPOINT row=1 layer=20 checkpoint=CP2-KV-R object=raw_kv_row result=MISMATCH element_count=512 first_mismatch_index=0 actual_bits=0xbae00000 expected_bits=0xbaf00000 mismatch_count=87 max_abs=0.125 max_rel=0.571429 max_ulp=10485760
CHECKPOINT row=1 layer=20 checkpoint=CP3-F object=layer_attn_state_kv result=MISMATCH element_count=8192 first_mismatch_index=4096 actual_bits=0xbdc0dbd4 expected_bits=0xbdc0f728 mismatch_count=2048 max_abs=0.00123374 max_rel=1.60334 max_ulp=1944272577
CHECKPOINT row=1 layer=20 checkpoint=CP3-F object=layer_attn_state_score result=MISMATCH element_count=8192 first_mismatch_index=4096 actual_bits=0xbf84b8ef expected_bits=0xbf84a8dc mismatch_count=2048 max_abs=0.003685 max_rel=0.056069 max_ulp=819312
CHECKPOINT row=1 layer=20 checkpoint=CP3-F object=layer_n_comp result=EXACT element_count=1 mismatch_count=0
CHECKPOINT row=1 layer=20 checkpoint=CP3-F object=attn_emitted_row_count result=EXACT element_count=1 mismatch_count=0
CHECKPOINT row=1 layer=20 checkpoint=CP3-F object=layer_index_state_kv result=MISMATCH element_count=2048 first_mismatch_index=1024 actual_bits=0xbb5e7684 expected_bits=0xbb595dc0 mismatch_count=512 max_abs=0.00166303 max_rel=0.377503 max_ulp=5820672
CHECKPOINT row=1 layer=20 checkpoint=CP3-F object=layer_index_state_score result=MISMATCH element_count=2048 first_mismatch_index=1024 actual_bits=0xbf6fa4dd expected_bits=0xbf6f8a2d mismatch_count=512 max_abs=0.00438428 max_rel=0.134183 max_ulp=2154336
CHECKPOINT row=1 layer=20 checkpoint=CP3-F object=layer_n_index_comp result=EXACT element_count=1 mismatch_count=0
CHECKPOINT row=1 layer=20 checkpoint=CP3-F object=index_emitted_row_count result=EXACT element_count=1 mismatch_count=0
CHECKPOINT row=1 layer=20 checkpoint=CP4 object=post_attention_hidden_state result=MISMATCH element_count=16384 first_mismatch_index=0 actual_bits=0xbc9c156f expected_bits=0xbc95efa7 mismatch_count=16384 max_abs=0.0211201 max_rel=1.9563 max_ulp=1988267363
CHECKPOINT row=1 layer=20 checkpoint=CP5 object=final_layer_hidden_state result=MISMATCH element_count=16384 first_mismatch_index=0 actual_bits=0x3e410e18 expected_bits=0x3e41ffec mismatch_count=16384 max_abs=0.0274995 max_rel=1.83308 max_ulp=1991920615
CHECKPOINT row=1 layer=21 checkpoint=CP1 object=normalized_attention_input result=MISMATCH element_count=4096 first_mismatch_index=0 actual_bits=0x3d82ef85 expected_bits=0x3d833970 mismatch_count=4096 max_abs=0.000591997 max_rel=1.24487 max_ulp=1916828919
CHECKPOINT row=1 layer=21 checkpoint=CP2-Q object=q_projection result=MISMATCH element_count=1024 first_mismatch_index=0 actual_bits=0xbd5f0b7c expected_bits=0xbd5c5d4f mismatch_count=1024 max_abs=0.000907652 max_rel=1.30146 max_ulp=1915385857
CHECKPOINT row=1 layer=21 checkpoint=CP2-KV-P object=kv_projection result=MISMATCH element_count=512 first_mismatch_index=0 actual_bits=0xbd60ede2 expected_bits=0xbd62a491 mismatch_count=512 max_abs=0.00100899 max_rel=0.2279 max_ulp=2610032
CHECKPOINT row=1 layer=21 checkpoint=CP2-KV-R object=raw_kv_row result=MISMATCH element_count=512 first_mismatch_index=3 actual_bits=0xbb200000 expected_bits=0xbb000000 mismatch_count=95 max_abs=0.0625 max_rel=0.25 max_ulp=3145728
CHECKPOINT row=1 layer=21 checkpoint=CP3-F object=layer_attn_state_kv result=MISMATCH element_count=65536 first_mismatch_index=8192 actual_bits=0x3b9d2950 expected_bits=0x3b9baa58 mismatch_count=1024 max_abs=0.000769138 max_rel=1.18758 max_ulp=1849030657
CHECKPOINT row=1 layer=21 checkpoint=CP3-F object=layer_attn_state_score result=MISMATCH element_count=65536 first_mismatch_index=8192 actual_bits=0x3e7ff990 expected_bits=0x3e80048c mismatch_count=1024 max_abs=0.00148827 max_rel=0.58189 max_ulp=10050672
CHECKPOINT row=1 layer=21 checkpoint=CP3-F object=layer_n_comp result=EXACT element_count=1 mismatch_count=0
CHECKPOINT row=1 layer=21 checkpoint=CP3-F object=attn_emitted_row_count result=EXACT element_count=1 mismatch_count=0
CHECKPOINT row=1 layer=21 checkpoint=CP4 object=post_attention_hidden_state result=MISMATCH element_count=16384 first_mismatch_index=0 actual_bits=0x3e3e6748 expected_bits=0x3e3e2e6f mismatch_count=16384 max_abs=0.0267875 max_rel=1.60818 max_ulp=1996005148
CHECKPOINT row=1 layer=21 checkpoint=CP5 object=final_layer_hidden_state result=MISMATCH element_count=16384 first_mismatch_index=0 actual_bits=0x3d90c683 expected_bits=0x3d902c14 mismatch_count=16383 max_abs=0.0270991 max_rel=1.93131 max_ulp=2004508382
CHECKPOINT row=1 layer=22 checkpoint=CP1 object=normalized_attention_input result=MISMATCH element_count=4096 first_mismatch_index=0 actual_bits=0x3da85eee expected_bits=0x3da874fd mismatch_count=4096 max_abs=0.01171 max_rel=1.98373 max_ulp=1917623792
CHECKPOINT row=1 layer=22 checkpoint=CP2-Q object=q_projection result=MISMATCH element_count=1024 first_mismatch_index=0 actual_bits=0xbda3983f expected_bits=0xbda32b38 mismatch_count=1024 max_abs=0.00170526 max_rel=0.859277 max_ulp=23302048
CHECKPOINT row=1 layer=22 checkpoint=CP2-KV-P object=kv_projection result=MISMATCH element_count=512 first_mismatch_index=0 actual_bits=0xbe1e2ed7 expected_bits=0xbe1dbfd2 mismatch_count=512 max_abs=0.00147575 max_rel=0.631243 max_ulp=11561216
CHECKPOINT row=1 layer=22 checkpoint=CP2-KV-R object=raw_kv_row result=MISMATCH element_count=512 first_mismatch_index=26 actual_bits=0x3bc00000 expected_bits=0x3c000000 mismatch_count=91 max_abs=0.125 max_rel=0.633333 max_ulp=12582912
CHECKPOINT row=1 layer=22 checkpoint=CP3-F object=layer_attn_state_kv result=MISMATCH element_count=8192 first_mismatch_index=4096 actual_bits=0xbde7f544 expected_bits=0xbde7ff4b mismatch_count=2048 max_abs=0.00256124 max_rel=1.25862 max_ulp=1927815425
CHECKPOINT row=1 layer=22 checkpoint=CP3-F object=layer_attn_state_score result=MISMATCH element_count=8192 first_mismatch_index=4096 actual_bits=0xbfe4a635 expected_bits=0xbfe499dc mismatch_count=2048 max_abs=0.00894827 max_rel=1.04927 max_ulp=1935743233
CHECKPOINT row=1 layer=22 checkpoint=CP3-F object=layer_n_comp result=EXACT element_count=1 mismatch_count=0
CHECKPOINT row=1 layer=22 checkpoint=CP3-F object=attn_emitted_row_count result=EXACT element_count=1 mismatch_count=0
CHECKPOINT row=1 layer=22 checkpoint=CP3-F object=layer_index_state_kv result=MISMATCH element_count=2048 first_mismatch_index=1024 actual_bits=0x3e334467 expected_bits=0x3e3322b1 mismatch_count=512 max_abs=0.00336909 max_rel=0.231648 max_ulp=3833504
CHECKPOINT row=1 layer=22 checkpoint=CP3-F object=layer_index_state_score result=MISMATCH element_count=2048 first_mismatch_index=1024 actual_bits=0xc0095cee expected_bits=0xc0095a52 mismatch_count=512 max_abs=0.00763816 max_rel=0.772235 max_ulp=17815040
CHECKPOINT row=1 layer=22 checkpoint=CP3-F object=layer_n_index_comp result=EXACT element_count=1 mismatch_count=0
CHECKPOINT row=1 layer=22 checkpoint=CP3-F object=index_emitted_row_count result=EXACT element_count=1 mismatch_count=0
CHECKPOINT row=1 layer=22 checkpoint=CP4 object=post_attention_hidden_state result=MISMATCH element_count=16384 first_mismatch_index=0 actual_bits=0xbc5baf15 expected_bits=0xbc65a20a mismatch_count=16384 max_abs=0.0257591 max_rel=1.93962 max_ulp=2010860019
CHECKPOINT row=1 layer=22 checkpoint=CP5 object=final_layer_hidden_state result=MISMATCH element_count=16384 first_mismatch_index=0 actual_bits=0xbd1d211e expected_bits=0xbd20083c mismatch_count=16384 max_abs=0.0254914 max_rel=1.88385 max_ulp=2010563981
CHECKPOINT row=1 layer=23 checkpoint=CP1 object=normalized_attention_input result=MISMATCH element_count=4096 first_mismatch_index=0 actual_bits=0x3d1913b3 expected_bits=0x3d18d48b mismatch_count=4096 max_abs=0.000619318 max_rel=1.70212 max_ulp=1904932975
CHECKPOINT row=1 layer=23 checkpoint=CP2-Q object=q_projection result=MISMATCH element_count=1024 first_mismatch_index=0 actual_bits=0x3c6e6184 expected_bits=0x3c6833e0 mismatch_count=1024 max_abs=0.000969797 max_rel=1.52487 max_ulp=1907789569
CHECKPOINT row=1 layer=23 checkpoint=CP2-KV-P object=kv_projection result=MISMATCH element_count=512 first_mismatch_index=0 actual_bits=0xbd840c19 expected_bits=0xbd84592c mismatch_count=512 max_abs=0.00103521 max_rel=1.08349 max_ulp=1918157825
CHECKPOINT row=1 layer=23 checkpoint=CP2-KV-R object=raw_kv_row result=MISMATCH element_count=512 first_mismatch_index=17 actual_bits=0x3cd00000 expected_bits=0x3ce00000 mismatch_count=80 max_abs=0.125 max_rel=1.07955 max_ulp=1955594241
CHECKPOINT row=1 layer=23 checkpoint=CP3-F object=layer_attn_state_kv result=MISMATCH element_count=65536 first_mismatch_index=8192 actual_bits=0x3e4b28ac expected_bits=0x3e4b3152 mismatch_count=1024 max_abs=0.00126368 max_rel=0.493695 max_ulp=8210112
CHECKPOINT row=1 layer=23 checkpoint=CP3-F object=layer_attn_state_score result=MISMATCH element_count=65536 first_mismatch_index=8192 actual_bits=0xbdb64bc1 expected_bits=0xbdb54478 mismatch_count=1024 max_abs=0.00131989 max_rel=1.07327 max_ulp=1927820417
CHECKPOINT row=1 layer=23 checkpoint=CP3-F object=layer_n_comp result=EXACT element_count=1 mismatch_count=0
CHECKPOINT row=1 layer=23 checkpoint=CP3-F object=attn_emitted_row_count result=EXACT element_count=1 mismatch_count=0
CHECKPOINT row=1 layer=23 checkpoint=CP4 object=post_attention_hidden_state result=MISMATCH element_count=16384 first_mismatch_index=0 actual_bits=0xbc6cacd8 expected_bits=0xbc77ecd9 mismatch_count=16383 max_abs=0.0246652 max_rel=1.83653 max_ulp=2003389030
CHECKPOINT row=1 layer=23 checkpoint=CP5 object=final_layer_hidden_state result=MISMATCH element_count=16384 first_mismatch_index=0 actual_bits=0xba6fd700 expected_bits=0xbac1687b mismatch_count=16384 max_abs=0.0241102 max_rel=1.91615 max_ulp=2008365905
CHECKPOINT row=1 layer=24 checkpoint=CP1 object=normalized_attention_input result=MISMATCH element_count=4096 first_mismatch_index=0 actual_bits=0x3d075309 expected_bits=0x3d07357f mismatch_count=4096 max_abs=0.00588679 max_rel=1.60899 max_ulp=1927083488
CHECKPOINT row=1 layer=24 checkpoint=CP2-Q object=q_projection result=MISMATCH element_count=1024 first_mismatch_index=0 actual_bits=0xbea84846 expected_bits=0xbea8a1b4 mismatch_count=1024 max_abs=0.00135697 max_rel=1.21035 max_ulp=1919791873
CHECKPOINT row=1 layer=24 checkpoint=CP2-KV-P object=kv_projection result=MISMATCH element_count=512 first_mismatch_index=0 actual_bits=0xbe60d2d6 expected_bits=0xbe6018a8 mismatch_count=512 max_abs=0.00132859 max_rel=0.968651 max_ulp=41899008
CHECKPOINT row=1 layer=24 checkpoint=CP2-KV-R object=raw_kv_row result=MISMATCH element_count=512 first_mismatch_index=2 actual_bits=0xbad00000 expected_bits=0xb8400000 mismatch_count=89 max_abs=0.03125 max_rel=0.971154 max_ulp=42991616
CHECKPOINT row=1 layer=24 checkpoint=CP3-F object=layer_attn_state_kv result=MISMATCH element_count=8192 first_mismatch_index=4096 actual_bits=0xbe5a5b12 expected_bits=0xbe5a5cb7 mismatch_count=2047 max_abs=0.00163531 max_rel=1.77157 max_ulp=1930173185
CHECKPOINT row=1 layer=24 checkpoint=CP3-F object=layer_attn_state_score result=MISMATCH element_count=8192 first_mismatch_index=4096 actual_bits=0xc011b153 expected_bits=0xc011a085 mismatch_count=2048 max_abs=0.00709248 max_rel=0.313735 max_ulp=4743552
CHECKPOINT row=1 layer=24 checkpoint=CP3-F object=layer_n_comp result=EXACT element_count=1 mismatch_count=0
CHECKPOINT row=1 layer=24 checkpoint=CP3-F object=attn_emitted_row_count result=EXACT element_count=1 mismatch_count=0
CHECKPOINT row=1 layer=24 checkpoint=CP3-F object=layer_index_state_kv result=MISMATCH element_count=2048 first_mismatch_index=1024 actual_bits=0xbdb2dc1c expected_bits=0xbdb330f4 mismatch_count=512 max_abs=0.00133476 max_rel=0.172824 max_ulp=2451072
CHECKPOINT row=1 layer=24 checkpoint=CP3-F object=layer_index_state_score result=MISMATCH element_count=2048 first_mismatch_index=1024 actual_bits=0xc0084a26 expected_bits=0xc008399b mismatch_count=512 max_abs=0.00632381 max_rel=0.029746 max_ulp=418784
CHECKPOINT row=1 layer=24 checkpoint=CP3-F object=layer_n_index_comp result=EXACT element_count=1 mismatch_count=0
CHECKPOINT row=1 layer=24 checkpoint=CP3-F object=index_emitted_row_count result=EXACT element_count=1 mismatch_count=0
CHECKPOINT row=1 layer=24 checkpoint=CP4 object=post_attention_hidden_state result=MISMATCH element_count=16384 first_mismatch_index=0 actual_bits=0x3f524fa8 expected_bits=0x3f51a59e mismatch_count=16384 max_abs=0.0235896 max_rel=1.64661 max_ulp=1990676598
CHECKPOINT row=1 layer=24 checkpoint=CP5 object=final_layer_hidden_state result=MISMATCH element_count=16384 first_mismatch_index=0 actual_bits=0x3f141a58 expected_bits=0x3f132fc3 mismatch_count=16384 max_abs=0.0234585 max_rel=1.59367 max_ulp=1988465169
CHECKPOINT row=1 layer=25 checkpoint=CP1 object=normalized_attention_input result=MISMATCH element_count=4096 first_mismatch_index=0 actual_bits=0x3bb14be3 expected_bits=0x3bb193cf mismatch_count=4096 max_abs=0.000173431 max_rel=1.20766 max_ulp=1890238742
CHECKPOINT row=1 layer=25 checkpoint=CP2-Q object=q_projection result=MISMATCH element_count=1024 first_mismatch_index=0 actual_bits=0xbcefdd6a expected_bits=0xbcf0714f mismatch_count=1024 max_abs=0.000244247 max_rel=1.66609 max_ulp=1901552769
CHECKPOINT row=1 layer=25 checkpoint=CP2-KV-P object=kv_projection result=MISMATCH element_count=512 first_mismatch_index=0 actual_bits=0xbc202d8a expected_bits=0xbc1ec7d8 mismatch_count=512 max_abs=0.000262558 max_rel=1.25652 max_ulp=1905838529
CHECKPOINT row=1 layer=25 checkpoint=CP2-KV-R object=raw_kv_row result=MISMATCH element_count=512 first_mismatch_index=1 actual_bits=0x3d500000 expected_bits=0x3d600000 mismatch_count=95 max_abs=0.0625 max_rel=1.25 max_ulp=1977614337
CHECKPOINT row=1 layer=25 checkpoint=CP3-F object=layer_attn_state_kv result=MISMATCH element_count=65536 first_mismatch_index=8192 actual_bits=0x3d92a8c9 expected_bits=0x3d92b538 mismatch_count=1024 max_abs=0.00026219 max_rel=1.39769 max_ulp=1857667585
CHECKPOINT row=1 layer=25 checkpoint=CP3-F object=layer_attn_state_score result=MISMATCH element_count=65536 first_mismatch_index=8192 actual_bits=0xbd07dd10 expected_bits=0xbd07f85b mismatch_count=1024 max_abs=0.00108787 max_rel=0.611707 max_ulp=11175808
CHECKPOINT row=1 layer=25 checkpoint=CP3-F object=layer_n_comp result=EXACT element_count=1 mismatch_count=0
CHECKPOINT row=1 layer=25 checkpoint=CP3-F object=attn_emitted_row_count result=EXACT element_count=1 mismatch_count=0
CHECKPOINT row=1 layer=25 checkpoint=CP4 object=post_attention_hidden_state result=MISMATCH element_count=16384 first_mismatch_index=0 actual_bits=0x3f1bf33e expected_bits=0x3f1b2e3b mismatch_count=16384 max_abs=0.0374832 max_rel=1.91815 max_ulp=2005112202
CHECKPOINT row=1 layer=25 checkpoint=CP5 object=final_layer_hidden_state result=MISMATCH element_count=16384 first_mismatch_index=0 actual_bits=0x3f21ff9b expected_bits=0x3f212fbf mismatch_count=16383 max_abs=0.0372133 max_rel=1.76479 max_ulp=2027488313
CHECKPOINT row=1 layer=26 checkpoint=CP1 object=normalized_attention_input result=MISMATCH element_count=4096 first_mismatch_index=0 actual_bits=0x3c9468fc expected_bits=0x3c95cc0a mismatch_count=4096 max_abs=0.00528374 max_rel=1.34885 max_ulp=1910759316
CHECKPOINT row=1 layer=26 checkpoint=CP2-Q object=q_projection result=MISMATCH element_count=1024 first_mismatch_index=0 actual_bits=0xbb75f190 expected_bits=0xbb72c750 mismatch_count=1024 max_abs=0.00079897 max_rel=1.62243 max_ulp=1932832897
CHECKPOINT row=1 layer=26 checkpoint=CP2-KV-P object=kv_projection result=MISMATCH element_count=512 first_mismatch_index=0 actual_bits=0x3df2ff46 expected_bits=0x3df2ae22 mismatch_count=512 max_abs=0.00089273 max_rel=0.870993 max_ulp=24872192
CHECKPOINT row=1 layer=26 checkpoint=CP2-KV-R object=raw_kv_row result=MISMATCH element_count=512 first_mismatch_index=34 actual_bits=0x3ec00000 expected_bits=0x3eb00000 mismatch_count=87 max_abs=0.0625 max_rel=0.866071 max_ulp=24117248
CHECKPOINT row=1 layer=26 checkpoint=CP3-F object=layer_attn_state_kv result=MISMATCH element_count=8192 first_mismatch_index=4096 actual_bits=0xbe8c7f7b expected_bits=0xbe8c7bee mismatch_count=2048 max_abs=0.000912547 max_rel=1.53857 max_ulp=1927717121
CHECKPOINT row=1 layer=26 checkpoint=CP3-F object=layer_attn_state_score result=MISMATCH element_count=8192 first_mismatch_index=4096 actual_bits=0x3e189134 expected_bits=0x3e1b5d1c mismatch_count=2048 max_abs=0.00564957 max_rel=1.23851 max_ulp=1968089601
CHECKPOINT row=1 layer=26 checkpoint=CP3-F object=layer_n_comp result=EXACT element_count=1 mismatch_count=0
CHECKPOINT row=1 layer=26 checkpoint=CP3-F object=attn_emitted_row_count result=EXACT element_count=1 mismatch_count=0
CHECKPOINT row=1 layer=26 checkpoint=CP3-F object=layer_index_state_kv result=MISMATCH element_count=2048 first_mismatch_index=1024 actual_bits=0x3de7c649 expected_bits=0x3de78c8e mismatch_count=512 max_abs=0.000747044 max_rel=0.421518 max_ulp=6469176
CHECKPOINT row=1 layer=26 checkpoint=CP3-F object=layer_index_state_score result=MISMATCH element_count=2048 first_mismatch_index=1024 actual_bits=0x3e48d18f expected_bits=0x3e4bf380 mismatch_count=512 max_abs=0.00700158 max_rel=1.76626 max_ulp=1976339553
CHECKPOINT row=1 layer=26 checkpoint=CP3-F object=layer_n_index_comp result=EXACT element_count=1 mismatch_count=0
CHECKPOINT row=1 layer=26 checkpoint=CP3-F object=index_emitted_row_count result=EXACT element_count=1 mismatch_count=0
CHECKPOINT row=1 layer=26 checkpoint=CP4 object=post_attention_hidden_state result=MISMATCH element_count=16384 first_mismatch_index=0 actual_bits=0x3f198e10 expected_bits=0x3f18d31c mismatch_count=16384 max_abs=0.0370061 max_rel=1.61455 max_ulp=2022994543
CHECKPOINT row=1 layer=26 checkpoint=CP5 object=final_layer_hidden_state result=MISMATCH element_count=16384 first_mismatch_index=0 actual_bits=0x3fa681d2 expected_bits=0x3fa64a6c mismatch_count=16384 max_abs=0.0366715 max_rel=1.71639 max_ulp=2016906096
CHECKPOINT row=1 layer=27 checkpoint=CP1 object=normalized_attention_input result=MISMATCH element_count=4096 first_mismatch_index=0 actual_bits=0x3d112c87 expected_bits=0x3d11a2e1 mismatch_count=4096 max_abs=0.000435003 max_rel=1.8231 max_ulp=1913257858
CHECKPOINT row=1 layer=27 checkpoint=CP2-Q object=q_projection result=MISMATCH element_count=1024 first_mismatch_index=0 actual_bits=0x3a0c84e0 expected_bits=0x39ee7f00 mismatch_count=1024 max_abs=0.000619516 max_rel=1.65966 max_ulp=1890547713
CHECKPOINT row=1 layer=27 checkpoint=CP2-KV-P object=kv_projection result=MISMATCH element_count=512 first_mismatch_index=0 actual_bits=0x3b959188 expected_bits=0x3b943888 mismatch_count=512 max_abs=0.0011396 max_rel=0.545162 max_ulp=9730048
CHECKPOINT row=1 layer=27 checkpoint=CP2-KV-R object=raw_kv_row result=MISMATCH element_count=512 first_mismatch_index=14 actual_bits=0xbf100000 expected_bits=0xbf000000 mismatch_count=87 max_abs=0.25 max_rel=0.576923 max_ulp=10485760
CHECKPOINT row=1 layer=27 checkpoint=CP3-F object=layer_attn_state_kv result=MISMATCH element_count=65536 first_mismatch_index=8192 actual_bits=0xbc941f51 expected_bits=0xbc92c48a mismatch_count=1024 max_abs=0.000724405 max_rel=1.32642 max_ulp=1921543745
CHECKPOINT row=1 layer=27 checkpoint=CP3-F object=layer_attn_state_score result=MISMATCH element_count=65536 first_mismatch_index=8192 actual_bits=0xbde74f92 expected_bits=0xbde81cc7 mismatch_count=1023 max_abs=0.00170258 max_rel=0.437662 max_ulp=6696224
CHECKPOINT row=1 layer=27 checkpoint=CP3-F object=layer_n_comp result=EXACT element_count=1 mismatch_count=0
CHECKPOINT row=1 layer=27 checkpoint=CP3-F object=attn_emitted_row_count result=EXACT element_count=1 mismatch_count=0
CHECKPOINT row=1 layer=27 checkpoint=CP4 object=post_attention_hidden_state result=MISMATCH element_count=16384 first_mismatch_index=0 actual_bits=0x3fd28c86 expected_bits=0x3fd1a69c mismatch_count=16384 max_abs=0.0365794 max_rel=1.67481 max_ulp=2020028504
CHECKPOINT row=1 layer=27 checkpoint=CP5 object=final_layer_hidden_state result=MISMATCH element_count=16384 first_mismatch_index=0 actual_bits=0x3fed7526 expected_bits=0x3fec8612 mismatch_count=16384 max_abs=0.0363801 max_rel=1.74875 max_ulp=2020393136
CHECKPOINT row=1 layer=28 checkpoint=CP1 object=normalized_attention_input result=MISMATCH element_count=4096 first_mismatch_index=0 actual_bits=0x3d0534e9 expected_bits=0x3d05d75f mismatch_count=4095 max_abs=0.00168037 max_rel=1.43646 max_ulp=1905047508
CHECKPOINT row=1 layer=28 checkpoint=CP2-Q object=q_projection result=MISMATCH element_count=1024 first_mismatch_index=0 actual_bits=0x3e484768 expected_bits=0x3e47dd7a mismatch_count=1024 max_abs=0.000808351 max_rel=0.507881 max_ulp=8626688
CHECKPOINT row=1 layer=28 checkpoint=CP2-KV-P object=kv_projection result=MISMATCH element_count=512 first_mismatch_index=0 actual_bits=0x3dd994d3 expected_bits=0x3dd8f1d5 mismatch_count=512 max_abs=0.000636347 max_rel=0.221376 max_ulp=3056256
CHECKPOINT row=1 layer=28 checkpoint=CP2-KV-R object=raw_kv_row result=MISMATCH element_count=512 first_mismatch_index=3 actual_bits=0x3cc00000 expected_bits=0x3cd00000 mismatch_count=81 max_abs=0.0625 max_rel=0.25 max_ulp=3145728
CHECKPOINT row=1 layer=28 checkpoint=CP3-F object=layer_attn_state_kv result=MISMATCH element_count=8192 first_mismatch_index=4096 actual_bits=0x3d88c6bc expected_bits=0x3d889c58 mismatch_count=2048 max_abs=0.00129315 max_rel=0.591717 max_ulp=10931712
CHECKPOINT row=1 layer=28 checkpoint=CP3-F object=layer_attn_state_score result=MISMATCH element_count=8192 first_mismatch_index=4096 actual_bits=0x3fbe9be4 expected_bits=0x3fbeed46 mismatch_count=2047 max_abs=0.00450158 max_rel=0.101495 max_ulp=996480
CHECKPOINT row=1 layer=28 checkpoint=CP3-F object=layer_n_comp result=EXACT element_count=1 mismatch_count=0
CHECKPOINT row=1 layer=28 checkpoint=CP3-F object=attn_emitted_row_count result=EXACT element_count=1 mismatch_count=0
CHECKPOINT row=1 layer=28 checkpoint=CP3-F object=layer_index_state_kv result=MISMATCH element_count=2048 first_mismatch_index=1024 actual_bits=0xbe608b67 expected_bits=0xbe60a306 mismatch_count=511 max_abs=0.000891872 max_rel=0.698308 max_ulp=14463872
CHECKPOINT row=1 layer=28 checkpoint=CP3-F object=layer_index_state_score result=MISMATCH element_count=2048 first_mismatch_index=1024 actual_bits=0x3fc0c15a expected_bits=0x3fc119af mismatch_count=512 max_abs=0.00521898 max_rel=0.00701644 max_ulp=89896
CHECKPOINT row=1 layer=28 checkpoint=CP3-F object=layer_n_index_comp result=EXACT element_count=1 mismatch_count=0
CHECKPOINT row=1 layer=28 checkpoint=CP3-F object=index_emitted_row_count result=EXACT element_count=1 mismatch_count=0
CHECKPOINT row=1 layer=28 checkpoint=CP4 object=post_attention_hidden_state result=MISMATCH element_count=16384 first_mismatch_index=0 actual_bits=0x3fe9a47f expected_bits=0x3fe8bc2e mismatch_count=16384 max_abs=0.0357809 max_rel=1.98723 max_ulp=2018063306
CHECKPOINT row=1 layer=28 checkpoint=CP5 object=final_layer_hidden_state result=MISMATCH element_count=16384 first_mismatch_index=0 actual_bits=0x3fc13122 expected_bits=0x3fc040fb mismatch_count=16384 max_abs=0.0357403 max_rel=1.79396 max_ulp=1999193643
CHECKPOINT row=1 layer=29 checkpoint=CP1 object=normalized_attention_input result=MISMATCH element_count=4096 first_mismatch_index=0 actual_bits=0x3d050bb6 expected_bits=0x3d06418c mismatch_count=4096 max_abs=0.00047506 max_rel=1.32249 max_ulp=1898801801
CHECKPOINT row=1 layer=29 checkpoint=CP2-Q object=q_projection result=MISMATCH element_count=1024 first_mismatch_index=0 actual_bits=0xbe164f82 expected_bits=0xbe167a43 mismatch_count=1024 max_abs=0.000884254 max_rel=1.01153 max_ulp=1876870913
CHECKPOINT row=1 layer=29 checkpoint=CP2-KV-P object=kv_projection result=MISMATCH element_count=512 first_mismatch_index=0 actual_bits=0xbcc7f33c expected_bits=0xbcc71ddc mismatch_count=512 max_abs=0.0007545 max_rel=0.482432 max_ulp=7962624
CHECKPOINT row=1 layer=29 checkpoint=CP2-KV-R object=raw_kv_row result=MISMATCH element_count=512 first_mismatch_index=0 actual_bits=0xbe700000 expected_bits=0xbe600000 mismatch_count=101 max_abs=0.125 max_rel=0.5 max_ulp=8388608
CHECKPOINT row=1 layer=29 checkpoint=CP3-F object=layer_attn_state_kv result=MISMATCH element_count=65536 first_mismatch_index=8192 actual_bits=0x3e120052 expected_bits=0x3e11cda8 mismatch_count=1024 max_abs=0.00225432 max_rel=0.600093 max_ulp=10875264
CHECKPOINT row=1 layer=29 checkpoint=CP3-F object=layer_attn_state_score result=MISMATCH element_count=65536 first_mismatch_index=8192 actual_bits=0x3dc24f60 expected_bits=0x3dc44ab8 mismatch_count=1024 max_abs=0.00262481 max_rel=0.69606 max_ulp=14759200
CHECKPOINT row=1 layer=29 checkpoint=CP3-F object=layer_n_comp result=EXACT element_count=1 mismatch_count=0
CHECKPOINT row=1 layer=29 checkpoint=CP3-F object=attn_emitted_row_count result=EXACT element_count=1 mismatch_count=0
CHECKPOINT row=1 layer=29 checkpoint=CP4 object=post_attention_hidden_state result=MISMATCH element_count=16384 first_mismatch_index=0 actual_bits=0x3fc051a6 expected_bits=0x3fbf6356 mismatch_count=16384 max_abs=0.039711 max_rel=1.7776 max_ulp=2023517815
CHECKPOINT row=1 layer=29 checkpoint=CP5 object=final_layer_hidden_state result=MISMATCH element_count=16384 first_mismatch_index=0 actual_bits=0x3f890d03 expected_bits=0x3f881aef mismatch_count=16384 max_abs=0.0395656 max_rel=1.93864 max_ulp=2019305760
CHECKPOINT row=1 layer=30 checkpoint=CP1 object=normalized_attention_input result=MISMATCH element_count=4096 first_mismatch_index=0 actual_bits=0x3d3d7eeb expected_bits=0x3d3e6a04 mismatch_count=4096 max_abs=0.00620985 max_rel=1.97791 max_ulp=1924035514
CHECKPOINT row=1 layer=30 checkpoint=CP2-Q object=q_projection result=MISMATCH element_count=1024 first_mismatch_index=0 actual_bits=0x3b985db8 expected_bits=0x3bab6008 mismatch_count=1024 max_abs=0.00143974 max_rel=0.653025 max_ulp=12404096
CHECKPOINT row=1 layer=30 checkpoint=CP2-KV-P object=kv_projection result=MISMATCH element_count=512 first_mismatch_index=0 actual_bits=0xbcdba4d2 expected_bits=0xbcdbfe03 mismatch_count=512 max_abs=0.00184721 max_rel=1.52101 max_ulp=1937834881
CHECKPOINT row=1 layer=30 checkpoint=CP2-KV-R object=raw_kv_row result=MISMATCH element_count=512 first_mismatch_index=3 actual_bits=0x3e600000 expected_bits=0x3e700000 mismatch_count=112 max_abs=0.0625 max_rel=1.53571 max_ulp=1968177153
CHECKPOINT row=1 layer=30 checkpoint=CP3-F object=layer_attn_state_kv result=MISMATCH element_count=8192 first_mismatch_index=4096 actual_bits=0xbca21a71 expected_bits=0xbca1f6da mismatch_count=2048 max_abs=0.00221251 max_rel=1.1674 max_ulp=1901779969
CHECKPOINT row=1 layer=30 checkpoint=CP3-F object=layer_attn_state_score result=MISMATCH element_count=8192 first_mismatch_index=4096 actual_bits=0x3f4049f8 expected_bits=0x3f3fe71c mismatch_count=2048 max_abs=0.0105706 max_rel=0.811413 max_ulp=19878912
CHECKPOINT row=1 layer=30 checkpoint=CP3-F object=layer_n_comp result=EXACT element_count=1 mismatch_count=0
CHECKPOINT row=1 layer=30 checkpoint=CP3-F object=attn_emitted_row_count result=EXACT element_count=1 mismatch_count=0
CHECKPOINT row=1 layer=30 checkpoint=CP3-F object=layer_index_state_kv result=MISMATCH element_count=2048 first_mismatch_index=1024 actual_bits=0x3bac9784 expected_bits=0x3bb260e0 mismatch_count=512 max_abs=0.00188056 max_rel=0.218357 max_ulp=2915872
CHECKPOINT row=1 layer=30 checkpoint=CP3-F object=layer_index_state_score result=MISMATCH element_count=2048 first_mismatch_index=1024 actual_bits=0x3eed10e6 expected_bits=0x3eebd89c mismatch_count=512 max_abs=0.0118711 max_rel=1.03542 max_ulp=1935699969
CHECKPOINT row=1 layer=30 checkpoint=CP3-F object=layer_n_index_comp result=EXACT element_count=1 mismatch_count=0
CHECKPOINT row=1 layer=30 checkpoint=CP3-F object=index_emitted_row_count result=EXACT element_count=1 mismatch_count=0
CHECKPOINT row=1 layer=30 checkpoint=CP4 object=post_attention_hidden_state result=MISMATCH element_count=16384 first_mismatch_index=0 actual_bits=0x3f8bbfb3 expected_bits=0x3f8b4e7a mismatch_count=16384 max_abs=0.103268 max_rel=1.98802 max_ulp=2039471981
CHECKPOINT row=1 layer=30 checkpoint=CP5 object=final_layer_hidden_state result=MISMATCH element_count=16384 first_mismatch_index=0 actual_bits=0x3f58e1d0 expected_bits=0x3f5876d1 mismatch_count=16384 max_abs=0.101332 max_rel=1.9901 max_ulp=2039523193
CHECKPOINT row=1 layer=31 checkpoint=CP1 object=normalized_attention_input result=MISMATCH element_count=4096 first_mismatch_index=0 actual_bits=0x3c2e1ac0 expected_bits=0x3c3380ac mismatch_count=4096 max_abs=0.000808166 max_rel=1.50197 max_ulp=1913764515
CHECKPOINT row=1 layer=31 checkpoint=CP2-Q object=q_projection result=MISMATCH element_count=1024 first_mismatch_index=0 actual_bits=0xbc44434a expected_bits=0xbc4539c4 mismatch_count=1024 max_abs=0.000833385 max_rel=0.803729 max_ulp=19572224
CHECKPOINT row=1 layer=31 checkpoint=CP2-KV-P object=kv_projection result=MISMATCH element_count=512 first_mismatch_index=0 actual_bits=0xbd9640f0 expected_bits=0xbd96f8be mismatch_count=512 max_abs=0.000843674 max_rel=0.845218 max_ulp=22143744
CHECKPOINT row=1 layer=31 checkpoint=CP2-KV-R object=raw_kv_row result=MISMATCH element_count=512 first_mismatch_index=6 actual_bits=0x3de00000 expected_bits=0x3dd00000 mismatch_count=111 max_abs=0.125 max_rel=0.85 max_ulp=23068672
CHECKPOINT row=1 layer=31 checkpoint=CP3-F object=layer_attn_state_kv result=MISMATCH element_count=65536 first_mismatch_index=8192 actual_bits=0x3c0d595d expected_bits=0x3c0fee84 mismatch_count=1024 max_abs=0.00106356 max_rel=1.17206 max_ulp=1906485249
CHECKPOINT row=1 layer=31 checkpoint=CP3-F object=layer_attn_state_score result=MISMATCH element_count=65536 first_mismatch_index=8192 actual_bits=0xbd92dc6a expected_bits=0xbd9281ba mismatch_count=1024 max_abs=0.00195473 max_rel=0.820355 max_ulp=20090752
CHECKPOINT row=1 layer=31 checkpoint=CP3-F object=layer_n_comp result=EXACT element_count=1 mismatch_count=0
CHECKPOINT row=1 layer=31 checkpoint=CP3-F object=attn_emitted_row_count result=EXACT element_count=1 mismatch_count=0
CHECKPOINT row=1 layer=31 checkpoint=CP4 object=post_attention_hidden_state result=MISMATCH element_count=16384 first_mismatch_index=0 actual_bits=0x3f3d1208 expected_bits=0x3f3d234d mismatch_count=16384 max_abs=0.100026 max_rel=1.97608 max_ulp=2038697414
CHECKPOINT row=1 layer=31 checkpoint=CP5 object=final_layer_hidden_state result=MISMATCH element_count=16384 first_mismatch_index=0 actual_bits=0x3f64ff65 expected_bits=0x3f65253e mismatch_count=16384 max_abs=0.0952711 max_rel=1.78966 max_ulp=2044544785
CHECKPOINT row=1 layer=32 checkpoint=CP1 object=normalized_attention_input result=MISMATCH element_count=4096 first_mismatch_index=0 actual_bits=0x3cb64b08 expected_bits=0x3cb980db mismatch_count=4096 max_abs=0.00397849 max_rel=1.74099 max_ulp=1938799544
CHECKPOINT row=1 layer=32 checkpoint=CP2-Q object=q_projection result=MISMATCH element_count=1024 first_mismatch_index=0 actual_bits=0x3db4ee8f expected_bits=0x3db4e986 mismatch_count=1024 max_abs=0.00128315 max_rel=0.540352 max_ulp=9383136
CHECKPOINT row=1 layer=32 checkpoint=CP2-KV-P object=kv_projection result=MISMATCH element_count=512 first_mismatch_index=0 actual_bits=0xbae1d5c0 expected_bits=0xbaa10be0 mismatch_count=512 max_abs=0.00202362 max_rel=0.796 max_ulp=19012480
CHECKPOINT row=1 layer=32 checkpoint=CP2-KV-R object=raw_kv_row result=MISMATCH element_count=512 first_mismatch_index=0 actual_bits=0xbc300000 expected_bits=0xbbf00000 mismatch_count=123 max_abs=0.125 max_rel=0.805556 max_ulp=19922944
CHECKPOINT row=1 layer=32 checkpoint=CP3-F object=layer_attn_state_kv result=MISMATCH element_count=8192 first_mismatch_index=4096 actual_bits=0xbcc9c99a expected_bits=0xbccdaaea mismatch_count=2048 max_abs=0.00159247 max_rel=1.61733 max_ulp=1922345217
CHECKPOINT row=1 layer=32 checkpoint=CP3-F object=layer_attn_state_score result=MISMATCH element_count=8192 first_mismatch_index=4096 actual_bits=0xbfdb9de0 expected_bits=0xbfdd2a83 mismatch_count=2048 max_abs=0.0169203 max_rel=0.453878 max_ulp=7096320
CHECKPOINT row=1 layer=32 checkpoint=CP3-F object=layer_n_comp result=EXACT element_count=1 mismatch_count=0
CHECKPOINT row=1 layer=32 checkpoint=CP3-F object=attn_emitted_row_count result=EXACT element_count=1 mismatch_count=0
CHECKPOINT row=1 layer=32 checkpoint=CP3-F object=layer_index_state_kv result=MISMATCH element_count=2048 first_mismatch_index=1024 actual_bits=0x3e114971 expected_bits=0x3e1129ba mismatch_count=512 max_abs=0.00254703 max_rel=0.671303 max_ulp=14117632
CHECKPOINT row=1 layer=32 checkpoint=CP3-F object=layer_index_state_score result=MISMATCH element_count=2048 first_mismatch_index=1024 actual_bits=0xbfebd91a expected_bits=0xbfed51b2 mismatch_count=512 max_abs=0.0155463 max_rel=0.352397 max_ulp=4994208
CHECKPOINT row=1 layer=32 checkpoint=CP3-F object=layer_n_index_comp result=EXACT element_count=1 mismatch_count=0
CHECKPOINT row=1 layer=32 checkpoint=CP3-F object=index_emitted_row_count result=EXACT element_count=1 mismatch_count=0
CHECKPOINT row=1 layer=32 checkpoint=CP4 object=post_attention_hidden_state result=MISMATCH element_count=16384 first_mismatch_index=0 actual_bits=0x3f6fb605 expected_bits=0x3f6feb46 mismatch_count=16384 max_abs=0.0985069 max_rel=1.9682 max_ulp=2035910984
CHECKPOINT row=1 layer=32 checkpoint=CP5 object=final_layer_hidden_state result=MISMATCH element_count=16384 first_mismatch_index=0 actual_bits=0x3fa1d9e6 expected_bits=0x3fa23ac6 mismatch_count=16384 max_abs=0.0983238 max_rel=1.84922 max_ulp=2029536272
CHECKPOINT row=1 layer=33 checkpoint=CP1 object=normalized_attention_input result=MISMATCH element_count=4096 first_mismatch_index=0 actual_bits=0x3ce7fc92 expected_bits=0x3ceb1396 mismatch_count=4096 max_abs=0.000972815 max_rel=1.21997 max_ulp=1907294156
CHECKPOINT row=1 layer=33 checkpoint=CP2-Q object=q_projection result=MISMATCH element_count=1024 first_mismatch_index=0 actual_bits=0xbdee78ea expected_bits=0xbdee61fa mismatch_count=1024 max_abs=0.00115304 max_rel=1.94022 max_ulp=1938685185
CHECKPOINT row=1 layer=33 checkpoint=CP2-KV-P object=kv_projection result=MISMATCH element_count=512 first_mismatch_index=0 actual_bits=0x3c9f86d0 expected_bits=0x3c9dd450 mismatch_count=512 max_abs=0.000970211 max_rel=1.05584 max_ulp=1904829313
CHECKPOINT row=1 layer=33 checkpoint=CP2-KV-R object=raw_kv_row result=MISMATCH element_count=512 first_mismatch_index=2 actual_bits=0x3e100000 expected_bits=0x3e200000 mismatch_count=109 max_abs=0.125 max_rel=1.05625 max_ulp=1966080001
CHECKPOINT row=1 layer=33 checkpoint=CP3-F object=layer_attn_state_kv result=MISMATCH element_count=65536 first_mismatch_index=8192 actual_bits=0x3d1c647d expected_bits=0x3d1c2876 mismatch_count=1024 max_abs=0.000947535 max_rel=1.16418 max_ulp=1926117793
CHECKPOINT row=1 layer=33 checkpoint=CP3-F object=layer_attn_state_score result=MISMATCH element_count=65536 first_mismatch_index=8192 actual_bits=0xbda6535c expected_bits=0xbda66587 mismatch_count=1024 max_abs=0.00362234 max_rel=1.27624 max_ulp=1952276097
CHECKPOINT row=1 layer=33 checkpoint=CP3-F object=layer_n_comp result=EXACT element_count=1 mismatch_count=0
CHECKPOINT row=1 layer=33 checkpoint=CP3-F object=attn_emitted_row_count result=EXACT element_count=1 mismatch_count=0
CHECKPOINT row=1 layer=33 checkpoint=CP4 object=post_attention_hidden_state result=MISMATCH element_count=16384 first_mismatch_index=0 actual_bits=0x3f9f6832 expected_bits=0x3f9fcac2 mismatch_count=16384 max_abs=0.0940299 max_rel=1.93144 max_ulp=2036184470
CHECKPOINT row=1 layer=33 checkpoint=CP5 object=final_layer_hidden_state result=MISMATCH element_count=16384 first_mismatch_index=0 actual_bits=0x4016f52b expected_bits=0x40172781 mismatch_count=16384 max_abs=0.0921183 max_rel=1.94119 max_ulp=2044942012
CHECKPOINT row=1 layer=34 checkpoint=CP1 object=normalized_attention_input result=MISMATCH element_count=4096 first_mismatch_index=0 actual_bits=0x3d585a61 expected_bits=0x3d5a5601 mismatch_count=4096 max_abs=0.00773811 max_rel=1.96182 max_ulp=1936865723
CHECKPOINT row=1 layer=34 checkpoint=CP2-Q object=q_projection result=MISMATCH element_count=1024 first_mismatch_index=0 actual_bits=0x3e9ef9aa expected_bits=0x3e9ef995 mismatch_count=1024 max_abs=0.00151225 max_rel=1.77887 max_ulp=1938975873
CHECKPOINT row=1 layer=34 checkpoint=CP2-KV-P object=kv_projection result=MISMATCH element_count=512 first_mismatch_index=0 actual_bits=0x3ea7e816 expected_bits=0x3ea7ac90 mismatch_count=512 max_abs=0.0011414 max_rel=1.21537 max_ulp=1928346433
CHECKPOINT row=1 layer=34 checkpoint=CP2-KV-R object=raw_kv_row result=MISMATCH element_count=512 first_mismatch_index=30 actual_bits=0x3c500000 expected_bits=0x3c300000 mismatch_count=106 max_abs=0.125 max_rel=1.20833 max_ulp=1969225729
CHECKPOINT row=1 layer=34 checkpoint=CP3-F object=layer_attn_state_kv result=MISMATCH element_count=8192 first_mismatch_index=4096 actual_bits=0x3e017a4b expected_bits=0x3e00d8be mismatch_count=2048 max_abs=0.00302076 max_rel=0.384126 max_ulp=5498368
CHECKPOINT row=1 layer=34 checkpoint=CP3-F object=layer_attn_state_score result=MISMATCH element_count=8192 first_mismatch_index=4096 actual_bits=0x4025c229 expected_bits=0x4023161c mismatch_count=2048 max_abs=0.06775 max_rel=1.19613 max_ulp=2001638305
CHECKPOINT row=1 layer=34 checkpoint=CP3-F object=layer_n_comp result=EXACT element_count=1 mismatch_count=0
CHECKPOINT row=1 layer=34 checkpoint=CP3-F object=attn_emitted_row_count result=EXACT element_count=1 mismatch_count=0
CHECKPOINT row=1 layer=34 checkpoint=CP3-F object=layer_index_state_kv result=MISMATCH element_count=2048 first_mismatch_index=1024 actual_bits=0x3e6dd3ae expected_bits=0x3e6d339a mismatch_count=512 max_abs=0.00251326 max_rel=0.390898 max_ulp=5745984
CHECKPOINT row=1 layer=34 checkpoint=CP3-F object=layer_index_state_score result=MISMATCH element_count=2048 first_mismatch_index=1024 actual_bits=0x401b3263 expected_bits=0x40189e2b mismatch_count=512 max_abs=0.0675459 max_rel=0.974095 max_ulp=44723456
CHECKPOINT row=1 layer=34 checkpoint=CP3-F object=layer_n_index_comp result=EXACT element_count=1 mismatch_count=0
CHECKPOINT row=1 layer=34 checkpoint=CP3-F object=index_emitted_row_count result=EXACT element_count=1 mismatch_count=0
CHECKPOINT row=1 layer=34 checkpoint=CP4 object=post_attention_hidden_state result=MISMATCH element_count=16384 first_mismatch_index=0 actual_bits=0x40224945 expected_bits=0x4022a264 mismatch_count=16384 max_abs=0.0907078 max_rel=1.69884 max_ulp=2039033550
CHECKPOINT row=1 layer=34 checkpoint=CP5 object=final_layer_hidden_state result=MISMATCH element_count=16384 first_mismatch_index=0 actual_bits=0x3ffb2272 expected_bits=0x3ffc2d66 mismatch_count=16384 max_abs=0.0901432 max_rel=1.90571 max_ulp=2038403007
CHECKPOINT row=1 layer=35 checkpoint=CP1 object=normalized_attention_input result=MISMATCH element_count=4096 first_mismatch_index=0 actual_bits=0x3d1c1371 expected_bits=0x3d1e4c3b mismatch_count=4096 max_abs=0.000761656 max_rel=1.98585 max_ulp=1915785181
CHECKPOINT row=1 layer=35 checkpoint=CP2-Q object=q_projection result=MISMATCH element_count=1024 first_mismatch_index=0 actual_bits=0x3cda5a14 expected_bits=0x3cd66796 mismatch_count=1024 max_abs=0.0012441 max_rel=1.05965 max_ulp=1908958081
CHECKPOINT row=1 layer=35 checkpoint=CP2-KV-P object=kv_projection result=MISMATCH element_count=512 first_mismatch_index=0 actual_bits=0x3be9d4e0 expected_bits=0x3bee1f40 mismatch_count=512 max_abs=0.00104383 max_rel=0.485365 max_ulp=7918880
CHECKPOINT row=1 layer=35 checkpoint=CP2-KV-R object=raw_kv_row result=MISMATCH element_count=512 first_mismatch_index=0 actual_bits=0x3d800000 expected_bits=0x3d900000 mismatch_count=100 max_abs=0.125 max_rel=0.5 max_ulp=8388608
CHECKPOINT row=1 layer=35 checkpoint=CP3-F object=layer_attn_state_kv result=MISMATCH element_count=65536 first_mismatch_index=8192 actual_bits=0xbce61781 expected_bits=0xbce72835 mismatch_count=1024 max_abs=0.00140554 max_rel=1.06937 max_ulp=1907943041
CHECKPOINT row=1 layer=35 checkpoint=CP3-F object=layer_attn_state_score result=MISMATCH element_count=65536 first_mismatch_index=8192 actual_bits=0xbe6dd74a expected_bits=0xbe6de46c mismatch_count=1024 max_abs=0.00413781 max_rel=0.729013 max_ulp=16003520
CHECKPOINT row=1 layer=35 checkpoint=CP3-F object=layer_n_comp result=EXACT element_count=1 mismatch_count=0
CHECKPOINT row=1 layer=35 checkpoint=CP3-F object=attn_emitted_row_count result=EXACT element_count=1 mismatch_count=0
CHECKPOINT row=1 layer=35 checkpoint=CP4 object=post_attention_hidden_state result=MISMATCH element_count=16384 first_mismatch_index=0 actual_bits=0x3ffcc49a expected_bits=0x3ffd9489 mismatch_count=16384 max_abs=0.0971036 max_rel=1.95757 max_ulp=2034103929
CHECKPOINT row=1 layer=35 checkpoint=CP5 object=final_layer_hidden_state result=MISMATCH element_count=16384 first_mismatch_index=0 actual_bits=0x400a6041 expected_bits=0x400acec4 mismatch_count=16384 max_abs=0.0978787 max_rel=1.9799 max_ulp=2038221788
CHECKPOINT row=1 layer=36 checkpoint=CP1 object=normalized_attention_input result=MISMATCH element_count=4096 first_mismatch_index=0 actual_bits=0x3d91910a expected_bits=0x3d928def mismatch_count=4096 max_abs=0.0135715 max_rel=1.96143 max_ulp=1931774462
CHECKPOINT row=1 layer=36 checkpoint=CP2-Q object=q_projection result=MISMATCH element_count=1024 first_mismatch_index=0 actual_bits=0x3c639b88 expected_bits=0x3c4f4698 mismatch_count=1024 max_abs=0.0022983 max_rel=1.81509 max_ulp=1938279937
CHECKPOINT row=1 layer=36 checkpoint=CP2-KV-P object=kv_projection result=MISMATCH element_count=512 first_mismatch_index=0 actual_bits=0x3d5fc74e expected_bits=0x3d5ec09a mismatch_count=512 max_abs=0.00197812 max_rel=0.654275 max_ulp=12167776
CHECKPOINT row=1 layer=36 checkpoint=CP2-KV-R object=raw_kv_row result=MISMATCH element_count=512 first_mismatch_index=3 actual_bits=0xbe800000 expected_bits=0xbe900000 mismatch_count=132 max_abs=0.125 max_rel=0.675 max_ulp=13631488
CHECKPOINT row=1 layer=36 checkpoint=CP3-F object=layer_attn_state_kv result=MISMATCH element_count=8192 first_mismatch_index=4096 actual_bits=0x3ce70930 expected_bits=0x3ce19d62 mismatch_count=2048 max_abs=0.00335409 max_rel=1.8592 max_ulp=1966920257
CHECKPOINT row=1 layer=36 checkpoint=CP3-F object=layer_attn_state_score result=MISMATCH element_count=8192 first_mismatch_index=4096 actual_bits=0x3e42a561 expected_bits=0x3e47359a mismatch_count=2048 max_abs=0.0203952 max_rel=1.92648 max_ulp=1981282945
CHECKPOINT row=1 layer=36 checkpoint=CP3-F object=layer_n_comp result=EXACT element_count=1 mismatch_count=0
CHECKPOINT row=1 layer=36 checkpoint=CP3-F object=attn_emitted_row_count result=EXACT element_count=1 mismatch_count=0
CHECKPOINT row=1 layer=36 checkpoint=CP3-F object=layer_index_state_kv result=MISMATCH element_count=2048 first_mismatch_index=1024 actual_bits=0xbc8ac258 expected_bits=0xbc8d2a02 mismatch_count=512 max_abs=0.00258706 max_rel=1.94789 max_ulp=1918628097
CHECKPOINT row=1 layer=36 checkpoint=CP3-F object=layer_index_state_score result=MISMATCH element_count=2048 first_mismatch_index=1024 actual_bits=0xbe065d96 expected_bits=0xbe020a3b mismatch_count=512 max_abs=0.0211155 max_rel=1.20199 max_ulp=1993778849
CHECKPOINT row=1 layer=36 checkpoint=CP3-F object=layer_n_index_comp result=EXACT element_count=1 mismatch_count=0
CHECKPOINT row=1 layer=36 checkpoint=CP3-F object=index_emitted_row_count result=EXACT element_count=1 mismatch_count=0
CHECKPOINT row=1 layer=36 checkpoint=CP4 object=post_attention_hidden_state result=MISMATCH element_count=16384 first_mismatch_index=0 actual_bits=0x401604ca expected_bits=0x4016932f mismatch_count=16384 max_abs=0.240661 max_rel=1.95126 max_ulp=2053694680
CHECKPOINT row=1 layer=36 checkpoint=CP5 object=final_layer_hidden_state result=MISMATCH element_count=16384 first_mismatch_index=0 actual_bits=0x3f308ab6 expected_bits=0x3f31143c mismatch_count=16383 max_abs=0.238243 max_rel=1.95538 max_ulp=2053887726
CHECKPOINT row=1 layer=37 checkpoint=CP1 object=normalized_attention_input result=MISMATCH element_count=4096 first_mismatch_index=0 actual_bits=0x3d6b68b6 expected_bits=0x3d6c8061 mismatch_count=4096 max_abs=0.00112401 max_rel=1.59412 max_ulp=1940399339
CHECKPOINT row=1 layer=37 checkpoint=CP2-Q object=q_projection result=MISMATCH element_count=1024 first_mismatch_index=0 actual_bits=0x3de82786 expected_bits=0x3de5e69e mismatch_count=1024 max_abs=0.00180151 max_rel=1.09122 max_ulp=1901739649
CHECKPOINT row=1 layer=37 checkpoint=CP2-KV-P object=kv_projection result=MISMATCH element_count=512 first_mismatch_index=0 actual_bits=0x3cfcb5ec expected_bits=0x3cfeb8bc mismatch_count=512 max_abs=0.00186858 max_rel=1.27 max_ulp=1935605665
CHECKPOINT row=1 layer=37 checkpoint=CP2-KV-R object=raw_kv_row result=MISMATCH element_count=512 first_mismatch_index=32 actual_bits=0x3da00000 expected_bits=0x3d900000 mismatch_count=107 max_abs=0.0625 max_rel=1.28125 max_ulp=1980760065
CHECKPOINT row=1 layer=37 checkpoint=CP3-F object=layer_attn_state_kv result=MISMATCH element_count=65536 first_mismatch_index=8192 actual_bits=0xbbcf7a50 expected_bits=0xbbd25e3e mismatch_count=1024 max_abs=0.00113305 max_rel=1.81587 max_ulp=1858893569
CHECKPOINT row=1 layer=37 checkpoint=CP3-F object=layer_attn_state_score result=MISMATCH element_count=65536 first_mismatch_index=8192 actual_bits=0xbe613e20 expected_bits=0xbe605df8 mismatch_count=1024 max_abs=0.00458556 max_rel=0.884107 max_ulp=26106432
CHECKPOINT row=1 layer=37 checkpoint=CP3-F object=layer_n_comp result=EXACT element_count=1 mismatch_count=0
CHECKPOINT row=1 layer=37 checkpoint=CP3-F object=attn_emitted_row_count result=EXACT element_count=1 mismatch_count=0
CHECKPOINT row=1 layer=37 checkpoint=CP4 object=post_attention_hidden_state result=MISMATCH element_count=16384 first_mismatch_index=0 actual_bits=0x3f2c26b6 expected_bits=0x3f2cd20c mismatch_count=16384 max_abs=0.283638 max_rel=1.97481 max_ulp=2056955598
CHECKPOINT row=1 layer=37 checkpoint=CP5 object=final_layer_hidden_state result=MISMATCH element_count=16384 first_mismatch_index=0 actual_bits=0x3f55133c expected_bits=0x3f56618e mismatch_count=16384 max_abs=0.282173 max_rel=1.94733 max_ulp=2059242470
CHECKPOINT row=1 layer=38 checkpoint=CP1 object=normalized_attention_input result=MISMATCH element_count=4096 first_mismatch_index=0 actual_bits=0x3d769a74 expected_bits=0x3d78820d mismatch_count=4096 max_abs=0.0263985 max_rel=1.63352 max_ulp=1939586135
CHECKPOINT row=1 layer=38 checkpoint=CP2-Q object=q_projection result=MISMATCH element_count=1024 first_mismatch_index=0 actual_bits=0xbe3e9262 expected_bits=0xbe3f85ba mismatch_count=1024 max_abs=0.00280832 max_rel=1.02129 max_ulp=1914610217
CHECKPOINT row=1 layer=38 checkpoint=CP2-KV-P object=kv_projection result=MISMATCH element_count=512 first_mismatch_index=0 actual_bits=0xbdd08910 expected_bits=0xbdd1e278 mismatch_count=512 max_abs=0.003227 max_rel=0.872615 max_ulp=24932864
CHECKPOINT row=1 layer=38 checkpoint=CP2-KV-R object=raw_kv_row result=MISMATCH element_count=512 first_mismatch_index=3 actual_bits=0xbe600000 expected_bits=0xbe700000 mismatch_count=121 max_abs=0.125 max_rel=0.875 max_ulp=25165824
CHECKPOINT row=1 layer=38 checkpoint=CP3-F object=layer_attn_state_kv result=MISMATCH element_count=8192 first_mismatch_index=4096 actual_bits=0xbd965618 expected_bits=0xbd991790 mismatch_count=2048 max_abs=0.00435229 max_rel=0.957803 max_ulp=38614976
CHECKPOINT row=1 layer=38 checkpoint=CP3-F object=layer_attn_state_score result=MISMATCH element_count=8192 first_mismatch_index=4096 actual_bits=0xc02f7be1 expected_bits=0xc0302421 mismatch_count=2048 max_abs=0.0271933 max_rel=0.298999 max_ulp=4382688
CHECKPOINT row=1 layer=38 checkpoint=CP3-F object=layer_n_comp result=EXACT element_count=1 mismatch_count=0
CHECKPOINT row=1 layer=38 checkpoint=CP3-F object=attn_emitted_row_count result=EXACT element_count=1 mismatch_count=0
CHECKPOINT row=1 layer=38 checkpoint=CP3-F object=layer_index_state_kv result=MISMATCH element_count=2048 first_mismatch_index=1024 actual_bits=0x3dba1324 expected_bits=0x3dbb3282 mismatch_count=512 max_abs=0.0157872 max_rel=1.55634 max_ulp=1947739905
CHECKPOINT row=1 layer=38 checkpoint=CP3-F object=layer_index_state_score result=MISMATCH element_count=2048 first_mismatch_index=1024 actual_bits=0xc02f2552 expected_bits=0xc02fb062 mismatch_count=512 max_abs=0.0265868 max_rel=0.163171 max_ulp=2320568
CHECKPOINT row=1 layer=38 checkpoint=CP3-F object=layer_n_index_comp result=EXACT element_count=1 mismatch_count=0
CHECKPOINT row=1 layer=38 checkpoint=CP3-F object=index_emitted_row_count result=EXACT element_count=1 mismatch_count=0
CHECKPOINT row=1 layer=38 checkpoint=CP4 object=post_attention_hidden_state result=MISMATCH element_count=16384 first_mismatch_index=0 actual_bits=0x3f007fa1 expected_bits=0x3effb6ca mismatch_count=16384 max_abs=0.283614 max_rel=1.82466 max_ulp=2044852071
CHECKPOINT row=1 layer=38 checkpoint=CP5 object=final_layer_hidden_state result=MISMATCH element_count=16384 first_mismatch_index=0 actual_bits=0x3f0afd7d expected_bits=0x3f0ac795 mismatch_count=16384 max_abs=0.282658 max_rel=1.89135 max_ulp=2057692277
CHECKPOINT row=1 layer=39 checkpoint=CP1 object=normalized_attention_input result=MISMATCH element_count=4096 first_mismatch_index=0 actual_bits=0x3ceeae65 expected_bits=0x3cf03ace mismatch_count=4096 max_abs=0.00116066 max_rel=0.999532 max_ulp=92633126
CHECKPOINT row=1 layer=39 checkpoint=CP2-Q object=q_projection result=MISMATCH element_count=1024 first_mismatch_index=0 actual_bits=0x3e38d660 expected_bits=0x3e3874e0 mismatch_count=1024 max_abs=0.0017199 max_rel=0.540928 max_ulp=9264704
CHECKPOINT row=1 layer=39 checkpoint=CP2-KV-P object=kv_projection result=MISMATCH element_count=512 first_mismatch_index=0 actual_bits=0x3ecb379f expected_bits=0x3ecb82b6 mismatch_count=512 max_abs=0.00157602 max_rel=0.438404 max_ulp=7266944
CHECKPOINT row=1 layer=39 checkpoint=CP2-KV-R object=raw_kv_row result=MISMATCH element_count=512 first_mismatch_index=1 actual_bits=0xbee00000 expected_bits=0xbed00000 mismatch_count=112 max_abs=0.125 max_rel=0.461538 max_ulp=7340032
CHECKPOINT row=1 layer=39 checkpoint=CP3-F object=layer_attn_state_kv result=MISMATCH element_count=65536 first_mismatch_index=8192 actual_bits=0x3ca620cc expected_bits=0x3ca53e4c mismatch_count=1024 max_abs=0.00165172 max_rel=0.807443 max_ulp=19603968
CHECKPOINT row=1 layer=39 checkpoint=CP3-F object=layer_attn_state_score result=MISMATCH element_count=65536 first_mismatch_index=8192 actual_bits=0x3e52cfdc expected_bits=0x3e52acf1 mismatch_count=1024 max_abs=0.00380051 max_rel=1.58274 max_ulp=1940744321
CHECKPOINT row=1 layer=39 checkpoint=CP3-F object=layer_n_comp result=EXACT element_count=1 mismatch_count=0
CHECKPOINT row=1 layer=39 checkpoint=CP3-F object=attn_emitted_row_count result=EXACT element_count=1 mismatch_count=0
CHECKPOINT row=1 layer=39 checkpoint=CP4 object=post_attention_hidden_state result=MISMATCH element_count=16384 first_mismatch_index=0 actual_bits=0x3f0c1f88 expected_bits=0x3f0ade4a mismatch_count=16384 max_abs=0.277104 max_rel=1.99161 max_ulp=2062936037
CHECKPOINT row=1 layer=39 checkpoint=CP5 object=final_layer_hidden_state result=MISMATCH element_count=16384 first_mismatch_index=0 actual_bits=0x3ec348e6 expected_bits=0x3ec0b6be mismatch_count=16384 max_abs=0.274381 max_rel=1.97972 max_ulp=2059894915
CHECKPOINT row=1 layer=40 checkpoint=CP1 object=normalized_attention_input result=MISMATCH element_count=4096 first_mismatch_index=0 actual_bits=0x3c9981a4 expected_bits=0x3c98e50f mismatch_count=4096 max_abs=0.0114765 max_rel=1.48198 max_ulp=1938161099
CHECKPOINT row=1 layer=40 checkpoint=CP2-Q object=q_projection result=MISMATCH element_count=1024 first_mismatch_index=0 actual_bits=0xbebc34ce expected_bits=0xbebc7eb6 mismatch_count=1024 max_abs=0.00203419 max_rel=1.895 max_ulp=1914731009
CHECKPOINT row=1 layer=40 checkpoint=CP2-KV-P object=kv_projection result=MISMATCH element_count=512 first_mismatch_index=0 actual_bits=0xbdf2e642 expected_bits=0xbdf4543e mismatch_count=512 max_abs=0.00188346 max_rel=1.90563 max_ulp=1900140545
CHECKPOINT row=1 layer=40 checkpoint=CP2-KV-R object=raw_kv_row result=MISMATCH element_count=512 first_mismatch_index=29 actual_bits=0xbec00000 expected_bits=0xbeb00000 mismatch_count=113 max_abs=0.125 max_rel=1.9375 max_ulp=1945108481
CHECKPOINT row=1 layer=40 checkpoint=CP3-F object=layer_attn_state_kv result=MISMATCH element_count=8192 first_mismatch_index=4096 actual_bits=0xbdfa57e3 expected_bits=0xbdf8b5fb mismatch_count=2048 max_abs=0.00374126 max_rel=1.60658 max_ulp=1926509569
CHECKPOINT row=1 layer=40 checkpoint=CP3-F object=layer_attn_state_score result=MISMATCH element_count=8192 first_mismatch_index=4096 actual_bits=0x3f0fe211 expected_bits=0x3f0d8400 mismatch_count=2048 max_abs=0.032649 max_rel=1.15438 max_ulp=1985762913
CHECKPOINT row=1 layer=40 checkpoint=CP3-F object=layer_n_comp result=EXACT element_count=1 mismatch_count=0
CHECKPOINT row=1 layer=40 checkpoint=CP3-F object=attn_emitted_row_count result=EXACT element_count=1 mismatch_count=0
CHECKPOINT row=1 layer=40 checkpoint=CP3-F object=layer_index_state_kv result=MISMATCH element_count=2048 first_mismatch_index=1024 actual_bits=0x3e6333f3 expected_bits=0x3e63d51e mismatch_count=512 max_abs=0.00351346 max_rel=0.289391 max_ulp=4697856
CHECKPOINT row=1 layer=40 checkpoint=CP3-F object=layer_index_state_score result=MISMATCH element_count=2048 first_mismatch_index=1024 actual_bits=0x3f4b9258 expected_bits=0x3f495b50 mismatch_count=512 max_abs=0.0315623 max_rel=0.193423 max_ulp=2357880
CHECKPOINT row=1 layer=40 checkpoint=CP3-F object=layer_n_index_comp result=EXACT element_count=1 mismatch_count=0
CHECKPOINT row=1 layer=40 checkpoint=CP3-F object=index_emitted_row_count result=EXACT element_count=1 mismatch_count=0
CHECKPOINT row=1 layer=40 checkpoint=CP4 object=post_attention_hidden_state result=MISMATCH element_count=16384 first_mismatch_index=0 actual_bits=0x3ebd6bec expected_bits=0x3eb423ea mismatch_count=16383 max_abs=0.268699 max_rel=1.93913 max_ulp=2047500049
CHECKPOINT row=1 layer=40 checkpoint=CP5 object=final_layer_hidden_state result=MISMATCH element_count=16384 first_mismatch_index=0 actual_bits=0x4020ad1c expected_bits=0x401f9a06 mismatch_count=16384 max_abs=0.258492 max_rel=1.95915 max_ulp=2057968765
CHECKPOINT row=1 layer=41 checkpoint=CP1 object=normalized_attention_input result=MISMATCH element_count=4096 first_mismatch_index=0 actual_bits=0x3d46afd3 expected_bits=0x3d460d41 mismatch_count=4096 max_abs=0.00125096 max_rel=1.84922 max_ulp=1939724412
CHECKPOINT row=1 layer=41 checkpoint=CP2-Q object=q_projection result=MISMATCH element_count=1024 first_mismatch_index=0 actual_bits=0xbe9fbfb3 expected_bits=0xbea0036f mismatch_count=1024 max_abs=0.00146011 max_rel=1.48876 max_ulp=1938306561
CHECKPOINT row=1 layer=41 checkpoint=CP2-KV-P object=kv_projection result=MISMATCH element_count=512 first_mismatch_index=0 actual_bits=0xbe8c2597 expected_bits=0xbe8c7dc6 mismatch_count=512 max_abs=0.00155081 max_rel=0.9591 max_ulp=38263040
CHECKPOINT row=1 layer=41 checkpoint=CP2-KV-R object=raw_kv_row result=MISMATCH element_count=512 first_mismatch_index=3 actual_bits=0xbbc00000 expected_bits=0xb9900000 mismatch_count=102 max_abs=0.125 max_rel=0.957386 max_ulp=37748736
CHECKPOINT row=1 layer=41 checkpoint=CP3-F object=layer_attn_state_kv result=MISMATCH element_count=65536 first_mismatch_index=8192 actual_bits=0xbba01064 expected_bits=0xbbb40648 mismatch_count=1024 max_abs=0.00253582 max_rel=1.22586 max_ulp=1880885505
CHECKPOINT row=1 layer=41 checkpoint=CP3-F object=layer_attn_state_score result=MISMATCH element_count=65536 first_mismatch_index=8192 actual_bits=0x3b107cc8 expected_bits=0x3b4d5f70 mismatch_count=1024 max_abs=0.00547129 max_rel=1.80546 max_ulp=1950301313
CHECKPOINT row=1 layer=41 checkpoint=CP3-F object=layer_n_comp result=EXACT element_count=1 mismatch_count=0
CHECKPOINT row=1 layer=41 checkpoint=CP3-F object=attn_emitted_row_count result=EXACT element_count=1 mismatch_count=0
CHECKPOINT row=1 layer=41 checkpoint=CP4 object=post_attention_hidden_state result=MISMATCH element_count=16384 first_mismatch_index=0 actual_bits=0x400eee90 expected_bits=0x400e0121 mismatch_count=16383 max_abs=0.265194 max_rel=1.98074 max_ulp=2063322037
CHECKPOINT row=1 layer=41 checkpoint=CP5 object=final_layer_hidden_state result=MISMATCH element_count=16384 first_mismatch_index=0 actual_bits=0x4008237b expected_bits=0x40000a1f mismatch_count=16384 max_abs=0.468775 max_rel=1.98538 max_ulp=2089816886
CHECKPOINT row=1 layer=42 checkpoint=CP1 object=normalized_attention_input result=MISMATCH element_count=4096 first_mismatch_index=0 actual_bits=0x3d07e77b expected_bits=0x3d079fd4 mismatch_count=4096 max_abs=0.0108759 max_rel=1.94192 max_ulp=1947801172
CHECKPOINT row=1 layer=42 checkpoint=CP2-Q object=q_projection result=MISMATCH element_count=1024 first_mismatch_index=0 actual_bits=0x3d583d1e expected_bits=0x3d50a3d1 mismatch_count=1024 max_abs=0.00383524 max_rel=1.40469 max_ulp=1941982817
CHECKPOINT row=1 layer=42 checkpoint=CP2-KV-P object=kv_projection result=MISMATCH element_count=512 first_mismatch_index=0 actual_bits=0xbe62f398 expected_bits=0xbe62a15e mismatch_count=512 max_abs=0.00375742 max_rel=1.88563 max_ulp=1949006721
CHECKPOINT row=1 layer=42 checkpoint=CP2-KV-R object=raw_kv_row result=MISMATCH element_count=512 first_mismatch_index=6 actual_bits=0xbed00000 expected_bits=0xbec00000 mismatch_count=158 max_abs=0.125 max_rel=1.93333 max_ulp=1984954369
CHECKPOINT row=1 layer=42 checkpoint=CP3-F object=layer_attn_state_kv result=MISMATCH element_count=8192 first_mismatch_index=4096 actual_bits=0x3e997bd7 expected_bits=0x3e99ff63 mismatch_count=2048 max_abs=0.0041068 max_rel=1.97923 max_ulp=1955979697
CHECKPOINT row=1 layer=42 checkpoint=CP3-F object=layer_attn_state_score result=MISMATCH element_count=8192 first_mismatch_index=4096 actual_bits=0x3f4af57f expected_bits=0x3f4b2aae mismatch_count=2048 max_abs=0.0203754 max_rel=1.76529 max_ulp=1963355201
CHECKPOINT row=1 layer=42 checkpoint=CP3-F object=layer_n_comp result=EXACT element_count=1 mismatch_count=0
CHECKPOINT row=1 layer=42 checkpoint=CP3-F object=attn_emitted_row_count result=EXACT element_count=1 mismatch_count=0
CHECKPOINT row=1 layer=42 checkpoint=CP3-F object=layer_index_state_kv result=MISMATCH element_count=2048 first_mismatch_index=1024 actual_bits=0xbdadf694 expected_bits=0xbdad898a mismatch_count=512 max_abs=0.00350663 max_rel=1.73561 max_ulp=1971816969
CHECKPOINT row=1 layer=42 checkpoint=CP3-F object=layer_index_state_score result=MISMATCH element_count=2048 first_mismatch_index=1024 actual_bits=0xbeef34f6 expected_bits=0xbef3d140 mismatch_count=512 max_abs=0.0227345 max_rel=1.26485 max_ulp=1948278593
CHECKPOINT row=1 layer=42 checkpoint=CP3-F object=layer_n_index_comp result=EXACT element_count=1 mismatch_count=0
CHECKPOINT row=1 layer=42 checkpoint=CP3-F object=index_emitted_row_count result=EXACT element_count=1 mismatch_count=0
CHECKPOINT row=1 layer=42 checkpoint=CP4 object=post_attention_hidden_state result=MISMATCH element_count=16384 first_mismatch_index=0 actual_bits=0x3fc8eb62 expected_bits=0x3fba9d7a mismatch_count=16384 max_abs=0.450058 max_rel=1.98933 max_ulp=2091565005
CHECKPOINT row=1 layer=42 checkpoint=CP5 object=final_layer_hidden_state result=MISMATCH element_count=16384 first_mismatch_index=0 actual_bits=0x3f1fd3d5 expected_bits=0x3f03b8f3 mismatch_count=16384 max_abs=0.577271 max_rel=1.97486 max_ulp=2083396106
CHECKPOINT row=2 layer=0 checkpoint=CP1 object=normalized_attention_input result=EXACT element_count=4096 mismatch_count=0
CHECKPOINT row=2 layer=0 checkpoint=CP2-Q object=q_projection result=MISMATCH element_count=1024 first_mismatch_index=0 actual_bits=0x3d562d14 expected_bits=0x3d562d16 mismatch_count=830 max_abs=5.96046e-08 max_rel=0.000271055 max_ulp=3584
CHECKPOINT row=2 layer=0 checkpoint=CP2-KV-P object=kv_projection result=MISMATCH element_count=512 first_mismatch_index=0 actual_bits=0x3cd8fd57 expected_bits=0x3cd8fd54 mismatch_count=415 max_abs=5.21541e-08 max_rel=4.53522e-05 max_ulp=384
CHECKPOINT row=2 layer=0 checkpoint=CP2-KV-R object=raw_kv_row result=EXACT element_count=512 mismatch_count=0
CHECKPOINT row=2 layer=0 checkpoint=CP3-F object=compressor result=N/A element_count=0
CHECKPOINT row=2 layer=0 checkpoint=CP4 object=post_attention_hidden_state result=MISMATCH element_count=16384 first_mismatch_index=0 actual_bits=0xbca856a5 expected_bits=0xbca85698 mismatch_count=5550 max_abs=6.85453e-07 max_rel=0.0127711 max_ulp=115091
CHECKPOINT row=2 layer=0 checkpoint=CP5 object=final_layer_hidden_state result=MISMATCH element_count=16384 first_mismatch_index=0 actual_bits=0x3c0d4c19 expected_bits=0x3c0d4c1f mismatch_count=13149 max_abs=1.2219e-06 max_rel=0.00341049 max_ulp=39920
CHECKPOINT row=2 layer=1 checkpoint=CP1 object=normalized_attention_input result=MISMATCH element_count=4096 first_mismatch_index=0 actual_bits=0x3cbbd31a expected_bits=0x3cbbd31b mismatch_count=3983 max_abs=1.41561e-07 max_rel=0.00275444 max_ulp=31328
CHECKPOINT row=2 layer=1 checkpoint=CP2-Q object=q_projection result=MISMATCH element_count=1024 first_mismatch_index=0 actual_bits=0x3e52f0b3 expected_bits=0x3e52f0af mismatch_count=1001 max_abs=3.42727e-07 max_rel=0.000534074 max_ulp=5112
CHECKPOINT row=2 layer=1 checkpoint=CP2-KV-P object=kv_projection result=MISMATCH element_count=512 first_mismatch_index=0 actual_bits=0xbd18d282 expected_bits=0xbd18d268 mismatch_count=497 max_abs=3.01749e-07 max_rel=0.00295858 max_ulp=45056
CHECKPOINT row=2 layer=1 checkpoint=CP2-KV-R object=raw_kv_row result=EXACT element_count=512 mismatch_count=0
CHECKPOINT row=2 layer=1 checkpoint=CP3-F object=compressor result=N/A element_count=0
CHECKPOINT row=2 layer=1 checkpoint=CP4 object=post_attention_hidden_state result=MISMATCH element_count=16384 first_mismatch_index=0 actual_bits=0x3cc4d72e expected_bits=0x3cc4d763 mismatch_count=13322 max_abs=1.12504e-06 max_rel=0.00699752 max_ulp=104939
CHECKPOINT row=2 layer=1 checkpoint=CP5 object=final_layer_hidden_state result=MISMATCH element_count=16384 first_mismatch_index=0 actual_bits=0x3cbdb099 expected_bits=0x3cbdb0b1 mismatch_count=14543 max_abs=1.01328e-06 max_rel=0.0256239 max_ulp=323477
CHECKPOINT row=2 layer=2 checkpoint=CP1 object=normalized_attention_input result=MISMATCH element_count=4096 first_mismatch_index=0 actual_bits=0x3d5959cf expected_bits=0x3d5959f4 mismatch_count=4048 max_abs=2.08616e-06 max_rel=0.00691994 max_ulp=96162
CHECKPOINT row=2 layer=2 checkpoint=CP2-Q object=q_projection result=MISMATCH element_count=1024 first_mismatch_index=0 actual_bits=0xbe2f535c expected_bits=0xbe2f533e mismatch_count=1010 max_abs=8.49366e-07 max_rel=0.00244278 max_ulp=20736
CHECKPOINT row=2 layer=2 checkpoint=CP2-KV-P object=kv_projection result=MISMATCH element_count=512 first_mismatch_index=0 actual_bits=0x3dbb6c5e expected_bits=0x3dbb6c60 mismatch_count=503 max_abs=1.00955e-06 max_rel=0.00410132 max_ulp=43648
CHECKPOINT row=2 layer=2 checkpoint=CP2-KV-R object=raw_kv_row result=EXACT element_count=512 mismatch_count=0
CHECKPOINT row=2 layer=2 checkpoint=CP3-F object=layer_attn_state_kv result=MISMATCH element_count=8192 first_mismatch_index=4096 actual_bits=0x3e18ecd1 expected_bits=0x3e18ecbc mismatch_count=3035 max_abs=1.3411e-06 max_rel=0.00534932 max_ulp=71936
CHECKPOINT row=2 layer=2 checkpoint=CP3-F object=layer_attn_state_score result=MISMATCH element_count=8192 first_mismatch_index=4096 actual_bits=0x3f080f62 expected_bits=0x3f080f64 mismatch_count=2967 max_abs=3.45707e-06 max_rel=0.00323529 max_ulp=45056
CHECKPOINT row=2 layer=2 checkpoint=CP3-F object=layer_n_comp result=EXACT element_count=1 mismatch_count=0
CHECKPOINT row=2 layer=2 checkpoint=CP3-F object=attn_emitted_row_count result=EXACT element_count=1 mismatch_count=0
CHECKPOINT row=2 layer=2 checkpoint=CP3-F object=layer_index_state_kv result=MISMATCH element_count=2048 first_mismatch_index=1024 actual_bits=0xbe43b785 expected_bits=0xbe43b798 mismatch_count=754 max_abs=1.54972e-06 max_rel=0.000892831 max_ulp=7680
CHECKPOINT row=2 layer=2 checkpoint=CP3-F object=layer_index_state_score result=MISMATCH element_count=2048 first_mismatch_index=1024 actual_bits=0xbef764a4 expected_bits=0xbef764ab mismatch_count=750 max_abs=4.41074e-06 max_rel=0.000329915 max_ulp=3872
CHECKPOINT row=2 layer=2 checkpoint=CP3-F object=layer_n_index_comp result=EXACT element_count=1 mismatch_count=0
CHECKPOINT row=2 layer=2 checkpoint=CP3-F object=index_emitted_row_count result=EXACT element_count=1 mismatch_count=0
CHECKPOINT row=2 layer=2 checkpoint=CP4 object=post_attention_hidden_state result=MISMATCH element_count=16384 first_mismatch_index=0 actual_bits=0x3cc96d83 expected_bits=0x3cc96c90 mismatch_count=14826 max_abs=2.08244e-06 max_rel=0.17813 max_ulp=2162082
CHECKPOINT row=2 layer=2 checkpoint=CP5 object=final_layer_hidden_state result=MISMATCH element_count=16384 first_mismatch_index=0 actual_bits=0xbca25faf expected_bits=0xbca26037 mismatch_count=15729 max_abs=1.75834e-06 max_rel=0.0632012 max_ulp=611082
CHECKPOINT row=2 layer=3 checkpoint=CP1 object=normalized_attention_input result=MISMATCH element_count=4096 first_mismatch_index=0 actual_bits=0x3bf9d370 expected_bits=0x3bf9d2dc mismatch_count=4069 max_abs=1.08778e-06 max_rel=0.0259111 max_ulp=391069
CHECKPOINT row=2 layer=3 checkpoint=CP2-Q object=q_projection result=MISMATCH element_count=1024 first_mismatch_index=0 actual_bits=0xbdca4ac0 expected_bits=0xbdca4adf mismatch_count=1014 max_abs=1.59442e-06 max_rel=0.00128865 max_ulp=14400
CHECKPOINT row=2 layer=3 checkpoint=CP2-KV-P object=kv_projection result=MISMATCH element_count=512 first_mismatch_index=0 actual_bits=0xbe436691 expected_bits=0xbe436684 mismatch_count=504 max_abs=1.46031e-06 max_rel=0.000727572 max_ulp=9280
CHECKPOINT row=2 layer=3 checkpoint=CP2-KV-R object=raw_kv_row result=EXACT element_count=512 mismatch_count=0
CHECKPOINT row=2 layer=3 checkpoint=CP3-F object=layer_attn_state_kv result=MISMATCH element_count=65536 first_mismatch_index=8192 actual_bits=0xbdab48f8 expected_bits=0xbdab48a6 mismatch_count=1524 max_abs=2.66731e-06 max_rel=0.0101111 max_ulp=129984
CHECKPOINT row=2 layer=3 checkpoint=CP3-F object=layer_attn_state_score result=MISMATCH element_count=65536 first_mismatch_index=8192 actual_bits=0x3c2eef66 expected_bits=0x3c2eed4f mismatch_count=1525 max_abs=6.67572e-06 max_rel=0.00382346 max_ulp=35008
CHECKPOINT row=2 layer=3 checkpoint=CP3-F object=layer_n_comp result=EXACT element_count=1 mismatch_count=0
CHECKPOINT row=2 layer=3 checkpoint=CP3-F object=attn_emitted_row_count result=EXACT element_count=1 mismatch_count=0
CHECKPOINT row=2 layer=3 checkpoint=CP4 object=post_attention_hidden_state result=MISMATCH element_count=16384 first_mismatch_index=0 actual_bits=0x3dab840c expected_bits=0x3dab83ff mismatch_count=16005 max_abs=3.99351e-06 max_rel=0.0322442 max_ulp=314049
CHECKPOINT row=2 layer=3 checkpoint=CP5 object=final_layer_hidden_state result=MISMATCH element_count=16384 first_mismatch_index=0 actual_bits=0x3db48cd8 expected_bits=0x3db48cd4 mismatch_count=16196 max_abs=3.39746e-06 max_rel=0.0264421 max_ulp=266233
CHECKPOINT row=2 layer=4 checkpoint=CP1 object=normalized_attention_input result=MISMATCH element_count=4096 first_mismatch_index=0 actual_bits=0x3d4092fc expected_bits=0x3d40931d mismatch_count=4072 max_abs=1.04904e-05 max_rel=0.247757 max_ulp=3449383
CHECKPOINT row=2 layer=4 checkpoint=CP2-Q object=q_projection result=MISMATCH element_count=1024 first_mismatch_index=0 actual_bits=0xbd2e3629 expected_bits=0xbd2e3612 mismatch_count=1017 max_abs=1.81422e-06 max_rel=0.00485651 max_ulp=45056
CHECKPOINT row=2 layer=4 checkpoint=CP2-KV-P object=kv_projection result=MISMATCH element_count=512 first_mismatch_index=0 actual_bits=0x3e375d94 expected_bits=0x3e375d9a mismatch_count=507 max_abs=1.40071e-06 max_rel=0.0015827 max_ulp=15232
CHECKPOINT row=2 layer=4 checkpoint=CP2-KV-R object=raw_kv_row result=EXACT element_count=512 mismatch_count=0
CHECKPOINT row=2 layer=4 checkpoint=CP3-F object=layer_attn_state_kv result=MISMATCH element_count=8192 first_mismatch_index=4096 actual_bits=0x3d0047bf expected_bits=0x3d00475d mismatch_count=3059 max_abs=3.11434e-06 max_rel=0.0558152 max_ulp=843776
CHECKPOINT row=2 layer=4 checkpoint=CP3-F object=layer_attn_state_score result=MISMATCH element_count=8192 first_mismatch_index=4096 actual_bits=0xbf9262f8 expected_bits=0xbf926313 mismatch_count=3015 max_abs=1.09673e-05 max_rel=0.000399273 max_ulp=4940
CHECKPOINT row=2 layer=4 checkpoint=CP3-F object=layer_n_comp result=EXACT element_count=1 mismatch_count=0
CHECKPOINT row=2 layer=4 checkpoint=CP3-F object=attn_emitted_row_count result=EXACT element_count=1 mismatch_count=0
CHECKPOINT row=2 layer=4 checkpoint=CP3-F object=layer_index_state_kv result=MISMATCH element_count=2048 first_mismatch_index=1024 actual_bits=0x3ce932aa expected_bits=0x3ce92ed0 mismatch_count=767 max_abs=6.91414e-06 max_rel=0.00866473 max_ulp=143936
CHECKPOINT row=2 layer=4 checkpoint=CP3-F object=layer_index_state_score result=MISMATCH element_count=2048 first_mismatch_index=1024 actual_bits=0xbf9e5cc9 expected_bits=0xbf9e5cf4 mismatch_count=757 max_abs=1.19209e-05 max_rel=9.97161e-05 max_ulp=1448
CHECKPOINT row=2 layer=4 checkpoint=CP3-F object=layer_n_index_comp result=EXACT element_count=1 mismatch_count=0
CHECKPOINT row=2 layer=4 checkpoint=CP3-F object=index_emitted_row_count result=EXACT element_count=1 mismatch_count=0
CHECKPOINT row=2 layer=4 checkpoint=CP4 object=post_attention_hidden_state result=MISMATCH element_count=16384 first_mismatch_index=0 actual_bits=0x3db6c945 expected_bits=0x3db6c916 mismatch_count=16208 max_abs=3.98606e-06 max_rel=0.265569 max_ulp=4044188
CHECKPOINT row=2 layer=4 checkpoint=CP5 object=final_layer_hidden_state result=MISMATCH element_count=16384 first_mismatch_index=0 actual_bits=0x3db5feed expected_bits=0x3db5feb8 mismatch_count=16224 max_abs=3.61912e-06 max_rel=0.36505 max_ulp=5672572
CHECKPOINT row=2 layer=5 checkpoint=CP1 object=normalized_attention_input result=MISMATCH element_count=4096 first_mismatch_index=0 actual_bits=0x3cbb8d73 expected_bits=0x3cbb8d5b mismatch_count=4086 max_abs=9.0152e-07 max_rel=0.0095114 max_ulp=114838
CHECKPOINT row=2 layer=5 checkpoint=CP2-Q object=q_projection result=MISMATCH element_count=1024 first_mismatch_index=0 actual_bits=0x3daebbbb expected_bits=0x3daebbd9 mismatch_count=1020 max_abs=1.76765e-06 max_rel=0.0202138 max_ulp=177152
CHECKPOINT row=2 layer=5 checkpoint=CP2-KV-P object=kv_projection result=MISMATCH element_count=512 first_mismatch_index=0 actual_bits=0xbdb3727e expected_bits=0xbdb372e0 mismatch_count=509 max_abs=1.89245e-06 max_rel=0.0234874 max_ulp=306688
CHECKPOINT row=2 layer=5 checkpoint=CP2-KV-R object=raw_kv_row result=MISMATCH element_count=512 first_mismatch_index=476 actual_bits=0xbab86000 expected_bits=0xbab7e000 mismatch_count=6 max_abs=3.05176e-05 max_rel=0.00271186 max_ulp=32768
CHECKPOINT row=2 layer=5 checkpoint=CP3-F object=layer_attn_state_kv result=MISMATCH element_count=65536 first_mismatch_index=8192 actual_bits=0xbd9a4814 expected_bits=0xbd9a476d mismatch_count=1528 max_abs=3.58e-06 max_rel=0.00578972 max_ulp=60768
CHECKPOINT row=2 layer=5 checkpoint=CP3-F object=layer_attn_state_score result=MISMATCH element_count=65536 first_mismatch_index=8192 actual_bits=0x3ec41db6 expected_bits=0x3ec41d7b mismatch_count=1528 max_abs=1.19358e-05 max_rel=0.00675727 max_ulp=90880
CHECKPOINT row=2 layer=5 checkpoint=CP3-F object=layer_n_comp result=EXACT element_count=1 mismatch_count=0
CHECKPOINT row=2 layer=5 checkpoint=CP3-F object=attn_emitted_row_count result=EXACT element_count=1 mismatch_count=0
CHECKPOINT row=2 layer=5 checkpoint=CP4 object=post_attention_hidden_state result=MISMATCH element_count=16384 first_mismatch_index=0 actual_bits=0x3dafee77 expected_bits=0x3dafee47 mismatch_count=16244 max_abs=1.16378e-05 max_rel=0.843223 max_ulp=22076282
CHECKPOINT row=2 layer=5 checkpoint=CP5 object=final_layer_hidden_state result=MISMATCH element_count=16384 first_mismatch_index=0 actual_bits=0x3db9dee8 expected_bits=0x3db9dedf mismatch_count=16291 max_abs=3.19481e-05 max_rel=0.160537 max_ulp=1744718
CHECKPOINT row=2 layer=6 checkpoint=CP1 object=normalized_attention_input result=MISMATCH element_count=4096 first_mismatch_index=0 actual_bits=0x3d8aff9a expected_bits=0x3d8affc0 mismatch_count=4092 max_abs=5.96046e-05 max_rel=0.143963 max_ulp=1986514
CHECKPOINT row=2 layer=6 checkpoint=CP2-Q object=q_projection result=MISMATCH element_count=1024 first_mismatch_index=0 actual_bits=0x3e1f33f6 expected_bits=0x3e1f3522 mismatch_count=1023 max_abs=1.01924e-05 max_rel=0.0063236 max_ulp=83256
CHECKPOINT row=2 layer=6 checkpoint=CP2-KV-P object=kv_projection result=MISMATCH element_count=512 first_mismatch_index=0 actual_bits=0x3cc2a21f expected_bits=0x3cc294c2 mismatch_count=511 max_abs=8.9258e-06 max_rel=0.245184 max_ulp=3545088
CHECKPOINT row=2 layer=6 checkpoint=CP2-KV-R object=raw_kv_row result=MISMATCH element_count=512 first_mismatch_index=52 actual_bits=0xb8800000 expected_bits=0xb8400000 mismatch_count=8 max_abs=0.00195312 max_rel=0.25 max_ulp=4194304
CHECKPOINT row=2 layer=6 checkpoint=CP3-F object=layer_attn_state_kv result=MISMATCH element_count=8192 first_mismatch_index=4096 actual_bits=0xbdbbb680 expected_bits=0xbdbbb762 mismatch_count=3070 max_abs=1.29361e-05 max_rel=1.31123 max_ulp=1798356993
CHECKPOINT row=2 layer=6 checkpoint=CP3-F object=layer_attn_state_score result=MISMATCH element_count=8192 first_mismatch_index=4096 actual_bits=0xbfb32ff8 expected_bits=0xbfb32f17 mismatch_count=3071 max_abs=5.93662e-05 max_rel=0.00257278 max_ulp=39232
CHECKPOINT row=2 layer=6 checkpoint=CP3-F object=layer_n_comp result=EXACT element_count=1 mismatch_count=0
CHECKPOINT row=2 layer=6 checkpoint=CP3-F object=attn_emitted_row_count result=EXACT element_count=1 mismatch_count=0
CHECKPOINT row=2 layer=6 checkpoint=CP3-F object=layer_index_state_kv result=MISMATCH element_count=2048 first_mismatch_index=1024 actual_bits=0xbd869947 expected_bits=0xbd869aca mismatch_count=767 max_abs=4.74453e-05 max_rel=0.0100248 max_ulp=125696
CHECKPOINT row=2 layer=6 checkpoint=CP3-F object=layer_index_state_score result=MISMATCH element_count=2048 first_mismatch_index=1024 actual_bits=0xbff59748 expected_bits=0xbff59642 mismatch_count=767 max_abs=5.34058e-05 max_rel=0.000831464 max_ulp=10688
CHECKPOINT row=2 layer=6 checkpoint=CP3-F object=layer_n_index_comp result=EXACT element_count=1 mismatch_count=0
CHECKPOINT row=2 layer=6 checkpoint=CP3-F object=index_emitted_row_count result=EXACT element_count=1 mismatch_count=0
CHECKPOINT row=2 layer=6 checkpoint=CP4 object=post_attention_hidden_state result=MISMATCH element_count=16384 first_mismatch_index=0 actual_bits=0x3dcfdd06 expected_bits=0x3dcfdca8 mismatch_count=16321 max_abs=2.2769e-05 max_rel=0.400929 max_ulp=6195199
CHECKPOINT row=2 layer=6 checkpoint=CP5 object=final_layer_hidden_state result=MISMATCH element_count=16384 first_mismatch_index=0 actual_bits=0x3dd7ab35 expected_bits=0x3dd7aaea mismatch_count=16357 max_abs=1.92896e-05 max_rel=0.790349 max_ulp=19015873
CHECKPOINT row=2 layer=7 checkpoint=CP1 object=normalized_attention_input result=MISMATCH element_count=4096 first_mismatch_index=0 actual_bits=0x3ce1f280 expected_bits=0x3ce1f076 mismatch_count=4092 max_abs=2.71993e-06 max_rel=0.166549 max_ulp=2758285
CHECKPOINT row=2 layer=7 checkpoint=CP2-Q object=q_projection result=MISMATCH element_count=1024 first_mismatch_index=0 actual_bits=0x3d9569c2 expected_bits=0x3d9568da mismatch_count=1020 max_abs=5.33462e-06 max_rel=0.140009 max_ulp=1732608
CHECKPOINT row=2 layer=7 checkpoint=CP2-KV-P object=kv_projection result=MISMATCH element_count=512 first_mismatch_index=0 actual_bits=0x3b7e8994 expected_bits=0x3b7e6014 mismatch_count=512 max_abs=5.20982e-06 max_rel=0.00342363 max_ulp=40800
CHECKPOINT row=2 layer=7 checkpoint=CP2-KV-R object=raw_kv_row result=MISMATCH element_count=512 first_mismatch_index=84 actual_bits=0xbde00000 expected_bits=0xbdf00000 mismatch_count=9 max_abs=0.0078125 max_rel=0.0666667 max_ulp=1048576
CHECKPOINT row=2 layer=7 checkpoint=CP3-F object=layer_attn_state_kv result=MISMATCH element_count=65536 first_mismatch_index=8192 actual_bits=0xbd81f6a4 expected_bits=0xbd81f718 mismatch_count=1536 max_abs=7.98702e-06 max_rel=0.0938537 max_ulp=1462784
CHECKPOINT row=2 layer=7 checkpoint=CP3-F object=layer_attn_state_score result=MISMATCH element_count=65536 first_mismatch_index=8192 actual_bits=0xbd9280ba expected_bits=0xbd928248 mismatch_count=1534 max_abs=2.24113e-05 max_rel=0.0585068 max_ulp=556416
CHECKPOINT row=2 layer=7 checkpoint=CP3-F object=layer_n_comp result=EXACT element_count=1 mismatch_count=0
CHECKPOINT row=2 layer=7 checkpoint=CP3-F object=attn_emitted_row_count result=EXACT element_count=1 mismatch_count=0
CHECKPOINT row=2 layer=7 checkpoint=CP4 object=post_attention_hidden_state result=MISMATCH element_count=16384 first_mismatch_index=0 actual_bits=0x3ddcfd10 expected_bits=0x3ddcfc98 mismatch_count=16344 max_abs=7.35521e-05 max_rel=0.340351 max_ulp=4619241
CHECKPOINT row=2 layer=7 checkpoint=CP5 object=final_layer_hidden_state result=MISMATCH element_count=16384 first_mismatch_index=0 actual_bits=0x3ddd87a3 expected_bits=0x3ddd86f8 mismatch_count=16358 max_abs=7.47889e-05 max_rel=0.686955 max_ulp=14509479
CHECKPOINT row=2 layer=8 checkpoint=CP1 object=normalized_attention_input result=MISMATCH element_count=4096 first_mismatch_index=0 actual_bits=0x3da6fb98 expected_bits=0x3da6f84f mismatch_count=4095 max_abs=8.24928e-05 max_rel=0.733754 max_ulp=15811968
CHECKPOINT row=2 layer=8 checkpoint=CP2-Q object=q_projection result=MISMATCH element_count=1024 first_mismatch_index=0 actual_bits=0xbeb6356b expected_bits=0xbeb63300 mismatch_count=1024 max_abs=3.11881e-05 max_rel=0.369622 max_ulp=5298176
CHECKPOINT row=2 layer=8 checkpoint=CP2-KV-P object=kv_projection result=MISMATCH element_count=512 first_mismatch_index=0 actual_bits=0x3e06b169 expected_bits=0x3e06b1a4 mismatch_count=512 max_abs=3.9801e-05 max_rel=0.0106148 max_ulp=152576
CHECKPOINT row=2 layer=8 checkpoint=CP2-KV-R object=raw_kv_row result=MISMATCH element_count=512 first_mismatch_index=89 actual_bits=0x3a000000 expected_bits=0x39f00000 mismatch_count=11 max_abs=0.000488281 max_rel=0.0625 max_ulp=1048576
CHECKPOINT row=2 layer=8 checkpoint=CP3-F object=layer_attn_state_kv result=MISMATCH element_count=8192 first_mismatch_index=4096 actual_bits=0xbd9ed69b expected_bits=0xbd9ed4e8 mismatch_count=3071 max_abs=3.15867e-05 max_rel=0.160488 max_ulp=2234368
CHECKPOINT row=2 layer=8 checkpoint=CP3-F object=layer_attn_state_score result=MISMATCH element_count=8192 first_mismatch_index=4096 actual_bits=0xbf055de2 expected_bits=0xbf055fee mismatch_count=3066 max_abs=0.000106335 max_rel=0.0124615 max_ulp=165120
CHECKPOINT row=2 layer=8 checkpoint=CP3-F object=layer_n_comp result=EXACT element_count=1 mismatch_count=0
CHECKPOINT row=2 layer=8 checkpoint=CP3-F object=attn_emitted_row_count result=EXACT element_count=1 mismatch_count=0
CHECKPOINT row=2 layer=8 checkpoint=CP3-F object=layer_index_state_kv result=MISMATCH element_count=2048 first_mismatch_index=1024 actual_bits=0xba8367e0 expected_bits=0xba834d60 mismatch_count=768 max_abs=4.12762e-05 max_rel=0.00689924 max_ulp=82112
CHECKPOINT row=2 layer=8 checkpoint=CP3-F object=layer_index_state_score result=MISMATCH element_count=2048 first_mismatch_index=1024 actual_bits=0xbf305bcf expected_bits=0xbf305e80 mismatch_count=767 max_abs=0.000135899 max_rel=0.00560923 max_ulp=94080
CHECKPOINT row=2 layer=8 checkpoint=CP3-F object=layer_n_index_comp result=EXACT element_count=1 mismatch_count=0
CHECKPOINT row=2 layer=8 checkpoint=CP3-F object=index_emitted_row_count result=EXACT element_count=1 mismatch_count=0
CHECKPOINT row=2 layer=8 checkpoint=CP4 object=post_attention_hidden_state result=MISMATCH element_count=16384 first_mismatch_index=0 actual_bits=0x3ddad49b expected_bits=0x3ddad3dd mismatch_count=16354 max_abs=0.000116348 max_rel=0.616908 max_ulp=11319394
CHECKPOINT row=2 layer=8 checkpoint=CP5 object=final_layer_hidden_state result=MISMATCH element_count=16384 first_mismatch_index=0 actual_bits=0x3dd4c095 expected_bits=0x3dd4bfde mismatch_count=16361 max_abs=0.000158221 max_rel=0.445723 max_ulp=7026150
CHECKPOINT row=2 layer=9 checkpoint=CP1 object=normalized_attention_input result=MISMATCH element_count=4096 first_mismatch_index=0 actual_bits=0x3c8e3726 expected_bits=0x3c8e2f47 mismatch_count=4096 max_abs=8.19215e-06 max_rel=0.229762 max_ulp=3632689
CHECKPOINT row=2 layer=9 checkpoint=CP2-Q object=q_projection result=MISMATCH element_count=1024 first_mismatch_index=0 actual_bits=0x3d7f05a8 expected_bits=0x3d7f0684 mismatch_count=1021 max_abs=1.31279e-05 max_rel=0.0601693 max_ulp=565888
CHECKPOINT row=2 layer=9 checkpoint=CP2-KV-P object=kv_projection result=MISMATCH element_count=512 first_mismatch_index=0 actual_bits=0x3d87d9c6 expected_bits=0x3d87d617 mismatch_count=511 max_abs=1.37165e-05 max_rel=0.0161523 max_ulp=172032
CHECKPOINT row=2 layer=9 checkpoint=CP2-KV-R object=raw_kv_row result=MISMATCH element_count=512 first_mismatch_index=379 actual_bits=0xbc300000 expected_bits=0xbc200000 mismatch_count=15 max_abs=0.00390625 max_rel=0.0909091 max_ulp=1048576
CHECKPOINT row=2 layer=9 checkpoint=CP3-F object=layer_attn_state_kv result=MISMATCH element_count=65536 first_mismatch_index=8192 actual_bits=0xbe109538 expected_bits=0xbe109536 mismatch_count=1535 max_abs=3.04878e-05 max_rel=0.720545 max_ulp=15212544
CHECKPOINT row=2 layer=9 checkpoint=CP3-F object=layer_attn_state_score result=MISMATCH element_count=65536 first_mismatch_index=8192 actual_bits=0x3d43fbd0 expected_bits=0x3d43fa20 mismatch_count=1535 max_abs=8.69632e-05 max_rel=0.0453433 max_ulp=565952
CHECKPOINT row=2 layer=9 checkpoint=CP3-F object=layer_n_comp result=EXACT element_count=1 mismatch_count=0
CHECKPOINT row=2 layer=9 checkpoint=CP3-F object=attn_emitted_row_count result=EXACT element_count=1 mismatch_count=0
CHECKPOINT row=2 layer=9 checkpoint=CP4 object=post_attention_hidden_state result=MISMATCH element_count=16384 first_mismatch_index=0 actual_bits=0x3e18f9bc expected_bits=0x3e18cea5 mismatch_count=16375 max_abs=0.000643291 max_rel=0.816929 max_ulp=20191651
CHECKPOINT row=2 layer=9 checkpoint=CP5 object=final_layer_hidden_state result=MISMATCH element_count=16384 first_mismatch_index=0 actual_bits=0x3e1d4725 expected_bits=0x3e1d1ddf mismatch_count=16373 max_abs=0.000640213 max_rel=1.84139 max_ulp=1893374667
CHECKPOINT row=2 layer=10 checkpoint=CP1 object=normalized_attention_input result=MISMATCH element_count=4096 first_mismatch_index=0 actual_bits=0x3d8be57f expected_bits=0x3d8bc3ea mismatch_count=4096 max_abs=0.000549316 max_rel=1.75853 max_ulp=1883689332
CHECKPOINT row=2 layer=10 checkpoint=CP2-Q object=q_projection result=MISMATCH element_count=1024 first_mismatch_index=0 actual_bits=0x3da625da expected_bits=0x3da6285c mismatch_count=1024 max_abs=0.000311121 max_rel=0.195595 max_ulp=2762176
CHECKPOINT row=2 layer=10 checkpoint=CP2-KV-P object=kv_projection result=MISMATCH element_count=512 first_mismatch_index=0 actual_bits=0xbc95e211 expected_bits=0xbc96161a mismatch_count=512 max_abs=0.000385866 max_rel=1.36768 max_ulp=1882803201
CHECKPOINT row=2 layer=10 checkpoint=CP2-KV-R object=raw_kv_row result=MISMATCH element_count=512 first_mismatch_index=97 actual_bits=0xbf100000 expected_bits=0xbf000000 mismatch_count=48 max_abs=0.0625 max_rel=0.3 max_ulp=4194304
CHECKPOINT row=2 layer=10 checkpoint=CP3-F object=layer_attn_state_kv result=MISMATCH element_count=8192 first_mismatch_index=4096 actual_bits=0x3de9dde8 expected_bits=0x3de9df76 mismatch_count=3070 max_abs=0.0004659 max_rel=0.853535 max_ulp=23540224
CHECKPOINT row=2 layer=10 checkpoint=CP3-F object=layer_attn_state_score result=MISMATCH element_count=8192 first_mismatch_index=4096 actual_bits=0x3ee6f218 expected_bits=0x3ee6f61a mismatch_count=3072 max_abs=0.00140452 max_rel=1.06629 max_ulp=1914964289
CHECKPOINT row=2 layer=10 checkpoint=CP3-F object=layer_n_comp result=EXACT element_count=1 mismatch_count=0
CHECKPOINT row=2 layer=10 checkpoint=CP3-F object=attn_emitted_row_count result=EXACT element_count=1 mismatch_count=0
CHECKPOINT row=2 layer=10 checkpoint=CP3-F object=layer_index_state_kv result=MISMATCH element_count=2048 first_mismatch_index=1024 actual_bits=0x3d0a82de expected_bits=0x3d0a6a96 mismatch_count=768 max_abs=0.000649095 max_rel=0.268417 max_ulp=3342976
CHECKPOINT row=2 layer=10 checkpoint=CP3-F object=layer_index_state_score result=MISMATCH element_count=2048 first_mismatch_index=1024 actual_bits=0x3ebe99e8 expected_bits=0x3ebe9ec0 mismatch_count=768 max_abs=0.00184631 max_rel=0.103959 max_ulp=1320608
CHECKPOINT row=2 layer=10 checkpoint=CP3-F object=layer_n_index_comp result=EXACT element_count=1 mismatch_count=0
CHECKPOINT row=2 layer=10 checkpoint=CP3-F object=index_emitted_row_count result=EXACT element_count=1 mismatch_count=0
CHECKPOINT row=2 layer=10 checkpoint=CP4 object=post_attention_hidden_state result=MISMATCH element_count=16384 first_mismatch_index=0 actual_bits=0x3e1bd6ec expected_bits=0x3e1bb727 mismatch_count=16373 max_abs=0.00136054 max_rel=1.91937 max_ulp=1902716324
CHECKPOINT row=2 layer=10 checkpoint=CP5 object=final_layer_hidden_state result=MISMATCH element_count=16384 first_mismatch_index=0 actual_bits=0x3e41a702 expected_bits=0x3e418b8e mismatch_count=16383 max_abs=0.00102961 max_rel=0.678288 max_ulp=13455048
CHECKPOINT row=2 layer=11 checkpoint=CP1 object=normalized_attention_input result=MISMATCH element_count=4096 first_mismatch_index=0 actual_bits=0x3d0575bd expected_bits=0x3d056fef mismatch_count=4096 max_abs=9.50692e-05 max_rel=1.97533 max_ulp=1858259249
CHECKPOINT row=2 layer=11 checkpoint=CP2-Q object=q_projection result=MISMATCH element_count=1024 first_mismatch_index=0 actual_bits=0x3e3ce253 expected_bits=0x3e3cd863 mismatch_count=1024 max_abs=0.000156745 max_rel=1.0112 max_ulp=1833757185
CHECKPOINT row=2 layer=11 checkpoint=CP2-KV-P object=kv_projection result=MISMATCH element_count=512 first_mismatch_index=0 actual_bits=0x3d759fe4 expected_bits=0x3d75aea5 mismatch_count=512 max_abs=0.000161752 max_rel=0.293133 max_ulp=3872128
CHECKPOINT row=2 layer=11 checkpoint=CP2-KV-R object=raw_kv_row result=MISMATCH element_count=512 first_mismatch_index=40 actual_bits=0x3e800000 expected_bits=0x3e700000 mismatch_count=43 max_abs=0.0625 max_rel=0.25 max_ulp=3145728
CHECKPOINT row=2 layer=11 checkpoint=CP3-F object=layer_attn_state_kv result=MISMATCH element_count=65536 first_mismatch_index=8192 actual_bits=0xbbbb1748 expected_bits=0xbbbb2908 mismatch_count=1536 max_abs=0.000139013 max_rel=0.6536 max_ulp=13026944
CHECKPOINT row=2 layer=11 checkpoint=CP3-F object=layer_attn_state_score result=MISMATCH element_count=65536 first_mismatch_index=8192 actual_bits=0xbd0a3c2f expected_bits=0xbd0a4529 mismatch_count=1535 max_abs=0.000353396 max_rel=1.80555 max_ulp=1859463169
CHECKPOINT row=2 layer=11 checkpoint=CP3-F object=layer_n_comp result=EXACT element_count=1 mismatch_count=0
CHECKPOINT row=2 layer=11 checkpoint=CP3-F object=attn_emitted_row_count result=EXACT element_count=1 mismatch_count=0
CHECKPOINT row=2 layer=11 checkpoint=CP4 object=post_attention_hidden_state result=MISMATCH element_count=16384 first_mismatch_index=0 actual_bits=0x3e420e5d expected_bits=0x3e41f243 mismatch_count=16382 max_abs=0.00156063 max_rel=1.18038 max_ulp=1933384274
CHECKPOINT row=2 layer=11 checkpoint=CP5 object=final_layer_hidden_state result=MISMATCH element_count=16384 first_mismatch_index=0 actual_bits=0x3e44e0ce expected_bits=0x3e44c642 mismatch_count=16382 max_abs=0.00179424 max_rel=1.9861 max_ulp=1942329763
CHECKPOINT row=2 layer=12 checkpoint=CP1 object=normalized_attention_input result=MISMATCH element_count=4096 first_mismatch_index=0 actual_bits=0x3d161feb expected_bits=0x3d161cc1 mismatch_count=4096 max_abs=0.00186086 max_rel=1.33691 max_ulp=1896542774
CHECKPOINT row=2 layer=12 checkpoint=CP2-Q object=q_projection result=MISMATCH element_count=1024 first_mismatch_index=0 actual_bits=0xbdc10b8e expected_bits=0xbdc0be38 mismatch_count=1024 max_abs=0.000434279 max_rel=1.32095 max_ulp=1896988673
CHECKPOINT row=2 layer=12 checkpoint=CP2-KV-P object=kv_projection result=MISMATCH element_count=512 first_mismatch_index=0 actual_bits=0xbe160536 expected_bits=0xbe164120 mismatch_count=512 max_abs=0.000400543 max_rel=1.78653 max_ulp=1895064577
CHECKPOINT row=2 layer=12 checkpoint=CP2-KV-R object=raw_kv_row result=MISMATCH element_count=512 first_mismatch_index=14 actual_bits=0xbf200000 expected_bits=0xbf300000 mismatch_count=61 max_abs=0.125 max_rel=1.8 max_ulp=1931476993
CHECKPOINT row=2 layer=12 checkpoint=CP3-F object=layer_attn_state_kv result=MISMATCH element_count=8192 first_mismatch_index=4096 actual_bits=0x3cd370b0 expected_bits=0x3cd352f2 mismatch_count=3072 max_abs=0.000505447 max_rel=1.30991 max_ulp=1894319105
CHECKPOINT row=2 layer=12 checkpoint=CP3-F object=layer_attn_state_score result=MISMATCH element_count=8192 first_mismatch_index=4096 actual_bits=0xbcac09c0 expected_bits=0xbcabf600 mismatch_count=3072 max_abs=0.00192881 max_rel=0.565768 max_ulp=10176512
CHECKPOINT row=2 layer=12 checkpoint=CP3-F object=layer_n_comp result=EXACT element_count=1 mismatch_count=0
CHECKPOINT row=2 layer=12 checkpoint=CP3-F object=attn_emitted_row_count result=EXACT element_count=1 mismatch_count=0
CHECKPOINT row=2 layer=12 checkpoint=CP3-F object=layer_index_state_kv result=MISMATCH element_count=2048 first_mismatch_index=1024 actual_bits=0xbe1c5528 expected_bits=0xbe1c5f64 mismatch_count=768 max_abs=0.000870228 max_rel=0.0624003 max_ulp=666472
CHECKPOINT row=2 layer=12 checkpoint=CP3-F object=layer_index_state_score result=MISMATCH element_count=2048 first_mismatch_index=1024 actual_bits=0x3d40ebe8 expected_bits=0x3d40e2e0 mismatch_count=767 max_abs=0.00209713 max_rel=0.13106 max_ulp=2168832
CHECKPOINT row=2 layer=12 checkpoint=CP3-F object=layer_n_index_comp result=EXACT element_count=1 mismatch_count=0
CHECKPOINT row=2 layer=12 checkpoint=CP3-F object=index_emitted_row_count result=EXACT element_count=1 mismatch_count=0
CHECKPOINT row=2 layer=12 checkpoint=CP4 object=post_attention_hidden_state result=MISMATCH element_count=16384 first_mismatch_index=0 actual_bits=0x3e44721c expected_bits=0x3e445850 mismatch_count=16384 max_abs=0.00485454 max_rel=1.89354 max_ulp=1970329904
CHECKPOINT row=2 layer=12 checkpoint=CP5 object=final_layer_hidden_state result=MISMATCH element_count=16384 first_mismatch_index=0 actual_bits=0x3e4507a8 expected_bits=0x3e44eead mismatch_count=16383 max_abs=0.004912 max_rel=1.9453 max_ulp=1969596794
CHECKPOINT row=2 layer=13 checkpoint=CP1 object=normalized_attention_input result=MISMATCH element_count=4096 first_mismatch_index=0 actual_bits=0x3cbd3b2c expected_bits=0x3cbddbcb mismatch_count=4096 max_abs=0.000325936 max_rel=1.62356 max_ulp=1868685575
CHECKPOINT row=2 layer=13 checkpoint=CP2-Q object=q_projection result=MISMATCH element_count=1024 first_mismatch_index=0 actual_bits=0x3d6d39ed expected_bits=0x3d6d884c mismatch_count=1024 max_abs=0.000436302 max_rel=0.712065 max_ulp=15257600
CHECKPOINT row=2 layer=13 checkpoint=CP2-KV-P object=kv_projection result=MISMATCH element_count=512 first_mismatch_index=0 actual_bits=0x3d0756d0 expected_bits=0x3d06d753 mismatch_count=512 max_abs=0.0004839 max_rel=0.36206 max_ulp=4842144
CHECKPOINT row=2 layer=13 checkpoint=CP2-KV-R object=raw_kv_row result=MISMATCH element_count=512 first_mismatch_index=38 actual_bits=0xbb600000 expected_bits=0xbb100000 mismatch_count=65 max_abs=0.0625 max_rel=0.357143 max_ulp=5242880
CHECKPOINT row=2 layer=13 checkpoint=CP3-F object=layer_attn_state_kv result=MISMATCH element_count=65536 first_mismatch_index=8192 actual_bits=0x3d408540 expected_bits=0x3d406b01 mismatch_count=1536 max_abs=0.000825226 max_rel=1.71993 max_ulp=1908505345
CHECKPOINT row=2 layer=13 checkpoint=CP3-F object=layer_attn_state_score result=MISMATCH element_count=65536 first_mismatch_index=8192 actual_bits=0xbc60fed0 expected_bits=0xbc610f5a mismatch_count=1536 max_abs=0.00129128 max_rel=0.562006 max_ulp=9591424
CHECKPOINT row=2 layer=13 checkpoint=CP3-F object=layer_n_comp result=EXACT element_count=1 mismatch_count=0
CHECKPOINT row=2 layer=13 checkpoint=CP3-F object=attn_emitted_row_count result=EXACT element_count=1 mismatch_count=0
CHECKPOINT row=2 layer=13 checkpoint=CP4 object=post_attention_hidden_state result=MISMATCH element_count=16384 first_mismatch_index=0 actual_bits=0x3e452a51 expected_bits=0x3e4511fa mismatch_count=16383 max_abs=0.00555401 max_rel=1.30754 max_ulp=1955048149
CHECKPOINT row=2 layer=13 checkpoint=CP5 object=final_layer_hidden_state result=MISMATCH element_count=16384 first_mismatch_index=0 actual_bits=0x3e4527c3 expected_bits=0x3e450f9f mismatch_count=16383 max_abs=0.00592184 max_rel=1.88767 max_ulp=1957126361
CHECKPOINT row=2 layer=14 checkpoint=CP1 object=normalized_attention_input result=MISMATCH element_count=4096 first_mismatch_index=0 actual_bits=0x3d9836ed expected_bits=0x3d982e90 mismatch_count=4096 max_abs=0.0078454 max_rel=1.76155 max_ulp=1917959715
CHECKPOINT row=2 layer=14 checkpoint=CP2-Q object=q_projection result=MISMATCH element_count=1024 first_mismatch_index=0 actual_bits=0x3dcb6de5 expected_bits=0x3dcb5533 mismatch_count=1024 max_abs=0.000828892 max_rel=0.567926 max_ulp=10256896
CHECKPOINT row=2 layer=14 checkpoint=CP2-KV-P object=kv_projection result=MISMATCH element_count=512 first_mismatch_index=0 actual_bits=0x3e4fc7e8 expected_bits=0x3e501d32 mismatch_count=512 max_abs=0.00102055 max_rel=0.568374 max_ulp=9862144
CHECKPOINT row=2 layer=14 checkpoint=CP2-KV-R object=raw_kv_row result=MISMATCH element_count=512 first_mismatch_index=71 actual_bits=0xbf000000 expected_bits=0xbf100000 mismatch_count=70 max_abs=0.0625 max_rel=0.583333 max_ulp=10485760
CHECKPOINT row=2 layer=14 checkpoint=CP3-F object=layer_attn_state_kv result=MISMATCH element_count=8192 first_mismatch_index=4096 actual_bits=0x3e31060b expected_bits=0x3e311923 mismatch_count=3072 max_abs=0.00246727 max_rel=0.810801 max_ulp=20017536
CHECKPOINT row=2 layer=14 checkpoint=CP3-F object=layer_attn_state_score result=MISMATCH element_count=8192 first_mismatch_index=4096 actual_bits=0xbed5c678 expected_bits=0xbed62efa mismatch_count=3072 max_abs=0.00819111 max_rel=0.147694 max_ulp=2070080
CHECKPOINT row=2 layer=14 checkpoint=CP3-F object=layer_n_comp result=EXACT element_count=1 mismatch_count=0
CHECKPOINT row=2 layer=14 checkpoint=CP3-F object=attn_emitted_row_count result=EXACT element_count=1 mismatch_count=0
CHECKPOINT row=2 layer=14 checkpoint=CP3-F object=layer_index_state_kv result=MISMATCH element_count=2048 first_mismatch_index=1024 actual_bits=0x3f0b10b0 expected_bits=0x3f0b1100 mismatch_count=768 max_abs=0.00153968 max_rel=0.734215 max_ulp=16171520
CHECKPOINT row=2 layer=14 checkpoint=CP3-F object=layer_index_state_score result=MISMATCH element_count=2048 first_mismatch_index=1024 actual_bits=0xbf4c9d95 expected_bits=0xbf4cc603 mismatch_count=768 max_abs=0.00982749 max_rel=0.0683274 max_ulp=943360
CHECKPOINT row=2 layer=14 checkpoint=CP3-F object=layer_n_index_comp result=EXACT element_count=1 mismatch_count=0
CHECKPOINT row=2 layer=14 checkpoint=CP3-F object=index_emitted_row_count result=EXACT element_count=1 mismatch_count=0
CHECKPOINT row=2 layer=14 checkpoint=CP4 object=post_attention_hidden_state result=MISMATCH element_count=16384 first_mismatch_index=0 actual_bits=0x3e45a18e expected_bits=0x3e458996 mismatch_count=16383 max_abs=0.00811148 max_rel=1.94064 max_ulp=1952840093
CHECKPOINT row=2 layer=14 checkpoint=CP5 object=final_layer_hidden_state result=MISMATCH element_count=16384 first_mismatch_index=0 actual_bits=0x3e47c127 expected_bits=0x3e47a889 mismatch_count=16384 max_abs=0.00688922 max_rel=1.68394 max_ulp=1969926508
CHECKPOINT row=2 layer=15 checkpoint=CP1 object=normalized_attention_input result=MISMATCH element_count=4096 first_mismatch_index=0 actual_bits=0x3d33ad7c expected_bits=0x3d33341a mismatch_count=4096 max_abs=0.000764221 max_rel=0.905622 max_ulp=28417808
CHECKPOINT row=2 layer=15 checkpoint=CP2-Q object=q_projection result=MISMATCH element_count=1024 first_mismatch_index=0 actual_bits=0xbd86f8d8 expected_bits=0xbd874ae2 mismatch_count=1024 max_abs=0.000615984 max_rel=1.13226 max_ulp=1865850881
CHECKPOINT row=2 layer=15 checkpoint=CP2-KV-P object=kv_projection result=MISMATCH element_count=512 first_mismatch_index=0 actual_bits=0x3d81aa2c expected_bits=0x3d820f58 mismatch_count=512 max_abs=0.000709306 max_rel=1.61268 max_ulp=1906373377
CHECKPOINT row=2 layer=15 checkpoint=CP2-KV-R object=raw_kv_row result=MISMATCH element_count=512 first_mismatch_index=25 actual_bits=0x3ef00000 expected_bits=0x3ee00000 mismatch_count=77 max_abs=0.25 max_rel=1.64286 max_ulp=1953497089
CHECKPOINT row=2 layer=15 checkpoint=CP3-F object=layer_attn_state_kv result=MISMATCH element_count=65536 first_mismatch_index=8192 actual_bits=0xbd7eb7dc expected_bits=0xbd7edbdc mismatch_count=1536 max_abs=0.000812329 max_rel=1.35214 max_ulp=1914218625
CHECKPOINT row=2 layer=15 checkpoint=CP3-F object=layer_attn_state_score result=MISMATCH element_count=65536 first_mismatch_index=8192 actual_bits=0x3e788a38 expected_bits=0x3e787b90 mismatch_count=1536 max_abs=0.00183308 max_rel=0.689332 max_ulp=14327808
CHECKPOINT row=2 layer=15 checkpoint=CP3-F object=layer_n_comp result=EXACT element_count=1 mismatch_count=0
CHECKPOINT row=2 layer=15 checkpoint=CP3-F object=attn_emitted_row_count result=EXACT element_count=1 mismatch_count=0
CHECKPOINT row=2 layer=15 checkpoint=CP4 object=post_attention_hidden_state result=MISMATCH element_count=16384 first_mismatch_index=0 actual_bits=0x3e4a2620 expected_bits=0x3e4a0b26 mismatch_count=16383 max_abs=0.0176654 max_rel=1.92979 max_ulp=1982969310
CHECKPOINT row=2 layer=15 checkpoint=CP5 object=final_layer_hidden_state result=MISMATCH element_count=16384 first_mismatch_index=0 actual_bits=0x3e4a9fe2 expected_bits=0x3e4a7898 mismatch_count=16383 max_abs=0.014447 max_rel=1.92097 max_ulp=1996365331
CHECKPOINT row=2 layer=16 checkpoint=CP1 object=normalized_attention_input result=MISMATCH element_count=4096 first_mismatch_index=0 actual_bits=0x3d4b85f4 expected_bits=0x3d4a289c mismatch_count=4096 max_abs=0.0137041 max_rel=1.60621 max_ulp=1922764028
CHECKPOINT row=2 layer=16 checkpoint=CP2-Q object=q_projection result=MISMATCH element_count=1024 first_mismatch_index=0 actual_bits=0xbd9ba536 expected_bits=0xbd9a8cd2 mismatch_count=1024 max_abs=0.00199313 max_rel=1.10663 max_ulp=1910548737
CHECKPOINT row=2 layer=16 checkpoint=CP2-KV-P object=kv_projection result=MISMATCH element_count=512 first_mismatch_index=0 actual_bits=0x3dd69ebc expected_bits=0x3dd6068e mismatch_count=512 max_abs=0.00178243 max_rel=0.555072 max_ulp=9766000
CHECKPOINT row=2 layer=16 checkpoint=CP2-KV-R object=raw_kv_row result=MISMATCH element_count=512 first_mismatch_index=12 actual_bits=0x3d900000 expected_bits=0x3d800000 mismatch_count=95 max_abs=0.25 max_rel=0.566667 max_ulp=10485760
CHECKPOINT row=2 layer=16 checkpoint=CP3-F object=layer_attn_state_kv result=MISMATCH element_count=8192 first_mismatch_index=4096 actual_bits=0x3dba4e8a expected_bits=0x3dba56ec mismatch_count=3072 max_abs=0.00186557 max_rel=1.51694 max_ulp=1922297473
CHECKPOINT row=2 layer=16 checkpoint=CP3-F object=layer_attn_state_score result=MISMATCH element_count=8192 first_mismatch_index=4096 actual_bits=0xbfcc9287 expected_bits=0xbfcc7700 mismatch_count=3072 max_abs=0.0127567 max_rel=0.636668 max_ulp=12030720
CHECKPOINT row=2 layer=16 checkpoint=CP3-F object=layer_n_comp result=EXACT element_count=1 mismatch_count=0
CHECKPOINT row=2 layer=16 checkpoint=CP3-F object=attn_emitted_row_count result=EXACT element_count=1 mismatch_count=0
CHECKPOINT row=2 layer=16 checkpoint=CP3-F object=layer_index_state_kv result=MISMATCH element_count=2048 first_mismatch_index=1024 actual_bits=0x3e22a0c4 expected_bits=0x3e228174 mismatch_count=768 max_abs=0.00235146 max_rel=1.18827 max_ulp=1912400385
CHECKPOINT row=2 layer=16 checkpoint=CP3-F object=layer_index_state_score result=MISMATCH element_count=2048 first_mismatch_index=1024 actual_bits=0xbfd35cb0 expected_bits=0xbfd34018 mismatch_count=768 max_abs=0.01598 max_rel=1.20143 max_ulp=1989750505
CHECKPOINT row=2 layer=16 checkpoint=CP3-F object=layer_n_index_comp result=EXACT element_count=1 mismatch_count=0
CHECKPOINT row=2 layer=16 checkpoint=CP3-F object=index_emitted_row_count result=EXACT element_count=1 mismatch_count=0
CHECKPOINT row=2 layer=16 checkpoint=CP4 object=post_attention_hidden_state result=MISMATCH element_count=16384 first_mismatch_index=0 actual_bits=0x3e4b2f46 expected_bits=0x3e4b088f mismatch_count=16383 max_abs=0.0510478 max_rel=1.94971 max_ulp=1991244460
CHECKPOINT row=2 layer=16 checkpoint=CP5 object=final_layer_hidden_state result=MISMATCH element_count=16384 first_mismatch_index=0 actual_bits=0x3e38254f expected_bits=0x3e3803c0 mismatch_count=16381 max_abs=0.0199087 max_rel=1.80182 max_ulp=2007642658
CHECKPOINT row=2 layer=17 checkpoint=CP1 object=normalized_attention_input result=MISMATCH element_count=4096 first_mismatch_index=0 actual_bits=0xbd0b5d9a expected_bits=0xbd0bd510 mismatch_count=4096 max_abs=0.00406134 max_rel=1.98862 max_ulp=1947777633
CHECKPOINT row=2 layer=17 checkpoint=CP2-Q object=q_projection result=MISMATCH element_count=1024 first_mismatch_index=0 actual_bits=0x3e14c774 expected_bits=0x3e1618ec mismatch_count=1024 max_abs=0.00193362 max_rel=0.826579 max_ulp=21130328
CHECKPOINT row=2 layer=17 checkpoint=CP2-KV-P object=kv_projection result=MISMATCH element_count=512 first_mismatch_index=0 actual_bits=0x3df2982b expected_bits=0x3df3f7f7 mismatch_count=512 max_abs=0.00246489 max_rel=1.83977 max_ulp=1943933185
CHECKPOINT row=2 layer=17 checkpoint=CP2-KV-R object=raw_kv_row result=MISMATCH element_count=512 first_mismatch_index=0 actual_bits=0x3f100000 expected_bits=0x3f200000 mismatch_count=136 max_abs=0.125 max_rel=1.9 max_ulp=1982857217
CHECKPOINT row=2 layer=17 checkpoint=CP3-F object=layer_attn_state_kv result=MISMATCH element_count=65536 first_mismatch_index=8192 actual_bits=0x3ba71d28 expected_bits=0x3b9e7080 mismatch_count=1536 max_abs=0.00317279 max_rel=1.21076 max_ulp=1918249985
CHECKPOINT row=2 layer=17 checkpoint=CP3-F object=layer_attn_state_score result=MISMATCH element_count=65536 first_mismatch_index=8192 actual_bits=0x3e92f626 expected_bits=0x3e92ffcd mismatch_count=1536 max_abs=0.00694442 max_rel=1.30183 max_ulp=1954577473
CHECKPOINT row=2 layer=17 checkpoint=CP3-F object=layer_n_comp result=EXACT element_count=1 mismatch_count=0
CHECKPOINT row=2 layer=17 checkpoint=CP3-F object=attn_emitted_row_count result=EXACT element_count=1 mismatch_count=0
CHECKPOINT row=2 layer=17 checkpoint=CP4 object=post_attention_hidden_state result=MISMATCH element_count=16384 first_mismatch_index=0 actual_bits=0x3e37f5a0 expected_bits=0x3e37d437 mismatch_count=16384 max_abs=0.0235596 max_rel=1.62628 max_ulp=2003296921
CHECKPOINT row=2 layer=17 checkpoint=CP5 object=final_layer_hidden_state result=MISMATCH element_count=16384 first_mismatch_index=0 actual_bits=0x3e3c46db expected_bits=0x3e3c2513 mismatch_count=16382 max_abs=0.0278829 max_rel=1.82082 max_ulp=2008065002
CHECKPOINT row=2 layer=18 checkpoint=CP1 object=normalized_attention_input result=MISMATCH element_count=4096 first_mismatch_index=0 actual_bits=0x3b2aaadd expected_bits=0x3b24d2d3 mismatch_count=4096 max_abs=0.00499129 max_rel=1.98017 max_ulp=1925538802
CHECKPOINT row=2 layer=18 checkpoint=CP2-Q object=q_projection result=MISMATCH element_count=1024 first_mismatch_index=0 actual_bits=0x3d875246 expected_bits=0x3d85d030 mismatch_count=1024 max_abs=0.00174704 max_rel=0.360103 max_ulp=5469092
CHECKPOINT row=2 layer=18 checkpoint=CP2-KV-P object=kv_projection result=MISMATCH element_count=512 first_mismatch_index=0 actual_bits=0xbc580d30 expected_bits=0xbc5cb7a4 mismatch_count=512 max_abs=0.00194393 max_rel=0.925106 max_ulp=31280768
CHECKPOINT row=2 layer=18 checkpoint=CP2-KV-R object=raw_kv_row result=MISMATCH element_count=512 first_mismatch_index=0 actual_bits=0xbd600000 expected_bits=0xbd700000 mismatch_count=106 max_abs=0.125 max_rel=0.925 max_ulp=31457280
CHECKPOINT row=2 layer=18 checkpoint=CP3-F object=layer_attn_state_kv result=MISMATCH element_count=8192 first_mismatch_index=4096 actual_bits=0xbc627954 expected_bits=0xbc63238c mismatch_count=3072 max_abs=0.00151081 max_rel=1.55608 max_ulp=1910865025
CHECKPOINT row=2 layer=18 checkpoint=CP3-F object=layer_attn_state_score result=MISMATCH element_count=8192 first_mismatch_index=4096 actual_bits=0x3f37ba90 expected_bits=0x3f37d8ae mismatch_count=3072 max_abs=0.00607693 max_rel=0.122924 max_ulp=1953800
CHECKPOINT row=2 layer=18 checkpoint=CP3-F object=layer_n_comp result=EXACT element_count=1 mismatch_count=0
CHECKPOINT row=2 layer=18 checkpoint=CP3-F object=attn_emitted_row_count result=EXACT element_count=1 mismatch_count=0
CHECKPOINT row=2 layer=18 checkpoint=CP3-F object=layer_index_state_kv result=MISMATCH element_count=2048 first_mismatch_index=1024 actual_bits=0x3d51cad3 expected_bits=0x3d51dee0 mismatch_count=768 max_abs=0.00191191 max_rel=0.391996 max_ulp=6275648
CHECKPOINT row=2 layer=18 checkpoint=CP3-F object=layer_index_state_score result=MISMATCH element_count=2048 first_mismatch_index=1024 actual_bits=0x3f995ec1 expected_bits=0x3f997072 mismatch_count=768 max_abs=0.00852227 max_rel=0.0453796 max_ulp=415376
CHECKPOINT row=2 layer=18 checkpoint=CP3-F object=layer_n_index_comp result=EXACT element_count=1 mismatch_count=0
CHECKPOINT row=2 layer=18 checkpoint=CP3-F object=index_emitted_row_count result=EXACT element_count=1 mismatch_count=0
CHECKPOINT row=2 layer=18 checkpoint=CP4 object=post_attention_hidden_state result=MISMATCH element_count=16384 first_mismatch_index=0 actual_bits=0x3e2fabf8 expected_bits=0x3e2f4749 mismatch_count=16381 max_abs=0.0393771 max_rel=1.92212 max_ulp=2020088951
CHECKPOINT row=2 layer=18 checkpoint=CP5 object=final_layer_hidden_state result=MISMATCH element_count=16384 first_mismatch_index=0 actual_bits=0x3df71704 expected_bits=0x3df5da13 mismatch_count=16384 max_abs=0.0405102 max_rel=1.87758 max_ulp=2015209693
CHECKPOINT row=2 layer=19 checkpoint=CP1 object=normalized_attention_input result=MISMATCH element_count=4096 first_mismatch_index=0 actual_bits=0xbc490f99 expected_bits=0xbc4c4a06 mismatch_count=4096 max_abs=0.000794027 max_rel=1.80298 max_ulp=1925305322
CHECKPOINT row=2 layer=19 checkpoint=CP2-Q object=q_projection result=MISMATCH element_count=1024 first_mismatch_index=0 actual_bits=0x3d983ccc expected_bits=0x3d9859e9 mismatch_count=1024 max_abs=0.00111261 max_rel=0.872987 max_ulp=25018624
CHECKPOINT row=2 layer=19 checkpoint=CP2-KV-P object=kv_projection result=MISMATCH element_count=512 first_mismatch_index=0 actual_bits=0x3c04de70 expected_bits=0x3c04d78c mismatch_count=512 max_abs=0.0013684 max_rel=1.03263 max_ulp=1915399425
CHECKPOINT row=2 layer=19 checkpoint=CP2-KV-R object=raw_kv_row result=MISMATCH element_count=512 first_mismatch_index=4 actual_bits=0xbd400000 expected_bits=0xbd100000 mismatch_count=122 max_abs=0.125 max_rel=1.03516 max_ulp=1972371457
CHECKPOINT row=2 layer=19 checkpoint=CP3-F object=layer_attn_state_kv result=MISMATCH element_count=65536 first_mismatch_index=8192 actual_bits=0xbb7f5270 expected_bits=0xbb802cc0 mismatch_count=1536 max_abs=0.00148168 max_rel=1.95257 max_ulp=1939707873
CHECKPOINT row=2 layer=19 checkpoint=CP3-F object=layer_attn_state_score result=MISMATCH element_count=65536 first_mismatch_index=8192 actual_bits=0x3d3e4291 expected_bits=0x3d3e9bde mismatch_count=1536 max_abs=0.00584835 max_rel=1.91522 max_ulp=1944026753
CHECKPOINT row=2 layer=19 checkpoint=CP3-F object=layer_n_comp result=EXACT element_count=1 mismatch_count=0
CHECKPOINT row=2 layer=19 checkpoint=CP3-F object=attn_emitted_row_count result=EXACT element_count=1 mismatch_count=0
CHECKPOINT row=2 layer=19 checkpoint=CP4 object=post_attention_hidden_state result=MISMATCH element_count=16384 first_mismatch_index=0 actual_bits=0x3e1012f2 expected_bits=0x3e0f59be mismatch_count=16384 max_abs=0.0454247 max_rel=1.9456 max_ulp=2022988445
CHECKPOINT row=2 layer=19 checkpoint=CP5 object=final_layer_hidden_state result=MISMATCH element_count=16384 first_mismatch_index=0 actual_bits=0x3d8460ee expected_bits=0x3d82d6d0 mismatch_count=16384 max_abs=0.0414439 max_rel=1.84953 max_ulp=2023566517
CHECKPOINT row=2 layer=20 checkpoint=CP1 object=normalized_attention_input result=MISMATCH element_count=4096 first_mismatch_index=0 actual_bits=0xbc044d85 expected_bits=0xbc0a38fc mismatch_count=4096 max_abs=0.00669885 max_rel=1.8818 max_ulp=1930979284
CHECKPOINT row=2 layer=20 checkpoint=CP2-Q object=q_projection result=MISMATCH element_count=1024 first_mismatch_index=0 actual_bits=0xbcd10c18 expected_bits=0xbcd1c2d2 mismatch_count=1024 max_abs=0.00195488 max_rel=1.33734 max_ulp=1899020801
CHECKPOINT row=2 layer=20 checkpoint=CP2-KV-P object=kv_projection result=MISMATCH element_count=512 first_mismatch_index=0 actual_bits=0x3e1e519e expected_bits=0x3e1e9581 mismatch_count=512 max_abs=0.00189294 max_rel=0.58955 max_ulp=10855808
CHECKPOINT row=2 layer=20 checkpoint=CP2-KV-R object=raw_kv_row result=MISMATCH element_count=512 first_mismatch_index=7 actual_bits=0x3e600000 expected_bits=0x3e700000 mismatch_count=108 max_abs=0.125 max_rel=0.588349 max_ulp=10264576
CHECKPOINT row=2 layer=20 checkpoint=CP3-F object=layer_attn_state_kv result=MISMATCH element_count=8192 first_mismatch_index=4096 actual_bits=0xbdc0dbd4 expected_bits=0xbdc0f728 mismatch_count=3072 max_abs=0.0021411 max_rel=1.68838 max_ulp=1949172301
CHECKPOINT row=2 layer=20 checkpoint=CP3-F object=layer_attn_state_score result=MISMATCH element_count=8192 first_mismatch_index=4096 actual_bits=0xbf84b8ef expected_bits=0xbf84a8dc mismatch_count=3072 max_abs=0.00926948 max_rel=0.337849 max_ulp=4734576
CHECKPOINT row=2 layer=20 checkpoint=CP3-F object=layer_n_comp result=EXACT element_count=1 mismatch_count=0
CHECKPOINT row=2 layer=20 checkpoint=CP3-F object=attn_emitted_row_count result=EXACT element_count=1 mismatch_count=0
CHECKPOINT row=2 layer=20 checkpoint=CP3-F object=layer_index_state_kv result=MISMATCH element_count=2048 first_mismatch_index=1024 actual_bits=0xbb5e7684 expected_bits=0xbb595dc0 mismatch_count=768 max_abs=0.00313997 max_rel=0.537855 max_ulp=9126504
CHECKPOINT row=2 layer=20 checkpoint=CP3-F object=layer_index_state_score result=MISMATCH element_count=2048 first_mismatch_index=1024 actual_bits=0xbf6fa4dd expected_bits=0xbf6f8a2d mismatch_count=768 max_abs=0.011651 max_rel=0.134183 max_ulp=2154336
CHECKPOINT row=2 layer=20 checkpoint=CP3-F object=layer_n_index_comp result=EXACT element_count=1 mismatch_count=0
CHECKPOINT row=2 layer=20 checkpoint=CP3-F object=index_emitted_row_count result=EXACT element_count=1 mismatch_count=0
CHECKPOINT row=2 layer=20 checkpoint=CP4 object=post_attention_hidden_state result=MISMATCH element_count=16384 first_mismatch_index=0 actual_bits=0xbdf8fcbe expected_bits=0xbdfc9140 mismatch_count=16384 max_abs=0.0378484 max_rel=1.93906 max_ulp=2025623323
CHECKPOINT row=2 layer=20 checkpoint=CP5 object=final_layer_hidden_state result=MISMATCH element_count=16384 first_mismatch_index=0 actual_bits=0xbe0ae7a1 expected_bits=0xbe0c94a0 mismatch_count=16383 max_abs=0.0445 max_rel=1.93085 max_ulp=2010711170
CHECKPOINT row=2 layer=21 checkpoint=CP1 object=normalized_attention_input result=MISMATCH element_count=4096 first_mismatch_index=0 actual_bits=0xbc6bc3ca expected_bits=0xbc6ec991 mismatch_count=4096 max_abs=0.000830745 max_rel=1.74478 max_ulp=1912540371
CHECKPOINT row=2 layer=21 checkpoint=CP2-Q object=q_projection result=MISMATCH element_count=1024 first_mismatch_index=0 actual_bits=0x3e0a84ee expected_bits=0x3e0a995c mismatch_count=1024 max_abs=0.00110596 max_rel=1.94378 max_ulp=1922594945
CHECKPOINT row=2 layer=21 checkpoint=CP2-KV-P object=kv_projection result=MISMATCH element_count=512 first_mismatch_index=0 actual_bits=0x3e4d31be expected_bits=0x3e4d796b mismatch_count=512 max_abs=0.00119709 max_rel=1.17409 max_ulp=1922940545
CHECKPOINT row=2 layer=21 checkpoint=CP2-KV-R object=raw_kv_row result=MISMATCH element_count=512 first_mismatch_index=9 actual_bits=0xb9900000 expected_bits=0xbb600000 mismatch_count=92 max_abs=0.25 max_rel=1.18333 max_ulp=1973420033
CHECKPOINT row=2 layer=21 checkpoint=CP3-F object=layer_attn_state_kv result=MISMATCH element_count=65536 first_mismatch_index=8192 actual_bits=0x3b9d2950 expected_bits=0x3b9baa58 mismatch_count=1536 max_abs=0.00190049 max_rel=1.60378 max_ulp=1911312385
CHECKPOINT row=2 layer=21 checkpoint=CP3-F object=layer_attn_state_score result=MISMATCH element_count=65536 first_mismatch_index=8192 actual_bits=0x3e7ff990 expected_bits=0x3e80048c mismatch_count=1536 max_abs=0.0024514 max_rel=0.61971 max_ulp=11271360
CHECKPOINT row=2 layer=21 checkpoint=CP3-F object=layer_n_comp result=EXACT element_count=1 mismatch_count=0
CHECKPOINT row=2 layer=21 checkpoint=CP3-F object=attn_emitted_row_count result=EXACT element_count=1 mismatch_count=0
CHECKPOINT row=2 layer=21 checkpoint=CP4 object=post_attention_hidden_state result=MISMATCH element_count=16384 first_mismatch_index=0 actual_bits=0x3ec142b5 expected_bits=0x3ec1e89b mismatch_count=16384 max_abs=0.0415987 max_rel=1.98639 max_ulp=2019465571
CHECKPOINT row=2 layer=21 checkpoint=CP5 object=final_layer_hidden_state result=MISMATCH element_count=16384 first_mismatch_index=0 actual_bits=0x3ecb2620 expected_bits=0x3ecc21fa mismatch_count=16384 max_abs=0.0568705 max_rel=1.95214 max_ulp=2015235745
CHECKPOINT row=2 layer=22 checkpoint=CP1 object=normalized_attention_input result=MISMATCH element_count=4096 first_mismatch_index=0 actual_bits=0x3ca85a54 expected_bits=0x3ca837c0 mismatch_count=4096 max_abs=0.0260003 max_rel=1.78385 max_ulp=1933874903
CHECKPOINT row=2 layer=22 checkpoint=CP2-Q object=q_projection result=MISMATCH element_count=1024 first_mismatch_index=0 actual_bits=0xbdd035fa expected_bits=0xbdce5701 mismatch_count=1024 max_abs=0.00280172 max_rel=0.872233 max_ulp=24921088
CHECKPOINT row=2 layer=22 checkpoint=CP2-KV-P object=kv_projection result=MISMATCH element_count=512 first_mismatch_index=0 actual_bits=0xbdfa6dd3 expected_bits=0xbdf84055 mismatch_count=512 max_abs=0.00262499 max_rel=0.457967 max_ulp=7519008
CHECKPOINT row=2 layer=22 checkpoint=CP2-KV-R object=raw_kv_row result=MISMATCH element_count=512 first_mismatch_index=69 actual_bits=0xbe800000 expected_bits=0xbe700000 mismatch_count=98 max_abs=0.25 max_rel=0.454545 max_ulp=7340032
CHECKPOINT row=2 layer=22 checkpoint=CP3-F object=layer_attn_state_kv result=MISMATCH element_count=8192 first_mismatch_index=4096 actual_bits=0xbde7f544 expected_bits=0xbde7ff4b mismatch_count=3072 max_abs=0.00297749 max_rel=1.65349 max_ulp=1942050689
CHECKPOINT row=2 layer=22 checkpoint=CP3-F object=layer_attn_state_score result=MISMATCH element_count=8192 first_mismatch_index=4096 actual_bits=0xbfe4a635 expected_bits=0xbfe499dc mismatch_count=3072 max_abs=0.0193084 max_rel=1.04927 max_ulp=1935743233
CHECKPOINT row=2 layer=22 checkpoint=CP3-F object=layer_n_comp result=EXACT element_count=1 mismatch_count=0
CHECKPOINT row=2 layer=22 checkpoint=CP3-F object=attn_emitted_row_count result=EXACT element_count=1 mismatch_count=0
CHECKPOINT row=2 layer=22 checkpoint=CP3-F object=layer_index_state_kv result=MISMATCH element_count=2048 first_mismatch_index=1024 actual_bits=0x3e334467 expected_bits=0x3e3322b1 mismatch_count=768 max_abs=0.0080595 max_rel=0.936581 max_ulp=33382784
CHECKPOINT row=2 layer=22 checkpoint=CP3-F object=layer_index_state_score result=MISMATCH element_count=2048 first_mismatch_index=1024 actual_bits=0xc0095cee expected_bits=0xc0095a52 mismatch_count=768 max_abs=0.0205104 max_rel=0.772235 max_ulp=17815040
CHECKPOINT row=2 layer=22 checkpoint=CP3-F object=layer_n_index_comp result=EXACT element_count=1 mismatch_count=0
CHECKPOINT row=2 layer=22 checkpoint=CP3-F object=index_emitted_row_count result=EXACT element_count=1 mismatch_count=0
CHECKPOINT row=2 layer=22 checkpoint=CP4 object=post_attention_hidden_state result=MISMATCH element_count=16384 first_mismatch_index=0 actual_bits=0x3f006871 expected_bits=0x3f00bcf6 mismatch_count=16384 max_abs=0.0512857 max_rel=1.96058 max_ulp=2019468580
CHECKPOINT row=2 layer=22 checkpoint=CP5 object=final_layer_hidden_state result=MISMATCH element_count=16384 first_mismatch_index=0 actual_bits=0x3ef9a6a3 expected_bits=0x3efa2d80 mismatch_count=16384 max_abs=0.0391552 max_rel=1.94898 max_ulp=2023055504
CHECKPOINT row=2 layer=23 checkpoint=CP1 object=normalized_attention_input result=MISMATCH element_count=4096 first_mismatch_index=0 actual_bits=0x3be85e6e expected_bits=0x3be41fbb mismatch_count=4096 max_abs=0.000882231 max_rel=1.9269 max_ulp=1904020321
CHECKPOINT row=2 layer=23 checkpoint=CP2-Q object=q_projection result=MISMATCH element_count=1024 first_mismatch_index=0 actual_bits=0x3e3ee992 expected_bits=0x3e3f6cbe mismatch_count=1024 max_abs=0.00134073 max_rel=1.25286 max_ulp=1930591233
CHECKPOINT row=2 layer=23 checkpoint=CP2-KV-P object=kv_projection result=MISMATCH element_count=512 first_mismatch_index=0 actual_bits=0xbe93804b expected_bits=0xbe92fb0c mismatch_count=512 max_abs=0.0015527 max_rel=0.123245 max_ulp=1479884
CHECKPOINT row=2 layer=23 checkpoint=CP2-KV-R object=raw_kv_row result=MISMATCH element_count=512 first_mismatch_index=10 actual_bits=0x3e200000 expected_bits=0x3e100000 mismatch_count=64 max_abs=0.125 max_rel=0.111111 max_ulp=1048576
CHECKPOINT row=2 layer=23 checkpoint=CP3-F object=layer_attn_state_kv result=MISMATCH element_count=65536 first_mismatch_index=8192 actual_bits=0x3e4b28ac expected_bits=0x3e4b3152 mismatch_count=1536 max_abs=0.00126368 max_rel=0.833801 max_ulp=22270016
CHECKPOINT row=2 layer=23 checkpoint=CP3-F object=layer_attn_state_score result=MISMATCH element_count=65536 first_mismatch_index=8192 actual_bits=0xbdb64bc1 expected_bits=0xbdb54478 mismatch_count=1536 max_abs=0.00131989 max_rel=1.07327 max_ulp=1927820417
CHECKPOINT row=2 layer=23 checkpoint=CP3-F object=layer_n_comp result=EXACT element_count=1 mismatch_count=0
CHECKPOINT row=2 layer=23 checkpoint=CP3-F object=attn_emitted_row_count result=EXACT element_count=1 mismatch_count=0
CHECKPOINT row=2 layer=23 checkpoint=CP4 object=post_attention_hidden_state result=MISMATCH element_count=16384 first_mismatch_index=0 actual_bits=0x3ef4bc3b expected_bits=0x3ef537a5 mismatch_count=16384 max_abs=0.0376322 max_rel=1.87522 max_ulp=2009598910
CHECKPOINT row=2 layer=23 checkpoint=CP5 object=final_layer_hidden_state result=MISMATCH element_count=16384 first_mismatch_index=0 actual_bits=0x3ee66126 expected_bits=0x3ee6cc77 mismatch_count=16384 max_abs=0.0366254 max_rel=1.84621 max_ulp=2011833381
CHECKPOINT row=2 layer=24 checkpoint=CP1 object=normalized_attention_input result=MISMATCH element_count=4096 first_mismatch_index=0 actual_bits=0x3c3efc85 expected_bits=0x3c3dcd85 mismatch_count=4096 max_abs=0.00475001 max_rel=1.5728 max_ulp=1932146391
CHECKPOINT row=2 layer=24 checkpoint=CP2-Q object=q_projection result=MISMATCH element_count=1024 first_mismatch_index=0 actual_bits=0xbed3ad53 expected_bits=0xbed371b4 mismatch_count=1024 max_abs=0.00211679 max_rel=1.61777 max_ulp=1957044737
CHECKPOINT row=2 layer=24 checkpoint=CP2-KV-P object=kv_projection result=MISMATCH element_count=512 first_mismatch_index=0 actual_bits=0xbdde1524 expected_bits=0xbddb865c mismatch_count=512 max_abs=0.00308892 max_rel=1.02205 max_ulp=1937914673
CHECKPOINT row=2 layer=24 checkpoint=CP2-KV-R object=raw_kv_row result=MISMATCH element_count=512 first_mismatch_index=7 actual_bits=0xbdc00000 expected_bits=0xbdb00000 mismatch_count=113 max_abs=0.0625 max_rel=1.02232 max_ulp=1962934273
CHECKPOINT row=2 layer=24 checkpoint=CP3-F object=layer_attn_state_kv result=MISMATCH element_count=8192 first_mismatch_index=4096 actual_bits=0xbe5a5b12 expected_bits=0xbe5a5cb7 mismatch_count=3071 max_abs=0.00467698 max_rel=1.77157 max_ulp=1932926081
CHECKPOINT row=2 layer=24 checkpoint=CP3-F object=layer_attn_state_score result=MISMATCH element_count=8192 first_mismatch_index=4096 actual_bits=0xc011b153 expected_bits=0xc011a085 mismatch_count=3072 max_abs=0.00760746 max_rel=1.22653 max_ulp=1981148673
CHECKPOINT row=2 layer=24 checkpoint=CP3-F object=layer_n_comp result=EXACT element_count=1 mismatch_count=0
CHECKPOINT row=2 layer=24 checkpoint=CP3-F object=attn_emitted_row_count result=EXACT element_count=1 mismatch_count=0
CHECKPOINT row=2 layer=24 checkpoint=CP3-F object=layer_index_state_kv result=MISMATCH element_count=2048 first_mismatch_index=1024 actual_bits=0xbdb2dc1c expected_bits=0xbdb330f4 mismatch_count=768 max_abs=0.00469811 max_rel=0.20004 max_ulp=3294720
CHECKPOINT row=2 layer=24 checkpoint=CP3-F object=layer_index_state_score result=MISMATCH element_count=2048 first_mismatch_index=1024 actual_bits=0xc0084a26 expected_bits=0xc008399b mismatch_count=768 max_abs=0.00769734 max_rel=0.176754 max_ulp=2403616
CHECKPOINT row=2 layer=24 checkpoint=CP3-F object=layer_n_index_comp result=EXACT element_count=1 mismatch_count=0
CHECKPOINT row=2 layer=24 checkpoint=CP3-F object=index_emitted_row_count result=EXACT element_count=1 mismatch_count=0
CHECKPOINT row=2 layer=24 checkpoint=CP4 object=post_attention_hidden_state result=MISMATCH element_count=16384 first_mismatch_index=0 actual_bits=0xbec7cd36 expected_bits=0xbecdfb9d mismatch_count=16384 max_abs=0.0498838 max_rel=1.79118 max_ulp=2023186987
CHECKPOINT row=2 layer=24 checkpoint=CP5 object=final_layer_hidden_state result=MISMATCH element_count=16384 first_mismatch_index=0 actual_bits=0xbeddfc08 expected_bits=0xbee41954 mismatch_count=16384 max_abs=0.0480556 max_rel=1.98434 max_ulp=2028329001
CHECKPOINT row=2 layer=25 checkpoint=CP1 object=normalized_attention_input result=MISMATCH element_count=4096 first_mismatch_index=0 actual_bits=0xbbc22267 expected_bits=0xbbc4205f mismatch_count=4096 max_abs=0.000326287 max_rel=1.87388 max_ulp=1888849134
CHECKPOINT row=2 layer=25 checkpoint=CP2-Q object=q_projection result=MISMATCH element_count=1024 first_mismatch_index=0 actual_bits=0x3d36f9dc expected_bits=0x3d378874 mismatch_count=1024 max_abs=0.000484549 max_rel=1.6141 max_ulp=1899948417
CHECKPOINT row=2 layer=25 checkpoint=CP2-KV-P object=kv_projection result=MISMATCH element_count=512 first_mismatch_index=0 actual_bits=0x3cd23fbc expected_bits=0x3cd24c88 mismatch_count=512 max_abs=0.000463173 max_rel=0.470829 max_ulp=7840192
CHECKPOINT row=2 layer=25 checkpoint=CP2-KV-R object=raw_kv_row result=MISMATCH element_count=512 first_mismatch_index=2 actual_bits=0xbc900000 expected_bits=0xbc600000 mismatch_count=90 max_abs=0.0625 max_rel=0.45 max_ulp=7340032
CHECKPOINT row=2 layer=25 checkpoint=CP3-F object=layer_attn_state_kv result=MISMATCH element_count=65536 first_mismatch_index=8192 actual_bits=0x3d92a8c9 expected_bits=0x3d92b538 mismatch_count=1536 max_abs=0.000495613 max_rel=1.39769 max_ulp=1857667585
CHECKPOINT row=2 layer=25 checkpoint=CP3-F object=layer_attn_state_score result=MISMATCH element_count=65536 first_mismatch_index=8192 actual_bits=0xbd07dd10 expected_bits=0xbd07f85b mismatch_count=1536 max_abs=0.00108787 max_rel=1.45141 max_ulp=1935692801
CHECKPOINT row=2 layer=25 checkpoint=CP3-F object=layer_n_comp result=EXACT element_count=1 mismatch_count=0
CHECKPOINT row=2 layer=25 checkpoint=CP3-F object=attn_emitted_row_count result=EXACT element_count=1 mismatch_count=0
CHECKPOINT row=2 layer=25 checkpoint=CP4 object=post_attention_hidden_state result=MISMATCH element_count=16384 first_mismatch_index=0 actual_bits=0xbecf7cc1 expected_bits=0xbed591b0 mismatch_count=16384 max_abs=0.0474234 max_rel=1.82536 max_ulp=2030344095
CHECKPOINT row=2 layer=25 checkpoint=CP5 object=final_layer_hidden_state result=MISMATCH element_count=16384 first_mismatch_index=0 actual_bits=0xbe5b529d expected_bits=0xbe66e320 mismatch_count=16383 max_abs=0.0473413 max_rel=1.91045 max_ulp=2031489697
CHECKPOINT row=2 layer=26 checkpoint=CP1 object=normalized_attention_input result=MISMATCH element_count=4096 first_mismatch_index=0 actual_bits=0xba090f5d expected_bits=0xba2c25c3 mismatch_count=4096 max_abs=0.00409412 max_rel=1.88287 max_ulp=1925398058
CHECKPOINT row=2 layer=26 checkpoint=CP2-Q object=q_projection result=MISMATCH element_count=1024 first_mismatch_index=0 actual_bits=0x3de56cb8 expected_bits=0x3de3d7eb mismatch_count=1024 max_abs=0.00122914 max_rel=1.40097 max_ulp=1889469697
CHECKPOINT row=2 layer=26 checkpoint=CP2-KV-P object=kv_projection result=MISMATCH element_count=512 first_mismatch_index=0 actual_bits=0x3d8337d4 expected_bits=0x3d825a0a mismatch_count=512 max_abs=0.00130844 max_rel=1.34089 max_ulp=1929330689
CHECKPOINT row=2 layer=26 checkpoint=CP2-KV-R object=raw_kv_row result=MISMATCH element_count=512 first_mismatch_index=2 actual_bits=0xbd800000 expected_bits=0xbd700000 mismatch_count=99 max_abs=0.125 max_rel=1.35714 max_ulp=1979711489
CHECKPOINT row=2 layer=26 checkpoint=CP3-F object=layer_attn_state_kv result=MISMATCH element_count=8192 first_mismatch_index=4096 actual_bits=0xbe8c7f7b expected_bits=0xbe8c7bee mismatch_count=3072 max_abs=0.00206667 max_rel=1.53857 max_ulp=1927717121
CHECKPOINT row=2 layer=26 checkpoint=CP3-F object=layer_attn_state_score result=MISMATCH element_count=8192 first_mismatch_index=4096 actual_bits=0x3e189134 expected_bits=0x3e1b5d1c mismatch_count=3072 max_abs=0.00653124 max_rel=1.23851 max_ulp=1968089601
CHECKPOINT row=2 layer=26 checkpoint=CP3-F object=layer_n_comp result=EXACT element_count=1 mismatch_count=0
CHECKPOINT row=2 layer=26 checkpoint=CP3-F object=attn_emitted_row_count result=EXACT element_count=1 mismatch_count=0
CHECKPOINT row=2 layer=26 checkpoint=CP3-F object=layer_index_state_kv result=MISMATCH element_count=2048 first_mismatch_index=1024 actual_bits=0x3de7c649 expected_bits=0x3de78c8e mismatch_count=768 max_abs=0.00103395 max_rel=1.96127 max_ulp=1904180865
CHECKPOINT row=2 layer=26 checkpoint=CP3-F object=layer_index_state_score result=MISMATCH element_count=2048 first_mismatch_index=1024 actual_bits=0x3e48d18f expected_bits=0x3e4bf380 mismatch_count=768 max_abs=0.00700158 max_rel=1.76626 max_ulp=1976339553
CHECKPOINT row=2 layer=26 checkpoint=CP3-F object=layer_n_index_comp result=EXACT element_count=1 mismatch_count=0
CHECKPOINT row=2 layer=26 checkpoint=CP3-F object=index_emitted_row_count result=EXACT element_count=1 mismatch_count=0
CHECKPOINT row=2 layer=26 checkpoint=CP4 object=post_attention_hidden_state result=MISMATCH element_count=16384 first_mismatch_index=0 actual_bits=0xbe65d800 expected_bits=0xbe711f31 mismatch_count=16384 max_abs=0.0465279 max_rel=1.96914 max_ulp=2030771401
CHECKPOINT row=2 layer=26 checkpoint=CP5 object=final_layer_hidden_state result=MISMATCH element_count=16384 first_mismatch_index=0 actual_bits=0xbe198d7d expected_bits=0xbe23d65e mismatch_count=16384 max_abs=0.0449553 max_rel=1.95001 max_ulp=2026968885
CHECKPOINT row=2 layer=27 checkpoint=CP1 object=normalized_attention_input result=MISMATCH element_count=4096 first_mismatch_index=0 actual_bits=0xbb006776 expected_bits=0xbb060bec mismatch_count=4096 max_abs=0.000467429 max_rel=1.49066 max_ulp=1911190445
CHECKPOINT row=2 layer=27 checkpoint=CP2-Q object=q_projection result=MISMATCH element_count=1024 first_mismatch_index=0 actual_bits=0x3b6e4eac expected_bits=0x3b8b738a mismatch_count=1024 max_abs=0.000619436 max_rel=1.36735 max_ulp=1913222465
CHECKPOINT row=2 layer=27 checkpoint=CP2-KV-P object=kv_projection result=MISMATCH element_count=512 first_mismatch_index=0 actual_bits=0xbe8e73d8 expected_bits=0xbe8e870f mismatch_count=512 max_abs=0.000637244 max_rel=0.531952 max_ulp=9102336
CHECKPOINT row=2 layer=27 checkpoint=CP2-KV-R object=raw_kv_row result=MISMATCH element_count=512 first_mismatch_index=4 actual_bits=0xbd700000 expected_bits=0xbd600000 mismatch_count=78 max_abs=0.125 max_rel=0.545455 max_ulp=9437184
CHECKPOINT row=2 layer=27 checkpoint=CP3-F object=layer_attn_state_kv result=MISMATCH element_count=65536 first_mismatch_index=8192 actual_bits=0xbc941f51 expected_bits=0xbc92c48a mismatch_count=1536 max_abs=0.000817522 max_rel=1.32642 max_ulp=1921543745
CHECKPOINT row=2 layer=27 checkpoint=CP3-F object=layer_attn_state_score result=MISMATCH element_count=65536 first_mismatch_index=8192 actual_bits=0xbde74f92 expected_bits=0xbde81cc7 mismatch_count=1535 max_abs=0.00170258 max_rel=0.649452 max_ulp=12192896
CHECKPOINT row=2 layer=27 checkpoint=CP3-F object=layer_n_comp result=EXACT element_count=1 mismatch_count=0
CHECKPOINT row=2 layer=27 checkpoint=CP3-F object=attn_emitted_row_count result=EXACT element_count=1 mismatch_count=0
CHECKPOINT row=2 layer=27 checkpoint=CP4 object=post_attention_hidden_state result=MISMATCH element_count=16384 first_mismatch_index=0 actual_bits=0x3f012872 expected_bits=0x3ef8f405 mismatch_count=16384 max_abs=0.0628803 max_rel=1.90359 max_ulp=2034920726
CHECKPOINT row=2 layer=27 checkpoint=CP5 object=final_layer_hidden_state result=MISMATCH element_count=16384 first_mismatch_index=0 actual_bits=0x3f370d5c expected_bits=0x3f333f0b mismatch_count=16384 max_abs=0.0636178 max_rel=1.97301 max_ulp=2030512412
CHECKPOINT row=2 layer=28 checkpoint=CP1 object=normalized_attention_input result=MISMATCH element_count=4096 first_mismatch_index=0 actual_bits=0x3d2617ed expected_bits=0x3d27caa9 mismatch_count=4096 max_abs=0.00829792 max_rel=1.11282 max_ulp=1906823950
CHECKPOINT row=2 layer=28 checkpoint=CP2-Q object=q_projection result=MISMATCH element_count=1024 first_mismatch_index=0 actual_bits=0x3e168200 expected_bits=0x3e167a4c mismatch_count=1024 max_abs=0.0012092 max_rel=0.903013 max_ulp=27949600
CHECKPOINT row=2 layer=28 checkpoint=CP2-KV-P object=kv_projection result=MISMATCH element_count=512 first_mismatch_index=0 actual_bits=0x3cf5c95e expected_bits=0x3cf701a0 mismatch_count=512 max_abs=0.00161199 max_rel=0.970428 max_ulp=42725824
CHECKPOINT row=2 layer=28 checkpoint=CP2-KV-R object=raw_kv_row result=MISMATCH element_count=512 first_mismatch_index=17 actual_bits=0xbf200000 expected_bits=0xbf300000 mismatch_count=116 max_abs=0.25 max_rel=0.971154 max_ulp=42991616
CHECKPOINT row=2 layer=28 checkpoint=CP3-F object=layer_attn_state_kv result=MISMATCH element_count=8192 first_mismatch_index=4096 actual_bits=0x3d88c6bc expected_bits=0x3d889c58 mismatch_count=3072 max_abs=0.00154102 max_rel=0.749631 max_ulp=16763488
CHECKPOINT row=2 layer=28 checkpoint=CP3-F object=layer_attn_state_score result=MISMATCH element_count=8192 first_mismatch_index=4096 actual_bits=0x3fbe9be4 expected_bits=0x3fbeed46 mismatch_count=3071 max_abs=0.0067277 max_rel=0.101495 max_ulp=996480
CHECKPOINT row=2 layer=28 checkpoint=CP3-F object=layer_n_comp result=EXACT element_count=1 mismatch_count=0
CHECKPOINT row=2 layer=28 checkpoint=CP3-F object=attn_emitted_row_count result=EXACT element_count=1 mismatch_count=0
CHECKPOINT row=2 layer=28 checkpoint=CP3-F object=layer_index_state_kv result=MISMATCH element_count=2048 first_mismatch_index=1024 actual_bits=0xbe608b67 expected_bits=0xbe60a306 mismatch_count=767 max_abs=0.00141335 max_rel=1.09027 max_ulp=1911073153
CHECKPOINT row=2 layer=28 checkpoint=CP3-F object=layer_index_state_score result=MISMATCH element_count=2048 first_mismatch_index=1024 actual_bits=0x3fc0c15a expected_bits=0x3fc119af mismatch_count=768 max_abs=0.00693583 max_rel=0.0151379 max_ulp=173240
CHECKPOINT row=2 layer=28 checkpoint=CP3-F object=layer_n_index_comp result=EXACT element_count=1 mismatch_count=0
CHECKPOINT row=2 layer=28 checkpoint=CP3-F object=index_emitted_row_count result=EXACT element_count=1 mismatch_count=0
CHECKPOINT row=2 layer=28 checkpoint=CP4 object=post_attention_hidden_state result=MISMATCH element_count=16384 first_mismatch_index=0 actual_bits=0x3f360877 expected_bits=0x3f32439a mismatch_count=16384 max_abs=0.0630717 max_rel=1.96813 max_ulp=2027691096
CHECKPOINT row=2 layer=28 checkpoint=CP5 object=final_layer_hidden_state result=MISMATCH element_count=16384 first_mismatch_index=0 actual_bits=0x3f333995 expected_bits=0x3f2fa6ff mismatch_count=16384 max_abs=0.0616529 max_rel=1.97862 max_ulp=2035779604
CHECKPOINT row=2 layer=29 checkpoint=CP1 object=normalized_attention_input result=MISMATCH element_count=4096 first_mismatch_index=0 actual_bits=0xbac67866 expected_bits=0xbacb648f mismatch_count=4096 max_abs=0.000849001 max_rel=1.40132 max_ulp=1927278732
CHECKPOINT row=2 layer=29 checkpoint=CP2-Q object=q_projection result=MISMATCH element_count=1024 first_mismatch_index=0 actual_bits=0xbe335622 expected_bits=0xbe33201a mismatch_count=1024 max_abs=0.0012764 max_rel=1.72682 max_ulp=1933453697
CHECKPOINT row=2 layer=29 checkpoint=CP2-KV-P object=kv_projection result=MISMATCH element_count=512 first_mismatch_index=0 actual_bits=0xbd21b1a0 expected_bits=0xbd20a66c mismatch_count=512 max_abs=0.00117311 max_rel=1.32804 max_ulp=1913016705
CHECKPOINT row=2 layer=29 checkpoint=CP2-KV-R object=raw_kv_row result=MISMATCH element_count=512 first_mismatch_index=1 actual_bits=0xbcc00000 expected_bits=0xbce00000 mismatch_count=115 max_abs=0.125 max_rel=1.30556 max_ulp=1967128577
CHECKPOINT row=2 layer=29 checkpoint=CP3-F object=layer_attn_state_kv result=MISMATCH element_count=65536 first_mismatch_index=8192 actual_bits=0x3e120052 expected_bits=0x3e11cda8 mismatch_count=1536 max_abs=0.00225432 max_rel=1.84865 max_ulp=1916755841
CHECKPOINT row=2 layer=29 checkpoint=CP3-F object=layer_attn_state_score result=MISMATCH element_count=65536 first_mismatch_index=8192 actual_bits=0x3dc24f60 expected_bits=0x3dc44ab8 mismatch_count=1536 max_abs=0.00531495 max_rel=1.26546 max_ulp=1932937729
CHECKPOINT row=2 layer=29 checkpoint=CP3-F object=layer_n_comp result=EXACT element_count=1 mismatch_count=0
CHECKPOINT row=2 layer=29 checkpoint=CP3-F object=attn_emitted_row_count result=EXACT element_count=1 mismatch_count=0
CHECKPOINT row=2 layer=29 checkpoint=CP4 object=post_attention_hidden_state result=MISMATCH element_count=16384 first_mismatch_index=0 actual_bits=0x3f32f173 expected_bits=0x3f2f62be mismatch_count=16384 max_abs=0.068033 max_rel=1.94964 max_ulp=2035705747
CHECKPOINT row=2 layer=29 checkpoint=CP5 object=final_layer_hidden_state result=MISMATCH element_count=16384 first_mismatch_index=0 actual_bits=0x3f1b116e expected_bits=0x3f178fe8 mismatch_count=16383 max_abs=0.0688353 max_rel=1.99232 max_ulp=2036966942
CHECKPOINT row=2 layer=30 checkpoint=CP1 object=normalized_attention_input result=MISMATCH element_count=4096 first_mismatch_index=0 actual_bits=0xbcf0d163 expected_bits=0xbcf40f99 mismatch_count=4096 max_abs=0.0130119 max_rel=1.73097 max_ulp=1935872770
CHECKPOINT row=2 layer=30 checkpoint=CP2-Q object=q_projection result=MISMATCH element_count=1024 first_mismatch_index=0 actual_bits=0xbe062679 expected_bits=0xbe067928 mismatch_count=1024 max_abs=0.00214139 max_rel=1.42884 max_ulp=1928871169
CHECKPOINT row=2 layer=30 checkpoint=CP2-KV-P object=kv_projection result=MISMATCH element_count=512 first_mismatch_index=0 actual_bits=0xbcbaae54 expected_bits=0xbcbd63ea mismatch_count=512 max_abs=0.00460434 max_rel=0.517516 max_ulp=8809600
CHECKPOINT row=2 layer=30 checkpoint=CP2-KV-R object=raw_kv_row result=MISMATCH element_count=512 first_mismatch_index=3 actual_bits=0x3b800000 expected_bits=0x3c100000 mismatch_count=139 max_abs=0.0625 max_rel=0.555556 max_ulp=9437184
CHECKPOINT row=2 layer=30 checkpoint=CP3-F object=layer_attn_state_kv result=MISMATCH element_count=8192 first_mismatch_index=4096 actual_bits=0xbca21a71 expected_bits=0xbca1f6da mismatch_count=3072 max_abs=0.00402679 max_rel=1.1674 max_ulp=1917629889
CHECKPOINT row=2 layer=30 checkpoint=CP3-F object=layer_attn_state_score result=MISMATCH element_count=8192 first_mismatch_index=4096 actual_bits=0x3f4049f8 expected_bits=0x3f3fe71c mismatch_count=3072 max_abs=0.0195355 max_rel=0.811413 max_ulp=19878912
CHECKPOINT row=2 layer=30 checkpoint=CP3-F object=layer_n_comp result=EXACT element_count=1 mismatch_count=0
CHECKPOINT row=2 layer=30 checkpoint=CP3-F object=attn_emitted_row_count result=EXACT element_count=1 mismatch_count=0
CHECKPOINT row=2 layer=30 checkpoint=CP3-F object=layer_index_state_kv result=MISMATCH element_count=2048 first_mismatch_index=1024 actual_bits=0x3bac9784 expected_bits=0x3bb260e0 mismatch_count=768 max_abs=0.00457585 max_rel=1.29812 max_ulp=1943764097
CHECKPOINT row=2 layer=30 checkpoint=CP3-F object=layer_index_state_score result=MISMATCH element_count=2048 first_mismatch_index=1024 actual_bits=0x3eed10e6 expected_bits=0x3eebd89c mismatch_count=768 max_abs=0.0207801 max_rel=1.03542 max_ulp=1935699969
CHECKPOINT row=2 layer=30 checkpoint=CP3-F object=layer_n_index_comp result=EXACT element_count=1 mismatch_count=0
CHECKPOINT row=2 layer=30 checkpoint=CP3-F object=index_emitted_row_count result=EXACT element_count=1 mismatch_count=0
CHECKPOINT row=2 layer=30 checkpoint=CP4 object=post_attention_hidden_state result=MISMATCH element_count=16384 first_mismatch_index=0 actual_bits=0x3f095fc2 expected_bits=0x3f059699 mismatch_count=16384 max_abs=0.122293 max_rel=1.903 max_ulp=2042648655
CHECKPOINT row=2 layer=30 checkpoint=CP5 object=final_layer_hidden_state result=MISMATCH element_count=16384 first_mismatch_index=0 actual_bits=0x3f4ef816 expected_bits=0x3f4b8a59 mismatch_count=16384 max_abs=0.117524 max_rel=1.99828 max_ulp=2031927063
CHECKPOINT row=2 layer=31 checkpoint=CP1 object=normalized_attention_input result=MISMATCH element_count=4096 first_mismatch_index=0 actual_bits=0x3c8bbd09 expected_bits=0x3c8c8b07 mismatch_count=4096 max_abs=0.000881117 max_rel=1.96172 max_ulp=1926869514
CHECKPOINT row=2 layer=31 checkpoint=CP2-Q object=q_projection result=MISMATCH element_count=1024 first_mismatch_index=0 actual_bits=0xbc338b36 expected_bits=0xbc2da930 mismatch_count=1024 max_abs=0.00106995 max_rel=1.3537 max_ulp=1926345089
CHECKPOINT row=2 layer=31 checkpoint=CP2-KV-P object=kv_projection result=MISMATCH element_count=512 first_mismatch_index=0 actual_bits=0xbe26d72c expected_bits=0xbe27b5f6 mismatch_count=512 max_abs=0.00118028 max_rel=1.30302 max_ulp=1918650305
CHECKPOINT row=2 layer=31 checkpoint=CP2-KV-R object=raw_kv_row result=MISMATCH element_count=512 first_mismatch_index=5 actual_bits=0x3f100000 expected_bits=0x3f000000 mismatch_count=113 max_abs=0.0625 max_rel=1.30769 max_ulp=1976565761
CHECKPOINT row=2 layer=31 checkpoint=CP3-F object=layer_attn_state_kv result=MISMATCH element_count=65536 first_mismatch_index=8192 actual_bits=0x3c0d595d expected_bits=0x3c0fee84 mismatch_count=1536 max_abs=0.00109636 max_rel=1.17206 max_ulp=1906485249
CHECKPOINT row=2 layer=31 checkpoint=CP3-F object=layer_attn_state_score result=MISMATCH element_count=65536 first_mismatch_index=8192 actual_bits=0xbd92dc6a expected_bits=0xbd9281ba mismatch_count=1536 max_abs=0.00220081 max_rel=0.820355 max_ulp=20090752
CHECKPOINT row=2 layer=31 checkpoint=CP3-F object=layer_n_comp result=EXACT element_count=1 mismatch_count=0
CHECKPOINT row=2 layer=31 checkpoint=CP3-F object=attn_emitted_row_count result=EXACT element_count=1 mismatch_count=0
CHECKPOINT row=2 layer=31 checkpoint=CP4 object=post_attention_hidden_state result=MISMATCH element_count=16384 first_mismatch_index=0 actual_bits=0x3f103a83 expected_bits=0x3f0bcd95 mismatch_count=16384 max_abs=0.118829 max_rel=1.96591 max_ulp=2043576349
CHECKPOINT row=2 layer=31 checkpoint=CP5 object=final_layer_hidden_state result=MISMATCH element_count=16384 first_mismatch_index=0 actual_bits=0x3f6efa5f expected_bits=0x3f69fdbd mismatch_count=16384 max_abs=0.124297 max_rel=1.96193 max_ulp=2045769713
CHECKPOINT row=2 layer=32 checkpoint=CP1 object=normalized_attention_input result=MISMATCH element_count=4096 first_mismatch_index=0 actual_bits=0x3d0c6db2 expected_bits=0x3d0b9f54 mismatch_count=4096 max_abs=0.0105944 max_rel=1.71903 max_ulp=1925597408
CHECKPOINT row=2 layer=32 checkpoint=CP2-Q object=q_projection result=MISMATCH element_count=1024 first_mismatch_index=0 actual_bits=0x3dfcd76e expected_bits=0x3dfbf4f3 mismatch_count=1024 max_abs=0.00218394 max_rel=1.04789 max_ulp=1910085649
CHECKPOINT row=2 layer=32 checkpoint=CP2-KV-P object=kv_projection result=MISMATCH element_count=512 first_mismatch_index=0 actual_bits=0x3e53da5a expected_bits=0x3e5444d7 mismatch_count=512 max_abs=0.00220996 max_rel=1.48727 max_ulp=1935933633
CHECKPOINT row=2 layer=32 checkpoint=CP2-KV-R object=raw_kv_row result=MISMATCH element_count=512 first_mismatch_index=24 actual_bits=0xbd500000 expected_bits=0xbd200000 mismatch_count=140 max_abs=0.125 max_rel=1.16667 max_ulp=1950351361
CHECKPOINT row=2 layer=32 checkpoint=CP3-F object=layer_attn_state_kv result=MISMATCH element_count=8192 first_mismatch_index=4096 actual_bits=0xbcc9c99a expected_bits=0xbccdaaea mismatch_count=3072 max_abs=0.00331035 max_rel=1.98162 max_ulp=1942070049
CHECKPOINT row=2 layer=32 checkpoint=CP3-F object=layer_attn_state_score result=MISMATCH element_count=8192 first_mismatch_index=4096 actual_bits=0xbfdb9de0 expected_bits=0xbfdd2a83 mismatch_count=3072 max_abs=0.0169203 max_rel=0.453878 max_ulp=7096320
CHECKPOINT row=2 layer=32 checkpoint=CP3-F object=layer_n_comp result=EXACT element_count=1 mismatch_count=0
CHECKPOINT row=2 layer=32 checkpoint=CP3-F object=attn_emitted_row_count result=EXACT element_count=1 mismatch_count=0
CHECKPOINT row=2 layer=32 checkpoint=CP3-F object=layer_index_state_kv result=MISMATCH element_count=2048 first_mismatch_index=1024 actual_bits=0x3e114971 expected_bits=0x3e1129ba mismatch_count=768 max_abs=0.00263417 max_rel=0.934347 max_ulp=32756992
CHECKPOINT row=2 layer=32 checkpoint=CP3-F object=layer_index_state_score result=MISMATCH element_count=2048 first_mismatch_index=1024 actual_bits=0xbfebd91a expected_bits=0xbfed51b2 mismatch_count=768 max_abs=0.0155463 max_rel=0.352397 max_ulp=4994208
CHECKPOINT row=2 layer=32 checkpoint=CP3-F object=layer_n_index_comp result=EXACT element_count=1 mismatch_count=0
CHECKPOINT row=2 layer=32 checkpoint=CP3-F object=index_emitted_row_count result=EXACT element_count=1 mismatch_count=0
CHECKPOINT row=2 layer=32 checkpoint=CP4 object=post_attention_hidden_state result=MISMATCH element_count=16384 first_mismatch_index=0 actual_bits=0x3f71d5c7 expected_bits=0x3f6cb7e6 mismatch_count=16384 max_abs=0.126952 max_rel=1.97167 max_ulp=2044879354
CHECKPOINT row=2 layer=32 checkpoint=CP5 object=final_layer_hidden_state result=MISMATCH element_count=16384 first_mismatch_index=0 actual_bits=0x3f63d2e2 expected_bits=0x3f5e9809 mismatch_count=16384 max_abs=0.128528 max_rel=1.96623 max_ulp=2040937178
CHECKPOINT row=2 layer=33 checkpoint=CP1 object=normalized_attention_input result=MISMATCH element_count=4096 first_mismatch_index=0 actual_bits=0x3c1dfc2d expected_bits=0x3c19a7f4 mismatch_count=4096 max_abs=0.00133258 max_rel=1.95344 max_ulp=1940975765
CHECKPOINT row=2 layer=33 checkpoint=CP2-Q object=q_projection result=MISMATCH element_count=1024 first_mismatch_index=0 actual_bits=0xbcdb9cf5 expected_bits=0xbcd9ac92 mismatch_count=1024 max_abs=0.00179523 max_rel=1.00343 max_ulp=1869636289
CHECKPOINT row=2 layer=33 checkpoint=CP2-KV-P object=kv_projection result=MISMATCH element_count=512 first_mismatch_index=0 actual_bits=0x3d166c34 expected_bits=0x3d14bea2 mismatch_count=512 max_abs=0.00152101 max_rel=1.74433 max_ulp=1918434497
CHECKPOINT row=2 layer=33 checkpoint=CP2-KV-R object=raw_kv_row result=MISMATCH element_count=512 first_mismatch_index=6 actual_bits=0xbac00000 expected_bits=0x3b000000 mismatch_count=122 max_abs=0.125 max_rel=1.75 max_ulp=1975517185
CHECKPOINT row=2 layer=33 checkpoint=CP3-F object=layer_attn_state_kv result=MISMATCH element_count=65536 first_mismatch_index=8192 actual_bits=0x3d1c647d expected_bits=0x3d1c2876 mismatch_count=1536 max_abs=0.00154687 max_rel=1.56489 max_ulp=1943893233
CHECKPOINT row=2 layer=33 checkpoint=CP3-F object=layer_attn_state_score result=MISMATCH element_count=65536 first_mismatch_index=8192 actual_bits=0xbda6535c expected_bits=0xbda66587 mismatch_count=1536 max_abs=0.00394183 max_rel=1.27624 max_ulp=1952276097
CHECKPOINT row=2 layer=33 checkpoint=CP3-F object=layer_n_comp result=EXACT element_count=1 mismatch_count=0
CHECKPOINT row=2 layer=33 checkpoint=CP3-F object=attn_emitted_row_count result=EXACT element_count=1 mismatch_count=0
CHECKPOINT row=2 layer=33 checkpoint=CP4 object=post_attention_hidden_state result=MISMATCH element_count=16384 first_mismatch_index=0 actual_bits=0x3f62936f expected_bits=0x3f5d57d4 mismatch_count=16384 max_abs=0.116491 max_rel=1.98784 max_ulp=2047012545
CHECKPOINT row=2 layer=33 checkpoint=CP5 object=final_layer_hidden_state result=MISMATCH element_count=16384 first_mismatch_index=0 actual_bits=0x3f941fe2 expected_bits=0x3f9125df mismatch_count=16384 max_abs=0.114941 max_rel=1.97694 max_ulp=2043357898
CHECKPOINT row=2 layer=34 checkpoint=CP1 object=normalized_attention_input result=MISMATCH element_count=4096 first_mismatch_index=0 actual_bits=0x3d1b7ebd expected_bits=0x3d19e69b mismatch_count=4096 max_abs=0.0218706 max_rel=1.71324 max_ulp=1938483811
CHECKPOINT row=2 layer=34 checkpoint=CP2-Q object=q_projection result=MISMATCH element_count=1024 first_mismatch_index=0 actual_bits=0x3e485af8 expected_bits=0x3e4852d6 mismatch_count=1024 max_abs=0.00209257 max_rel=1.37753 max_ulp=1948780913
CHECKPOINT row=2 layer=34 checkpoint=CP2-KV-P object=kv_projection result=MISMATCH element_count=512 first_mismatch_index=0 actual_bits=0x3e89813a expected_bits=0x3e89db36 mismatch_count=512 max_abs=0.00202545 max_rel=1.26475 max_ulp=1921849217
CHECKPOINT row=2 layer=34 checkpoint=CP2-KV-R object=raw_kv_row result=MISMATCH element_count=512 first_mismatch_index=7 actual_bits=0x3e800000 expected_bits=0x3e700000 mismatch_count=121 max_abs=0.125 max_rel=1.27273 max_ulp=1970274305
CHECKPOINT row=2 layer=34 checkpoint=CP3-F object=layer_attn_state_kv result=MISMATCH element_count=8192 first_mismatch_index=4096 actual_bits=0x3e017a4b expected_bits=0x3e00d8be mismatch_count=3072 max_abs=0.00367463 max_rel=0.523842 max_ulp=8918240
CHECKPOINT row=2 layer=34 checkpoint=CP3-F object=layer_attn_state_score result=MISMATCH element_count=8192 first_mismatch_index=4096 actual_bits=0x4025c229 expected_bits=0x4023161c mismatch_count=3072 max_abs=0.06775 max_rel=1.19613 max_ulp=2001638305
CHECKPOINT row=2 layer=34 checkpoint=CP3-F object=layer_n_comp result=EXACT element_count=1 mismatch_count=0
CHECKPOINT row=2 layer=34 checkpoint=CP3-F object=attn_emitted_row_count result=EXACT element_count=1 mismatch_count=0
CHECKPOINT row=2 layer=34 checkpoint=CP3-F object=layer_index_state_kv result=MISMATCH element_count=2048 first_mismatch_index=1024 actual_bits=0x3e6dd3ae expected_bits=0x3e6d339a mismatch_count=768 max_abs=0.00290108 max_rel=0.979667 max_ulp=47220032
CHECKPOINT row=2 layer=34 checkpoint=CP3-F object=layer_index_state_score result=MISMATCH element_count=2048 first_mismatch_index=1024 actual_bits=0x401b3263 expected_bits=0x40189e2b mismatch_count=768 max_abs=0.0675459 max_rel=0.974095 max_ulp=44723456
CHECKPOINT row=2 layer=34 checkpoint=CP3-F object=layer_n_index_comp result=EXACT element_count=1 mismatch_count=0
CHECKPOINT row=2 layer=34 checkpoint=CP3-F object=index_emitted_row_count result=EXACT element_count=1 mismatch_count=0
CHECKPOINT row=2 layer=34 checkpoint=CP4 object=post_attention_hidden_state result=MISMATCH element_count=16384 first_mismatch_index=0 actual_bits=0x3fae60cc expected_bits=0x3fabae3e mismatch_count=16384 max_abs=0.113624 max_rel=1.98479 max_ulp=2037671845
CHECKPOINT row=2 layer=34 checkpoint=CP5 object=final_layer_hidden_state result=MISMATCH element_count=16384 first_mismatch_index=0 actual_bits=0x3f859a13 expected_bits=0x3f82ddac mismatch_count=16384 max_abs=0.111548 max_rel=1.94268 max_ulp=2042189426
CHECKPOINT row=2 layer=35 checkpoint=CP1 object=normalized_attention_input result=MISMATCH element_count=4096 first_mismatch_index=0 actual_bits=0x3cfae219 expected_bits=0x3cfa0761 mismatch_count=4096 max_abs=0.00137957 max_rel=1.82656 max_ulp=1933120774
CHECKPOINT row=2 layer=35 checkpoint=CP2-Q object=q_projection result=MISMATCH element_count=1024 first_mismatch_index=0 actual_bits=0x3e4fb7d5 expected_bits=0x3e4f4f82 mismatch_count=1024 max_abs=0.00175247 max_rel=1.56994 max_ulp=1940437057
CHECKPOINT row=2 layer=35 checkpoint=CP2-KV-P object=kv_projection result=MISMATCH element_count=512 first_mismatch_index=0 actual_bits=0xbd7f6054 expected_bits=0xbd7e8814 mismatch_count=512 max_abs=0.00224064 max_rel=1.39395 max_ulp=1940593281
CHECKPOINT row=2 layer=35 checkpoint=CP2-KV-R object=raw_kv_row result=MISMATCH element_count=512 first_mismatch_index=0 actual_bits=0xbf300000 expected_bits=0xbf200000 mismatch_count=152 max_abs=0.125 max_rel=1.42308 max_ulp=1996488705
CHECKPOINT row=2 layer=35 checkpoint=CP3-F object=layer_attn_state_kv result=MISMATCH element_count=65536 first_mismatch_index=8192 actual_bits=0xbce61781 expected_bits=0xbce72835 mismatch_count=1536 max_abs=0.00192904 max_rel=1.06937 max_ulp=1907943041
CHECKPOINT row=2 layer=35 checkpoint=CP3-F object=layer_attn_state_score result=MISMATCH element_count=65536 first_mismatch_index=8192 actual_bits=0xbe6dd74a expected_bits=0xbe6de46c mismatch_count=1536 max_abs=0.00413781 max_rel=1.99626 max_ulp=1949379489
CHECKPOINT row=2 layer=35 checkpoint=CP3-F object=layer_n_comp result=EXACT element_count=1 mismatch_count=0
CHECKPOINT row=2 layer=35 checkpoint=CP3-F object=attn_emitted_row_count result=EXACT element_count=1 mismatch_count=0
CHECKPOINT row=2 layer=35 checkpoint=CP4 object=post_attention_hidden_state result=MISMATCH element_count=16384 first_mismatch_index=0 actual_bits=0x3fb1bf89 expected_bits=0x3faf6e1d mismatch_count=16384 max_abs=0.120028 max_rel=1.97886 max_ulp=2041170373
CHECKPOINT row=2 layer=35 checkpoint=CP5 object=final_layer_hidden_state result=MISMATCH element_count=16384 first_mismatch_index=0 actual_bits=0x3fc9d316 expected_bits=0x3fc76f5a mismatch_count=16384 max_abs=0.113395 max_rel=1.9434 max_ulp=2032584173
CHECKPOINT row=2 layer=36 checkpoint=CP1 object=normalized_attention_input result=MISMATCH element_count=4096 first_mismatch_index=0 actual_bits=0x3ca83d91 expected_bits=0x3ca4d21c mismatch_count=4096 max_abs=0.0146487 max_rel=1.8805 max_ulp=1947159001
CHECKPOINT row=2 layer=36 checkpoint=CP2-Q object=q_projection result=MISMATCH element_count=1024 first_mismatch_index=0 actual_bits=0xbc075d04 expected_bits=0xbc0a9fa6 mismatch_count=1024 max_abs=0.00268023 max_rel=1.63726 max_ulp=1954102321
CHECKPOINT row=2 layer=36 checkpoint=CP2-KV-P object=kv_projection result=MISMATCH element_count=512 first_mismatch_index=0 actual_bits=0x3c28754c expected_bits=0x3c24b3d6 mismatch_count=512 max_abs=0.00284998 max_rel=0.586791 max_ulp=11222976
CHECKPOINT row=2 layer=36 checkpoint=CP2-KV-R object=raw_kv_row result=MISMATCH element_count=512 first_mismatch_index=3 actual_bits=0x3e000000 expected_bits=0x3de00000 mismatch_count=138 max_abs=0.125 max_rel=0.615385 max_ulp=11534336
CHECKPOINT row=2 layer=36 checkpoint=CP3-F object=layer_attn_state_kv result=MISMATCH element_count=8192 first_mismatch_index=4096 actual_bits=0x3ce70930 expected_bits=0x3ce19d62 mismatch_count=3072 max_abs=0.00354044 max_rel=1.8592 max_ulp=1966920257
CHECKPOINT row=2 layer=36 checkpoint=CP3-F object=layer_attn_state_score result=MISMATCH element_count=8192 first_mismatch_index=4096 actual_bits=0x3e42a561 expected_bits=0x3e47359a mismatch_count=3072 max_abs=0.0203952 max_rel=1.92648 max_ulp=1995821313
CHECKPOINT row=2 layer=36 checkpoint=CP3-F object=layer_n_comp result=EXACT element_count=1 mismatch_count=0
CHECKPOINT row=2 layer=36 checkpoint=CP3-F object=attn_emitted_row_count result=EXACT element_count=1 mismatch_count=0
CHECKPOINT row=2 layer=36 checkpoint=CP3-F object=layer_index_state_kv result=MISMATCH element_count=2048 first_mismatch_index=1024 actual_bits=0xbc8ac258 expected_bits=0xbc8d2a02 mismatch_count=768 max_abs=0.00327191 max_rel=1.94789 max_ulp=1924593409
CHECKPOINT row=2 layer=36 checkpoint=CP3-F object=layer_index_state_score result=MISMATCH element_count=2048 first_mismatch_index=1024 actual_bits=0xbe065d96 expected_bits=0xbe020a3b mismatch_count=768 max_abs=0.0211155 max_rel=1.20199 max_ulp=1993778849
CHECKPOINT row=2 layer=36 checkpoint=CP3-F object=layer_n_index_comp result=EXACT element_count=1 mismatch_count=0
CHECKPOINT row=2 layer=36 checkpoint=CP3-F object=index_emitted_row_count result=EXACT element_count=1 mismatch_count=0
CHECKPOINT row=2 layer=36 checkpoint=CP4 object=post_attention_hidden_state result=MISMATCH element_count=16384 first_mismatch_index=0 actual_bits=0x3fb8b965 expected_bits=0x3fb6aa22 mismatch_count=16383 max_abs=0.311305 max_rel=1.99175 max_ulp=2044683445
CHECKPOINT row=2 layer=36 checkpoint=CP5 object=final_layer_hidden_state result=MISMATCH element_count=16384 first_mismatch_index=0 actual_bits=0x3f13cfb9 expected_bits=0x3f0ef322 mismatch_count=16384 max_abs=0.311029 max_rel=1.89068 max_ulp=2052891605
CHECKPOINT row=2 layer=37 checkpoint=CP1 object=normalized_attention_input result=MISMATCH element_count=4096 first_mismatch_index=0 actual_bits=0x3dad9a95 expected_bits=0x3dadded1 mismatch_count=4096 max_abs=0.00174735 max_rel=1.76626 max_ulp=1935386091
CHECKPOINT row=2 layer=37 checkpoint=CP2-Q object=q_projection result=MISMATCH element_count=1024 first_mismatch_index=0 actual_bits=0x3e975dee expected_bits=0x3e96a474 mismatch_count=1024 max_abs=0.00234523 max_rel=1.96089 max_ulp=1942025345
CHECKPOINT row=2 layer=37 checkpoint=CP2-KV-P object=kv_projection result=MISMATCH element_count=512 first_mismatch_index=0 actual_bits=0xbe932c9c expected_bits=0xbe924ea2 mismatch_count=512 max_abs=0.0022799 max_rel=1.34079 max_ulp=1928926465
CHECKPOINT row=2 layer=37 checkpoint=CP2-KV-R object=raw_kv_row result=MISMATCH element_count=512 first_mismatch_index=9 actual_bits=0x3d400000 expected_bits=0x3d600000 mismatch_count=123 max_abs=0.125 max_rel=1.33333 max_ulp=1968177153
CHECKPOINT row=2 layer=37 checkpoint=CP3-F object=layer_attn_state_kv result=MISMATCH element_count=65536 first_mismatch_index=8192 actual_bits=0xbbcf7a50 expected_bits=0xbbd25e3e mismatch_count=1536 max_abs=0.00284931 max_rel=1.81587 max_ulp=1858893569
CHECKPOINT row=2 layer=37 checkpoint=CP3-F object=layer_attn_state_score result=MISMATCH element_count=65536 first_mismatch_index=8192 actual_bits=0xbe613e20 expected_bits=0xbe605df8 mismatch_count=1536 max_abs=0.00536549 max_rel=0.884107 max_ulp=26106432
CHECKPOINT row=2 layer=37 checkpoint=CP3-F object=layer_n_comp result=EXACT element_count=1 mismatch_count=0
CHECKPOINT row=2 layer=37 checkpoint=CP3-F object=attn_emitted_row_count result=EXACT element_count=1 mismatch_count=0
CHECKPOINT row=2 layer=37 checkpoint=CP4 object=post_attention_hidden_state result=MISMATCH element_count=16384 first_mismatch_index=0 actual_bits=0x3ec90f16 expected_bits=0x3ec081b5 mismatch_count=16384 max_abs=0.332436 max_rel=1.99167 max_ulp=2055059979
CHECKPOINT row=2 layer=37 checkpoint=CP5 object=final_layer_hidden_state result=MISMATCH element_count=16384 first_mismatch_index=0 actual_bits=0x3f3b0b3a expected_bits=0x3f3880cc mismatch_count=16384 max_abs=0.321619 max_rel=1.96957 max_ulp=2054502656
CHECKPOINT row=2 layer=38 checkpoint=CP1 object=normalized_attention_input result=MISMATCH element_count=4096 first_mismatch_index=0 actual_bits=0x3d3498ba expected_bits=0x3d34c743 mismatch_count=4096 max_abs=0.0119963 max_rel=1.88659 max_ulp=1956200083
CHECKPOINT row=2 layer=38 checkpoint=CP2-Q object=q_projection result=MISMATCH element_count=1024 first_mismatch_index=0 actual_bits=0x3d5f6392 expected_bits=0x3d553db8 mismatch_count=1024 max_abs=0.00467503 max_rel=1.20343 max_ulp=1950622337
CHECKPOINT row=2 layer=38 checkpoint=CP2-KV-P object=kv_projection result=MISMATCH element_count=512 first_mismatch_index=0 actual_bits=0xbe0952de expected_bits=0xbe08af6e mismatch_count=512 max_abs=0.00550048 max_rel=1.97574 max_ulp=1941602049
CHECKPOINT row=2 layer=38 checkpoint=CP2-KV-R object=raw_kv_row result=MISMATCH element_count=512 first_mismatch_index=5 actual_bits=0xbe900000 expected_bits=0xbea00000 mismatch_count=143 max_abs=0.125 max_rel=2 max_ulp=1973420033
CHECKPOINT row=2 layer=38 checkpoint=CP3-F object=layer_attn_state_kv result=MISMATCH element_count=8192 first_mismatch_index=4096 actual_bits=0xbd965618 expected_bits=0xbd991790 mismatch_count=3072 max_abs=0.0119393 max_rel=0.997947 max_ulp=75010048
CHECKPOINT row=2 layer=38 checkpoint=CP3-F object=layer_attn_state_score result=MISMATCH element_count=8192 first_mismatch_index=4096 actual_bits=0xc02f7be1 expected_bits=0xc0302421 mismatch_count=3072 max_abs=0.0271933 max_rel=0.298999 max_ulp=4382688
CHECKPOINT row=2 layer=38 checkpoint=CP3-F object=layer_n_comp result=EXACT element_count=1 mismatch_count=0
CHECKPOINT row=2 layer=38 checkpoint=CP3-F object=attn_emitted_row_count result=EXACT element_count=1 mismatch_count=0
CHECKPOINT row=2 layer=38 checkpoint=CP3-F object=layer_index_state_kv result=MISMATCH element_count=2048 first_mismatch_index=1024 actual_bits=0x3dba1324 expected_bits=0x3dbb3282 mismatch_count=768 max_abs=0.0157872 max_rel=1.55634 max_ulp=1947739905
CHECKPOINT row=2 layer=38 checkpoint=CP3-F object=layer_index_state_score result=MISMATCH element_count=2048 first_mismatch_index=1024 actual_bits=0xc02f2552 expected_bits=0xc02fb062 mismatch_count=768 max_abs=0.0265868 max_rel=0.163171 max_ulp=2320568
CHECKPOINT row=2 layer=38 checkpoint=CP3-F object=layer_n_index_comp result=EXACT element_count=1 mismatch_count=0
CHECKPOINT row=2 layer=38 checkpoint=CP3-F object=index_emitted_row_count result=EXACT element_count=1 mismatch_count=0
CHECKPOINT row=2 layer=38 checkpoint=CP4 object=post_attention_hidden_state result=MISMATCH element_count=16384 first_mismatch_index=0 actual_bits=0xbe00358e expected_bits=0xbde56b10 mismatch_count=16384 max_abs=0.399735 max_rel=1.94559 max_ulp=2054597241
CHECKPOINT row=2 layer=38 checkpoint=CP5 object=final_layer_hidden_state result=MISMATCH element_count=16384 first_mismatch_index=0 actual_bits=0x3f52e4d7 expected_bits=0x3f52fe2b mismatch_count=16383 max_abs=0.392929 max_rel=1.97308 max_ulp=2055685901
CHECKPOINT row=2 layer=39 checkpoint=CP1 object=normalized_attention_input result=MISMATCH element_count=4096 first_mismatch_index=0 actual_bits=0x3d93f452 expected_bits=0x3d947994 mismatch_count=4096 max_abs=0.00197734 max_rel=1.68679 max_ulp=1946550097
CHECKPOINT row=2 layer=39 checkpoint=CP2-Q object=q_projection result=MISMATCH element_count=1024 first_mismatch_index=0 actual_bits=0x3e6ccc25 expected_bits=0x3e6cbc95 mismatch_count=1024 max_abs=0.00236303 max_rel=1.66554 max_ulp=1960216449
CHECKPOINT row=2 layer=39 checkpoint=CP2-KV-P object=kv_projection result=MISMATCH element_count=512 first_mismatch_index=0 actual_bits=0x3e95eb2c expected_bits=0x3e966e42 mismatch_count=512 max_abs=0.00268923 max_rel=1.69293 max_ulp=1924019201
CHECKPOINT row=2 layer=39 checkpoint=CP2-KV-R object=raw_kv_row result=MISMATCH element_count=512 first_mismatch_index=1 actual_bits=0x3b300000 expected_bits=0x3c100000 mismatch_count=131 max_abs=0.125 max_rel=1.64286 max_ulp=1970274305
CHECKPOINT row=2 layer=39 checkpoint=CP3-F object=layer_attn_state_kv result=MISMATCH element_count=65536 first_mismatch_index=8192 actual_bits=0x3ca620cc expected_bits=0x3ca53e4c mismatch_count=1536 max_abs=0.00229174 max_rel=1.10521 max_ulp=1908559233
CHECKPOINT row=2 layer=39 checkpoint=CP3-F object=layer_attn_state_score result=MISMATCH element_count=65536 first_mismatch_index=8192 actual_bits=0x3e52cfdc expected_bits=0x3e52acf1 mismatch_count=1536 max_abs=0.0110404 max_rel=1.58274 max_ulp=1940744321
CHECKPOINT row=2 layer=39 checkpoint=CP3-F object=layer_n_comp result=EXACT element_count=1 mismatch_count=0
CHECKPOINT row=2 layer=39 checkpoint=CP3-F object=attn_emitted_row_count result=EXACT element_count=1 mismatch_count=0
CHECKPOINT row=2 layer=39 checkpoint=CP4 object=post_attention_hidden_state result=MISMATCH element_count=16384 first_mismatch_index=0 actual_bits=0x3f8dd6ec expected_bits=0x3f8e4593 mismatch_count=16383 max_abs=0.385635 max_rel=1.94281 max_ulp=2057551276
CHECKPOINT row=2 layer=39 checkpoint=CP5 object=final_layer_hidden_state result=MISMATCH element_count=16384 first_mismatch_index=0 actual_bits=0x3f8911dc expected_bits=0x3f89ae56 mismatch_count=16384 max_abs=0.395144 max_rel=1.97235 max_ulp=2057939247
CHECKPOINT row=2 layer=40 checkpoint=CP1 object=normalized_attention_input result=MISMATCH element_count=4096 first_mismatch_index=0 actual_bits=0x3d01314f expected_bits=0x3d01e1e7 mismatch_count=4096 max_abs=0.0123267 max_rel=1.80733 max_ulp=1952146283
CHECKPOINT row=2 layer=40 checkpoint=CP2-Q object=q_projection result=MISMATCH element_count=1024 first_mismatch_index=0 actual_bits=0xbea54e9e expected_bits=0xbea4bd7d mismatch_count=1024 max_abs=0.00377201 max_rel=1.21569 max_ulp=1963403457
CHECKPOINT row=2 layer=40 checkpoint=CP2-KV-P object=kv_projection result=MISMATCH element_count=512 first_mismatch_index=0 actual_bits=0xbe993f55 expected_bits=0xbe992596 mismatch_count=512 max_abs=0.0057708 max_rel=1.63235 max_ulp=1964506177
CHECKPOINT row=2 layer=40 checkpoint=CP2-KV-R object=raw_kv_row result=MISMATCH element_count=512 first_mismatch_index=6 actual_bits=0x3dc00000 expected_bits=0x3da00000 mismatch_count=144 max_abs=0.125 max_rel=1.66667 max_ulp=2005925889
CHECKPOINT row=2 layer=40 checkpoint=CP3-F object=layer_attn_state_kv result=MISMATCH element_count=8192 first_mismatch_index=4096 actual_bits=0xbdfa57e3 expected_bits=0xbdf8b5fb mismatch_count=3072 max_abs=0.00543514 max_rel=1.60658 max_ulp=1966092961
CHECKPOINT row=2 layer=40 checkpoint=CP3-F object=layer_attn_state_score result=MISMATCH element_count=8192 first_mismatch_index=4096 actual_bits=0x3f0fe211 expected_bits=0x3f0d8400 mismatch_count=3072 max_abs=0.032649 max_rel=1.15438 max_ulp=1985762913
CHECKPOINT row=2 layer=40 checkpoint=CP3-F object=layer_n_comp result=EXACT element_count=1 mismatch_count=0
CHECKPOINT row=2 layer=40 checkpoint=CP3-F object=attn_emitted_row_count result=EXACT element_count=1 mismatch_count=0
CHECKPOINT row=2 layer=40 checkpoint=CP3-F object=layer_index_state_kv result=MISMATCH element_count=2048 first_mismatch_index=1024 actual_bits=0x3e6333f3 expected_bits=0x3e63d51e mismatch_count=768 max_abs=0.00637728 max_rel=0.340652 max_ulp=5565440
CHECKPOINT row=2 layer=40 checkpoint=CP3-F object=layer_index_state_score result=MISMATCH element_count=2048 first_mismatch_index=1024 actual_bits=0x3f4b9258 expected_bits=0x3f495b50 mismatch_count=768 max_abs=0.0315623 max_rel=0.193423 max_ulp=2357880
CHECKPOINT row=2 layer=40 checkpoint=CP3-F object=layer_n_index_comp result=EXACT element_count=1 mismatch_count=0
CHECKPOINT row=2 layer=40 checkpoint=CP3-F object=index_emitted_row_count result=EXACT element_count=1 mismatch_count=0
CHECKPOINT row=2 layer=40 checkpoint=CP4 object=post_attention_hidden_state result=MISMATCH element_count=16384 first_mismatch_index=0 actual_bits=0x3f974bc4 expected_bits=0x3f978308 mismatch_count=16384 max_abs=0.38359 max_rel=1.99082 max_ulp=2062157778
CHECKPOINT row=2 layer=40 checkpoint=CP5 object=final_layer_hidden_state result=MISMATCH element_count=16384 first_mismatch_index=0 actual_bits=0x400b8e93 expected_bits=0x400c3bed mismatch_count=16384 max_abs=0.388463 max_rel=1.96931 max_ulp=2058505333
CHECKPOINT row=2 layer=41 checkpoint=CP1 object=normalized_attention_input result=MISMATCH element_count=4096 first_mismatch_index=0 actual_bits=0x3d3a2ff2 expected_bits=0x3d3b64a4 mismatch_count=4096 max_abs=0.0021837 max_rel=1.86023 max_ulp=1942759207
CHECKPOINT row=2 layer=41 checkpoint=CP2-Q object=q_projection result=MISMATCH element_count=1024 first_mismatch_index=0 actual_bits=0xbe348762 expected_bits=0xbe3498ec mismatch_count=1024 max_abs=0.00309443 max_rel=0.95932 max_ulp=38989824
CHECKPOINT row=2 layer=41 checkpoint=CP2-KV-P object=kv_projection result=MISMATCH element_count=512 first_mismatch_index=0 actual_bits=0xbe9e3a64 expected_bits=0xbe9e229f mismatch_count=512 max_abs=0.00275487 max_rel=0.897917 max_ulp=27179616
CHECKPOINT row=2 layer=41 checkpoint=CP2-KV-R object=raw_kv_row result=MISMATCH element_count=512 first_mismatch_index=2 actual_bits=0xbda00000 expected_bits=0xbd800000 mismatch_count=143 max_abs=0.125 max_rel=0.9 max_ulp=27262976
CHECKPOINT row=2 layer=41 checkpoint=CP3-F object=layer_attn_state_kv result=MISMATCH element_count=65536 first_mismatch_index=8192 actual_bits=0xbba01064 expected_bits=0xbbb40648 mismatch_count=1536 max_abs=0.00387111 max_rel=1.22586 max_ulp=1916425505
CHECKPOINT row=2 layer=41 checkpoint=CP3-F object=layer_attn_state_score result=MISMATCH element_count=65536 first_mismatch_index=8192 actual_bits=0x3b107cc8 expected_bits=0x3b4d5f70 mismatch_count=1536 max_abs=0.0061183 max_rel=1.80546 max_ulp=1950301313
CHECKPOINT row=2 layer=41 checkpoint=CP3-F object=layer_n_comp result=EXACT element_count=1 mismatch_count=0
CHECKPOINT row=2 layer=41 checkpoint=CP3-F object=attn_emitted_row_count result=EXACT element_count=1 mismatch_count=0
CHECKPOINT row=2 layer=41 checkpoint=CP4 object=post_attention_hidden_state result=MISMATCH element_count=16384 first_mismatch_index=0 actual_bits=0x3fa40242 expected_bits=0x3fa5404b mismatch_count=16384 max_abs=0.402438 max_rel=1.92068 max_ulp=2067799222
CHECKPOINT row=2 layer=41 checkpoint=CP5 object=final_layer_hidden_state result=MISMATCH element_count=16384 first_mismatch_index=0 actual_bits=0x3f9e3e53 expected_bits=0x3f9fdc08 mismatch_count=16384 max_abs=0.402055 max_rel=1.88348 max_ulp=2062972658
CHECKPOINT row=2 layer=42 checkpoint=CP1 object=normalized_attention_input result=MISMATCH element_count=4096 first_mismatch_index=0 actual_bits=0xbcae2e63 expected_bits=0xbcaad881 mismatch_count=4096 max_abs=0.00521266 max_rel=1.73411 max_ulp=1946513396
CHECKPOINT row=2 layer=42 checkpoint=CP2-Q object=q_projection result=MISMATCH element_count=1024 first_mismatch_index=0 actual_bits=0xbcc8df6c expected_bits=0xbcd5bf30 mismatch_count=1024 max_abs=0.0028497 max_rel=1.76635 max_ulp=1958936865
CHECKPOINT row=2 layer=42 checkpoint=CP2-KV-P object=kv_projection result=MISMATCH element_count=512 first_mismatch_index=0 actual_bits=0xbe6e1aef expected_bits=0xbe6e9bbc mismatch_count=512 max_abs=0.00261265 max_rel=1.6651 max_ulp=1938063041
CHECKPOINT row=2 layer=42 checkpoint=CP2-KV-R object=raw_kv_row result=MISMATCH element_count=512 first_mismatch_index=3 actual_bits=0xbb600000 expected_bits=0xbbb00000 mismatch_count=146 max_abs=0.125 max_rel=1.66667 max_ulp=1976565761
CHECKPOINT row=2 layer=42 checkpoint=CP3-F object=layer_attn_state_kv result=MISMATCH element_count=8192 first_mismatch_index=4096 actual_bits=0x3e997bd7 expected_bits=0x3e99ff63 mismatch_count=3072 max_abs=0.004653 max_rel=1.97923 max_ulp=1963471041
CHECKPOINT row=2 layer=42 checkpoint=CP3-F object=layer_attn_state_score result=MISMATCH element_count=8192 first_mismatch_index=4096 actual_bits=0x3f4af57f expected_bits=0x3f4b2aae mismatch_count=3072 max_abs=0.0203754 max_rel=1.76529 max_ulp=1963355201
CHECKPOINT row=2 layer=42 checkpoint=CP3-F object=layer_n_comp result=EXACT element_count=1 mismatch_count=0
CHECKPOINT row=2 layer=42 checkpoint=CP3-F object=attn_emitted_row_count result=EXACT element_count=1 mismatch_count=0
CHECKPOINT row=2 layer=42 checkpoint=CP3-F object=layer_index_state_kv result=MISMATCH element_count=2048 first_mismatch_index=1024 actual_bits=0xbdadf694 expected_bits=0xbdad898a mismatch_count=768 max_abs=0.00388904 max_rel=1.73561 max_ulp=1971816969
CHECKPOINT row=2 layer=42 checkpoint=CP3-F object=layer_index_state_score result=MISMATCH element_count=2048 first_mismatch_index=1024 actual_bits=0xbeef34f6 expected_bits=0xbef3d140 mismatch_count=768 max_abs=0.0227345 max_rel=1.26485 max_ulp=1948278593
CHECKPOINT row=2 layer=42 checkpoint=CP3-F object=layer_n_index_comp result=EXACT element_count=1 mismatch_count=0
CHECKPOINT row=2 layer=42 checkpoint=CP3-F object=index_emitted_row_count result=EXACT element_count=1 mismatch_count=0
CHECKPOINT row=2 layer=42 checkpoint=CP4 object=post_attention_hidden_state result=MISMATCH element_count=16384 first_mismatch_index=0 actual_bits=0x3f322212 expected_bits=0x3f31457c mismatch_count=16384 max_abs=0.517223 max_rel=1.98658 max_ulp=2073734918
CHECKPOINT row=2 layer=42 checkpoint=CP5 object=final_layer_hidden_state result=MISMATCH element_count=16384 first_mismatch_index=0 actual_bits=0x3f134207 expected_bits=0x3f12ca21 mismatch_count=16384 max_abs=0.506689 max_rel=1.9995 max_ulp=2073291444
CHECKPOINT row=3 layer=0 checkpoint=CP1 object=normalized_attention_input result=EXACT element_count=4096 mismatch_count=0
CHECKPOINT row=3 layer=0 checkpoint=CP2-Q object=q_projection result=MISMATCH element_count=1024 first_mismatch_index=0 actual_bits=0xbd1c7b46 expected_bits=0xbd1c7b41 mismatch_count=838 max_abs=6.70552e-08 max_rel=0.000161681 max_ulp=2560
CHECKPOINT row=3 layer=0 checkpoint=CP2-KV-P object=kv_projection result=MISMATCH element_count=512 first_mismatch_index=1 actual_bits=0xbc1b2fa2 expected_bits=0xbc1b2fb6 mismatch_count=408 max_abs=3.72529e-08 max_rel=0.000102239 max_ulp=1536
CHECKPOINT row=3 layer=0 checkpoint=CP2-KV-R object=raw_kv_row result=EXACT element_count=512 mismatch_count=0
CHECKPOINT row=3 layer=0 checkpoint=CP3-F object=compressor result=N/A element_count=0
CHECKPOINT row=3 layer=0 checkpoint=CP4 object=post_attention_hidden_state result=MISMATCH element_count=16384 first_mismatch_index=0 actual_bits=0xbc6368a2 expected_bits=0xbc636954 mismatch_count=5690 max_abs=1.56462e-06 max_rel=0.0149145 max_ulp=144419
CHECKPOINT row=3 layer=0 checkpoint=CP5 object=final_layer_hidden_state result=MISMATCH element_count=16384 first_mismatch_index=0 actual_bits=0xbcd8af84 expected_bits=0xbcd8afa4 mismatch_count=13523 max_abs=1.48639e-06 max_rel=0.00625264 max_ulp=72333
CHECKPOINT row=3 layer=1 checkpoint=CP1 object=normalized_attention_input result=MISMATCH element_count=4096 first_mismatch_index=0 actual_bits=0x3cdce185 expected_bits=0x3cdce171 mismatch_count=4000 max_abs=1.8999e-07 max_rel=0.00158591 max_ulp=15960
CHECKPOINT row=3 layer=1 checkpoint=CP2-Q object=q_projection result=MISMATCH element_count=1024 first_mismatch_index=0 actual_bits=0x3e19ce32 expected_bits=0x3e19ce42 mismatch_count=989 max_abs=4.00469e-07 max_rel=0.00231222 max_ulp=28320
CHECKPOINT row=3 layer=1 checkpoint=CP2-KV-P object=kv_projection result=MISMATCH element_count=512 first_mismatch_index=0 actual_bits=0x3e39fcd9 expected_bits=0x3e39fcd4 mismatch_count=497 max_abs=4.76837e-07 max_rel=0.000232035 max_ulp=3712
CHECKPOINT row=3 layer=1 checkpoint=CP2-KV-R object=raw_kv_row result=EXACT element_count=512 mismatch_count=0
CHECKPOINT row=3 layer=1 checkpoint=CP3-F object=compressor result=N/A element_count=0
CHECKPOINT row=3 layer=1 checkpoint=CP4 object=post_attention_hidden_state result=MISMATCH element_count=16384 first_mismatch_index=0 actual_bits=0xbdb19d77 expected_bits=0xbdb19d4a mismatch_count=15161 max_abs=1.62423e-06 max_rel=0.00821383 max_ulp=107202
CHECKPOINT row=3 layer=1 checkpoint=CP5 object=final_layer_hidden_state result=MISMATCH element_count=16384 first_mismatch_index=0 actual_bits=0xbd39b00f expected_bits=0xbd39affd mismatch_count=15547 max_abs=1.66893e-06 max_rel=1.31346 max_ulp=1726754235
CHECKPOINT row=3 layer=2 checkpoint=CP1 object=normalized_attention_input result=MISMATCH element_count=4096 first_mismatch_index=0 actual_bits=0x3c13a661 expected_bits=0x3c13a6b2 mismatch_count=4043 max_abs=7.6741e-07 max_rel=0.0020426 max_ulp=27167
CHECKPOINT row=3 layer=2 checkpoint=CP2-Q object=q_projection result=MISMATCH element_count=1024 first_mismatch_index=0 actual_bits=0x3cd4d9b1 expected_bits=0x3cd4d954 mismatch_count=1009 max_abs=8.56817e-07 max_rel=0.000725062 max_ulp=7616
CHECKPOINT row=3 layer=2 checkpoint=CP2-KV-P object=kv_projection result=MISMATCH element_count=512 first_mismatch_index=0 actual_bits=0xb9f67700 expected_bits=0xb9f68280 mismatch_count=504 max_abs=8.60542e-07 max_rel=0.0661553 max_ulp=974848
CHECKPOINT row=3 layer=2 checkpoint=CP2-KV-R object=raw_kv_row result=EXACT element_count=512 mismatch_count=0
CHECKPOINT row=3 layer=2 checkpoint=CP3-F object=layer_attn_state_kv result=MISMATCH element_count=8192 first_mismatch_index=0 actual_bits=0x3e18ecd1 expected_bits=0x3e18ecbc mismatch_count=8088 max_abs=1.3411e-06 max_rel=0.00534932 max_ulp=71936
CHECKPOINT row=3 layer=2 checkpoint=CP3-F object=layer_attn_state_score result=MISMATCH element_count=8192 first_mismatch_index=0 actual_bits=0x3f080f62 expected_bits=0x3f080f64 mismatch_count=7890 max_abs=3.45707e-06 max_rel=0.00323529 max_ulp=45056
CHECKPOINT row=3 layer=2 checkpoint=CP3-F object=layer_n_comp result=EXACT element_count=1 mismatch_count=0
CHECKPOINT row=3 layer=2 checkpoint=CP3-F object=attn_emitted_row_count result=EXACT element_count=1 mismatch_count=0
CHECKPOINT row=3 layer=2 checkpoint=CP3-F object=layer_attn_comp_cache result=EXACT element_count=512 mismatch_count=0
CHECKPOINT row=3 layer=2 checkpoint=CP3-F object=layer_index_state_kv result=MISMATCH element_count=2048 first_mismatch_index=0 actual_bits=0xbe43b785 expected_bits=0xbe43b798 mismatch_count=2012 max_abs=1.54972e-06 max_rel=0.000892831 max_ulp=7680
CHECKPOINT row=3 layer=2 checkpoint=CP3-F object=layer_index_state_score result=MISMATCH element_count=2048 first_mismatch_index=0 actual_bits=0xbef764a4 expected_bits=0xbef764ab mismatch_count=1992 max_abs=4.41074e-06 max_rel=0.000683235 max_ulp=8192
CHECKPOINT row=3 layer=2 checkpoint=CP3-F object=layer_n_index_comp result=EXACT element_count=1 mismatch_count=0
CHECKPOINT row=3 layer=2 checkpoint=CP3-F object=index_emitted_row_count result=EXACT element_count=1 mismatch_count=0
CHECKPOINT row=3 layer=2 checkpoint=CP3-F object=layer_index_comp_cache result=EXACT element_count=128 mismatch_count=0
CHECKPOINT row=3 layer=2 checkpoint=CP4 object=post_attention_hidden_state result=MISMATCH element_count=16384 first_mismatch_index=0 actual_bits=0xbe104adf expected_bits=0xbe104b04 mismatch_count=15372 max_abs=2.15322e-06 max_rel=0.0150914 max_ulp=191433
CHECKPOINT row=3 layer=2 checkpoint=CP5 object=final_layer_hidden_state result=MISMATCH element_count=16384 first_mismatch_index=0 actual_bits=0xbdedc263 expected_bits=0xbdedc2a2 mismatch_count=15733 max_abs=2.13087e-06 max_rel=0.0370621 max_ulp=396728
CHECKPOINT row=3 layer=3 checkpoint=CP1 object=normalized_attention_input result=MISMATCH element_count=4096 first_mismatch_index=0 actual_bits=0xbbfc461f expected_bits=0xbbfc4716 mismatch_count=4037 max_abs=6.18398e-07 max_rel=0.0285237 max_ulp=255600
CHECKPOINT row=3 layer=3 checkpoint=CP2-Q object=q_projection result=MISMATCH element_count=1024 first_mismatch_index=0 actual_bits=0xbe1a66c3 expected_bits=0xbe1a66c5 mismatch_count=1014 max_abs=9.53674e-07 max_rel=0.000572839 max_ulp=7680
CHECKPOINT row=3 layer=3 checkpoint=CP2-KV-P object=kv_projection result=MISMATCH element_count=512 first_mismatch_index=0 actual_bits=0xbcde9395 expected_bits=0xbcde95d1 mismatch_count=502 max_abs=1.06543e-06 max_rel=0.00228167 max_ulp=19456
CHECKPOINT row=3 layer=3 checkpoint=CP2-KV-R object=raw_kv_row result=MISMATCH element_count=512 first_mismatch_index=489 actual_bits=0x3b24c000 expected_bits=0x3b24e000 mismatch_count=2 max_abs=0.000244141 max_rel=0.000822368 max_ulp=8192
CHECKPOINT row=3 layer=3 checkpoint=CP3-F object=layer_attn_state_kv result=MISMATCH element_count=65536 first_mismatch_index=8192 actual_bits=0xbdab48f8 expected_bits=0xbdab48a6 mismatch_count=2030 max_abs=2.66731e-06 max_rel=0.0101111 max_ulp=129984
CHECKPOINT row=3 layer=3 checkpoint=CP3-F object=layer_attn_state_score result=MISMATCH element_count=65536 first_mismatch_index=8192 actual_bits=0x3c2eef66 expected_bits=0x3c2eed4f mismatch_count=2031 max_abs=6.67572e-06 max_rel=0.00382346 max_ulp=35008
CHECKPOINT row=3 layer=3 checkpoint=CP3-F object=layer_n_comp result=EXACT element_count=1 mismatch_count=0
CHECKPOINT row=3 layer=3 checkpoint=CP3-F object=attn_emitted_row_count result=EXACT element_count=1 mismatch_count=0
CHECKPOINT row=3 layer=3 checkpoint=CP4 object=post_attention_hidden_state result=MISMATCH element_count=16384 first_mismatch_index=0 actual_bits=0x3cccfd73 expected_bits=0x3ccd01f7 mismatch_count=16197 max_abs=8.08388e-06 max_rel=0.101864 max_ulp=1186673
CHECKPOINT row=3 layer=3 checkpoint=CP5 object=final_layer_hidden_state result=MISMATCH element_count=16384 first_mismatch_index=0 actual_bits=0xbb411bf4 expected_bits=0xbb40fb59 mismatch_count=16248 max_abs=7.95722e-06 max_rel=0.21816 max_ulp=2482742
CHECKPOINT row=3 layer=4 checkpoint=CP1 object=normalized_attention_input result=MISMATCH element_count=4096 first_mismatch_index=0 actual_bits=0xbd587e59 expected_bits=0xbd587e32 mismatch_count=4080 max_abs=7.15256e-06 max_rel=0.809363 max_ulp=20227510
CHECKPOINT row=3 layer=4 checkpoint=CP2-Q object=q_projection result=MISMATCH element_count=1024 first_mismatch_index=0 actual_bits=0x3b8bf838 expected_bits=0x3b8bf788 mismatch_count=1019 max_abs=1.94088e-06 max_rel=0.0255679 max_ulp=257024
CHECKPOINT row=3 layer=4 checkpoint=CP2-KV-P object=kv_projection result=MISMATCH element_count=512 first_mismatch_index=0 actual_bits=0xba9c3360 expected_bits=0xba9c51c0 mismatch_count=510 max_abs=1.38953e-06 max_rel=0.00188403 max_ulp=30912
CHECKPOINT row=3 layer=4 checkpoint=CP2-KV-R object=raw_kv_row result=EXACT element_count=512 mismatch_count=0
CHECKPOINT row=3 layer=4 checkpoint=CP3-F object=layer_attn_state_kv result=MISMATCH element_count=8192 first_mismatch_index=0 actual_bits=0x3d0047bf expected_bits=0x3d00475d mismatch_count=8152 max_abs=3.11434e-06 max_rel=0.32147 max_ulp=4587520
CHECKPOINT row=3 layer=4 checkpoint=CP3-F object=layer_attn_state_score result=MISMATCH element_count=8192 first_mismatch_index=0 actual_bits=0xbf9262f8 expected_bits=0xbf926313 mismatch_count=8074 max_abs=1.09673e-05 max_rel=0.000668373 max_ulp=10944
CHECKPOINT row=3 layer=4 checkpoint=CP3-F object=layer_n_comp result=EXACT element_count=1 mismatch_count=0
CHECKPOINT row=3 layer=4 checkpoint=CP3-F object=attn_emitted_row_count result=EXACT element_count=1 mismatch_count=0
CHECKPOINT row=3 layer=4 checkpoint=CP3-F object=layer_attn_comp_cache result=EXACT element_count=512 mismatch_count=0
CHECKPOINT row=3 layer=4 checkpoint=CP3-F object=layer_index_state_kv result=MISMATCH element_count=2048 first_mismatch_index=0 actual_bits=0x3ce932aa expected_bits=0x3ce92ed0 mismatch_count=2040 max_abs=6.91414e-06 max_rel=0.00866473 max_ulp=143936
CHECKPOINT row=3 layer=4 checkpoint=CP3-F object=layer_index_state_score result=MISMATCH element_count=2048 first_mismatch_index=0 actual_bits=0xbf9e5cc9 expected_bits=0xbf9e5cf4 mismatch_count=2026 max_abs=1.19209e-05 max_rel=0.00212665 max_ulp=35072
CHECKPOINT row=3 layer=4 checkpoint=CP3-F object=layer_n_index_comp result=EXACT element_count=1 mismatch_count=0
CHECKPOINT row=3 layer=4 checkpoint=CP3-F object=index_emitted_row_count result=EXACT element_count=1 mismatch_count=0
CHECKPOINT row=3 layer=4 checkpoint=CP3-F object=layer_index_comp_cache result=EXACT element_count=128 mismatch_count=0
CHECKPOINT row=3 layer=4 checkpoint=CP4 object=post_attention_hidden_state result=MISMATCH element_count=16384 first_mismatch_index=0 actual_bits=0x3caa0973 expected_bits=0x3caa0e5e mismatch_count=16252 max_abs=7.98702e-06 max_rel=0.202953 max_ulp=3049618
CHECKPOINT row=3 layer=4 checkpoint=CP5 object=final_layer_hidden_state result=MISMATCH element_count=16384 first_mismatch_index=0 actual_bits=0x3dd18008 expected_bits=0x3dd1811f mismatch_count=16260 max_abs=8.05594e-06 max_rel=0.637133 max_ulp=11675861
CHECKPOINT row=3 layer=5 checkpoint=CP1 object=normalized_attention_input result=MISMATCH element_count=4096 first_mismatch_index=0 actual_bits=0xbc11fee1 expected_bits=0xbc11fec7 mismatch_count=4071 max_abs=6.81495e-07 max_rel=0.00669581 max_ulp=81365
CHECKPOINT row=3 layer=5 checkpoint=CP2-Q object=q_projection result=MISMATCH element_count=1024 first_mismatch_index=0 actual_bits=0x3dac0cec expected_bits=0x3dac0d12 mismatch_count=1017 max_abs=1.21072e-06 max_rel=0.0132121 max_ulp=128000
CHECKPOINT row=3 layer=5 checkpoint=CP2-KV-P object=kv_projection result=MISMATCH element_count=512 first_mismatch_index=0 actual_bits=0xbde6ea1c expected_bits=0xbde6ea24 mismatch_count=508 max_abs=9.61125e-07 max_rel=0.000875947 max_ulp=13584
CHECKPOINT row=3 layer=5 checkpoint=CP2-KV-R object=raw_kv_row result=EXACT element_count=512 mismatch_count=0
CHECKPOINT row=3 layer=5 checkpoint=CP3-F object=layer_attn_state_kv result=MISMATCH element_count=65536 first_mismatch_index=8192 actual_bits=0xbd9a4814 expected_bits=0xbd9a476d mismatch_count=2038 max_abs=3.58e-06 max_rel=0.00578972 max_ulp=60768
CHECKPOINT row=3 layer=5 checkpoint=CP3-F object=layer_attn_state_score result=MISMATCH element_count=65536 first_mismatch_index=8192 actual_bits=0x3ec41db6 expected_bits=0x3ec41d7b mismatch_count=2037 max_abs=1.19358e-05 max_rel=0.00675727 max_ulp=90880
CHECKPOINT row=3 layer=5 checkpoint=CP3-F object=layer_n_comp result=EXACT element_count=1 mismatch_count=0
CHECKPOINT row=3 layer=5 checkpoint=CP3-F object=attn_emitted_row_count result=EXACT element_count=1 mismatch_count=0
CHECKPOINT row=3 layer=5 checkpoint=CP4 object=post_attention_hidden_state result=MISMATCH element_count=16384 first_mismatch_index=0 actual_bits=0x3db1f0c3 expected_bits=0x3db1f1bc mismatch_count=16303 max_abs=1.48714e-05 max_rel=0.0896745 max_ulp=1108810
CHECKPOINT row=3 layer=5 checkpoint=CP5 object=final_layer_hidden_state result=MISMATCH element_count=16384 first_mismatch_index=0 actual_bits=0x3db54ca8 expected_bits=0x3db54d8c mismatch_count=16310 max_abs=2.77162e-05 max_rel=0.0877187 max_ulp=1048751
CHECKPOINT row=3 layer=6 checkpoint=CP1 object=normalized_attention_input result=MISMATCH element_count=4096 first_mismatch_index=0 actual_bits=0x3d758873 expected_bits=0x3d758742 mismatch_count=4092 max_abs=5.24521e-05 max_rel=0.120887 max_ulp=1280643
CHECKPOINT row=3 layer=6 checkpoint=CP2-Q object=q_projection result=MISMATCH element_count=1024 first_mismatch_index=0 actual_bits=0x3e03aa36 expected_bits=0x3e03ab0b mismatch_count=1023 max_abs=7.41333e-06 max_rel=0.592404 max_ulp=10620928
CHECKPOINT row=3 layer=6 checkpoint=CP2-KV-P object=kv_projection result=MISMATCH element_count=512 first_mismatch_index=0 actual_bits=0xbd002885 expected_bits=0xbd002c0d mismatch_count=512 max_abs=8.35955e-06 max_rel=0.0288281 max_ulp=443264
CHECKPOINT row=3 layer=6 checkpoint=CP2-KV-R object=raw_kv_row result=MISMATCH element_count=512 first_mismatch_index=247 actual_bits=0x3a900000 expected_bits=0x3aa00000 mismatch_count=6 max_abs=0.000244141 max_rel=0.1 max_ulp=1048576
CHECKPOINT row=3 layer=6 checkpoint=CP3-F object=layer_attn_state_kv result=MISMATCH element_count=8192 first_mismatch_index=0 actual_bits=0xbdbbb680 expected_bits=0xbdbbb762 mismatch_count=8182 max_abs=1.29361e-05 max_rel=1.31123 max_ulp=1798356993
CHECKPOINT row=3 layer=6 checkpoint=CP3-F object=layer_attn_state_score result=MISMATCH element_count=8192 first_mismatch_index=0 actual_bits=0xbfb32ff8 expected_bits=0xbfb32f17 mismatch_count=8190 max_abs=5.93662e-05 max_rel=0.380518 max_ulp=6348800
CHECKPOINT row=3 layer=6 checkpoint=CP3-F object=layer_n_comp result=EXACT element_count=1 mismatch_count=0
CHECKPOINT row=3 layer=6 checkpoint=CP3-F object=attn_emitted_row_count result=EXACT element_count=1 mismatch_count=0
CHECKPOINT row=3 layer=6 checkpoint=CP3-F object=layer_attn_comp_cache result=MISMATCH element_count=512 first_mismatch_index=466 actual_bits=0x2407 expected_bits=0x2406 mismatch_count=3 max_abs=1.52588e-05 max_rel=0.000969932 max_ulp=8192
CHECKPOINT row=3 layer=6 checkpoint=CP3-F object=layer_index_state_kv result=MISMATCH element_count=2048 first_mismatch_index=0 actual_bits=0xbd869947 expected_bits=0xbd869aca mismatch_count=2042 max_abs=4.74453e-05 max_rel=0.0100248 max_ulp=125696
CHECKPOINT row=3 layer=6 checkpoint=CP3-F object=layer_index_state_score result=MISMATCH element_count=2048 first_mismatch_index=0 actual_bits=0xbff59748 expected_bits=0xbff59642 mismatch_count=2046 max_abs=5.34058e-05 max_rel=0.00277731 max_ulp=38656
CHECKPOINT row=3 layer=6 checkpoint=CP3-F object=layer_n_index_comp result=EXACT element_count=1 mismatch_count=0
CHECKPOINT row=3 layer=6 checkpoint=CP3-F object=index_emitted_row_count result=EXACT element_count=1 mismatch_count=0
CHECKPOINT row=3 layer=6 checkpoint=CP3-F object=layer_index_comp_cache result=EXACT element_count=128 mismatch_count=0
CHECKPOINT row=3 layer=6 checkpoint=CP4 object=post_attention_hidden_state result=MISMATCH element_count=16384 first_mismatch_index=0 actual_bits=0x3df2030b expected_bits=0x3df203ea mismatch_count=16323 max_abs=2.31415e-05 max_rel=0.308722 max_ulp=4027909
CHECKPOINT row=3 layer=6 checkpoint=CP5 object=final_layer_hidden_state result=MISMATCH element_count=16384 first_mismatch_index=0 actual_bits=0x3e0dae6d expected_bits=0x3e0daebd mismatch_count=16338 max_abs=2.08989e-05 max_rel=0.451267 max_ulp=7092066
CHECKPOINT row=3 layer=7 checkpoint=CP1 object=normalized_attention_input result=MISMATCH element_count=4096 first_mismatch_index=0 actual_bits=0x3ce5f0ca expected_bits=0x3ce5f146 mismatch_count=4089 max_abs=2.16812e-06 max_rel=0.222621 max_ulp=3341669
CHECKPOINT row=3 layer=7 checkpoint=CP2-Q object=q_projection result=MISMATCH element_count=1024 first_mismatch_index=0 actual_bits=0x3c997d53 expected_bits=0x3c997ccb mismatch_count=1018 max_abs=3.94136e-06 max_rel=0.00485992 max_ulp=74560
CHECKPOINT row=3 layer=7 checkpoint=CP2-KV-P object=kv_projection result=MISMATCH element_count=512 first_mismatch_index=0 actual_bits=0xbc374504 expected_bits=0xbc3744cc mismatch_count=511 max_abs=4.03263e-06 max_rel=0.00377621 max_ulp=43008
CHECKPOINT row=3 layer=7 checkpoint=CP2-KV-R object=raw_kv_row result=MISMATCH element_count=512 first_mismatch_index=467 actual_bits=0x3f31c000 expected_bits=0x3f31a000 mismatch_count=3 max_abs=0.000488281 max_rel=0.000744602 max_ulp=8192
CHECKPOINT row=3 layer=7 checkpoint=CP3-F object=layer_attn_state_kv result=MISMATCH element_count=65536 first_mismatch_index=8192 actual_bits=0xbd81f6a4 expected_bits=0xbd81f718 mismatch_count=2046 max_abs=7.98702e-06 max_rel=0.0938537 max_ulp=1462784
CHECKPOINT row=3 layer=7 checkpoint=CP3-F object=layer_attn_state_score result=MISMATCH element_count=65536 first_mismatch_index=8192 actual_bits=0xbd9280ba expected_bits=0xbd928248 mismatch_count=2046 max_abs=2.24113e-05 max_rel=0.0585068 max_ulp=556416
CHECKPOINT row=3 layer=7 checkpoint=CP3-F object=layer_n_comp result=EXACT element_count=1 mismatch_count=0
CHECKPOINT row=3 layer=7 checkpoint=CP3-F object=attn_emitted_row_count result=EXACT element_count=1 mismatch_count=0
CHECKPOINT row=3 layer=7 checkpoint=CP4 object=post_attention_hidden_state result=MISMATCH element_count=16384 first_mismatch_index=0 actual_bits=0x3e133ae5 expected_bits=0x3e133b36 mismatch_count=16333 max_abs=5.70393e-05 max_rel=0.189505 max_ulp=2193029
CHECKPOINT row=3 layer=7 checkpoint=CP5 object=final_layer_hidden_state result=MISMATCH element_count=16384 first_mismatch_index=0 actual_bits=0x3e16cddb expected_bits=0x3e16ce46 mismatch_count=16343 max_abs=5.8502e-05 max_rel=0.172316 max_ulp=2403486
CHECKPOINT row=3 layer=8 checkpoint=CP1 object=normalized_attention_input result=MISMATCH element_count=4096 first_mismatch_index=0 actual_bits=0x3d94a4cf expected_bits=0x3d94a3a1 mismatch_count=4095 max_abs=2.86102e-05 max_rel=0.0376923 max_ulp=552343
CHECKPOINT row=3 layer=8 checkpoint=CP2-Q object=q_projection result=MISMATCH element_count=1024 first_mismatch_index=0 actual_bits=0xbedcb42e expected_bits=0xbedcb426 mismatch_count=1023 max_abs=1.45882e-05 max_rel=1.13805 max_ulp=1800216577
CHECKPOINT row=3 layer=8 checkpoint=CP2-KV-P object=kv_projection result=MISMATCH element_count=512 first_mismatch_index=0 actual_bits=0x3d1064e2 expected_bits=0x3d105e1c mismatch_count=512 max_abs=2.4192e-05 max_rel=0.00351914 max_ulp=34800
CHECKPOINT row=3 layer=8 checkpoint=CP2-KV-R object=raw_kv_row result=MISMATCH element_count=512 first_mismatch_index=478 actual_bits=0xbdcbc000 expected_bits=0xbdcbe000 mismatch_count=6 max_abs=0.00012207 max_rel=0.001554 max_ulp=16384
CHECKPOINT row=3 layer=8 checkpoint=CP3-F object=layer_attn_state_kv result=MISMATCH element_count=8192 first_mismatch_index=0 actual_bits=0xbd9ed69b expected_bits=0xbd9ed4e8 mismatch_count=8188 max_abs=3.15867e-05 max_rel=0.160488 max_ulp=2234368
CHECKPOINT row=3 layer=8 checkpoint=CP3-F object=layer_attn_state_score result=MISMATCH element_count=8192 first_mismatch_index=0 actual_bits=0xbf055de2 expected_bits=0xbf055fee mismatch_count=8168 max_abs=0.000106335 max_rel=0.0124615 max_ulp=165120
CHECKPOINT row=3 layer=8 checkpoint=CP3-F object=layer_n_comp result=EXACT element_count=1 mismatch_count=0
CHECKPOINT row=3 layer=8 checkpoint=CP3-F object=attn_emitted_row_count result=EXACT element_count=1 mismatch_count=0
CHECKPOINT row=3 layer=8 checkpoint=CP3-F object=layer_attn_comp_cache result=MISMATCH element_count=512 first_mismatch_index=152 actual_bits=0xab80 expected_bits=0xab00 mismatch_count=3 max_abs=0.00390625 max_rel=0.1 max_ulp=1048576
CHECKPOINT row=3 layer=8 checkpoint=CP3-F object=layer_index_state_kv result=MISMATCH element_count=2048 first_mismatch_index=0 actual_bits=0xba8367e0 expected_bits=0xba834d60 mismatch_count=2048 max_abs=4.12762e-05 max_rel=0.00689924 max_ulp=82112
CHECKPOINT row=3 layer=8 checkpoint=CP3-F object=layer_index_state_score result=MISMATCH element_count=2048 first_mismatch_index=0 actual_bits=0xbf305bcf expected_bits=0xbf305e80 mismatch_count=2044 max_abs=0.000135899 max_rel=0.00560923 max_ulp=94080
CHECKPOINT row=3 layer=8 checkpoint=CP3-F object=layer_n_index_comp result=EXACT element_count=1 mismatch_count=0
CHECKPOINT row=3 layer=8 checkpoint=CP3-F object=index_emitted_row_count result=EXACT element_count=1 mismatch_count=0
CHECKPOINT row=3 layer=8 checkpoint=CP3-F object=layer_index_comp_cache result=EXACT element_count=128 mismatch_count=0
CHECKPOINT row=3 layer=8 checkpoint=CP4 object=post_attention_hidden_state result=MISMATCH element_count=16384 first_mismatch_index=0 actual_bits=0x3e0f7084 expected_bits=0x3e0f70dc mismatch_count=16351 max_abs=0.000118107 max_rel=0.181911 max_ulp=2217853
CHECKPOINT row=3 layer=8 checkpoint=CP5 object=final_layer_hidden_state result=MISMATCH element_count=16384 first_mismatch_index=0 actual_bits=0x3e02a440 expected_bits=0x3e02a484 mismatch_count=16360 max_abs=0.000178933 max_rel=1.40283 max_ulp=1797992499
CHECKPOINT row=3 layer=9 checkpoint=CP1 object=normalized_attention_input result=MISMATCH element_count=4096 first_mismatch_index=0 actual_bits=0x3c854beb expected_bits=0x3c8546f9 mismatch_count=4094 max_abs=7.49651e-06 max_rel=0.36846 max_ulp=5928565
CHECKPOINT row=3 layer=9 checkpoint=CP2-Q object=q_projection result=MISMATCH element_count=1024 first_mismatch_index=0 actual_bits=0x3cf58a68 expected_bits=0x3cf58661 mismatch_count=1024 max_abs=1.14115e-05 max_rel=0.152946 max_ulp=2068480
CHECKPOINT row=3 layer=9 checkpoint=CP2-KV-P object=kv_projection result=MISMATCH element_count=512 first_mismatch_index=0 actual_bits=0x3db345b6 expected_bits=0x3db344e6 mismatch_count=512 max_abs=9.51672e-06 max_rel=0.0139428 max_ulp=225984
CHECKPOINT row=3 layer=9 checkpoint=CP2-KV-R object=raw_kv_row result=MISMATCH element_count=512 first_mismatch_index=469 actual_bits=0xbdc64000 expected_bits=0xbdc62000 mismatch_count=7 max_abs=0.000244141 max_rel=0.00188324 max_ulp=24576
CHECKPOINT row=3 layer=9 checkpoint=CP3-F object=layer_attn_state_kv result=MISMATCH element_count=65536 first_mismatch_index=8192 actual_bits=0xbe109538 expected_bits=0xbe109536 mismatch_count=2046 max_abs=3.04878e-05 max_rel=0.720545 max_ulp=15212544
CHECKPOINT row=3 layer=9 checkpoint=CP3-F object=layer_attn_state_score result=MISMATCH element_count=65536 first_mismatch_index=8192 actual_bits=0x3d43fbd0 expected_bits=0x3d43fa20 mismatch_count=2047 max_abs=8.69632e-05 max_rel=0.0453433 max_ulp=565952
CHECKPOINT row=3 layer=9 checkpoint=CP3-F object=layer_n_comp result=EXACT element_count=1 mismatch_count=0
CHECKPOINT row=3 layer=9 checkpoint=CP3-F object=attn_emitted_row_count result=EXACT element_count=1 mismatch_count=0
CHECKPOINT row=3 layer=9 checkpoint=CP4 object=post_attention_hidden_state result=MISMATCH element_count=16384 first_mismatch_index=0 actual_bits=0x3e2cefee expected_bits=0x3e2cddad mismatch_count=16374 max_abs=0.00065954 max_rel=1.96255 max_ulp=1909034996
CHECKPOINT row=3 layer=9 checkpoint=CP5 object=final_layer_hidden_state result=MISMATCH element_count=16384 first_mismatch_index=0 actual_bits=0x3e28e5ed expected_bits=0x3e28d43f mismatch_count=16376 max_abs=0.000631094 max_rel=1.34928 max_ulp=1893585117
CHECKPOINT row=3 layer=10 checkpoint=CP1 object=normalized_attention_input result=MISMATCH element_count=4096 first_mismatch_index=0 actual_bits=0x3ceeacaa expected_bits=0x3cee8d49 mismatch_count=4096 max_abs=0.00108862 max_rel=1.5166 max_ulp=1862436589
CHECKPOINT row=3 layer=10 checkpoint=CP2-Q object=q_projection result=MISMATCH element_count=1024 first_mismatch_index=0 actual_bits=0x3dfb94ce expected_bits=0x3dfba3e6 mismatch_count=1024 max_abs=0.000230938 max_rel=0.403406 max_ulp=6099968
CHECKPOINT row=3 layer=10 checkpoint=CP2-KV-P object=kv_projection result=MISMATCH element_count=512 first_mismatch_index=0 actual_bits=0xbd61a213 expected_bits=0xbd61a1f6 mismatch_count=512 max_abs=0.000266165 max_rel=0.108605 max_ulp=1517248
CHECKPOINT row=3 layer=10 checkpoint=CP2-KV-R object=raw_kv_row result=MISMATCH element_count=512 first_mismatch_index=172 actual_bits=0xbc800000 expected_bits=0xbc900000 mismatch_count=43 max_abs=0.03125 max_rel=0.111111 max_ulp=1048576
CHECKPOINT row=3 layer=10 checkpoint=CP3-F object=layer_attn_state_kv result=MISMATCH element_count=8192 first_mismatch_index=0 actual_bits=0x3de9dde8 expected_bits=0x3de9df76 mismatch_count=8188 max_abs=0.0004659 max_rel=1.76327 max_ulp=1859191809
CHECKPOINT row=3 layer=10 checkpoint=CP3-F object=layer_attn_state_score result=MISMATCH element_count=8192 first_mismatch_index=0 actual_bits=0x3ee6f218 expected_bits=0x3ee6f61a mismatch_count=8192 max_abs=0.00140452 max_rel=1.06629 max_ulp=1914964289
CHECKPOINT row=3 layer=10 checkpoint=CP3-F object=layer_n_comp result=EXACT element_count=1 mismatch_count=0
CHECKPOINT row=3 layer=10 checkpoint=CP3-F object=attn_emitted_row_count result=EXACT element_count=1 mismatch_count=0
CHECKPOINT row=3 layer=10 checkpoint=CP3-F object=layer_attn_comp_cache result=MISMATCH element_count=512 first_mismatch_index=96 actual_bits=0x9b80 expected_bits=0x9c80 mismatch_count=25 max_abs=0.015625 max_rel=0.166667 max_ulp=2097152
CHECKPOINT row=3 layer=10 checkpoint=CP3-F object=layer_index_state_kv result=MISMATCH element_count=2048 first_mismatch_index=0 actual_bits=0x3d0a82de expected_bits=0x3d0a6a96 mismatch_count=2048 max_abs=0.000649095 max_rel=0.268417 max_ulp=3342976
CHECKPOINT row=3 layer=10 checkpoint=CP3-F object=layer_index_state_score result=MISMATCH element_count=2048 first_mismatch_index=0 actual_bits=0x3ebe99e8 expected_bits=0x3ebe9ec0 mismatch_count=2048 max_abs=0.00184631 max_rel=0.103959 max_ulp=1320608
CHECKPOINT row=3 layer=10 checkpoint=CP3-F object=layer_n_index_comp result=EXACT element_count=1 mismatch_count=0
CHECKPOINT row=3 layer=10 checkpoint=CP3-F object=index_emitted_row_count result=EXACT element_count=1 mismatch_count=0
CHECKPOINT row=3 layer=10 checkpoint=CP3-F object=layer_index_comp_cache result=EXACT element_count=128 mismatch_count=0
CHECKPOINT row=3 layer=10 checkpoint=CP4 object=post_attention_hidden_state result=MISMATCH element_count=16384 first_mismatch_index=0 actual_bits=0x3daa04a5 expected_bits=0x3daa1947 mismatch_count=16374 max_abs=0.00145686 max_rel=1.99956 max_ulp=1919262406
CHECKPOINT row=3 layer=10 checkpoint=CP5 object=final_layer_hidden_state result=MISMATCH element_count=16384 first_mismatch_index=0 actual_bits=0x3df72594 expected_bits=0x3df735ba mismatch_count=16375 max_abs=0.00132471 max_rel=1.83577 max_ulp=1918219738
CHECKPOINT row=3 layer=11 checkpoint=CP1 object=normalized_attention_input result=MISMATCH element_count=4096 first_mismatch_index=0 actual_bits=0x3c774963 expected_bits=0x3c774e7e mismatch_count=4096 max_abs=8.84905e-05 max_rel=1.37554 max_ulp=1841020549
CHECKPOINT row=3 layer=11 checkpoint=CP2-Q object=q_projection result=MISMATCH element_count=1024 first_mismatch_index=0 actual_bits=0x3e48a246 expected_bits=0x3e48a06e mismatch_count=1024 max_abs=0.000129879 max_rel=0.221106 max_ulp=3448000
CHECKPOINT row=3 layer=11 checkpoint=CP2-KV-P object=kv_projection result=MISMATCH element_count=512 first_mismatch_index=0 actual_bits=0xb9fee640 expected_bits=0xba110e80 mismatch_count=512 max_abs=0.000102483 max_rel=0.914383 max_ulp=29891584
CHECKPOINT row=3 layer=11 checkpoint=CP2-KV-R object=raw_kv_row result=MISMATCH element_count=512 first_mismatch_index=0 actual_bits=0xbb900000 expected_bits=0xbba00000 mismatch_count=48 max_abs=0.03125 max_rel=0.9 max_ulp=27262976
CHECKPOINT row=3 layer=11 checkpoint=CP3-F object=layer_attn_state_kv result=MISMATCH element_count=65536 first_mismatch_index=8192 actual_bits=0xbbbb1748 expected_bits=0xbbbb2908 mismatch_count=2048 max_abs=0.000139013 max_rel=0.6536 max_ulp=13026944
CHECKPOINT row=3 layer=11 checkpoint=CP3-F object=layer_attn_state_score result=MISMATCH element_count=65536 first_mismatch_index=8192 actual_bits=0xbd0a3c2f expected_bits=0xbd0a4529 mismatch_count=2047 max_abs=0.000353396 max_rel=1.80555 max_ulp=1859463169
CHECKPOINT row=3 layer=11 checkpoint=CP3-F object=layer_n_comp result=EXACT element_count=1 mismatch_count=0
CHECKPOINT row=3 layer=11 checkpoint=CP3-F object=attn_emitted_row_count result=EXACT element_count=1 mismatch_count=0
CHECKPOINT row=3 layer=11 checkpoint=CP4 object=post_attention_hidden_state result=MISMATCH element_count=16384 first_mismatch_index=0 actual_bits=0x3df2b11d expected_bits=0x3df2bea9 mismatch_count=16379 max_abs=0.00176716 max_rel=1.80221 max_ulp=1923953105
CHECKPOINT row=3 layer=11 checkpoint=CP5 object=final_layer_hidden_state result=MISMATCH element_count=16384 first_mismatch_index=0 actual_bits=0x3df87037 expected_bits=0x3df87fb7 mismatch_count=16383 max_abs=0.00163412 max_rel=1.73631 max_ulp=1922937253
CHECKPOINT row=3 layer=12 checkpoint=CP1 object=normalized_attention_input result=MISMATCH element_count=4096 first_mismatch_index=0 actual_bits=0x3ce5b355 expected_bits=0x3ce5f132 mismatch_count=4096 max_abs=0.00137424 max_rel=0.549733 max_ulp=10003109
CHECKPOINT row=3 layer=12 checkpoint=CP2-Q object=q_projection result=MISMATCH element_count=1024 first_mismatch_index=0 actual_bits=0xbe38010d expected_bits=0xbe380541 mismatch_count=1024 max_abs=0.000367604 max_rel=0.149131 max_ulp=2347936
CHECKPOINT row=3 layer=12 checkpoint=CP2-KV-P object=kv_projection result=MISMATCH element_count=512 first_mismatch_index=0 actual_bits=0xbdbca76b expected_bits=0xbdbcdf28 mismatch_count=512 max_abs=0.000304967 max_rel=0.244531 max_ulp=3364976
CHECKPOINT row=3 layer=12 checkpoint=CP2-KV-R object=raw_kv_row result=MISMATCH element_count=512 first_mismatch_index=36 actual_bits=0x3c300000 expected_bits=0x3c100000 mismatch_count=54 max_abs=0.0625 max_rel=0.2 max_ulp=3145728
CHECKPOINT row=3 layer=12 checkpoint=CP3-F object=layer_attn_state_kv result=MISMATCH element_count=8192 first_mismatch_index=0 actual_bits=0x3cd370b0 expected_bits=0x3cd352f2 mismatch_count=8192 max_abs=0.000505447 max_rel=1.30991 max_ulp=1894319105
CHECKPOINT row=3 layer=12 checkpoint=CP3-F object=layer_attn_state_score result=MISMATCH element_count=8192 first_mismatch_index=0 actual_bits=0xbcac09c0 expected_bits=0xbcabf600 mismatch_count=8192 max_abs=0.00192881 max_rel=0.565768 max_ulp=10176512
CHECKPOINT row=3 layer=12 checkpoint=CP3-F object=layer_n_comp result=EXACT element_count=1 mismatch_count=0
CHECKPOINT row=3 layer=12 checkpoint=CP3-F object=attn_emitted_row_count result=EXACT element_count=1 mismatch_count=0
CHECKPOINT row=3 layer=12 checkpoint=CP3-F object=layer_attn_comp_cache result=MISMATCH element_count=512 first_mismatch_index=13 actual_bits=0x1580 expected_bits=0x1500 mismatch_count=32 max_abs=0.015625 max_rel=0.0909091 max_ulp=1048576
CHECKPOINT row=3 layer=12 checkpoint=CP3-F object=layer_index_state_kv result=MISMATCH element_count=2048 first_mismatch_index=0 actual_bits=0xbe1c5528 expected_bits=0xbe1c5f64 mismatch_count=2048 max_abs=0.00111437 max_rel=0.22207 max_ulp=3349088
CHECKPOINT row=3 layer=12 checkpoint=CP3-F object=layer_index_state_score result=MISMATCH element_count=2048 first_mismatch_index=0 actual_bits=0x3d40ebe8 expected_bits=0x3d40e2e0 mismatch_count=2046 max_abs=0.00209713 max_rel=0.172687 max_ulp=2608128
CHECKPOINT row=3 layer=12 checkpoint=CP3-F object=layer_n_index_comp result=EXACT element_count=1 mismatch_count=0
CHECKPOINT row=3 layer=12 checkpoint=CP3-F object=index_emitted_row_count result=EXACT element_count=1 mismatch_count=0
CHECKPOINT row=3 layer=12 checkpoint=CP3-F object=layer_index_comp_cache result=EXACT element_count=128 mismatch_count=0
CHECKPOINT row=3 layer=12 checkpoint=CP4 object=post_attention_hidden_state result=MISMATCH element_count=16384 first_mismatch_index=0 actual_bits=0x3df8a7e3 expected_bits=0x3df8b8b0 mismatch_count=16383 max_abs=0.00495136 max_rel=1.92531 max_ulp=1953184833
CHECKPOINT row=3 layer=12 checkpoint=CP5 object=final_layer_hidden_state result=MISMATCH element_count=16384 first_mismatch_index=0 actual_bits=0x3df90d87 expected_bits=0x3df91eab mismatch_count=16377 max_abs=0.00480205 max_rel=1.21887 max_ulp=1961043849
CHECKPOINT row=3 layer=13 checkpoint=CP1 object=normalized_attention_input result=MISMATCH element_count=4096 first_mismatch_index=0 actual_bits=0x3ce7e20a expected_bits=0x3ce87874 mismatch_count=4096 max_abs=0.000310343 max_rel=1.44885 max_ulp=1899314577
CHECKPOINT row=3 layer=13 checkpoint=CP2-Q object=q_projection result=MISMATCH element_count=1024 first_mismatch_index=0 actual_bits=0xbcbb9b20 expected_bits=0xbcba6621 mismatch_count=1024 max_abs=0.000345085 max_rel=1.8428 max_ulp=1913666561
CHECKPOINT row=3 layer=13 checkpoint=CP2-KV-P object=kv_projection result=MISMATCH element_count=512 first_mismatch_index=0 actual_bits=0x3a9b8090 expected_bits=0x3a86c8b0 mismatch_count=512 max_abs=0.000380039 max_rel=0.672574 max_ulp=13569664
CHECKPOINT row=3 layer=13 checkpoint=CP2-KV-R object=raw_kv_row result=MISMATCH element_count=512 first_mismatch_index=0 actual_bits=0x3c500000 expected_bits=0x3c300000 mismatch_count=68 max_abs=0.125 max_rel=0.692308 max_ulp=13631488
CHECKPOINT row=3 layer=13 checkpoint=CP3-F object=layer_attn_state_kv result=MISMATCH element_count=65536 first_mismatch_index=8192 actual_bits=0x3d408540 expected_bits=0x3d406b01 mismatch_count=2048 max_abs=0.000825226 max_rel=1.71993 max_ulp=1908505345
CHECKPOINT row=3 layer=13 checkpoint=CP3-F object=layer_attn_state_score result=MISMATCH element_count=65536 first_mismatch_index=8192 actual_bits=0xbc60fed0 expected_bits=0xbc610f5a mismatch_count=2048 max_abs=0.00129128 max_rel=1.17617 max_ulp=1886970241
CHECKPOINT row=3 layer=13 checkpoint=CP3-F object=layer_n_comp result=EXACT element_count=1 mismatch_count=0
CHECKPOINT row=3 layer=13 checkpoint=CP3-F object=attn_emitted_row_count result=EXACT element_count=1 mismatch_count=0
CHECKPOINT row=3 layer=13 checkpoint=CP4 object=post_attention_hidden_state result=MISMATCH element_count=16384 first_mismatch_index=0 actual_bits=0x3dfa0d68 expected_bits=0x3dfa1f6f mismatch_count=16380 max_abs=0.0067877 max_rel=1.61796 max_ulp=1959894154
CHECKPOINT row=3 layer=13 checkpoint=CP5 object=final_layer_hidden_state result=MISMATCH element_count=16384 first_mismatch_index=0 actual_bits=0x3dfd8057 expected_bits=0x3dfd965c mismatch_count=16382 max_abs=0.00768471 max_rel=1.60957 max_ulp=1960490872
CHECKPOINT row=3 layer=14 checkpoint=CP1 object=normalized_attention_input result=MISMATCH element_count=4096 first_mismatch_index=0 actual_bits=0x3d2fd06d expected_bits=0x3d2fbe01 mismatch_count=4096 max_abs=0.00649261 max_rel=1.22207 max_ulp=1897252606
CHECKPOINT row=3 layer=14 checkpoint=CP2-Q object=q_projection result=MISMATCH element_count=1024 first_mismatch_index=0 actual_bits=0xbca4e786 expected_bits=0xbca21e10 mismatch_count=1024 max_abs=0.00128146 max_rel=0.508695 max_ulp=8583808
CHECKPOINT row=3 layer=14 checkpoint=CP2-KV-P object=kv_projection result=MISMATCH element_count=512 first_mismatch_index=0 actual_bits=0x3dfa5241 expected_bits=0x3df9dbee mismatch_count=512 max_abs=0.00140071 max_rel=0.614163 max_ulp=11024032
CHECKPOINT row=3 layer=14 checkpoint=CP2-KV-R object=raw_kv_row result=MISMATCH element_count=512 first_mismatch_index=9 actual_bits=0xbe500000 expected_bits=0xbe400000 mismatch_count=95 max_abs=0.125 max_rel=0.607143 max_ulp=11534336
CHECKPOINT row=3 layer=14 checkpoint=CP3-F object=layer_attn_state_kv result=MISMATCH element_count=8192 first_mismatch_index=0 actual_bits=0x3e31060b expected_bits=0x3e311923 mismatch_count=8192 max_abs=0.00246727 max_rel=0.810801 max_ulp=20017536
CHECKPOINT row=3 layer=14 checkpoint=CP3-F object=layer_attn_state_score result=MISMATCH element_count=8192 first_mismatch_index=0 actual_bits=0xbed5c678 expected_bits=0xbed62efa mismatch_count=8192 max_abs=0.00819111 max_rel=0.147694 max_ulp=2070080
CHECKPOINT row=3 layer=14 checkpoint=CP3-F object=layer_n_comp result=EXACT element_count=1 mismatch_count=0
CHECKPOINT row=3 layer=14 checkpoint=CP3-F object=attn_emitted_row_count result=EXACT element_count=1 mismatch_count=0
CHECKPOINT row=3 layer=14 checkpoint=CP3-F object=layer_attn_comp_cache result=MISMATCH element_count=512 first_mismatch_index=24 actual_bits=0xb400 expected_bits=0xb480 mismatch_count=65 max_abs=0.0625 max_rel=0.384615 max_ulp=5242880
CHECKPOINT row=3 layer=14 checkpoint=CP3-F object=layer_index_state_kv result=MISMATCH element_count=2048 first_mismatch_index=0 actual_bits=0x3f0b10b0 expected_bits=0x3f0b1100 mismatch_count=2048 max_abs=0.00155571 max_rel=0.918015 max_ulp=29609984
CHECKPOINT row=3 layer=14 checkpoint=CP3-F object=layer_index_state_score result=MISMATCH element_count=2048 first_mismatch_index=0 actual_bits=0xbf4c9d95 expected_bits=0xbf4cc603 mismatch_count=2048 max_abs=0.00982749 max_rel=0.0683274 max_ulp=943360
CHECKPOINT row=3 layer=14 checkpoint=CP3-F object=layer_n_index_comp result=EXACT element_count=1 mismatch_count=0
CHECKPOINT row=3 layer=14 checkpoint=CP3-F object=index_emitted_row_count result=EXACT element_count=1 mismatch_count=0
CHECKPOINT row=3 layer=14 checkpoint=CP3-F object=layer_index_comp_cache result=MISMATCH element_count=128 first_mismatch_index=97 actual_bits=0x3f800000 expected_bits=0x3f400000 mismatch_count=2 max_abs=0.25 max_rel=1 max_ulp=1040187392
CHECKPOINT row=3 layer=14 checkpoint=CP4 object=post_attention_hidden_state result=MISMATCH element_count=16384 first_mismatch_index=0 actual_bits=0x3dff4d65 expected_bits=0x3dff6334 mismatch_count=16380 max_abs=0.0121124 max_rel=1.89506 max_ulp=1975201871
CHECKPOINT row=3 layer=14 checkpoint=CP5 object=final_layer_hidden_state result=MISMATCH element_count=16384 first_mismatch_index=0 actual_bits=0x3e0110f9 expected_bits=0x3e011bdd mismatch_count=16383 max_abs=0.00861935 max_rel=1.61905 max_ulp=1991473860
CHECKPOINT row=3 layer=15 checkpoint=CP1 object=normalized_attention_input result=MISMATCH element_count=4096 first_mismatch_index=0 actual_bits=0x3c53879b expected_bits=0x3c518df4 mismatch_count=4096 max_abs=0.000528149 max_rel=1.70634 max_ulp=1915834800
CHECKPOINT row=3 layer=15 checkpoint=CP2-Q object=q_projection result=MISMATCH element_count=1024 first_mismatch_index=0 actual_bits=0xbd69b286 expected_bits=0xbd6a95f8 mismatch_count=1024 max_abs=0.000814185 max_rel=0.81123 max_ulp=19639296
CHECKPOINT row=3 layer=15 checkpoint=CP2-KV-P object=kv_projection result=MISMATCH element_count=512 first_mismatch_index=0 actual_bits=0xbdd843cb expected_bits=0xbdd78fc8 mismatch_count=512 max_abs=0.00101195 max_rel=1.95764 max_ulp=1936504961
CHECKPOINT row=3 layer=15 checkpoint=CP2-KV-R object=raw_kv_row result=MISMATCH element_count=512 first_mismatch_index=7 actual_bits=0xbcf00000 expected_bits=0xbce00000 mismatch_count=89 max_abs=0.125 max_rel=1.91667 max_ulp=1987051521
CHECKPOINT row=3 layer=15 checkpoint=CP3-F object=layer_attn_state_kv result=MISMATCH element_count=65536 first_mismatch_index=8192 actual_bits=0xbd7eb7dc expected_bits=0xbd7edbdc mismatch_count=2048 max_abs=0.00116575 max_rel=1.35214 max_ulp=1914218625
CHECKPOINT row=3 layer=15 checkpoint=CP3-F object=layer_attn_state_score result=MISMATCH element_count=65536 first_mismatch_index=8192 actual_bits=0x3e788a38 expected_bits=0x3e787b90 mismatch_count=2048 max_abs=0.00415289 max_rel=0.689332 max_ulp=14327808
CHECKPOINT row=3 layer=15 checkpoint=CP3-F object=layer_n_comp result=EXACT element_count=1 mismatch_count=0
CHECKPOINT row=3 layer=15 checkpoint=CP3-F object=attn_emitted_row_count result=EXACT element_count=1 mismatch_count=0
CHECKPOINT row=3 layer=15 checkpoint=CP4 object=post_attention_hidden_state result=MISMATCH element_count=16384 first_mismatch_index=0 actual_bits=0x3e0185da expected_bits=0x3e019016 mismatch_count=16382 max_abs=0.0104172 max_rel=1.84695 max_ulp=1986756508
CHECKPOINT row=3 layer=15 checkpoint=CP5 object=final_layer_hidden_state result=MISMATCH element_count=16384 first_mismatch_index=0 actual_bits=0x3e0836a0 expected_bits=0x3e083ee8 mismatch_count=16381 max_abs=0.0101428 max_rel=1.92081 max_ulp=1986481252
CHECKPOINT row=3 layer=16 checkpoint=CP1 object=normalized_attention_input result=MISMATCH element_count=4096 first_mismatch_index=0 actual_bits=0x3d502196 expected_bits=0x3d4fc088 mismatch_count=4095 max_abs=0.00523448 max_rel=1.50787 max_ulp=1926639575
CHECKPOINT row=3 layer=16 checkpoint=CP2-Q object=q_projection result=MISMATCH element_count=1024 first_mismatch_index=0 actual_bits=0xbcf444ca expected_bits=0xbcf3e534 mismatch_count=1024 max_abs=0.00213587 max_rel=1.02317 max_ulp=1901935745
CHECKPOINT row=3 layer=16 checkpoint=CP2-KV-P object=kv_projection result=MISMATCH element_count=512 first_mismatch_index=0 actual_bits=0xbcbd3f1e expected_bits=0xbcc46dc8 mismatch_count=512 max_abs=0.00283964 max_rel=1.86757 max_ulp=1938226561
CHECKPOINT row=3 layer=16 checkpoint=CP2-KV-R object=raw_kv_row result=MISMATCH element_count=512 first_mismatch_index=0 actual_bits=0xbe100000 expected_bits=0xbe200000 mismatch_count=109 max_abs=0.125 max_rel=1.9 max_ulp=1982857217
CHECKPOINT row=3 layer=16 checkpoint=CP3-F object=layer_attn_state_kv result=MISMATCH element_count=8192 first_mismatch_index=0 actual_bits=0x3dba4e8a expected_bits=0x3dba56ec mismatch_count=8192 max_abs=0.00215773 max_rel=1.51694 max_ulp=1925474753
CHECKPOINT row=3 layer=16 checkpoint=CP3-F object=layer_attn_state_score result=MISMATCH element_count=8192 first_mismatch_index=0 actual_bits=0xbfcc9287 expected_bits=0xbfcc7700 mismatch_count=8192 max_abs=0.0127567 max_rel=0.636668 max_ulp=12030720
CHECKPOINT row=3 layer=16 checkpoint=CP3-F object=layer_n_comp result=EXACT element_count=1 mismatch_count=0
CHECKPOINT row=3 layer=16 checkpoint=CP3-F object=attn_emitted_row_count result=EXACT element_count=1 mismatch_count=0
CHECKPOINT row=3 layer=16 checkpoint=CP3-F object=layer_attn_comp_cache result=MISMATCH element_count=512 first_mismatch_index=118 actual_bits=0x2f80 expected_bits=0x3000 mismatch_count=46 max_abs=0.015625 max_rel=0.722222 max_ulp=15728640
CHECKPOINT row=3 layer=16 checkpoint=CP3-F object=layer_index_state_kv result=MISMATCH element_count=2048 first_mismatch_index=0 actual_bits=0x3e22a0c4 expected_bits=0x3e228174 mismatch_count=2048 max_abs=0.00262487 max_rel=1.18827 max_ulp=1912400385
CHECKPOINT row=3 layer=16 checkpoint=CP3-F object=layer_index_state_score result=MISMATCH element_count=2048 first_mismatch_index=0 actual_bits=0xbfd35cb0 expected_bits=0xbfd34018 mismatch_count=2048 max_abs=0.01598 max_rel=1.20143 max_ulp=1989750505
CHECKPOINT row=3 layer=16 checkpoint=CP3-F object=layer_n_index_comp result=EXACT element_count=1 mismatch_count=0
CHECKPOINT row=3 layer=16 checkpoint=CP3-F object=index_emitted_row_count result=EXACT element_count=1 mismatch_count=0
CHECKPOINT row=3 layer=16 checkpoint=CP3-F object=layer_index_comp_cache result=MISMATCH element_count=128 first_mismatch_index=56 actual_bits=0xbf400000 expected_bits=0xbf000000 mismatch_count=1 max_abs=0.25 max_rel=0.333333 max_ulp=4194304
CHECKPOINT row=3 layer=16 checkpoint=CP4 object=post_attention_hidden_state result=MISMATCH element_count=16384 first_mismatch_index=0 actual_bits=0x3e0833a1 expected_bits=0x3e083bcd mismatch_count=16382 max_abs=0.0167558 max_rel=1.94887 max_ulp=1999104804
CHECKPOINT row=3 layer=16 checkpoint=CP5 object=final_layer_hidden_state result=MISMATCH element_count=16384 first_mismatch_index=0 actual_bits=0x3e049bca expected_bits=0x3e0494a7 mismatch_count=16384 max_abs=0.0172501 max_rel=1.84035 max_ulp=2000150486
CHECKPOINT row=3 layer=17 checkpoint=CP1 object=normalized_attention_input result=MISMATCH element_count=4096 first_mismatch_index=0 actual_bits=0xbc0000c4 expected_bits=0xbc06e195 mismatch_count=4096 max_abs=0.00135193 max_rel=1.91057 max_ulp=1936186181
CHECKPOINT row=3 layer=17 checkpoint=CP2-Q object=q_projection result=MISMATCH element_count=1024 first_mismatch_index=0 actual_bits=0x3d61fe02 expected_bits=0x3d62d8fe mismatch_count=1024 max_abs=0.00209875 max_rel=0.673549 max_ulp=13866064
CHECKPOINT row=3 layer=17 checkpoint=CP2-KV-P object=kv_projection result=MISMATCH element_count=512 first_mismatch_index=0 actual_bits=0x3c104de4 expected_bits=0x3c1ade24 mismatch_count=512 max_abs=0.00266588 max_rel=1.58403 max_ulp=1938716737
CHECKPOINT row=3 layer=17 checkpoint=CP2-KV-R object=raw_kv_row result=MISMATCH element_count=512 first_mismatch_index=0 actual_bits=0x3d700000 expected_bits=0x3d800000 mismatch_count=118 max_abs=0.25 max_rel=1.57692 max_ulp=1983905793
CHECKPOINT row=3 layer=17 checkpoint=CP3-F object=layer_attn_state_kv result=MISMATCH element_count=65536 first_mismatch_index=8192 actual_bits=0x3ba71d28 expected_bits=0x3b9e7080 mismatch_count=2048 max_abs=0.00371339 max_rel=1.21076 max_ulp=1918249985
CHECKPOINT row=3 layer=17 checkpoint=CP3-F object=layer_attn_state_score result=MISMATCH element_count=65536 first_mismatch_index=8192 actual_bits=0x3e92f626 expected_bits=0x3e92ffcd mismatch_count=2048 max_abs=0.00735664 max_rel=1.30183 max_ulp=1956381057
CHECKPOINT row=3 layer=17 checkpoint=CP3-F object=layer_n_comp result=EXACT element_count=1 mismatch_count=0
CHECKPOINT row=3 layer=17 checkpoint=CP3-F object=attn_emitted_row_count result=EXACT element_count=1 mismatch_count=0
CHECKPOINT row=3 layer=17 checkpoint=CP4 object=post_attention_hidden_state result=MISMATCH element_count=16384 first_mismatch_index=0 actual_bits=0x3e04888b expected_bits=0x3e048227 mismatch_count=16382 max_abs=0.0210856 max_rel=1.50993 max_ulp=1993580752
CHECKPOINT row=3 layer=17 checkpoint=CP5 object=final_layer_hidden_state result=MISMATCH element_count=16384 first_mismatch_index=0 actual_bits=0x3def148c expected_bits=0x3deeead5 mismatch_count=16384 max_abs=0.0319229 max_rel=1.56033 max_ulp=2010099661
CHECKPOINT row=3 layer=18 checkpoint=CP1 object=normalized_attention_input result=MISMATCH element_count=4096 first_mismatch_index=0 actual_bits=0xbcb6fa0b expected_bits=0xbcb8547f mismatch_count=4096 max_abs=0.00844431 max_rel=1.55928 max_ulp=1930213052
CHECKPOINT row=3 layer=18 checkpoint=CP2-Q object=q_projection result=MISMATCH element_count=1024 first_mismatch_index=0 actual_bits=0x3db3b458 expected_bits=0x3db337fc mismatch_count=1024 max_abs=0.00136017 max_rel=0.841224 max_ulp=22795904
CHECKPOINT row=3 layer=18 checkpoint=CP2-KV-P object=kv_projection result=MISMATCH element_count=512 first_mismatch_index=0 actual_bits=0x3e433de3 expected_bits=0x3e4308f8 mismatch_count=512 max_abs=0.00126612 max_rel=0.843697 max_ulp=21827104
CHECKPOINT row=3 layer=18 checkpoint=CP2-KV-R object=raw_kv_row result=MISMATCH element_count=512 first_mismatch_index=8 actual_bits=0xbde00000 expected_bits=0xbdf00000 mismatch_count=109 max_abs=0.0625 max_rel=0.833333 max_ulp=22020096
CHECKPOINT row=3 layer=18 checkpoint=CP3-F object=layer_attn_state_kv result=MISMATCH element_count=8192 first_mismatch_index=0 actual_bits=0xbc627954 expected_bits=0xbc63238c mismatch_count=8192 max_abs=0.00151081 max_rel=1.76086 max_ulp=1936205857
CHECKPOINT row=3 layer=18 checkpoint=CP3-F object=layer_attn_state_score result=MISMATCH element_count=8192 first_mismatch_index=0 actual_bits=0x3f37ba90 expected_bits=0x3f37d8ae mismatch_count=8192 max_abs=0.00951552 max_rel=0.122924 max_ulp=1953800
CHECKPOINT row=3 layer=18 checkpoint=CP3-F object=layer_n_comp result=EXACT element_count=1 mismatch_count=0
CHECKPOINT row=3 layer=18 checkpoint=CP3-F object=attn_emitted_row_count result=EXACT element_count=1 mismatch_count=0
CHECKPOINT row=3 layer=18 checkpoint=CP3-F object=layer_attn_comp_cache result=MISMATCH element_count=512 first_mismatch_index=21 actual_bits=0x3900 expected_bits=0x3980 mismatch_count=53 max_abs=0.0625 max_rel=0.111111 max_ulp=1048576
CHECKPOINT row=3 layer=18 checkpoint=CP3-F object=layer_index_state_kv result=MISMATCH element_count=2048 first_mismatch_index=0 actual_bits=0x3d51cad3 expected_bits=0x3d51dee0 mismatch_count=2048 max_abs=0.00191191 max_rel=1.61928 max_ulp=1940613889
CHECKPOINT row=3 layer=18 checkpoint=CP3-F object=layer_index_state_score result=MISMATCH element_count=2048 first_mismatch_index=0 actual_bits=0x3f995ec1 expected_bits=0x3f997072 mismatch_count=2048 max_abs=0.00975704 max_rel=0.0453796 max_ulp=415376
CHECKPOINT row=3 layer=18 checkpoint=CP3-F object=layer_n_index_comp result=EXACT element_count=1 mismatch_count=0
CHECKPOINT row=3 layer=18 checkpoint=CP3-F object=index_emitted_row_count result=EXACT element_count=1 mismatch_count=0
CHECKPOINT row=3 layer=18 checkpoint=CP3-F object=layer_index_comp_cache result=EXACT element_count=128 mismatch_count=0
CHECKPOINT row=3 layer=18 checkpoint=CP4 object=post_attention_hidden_state result=MISMATCH element_count=16384 first_mismatch_index=0 actual_bits=0x3e00c35b expected_bits=0x3e015659 mismatch_count=16382 max_abs=0.0343621 max_rel=1.99299 max_ulp=2024241076
CHECKPOINT row=3 layer=18 checkpoint=CP5 object=final_layer_hidden_state result=MISMATCH element_count=16384 first_mismatch_index=0 actual_bits=0xbc4c74bd expected_bits=0xbc5079f0 mismatch_count=16383 max_abs=0.0365668 max_rel=1.53697 max_ulp=2009274368
CHECKPOINT row=3 layer=19 checkpoint=CP1 object=normalized_attention_input result=MISMATCH element_count=4096 first_mismatch_index=0 actual_bits=0xbd0a6b38 expected_bits=0xbd0a58fb mismatch_count=4096 max_abs=0.000787247 max_rel=1.36164 max_ulp=1907511738
CHECKPOINT row=3 layer=19 checkpoint=CP2-Q object=q_projection result=MISMATCH element_count=1024 first_mismatch_index=0 actual_bits=0xbbee0f50 expected_bits=0xbbf5e720 mismatch_count=1024 max_abs=0.00149965 max_rel=1.04016 max_ulp=1918559969
CHECKPOINT row=3 layer=19 checkpoint=CP2-KV-P object=kv_projection result=MISMATCH element_count=512 first_mismatch_index=0 actual_bits=0xbc8c3e05 expected_bits=0xbc8adbdf mismatch_count=511 max_abs=0.00116529 max_rel=1.96291 max_ulp=1941569537
CHECKPOINT row=3 layer=19 checkpoint=CP2-KV-R object=raw_kv_row result=MISMATCH element_count=512 first_mismatch_index=7 actual_bits=0x3ce00000 expected_bits=0x3d000000 mismatch_count=128 max_abs=0.125 max_rel=2 max_ulp=1994391553
CHECKPOINT row=3 layer=19 checkpoint=CP3-F object=layer_attn_state_kv result=MISMATCH element_count=65536 first_mismatch_index=8192 actual_bits=0xbb7f5270 expected_bits=0xbb802cc0 mismatch_count=2048 max_abs=0.00148168 max_rel=1.95257 max_ulp=1939707873
CHECKPOINT row=3 layer=19 checkpoint=CP3-F object=layer_attn_state_score result=MISMATCH element_count=65536 first_mismatch_index=8192 actual_bits=0x3d3e4291 expected_bits=0x3d3e9bde mismatch_count=2048 max_abs=0.00584835 max_rel=1.91522 max_ulp=1944026753
CHECKPOINT row=3 layer=19 checkpoint=CP3-F object=layer_n_comp result=EXACT element_count=1 mismatch_count=0
CHECKPOINT row=3 layer=19 checkpoint=CP3-F object=attn_emitted_row_count result=EXACT element_count=1 mismatch_count=0
CHECKPOINT row=3 layer=19 checkpoint=CP4 object=post_attention_hidden_state result=MISMATCH element_count=16384 first_mismatch_index=0 actual_bits=0x3cb3f39b expected_bits=0x3cb0defa mismatch_count=16384 max_abs=0.0434651 max_rel=1.89034 max_ulp=2019395484
CHECKPOINT row=3 layer=19 checkpoint=CP5 object=final_layer_hidden_state result=MISMATCH element_count=16384 first_mismatch_index=0 actual_bits=0x3b40f523 expected_bits=0x3b28aa4b mismatch_count=16384 max_abs=0.0414484 max_rel=1.80009 max_ulp=2020431342
CHECKPOINT row=3 layer=20 checkpoint=CP1 object=normalized_attention_input result=MISMATCH element_count=4096 first_mismatch_index=0 actual_bits=0xbcf00c15 expected_bits=0xbcf04039 mismatch_count=4096 max_abs=0.0140748 max_rel=1.8535 max_ulp=1940925641
CHECKPOINT row=3 layer=20 checkpoint=CP2-Q object=q_projection result=MISMATCH element_count=1024 first_mismatch_index=0 actual_bits=0x3bb20b00 expected_bits=0x3baae060 mismatch_count=1024 max_abs=0.00212432 max_rel=0.942058 max_ulp=34641280
CHECKPOINT row=3 layer=20 checkpoint=CP2-KV-P object=kv_projection result=MISMATCH element_count=512 first_mismatch_index=0 actual_bits=0x3e087df1 expected_bits=0x3e092e5c mismatch_count=512 max_abs=0.00164826 max_rel=1.264 max_ulp=1919015169
CHECKPOINT row=3 layer=20 checkpoint=CP2-KV-R object=raw_kv_row result=MISMATCH element_count=512 first_mismatch_index=4 actual_bits=0x3c600000 expected_bits=0x3c700000 mismatch_count=110 max_abs=0.25 max_rel=1.27273 max_ulp=1970274305
CHECKPOINT row=3 layer=20 checkpoint=CP3-F object=layer_attn_state_kv result=MISMATCH element_count=8192 first_mismatch_index=0 actual_bits=0xbdc0dbd4 expected_bits=0xbdc0f728 mismatch_count=8192 max_abs=0.00217718 max_rel=1.89227 max_ulp=1949172301
CHECKPOINT row=3 layer=20 checkpoint=CP3-F object=layer_attn_state_score result=MISMATCH element_count=8192 first_mismatch_index=0 actual_bits=0xbf84b8ef expected_bits=0xbf84a8dc mismatch_count=8192 max_abs=0.0116334 max_rel=1.75009 max_ulp=1976919105
CHECKPOINT row=3 layer=20 checkpoint=CP3-F object=layer_n_comp result=EXACT element_count=1 mismatch_count=0
CHECKPOINT row=3 layer=20 checkpoint=CP3-F object=attn_emitted_row_count result=EXACT element_count=1 mismatch_count=0
CHECKPOINT row=3 layer=20 checkpoint=CP3-F object=layer_attn_comp_cache result=MISMATCH element_count=512 first_mismatch_index=9 actual_bits=0x2e00 expected_bits=0x2e80 mismatch_count=78 max_abs=0.125 max_rel=0.909091 max_ulp=28311552
CHECKPOINT row=3 layer=20 checkpoint=CP3-F object=layer_index_state_kv result=MISMATCH element_count=2048 first_mismatch_index=0 actual_bits=0xbb5e7684 expected_bits=0xbb595dc0 mismatch_count=2048 max_abs=0.00313997 max_rel=1.35471 max_ulp=1909438977
CHECKPOINT row=3 layer=20 checkpoint=CP3-F object=layer_index_state_score result=MISMATCH element_count=2048 first_mismatch_index=0 actual_bits=0xbf6fa4dd expected_bits=0xbf6f8a2d mismatch_count=2048 max_abs=0.015101 max_rel=0.222537 max_ulp=2898944
CHECKPOINT row=3 layer=20 checkpoint=CP3-F object=layer_n_index_comp result=EXACT element_count=1 mismatch_count=0
CHECKPOINT row=3 layer=20 checkpoint=CP3-F object=index_emitted_row_count result=EXACT element_count=1 mismatch_count=0
CHECKPOINT row=3 layer=20 checkpoint=CP3-F object=layer_index_comp_cache result=EXACT element_count=128 mismatch_count=0
CHECKPOINT row=3 layer=20 checkpoint=CP4 object=post_attention_hidden_state result=MISMATCH element_count=16384 first_mismatch_index=0 actual_bits=0xbcbae8a0 expected_bits=0xbca2cc41 mismatch_count=16384 max_abs=0.0395486 max_rel=1.97766 max_ulp=2016287749
CHECKPOINT row=3 layer=20 checkpoint=CP5 object=final_layer_hidden_state result=MISMATCH element_count=16384 first_mismatch_index=0 actual_bits=0xbe31405d expected_bits=0xbe2e09a7 mismatch_count=16384 max_abs=0.0422044 max_rel=1.89528 max_ulp=2025777360
CHECKPOINT row=3 layer=21 checkpoint=CP1 object=normalized_attention_input result=MISMATCH element_count=4096 first_mismatch_index=0 actual_bits=0xbd173f4f expected_bits=0xbd16d982 mismatch_count=4096 max_abs=0.00077848 max_rel=1.99273 max_ulp=1917655124
CHECKPOINT row=3 layer=21 checkpoint=CP2-Q object=q_projection result=MISMATCH element_count=1024 first_mismatch_index=0 actual_bits=0x3e2eeeba expected_bits=0x3e2edfed mismatch_count=1024 max_abs=0.00126117 max_rel=0.615219 max_ulp=12066256
CHECKPOINT row=3 layer=21 checkpoint=CP2-KV-P object=kv_projection result=MISMATCH element_count=512 first_mismatch_index=0 actual_bits=0x3d9324d6 expected_bits=0x3d934742 mismatch_count=512 max_abs=0.00156915 max_rel=1.00453 max_ulp=1888649345
CHECKPOINT row=3 layer=21 checkpoint=CP2-KV-R object=raw_kv_row result=MISMATCH element_count=512 first_mismatch_index=6 actual_bits=0xbed00000 expected_bits=0xbee00000 mismatch_count=101 max_abs=0.125 max_rel=1.00521 max_ulp=1941962753
CHECKPOINT row=3 layer=21 checkpoint=CP3-F object=layer_attn_state_kv result=MISMATCH element_count=65536 first_mismatch_index=8192 actual_bits=0x3b9d2950 expected_bits=0x3b9baa58 mismatch_count=2048 max_abs=0.00190049 max_rel=1.60378 max_ulp=1911312385
CHECKPOINT row=3 layer=21 checkpoint=CP3-F object=layer_attn_state_score result=MISMATCH element_count=65536 first_mismatch_index=8192 actual_bits=0x3e7ff990 expected_bits=0x3e80048c mismatch_count=2047 max_abs=0.0024514 max_rel=1.28285 max_ulp=1927172609
CHECKPOINT row=3 layer=21 checkpoint=CP3-F object=layer_n_comp result=EXACT element_count=1 mismatch_count=0
CHECKPOINT row=3 layer=21 checkpoint=CP3-F object=attn_emitted_row_count result=EXACT element_count=1 mismatch_count=0
CHECKPOINT row=3 layer=21 checkpoint=CP4 object=post_attention_hidden_state result=MISMATCH element_count=16384 first_mismatch_index=0 actual_bits=0x3e03911e expected_bits=0x3e089b46 mismatch_count=16384 max_abs=0.041348 max_rel=1.95896 max_ulp=2017045277
CHECKPOINT row=3 layer=21 checkpoint=CP5 object=final_layer_hidden_state result=MISMATCH element_count=16384 first_mismatch_index=0 actual_bits=0xbbe98907 expected_bits=0xba9f76e1 mismatch_count=16384 max_abs=0.0571146 max_rel=1.97407 max_ulp=2014766851
CHECKPOINT row=3 layer=22 checkpoint=CP1 object=normalized_attention_input result=MISMATCH element_count=4096 first_mismatch_index=0 actual_bits=0xbd602097 expected_bits=0xbd5da6d2 mismatch_count=4096 max_abs=0.0215917 max_rel=1.7564 max_ulp=1936736312
CHECKPOINT row=3 layer=22 checkpoint=CP2-Q object=q_projection result=MISMATCH element_count=1024 first_mismatch_index=0 actual_bits=0xbd7054bc expected_bits=0xbd6e245e mismatch_count=1024 max_abs=0.00288966 max_rel=0.89997 max_ulp=27365120
CHECKPOINT row=3 layer=22 checkpoint=CP2-KV-P object=kv_projection result=MISMATCH element_count=512 first_mismatch_index=0 actual_bits=0xbe89aaa8 expected_bits=0xbe895d18 mismatch_count=512 max_abs=0.00304303 max_rel=1.48511 max_ulp=1918748929
CHECKPOINT row=3 layer=22 checkpoint=CP2-KV-R object=raw_kv_row result=MISMATCH element_count=512 first_mismatch_index=1 actual_bits=0x3cc00000 expected_bits=0x3ca00000 mismatch_count=103 max_abs=0.125 max_rel=1.45 max_ulp=1957691393
CHECKPOINT row=3 layer=22 checkpoint=CP3-F object=layer_attn_state_kv result=MISMATCH element_count=8192 first_mismatch_index=0 actual_bits=0xbde7f544 expected_bits=0xbde7ff4b mismatch_count=8192 max_abs=0.00297749 max_rel=1.65349 max_ulp=1942050689
CHECKPOINT row=3 layer=22 checkpoint=CP3-F object=layer_attn_state_score result=MISMATCH element_count=8192 first_mismatch_index=0 actual_bits=0xbfe4a635 expected_bits=0xbfe499dc mismatch_count=8192 max_abs=0.0193084 max_rel=1.04927 max_ulp=1935743233
CHECKPOINT row=3 layer=22 checkpoint=CP3-F object=layer_n_comp result=EXACT element_count=1 mismatch_count=0
CHECKPOINT row=3 layer=22 checkpoint=CP3-F object=attn_emitted_row_count result=EXACT element_count=1 mismatch_count=0
CHECKPOINT row=3 layer=22 checkpoint=CP3-F object=layer_attn_comp_cache result=MISMATCH element_count=512 first_mismatch_index=18 actual_bits=0xa900 expected_bits=0xa880 mismatch_count=63 max_abs=0.0625 max_rel=0.80335 max_ulp=19177472
CHECKPOINT row=3 layer=22 checkpoint=CP3-F object=layer_index_state_kv result=MISMATCH element_count=2048 first_mismatch_index=0 actual_bits=0x3e334467 expected_bits=0x3e3322b1 mismatch_count=2048 max_abs=0.0080595 max_rel=1.40268 max_ulp=1969262721
CHECKPOINT row=3 layer=22 checkpoint=CP3-F object=layer_index_state_score result=MISMATCH element_count=2048 first_mismatch_index=0 actual_bits=0xc0095cee expected_bits=0xc0095a52 mismatch_count=2048 max_abs=0.0205104 max_rel=0.772235 max_ulp=17815040
CHECKPOINT row=3 layer=22 checkpoint=CP3-F object=layer_n_index_comp result=EXACT element_count=1 mismatch_count=0
CHECKPOINT row=3 layer=22 checkpoint=CP3-F object=index_emitted_row_count result=EXACT element_count=1 mismatch_count=0
CHECKPOINT row=3 layer=22 checkpoint=CP3-F object=layer_index_comp_cache result=EXACT element_count=128 mismatch_count=0
CHECKPOINT row=3 layer=22 checkpoint=CP4 object=post_attention_hidden_state result=MISMATCH element_count=16384 first_mismatch_index=0 actual_bits=0xbda4d996 expected_bits=0xbd95c502 mismatch_count=16383 max_abs=0.0543423 max_rel=1.9287 max_ulp=2016086358
CHECKPOINT row=3 layer=22 checkpoint=CP5 object=final_layer_hidden_state result=MISMATCH element_count=16384 first_mismatch_index=0 actual_bits=0xbdc4d6ad expected_bits=0xbdb73c3f mismatch_count=16384 max_abs=0.0424337 max_rel=1.97971 max_ulp=2021168898
CHECKPOINT row=3 layer=23 checkpoint=CP1 object=normalized_attention_input result=MISMATCH element_count=4096 first_mismatch_index=0 actual_bits=0xbce31c5c expected_bits=0xbce1ad36 mismatch_count=4096 max_abs=0.000832815 max_rel=1.04601 max_ulp=1895682393
CHECKPOINT row=3 layer=23 checkpoint=CP2-Q object=q_projection result=MISMATCH element_count=1024 first_mismatch_index=0 actual_bits=0x3e1cc287 expected_bits=0x3e1d1190 mismatch_count=1024 max_abs=0.00193116 max_rel=1.14209 max_ulp=1904027649
CHECKPOINT row=3 layer=23 checkpoint=CP2-KV-P object=kv_projection result=MISMATCH element_count=512 first_mismatch_index=0 actual_bits=0xbe1ebabd expected_bits=0xbe1ea248 mismatch_count=512 max_abs=0.00250441 max_rel=0.171551 max_ulp=2612736
CHECKPOINT row=3 layer=23 checkpoint=CP2-KV-R object=raw_kv_row result=MISMATCH element_count=512 first_mismatch_index=17 actual_bits=0x3f400000 expected_bits=0x3f300000 mismatch_count=68 max_abs=0.125 max_rel=0.1875 max_ulp=3145728
CHECKPOINT row=3 layer=23 checkpoint=CP3-F object=layer_attn_state_kv result=MISMATCH element_count=65536 first_mismatch_index=8192 actual_bits=0x3e4b28ac expected_bits=0x3e4b3152 mismatch_count=2048 max_abs=0.00126368 max_rel=0.833801 max_ulp=22270016
CHECKPOINT row=3 layer=23 checkpoint=CP3-F object=layer_attn_state_score result=MISMATCH element_count=65536 first_mismatch_index=8192 actual_bits=0xbdb64bc1 expected_bits=0xbdb54478 mismatch_count=2048 max_abs=0.00202298 max_rel=1.64374 max_ulp=1927820417
CHECKPOINT row=3 layer=23 checkpoint=CP3-F object=layer_n_comp result=EXACT element_count=1 mismatch_count=0
CHECKPOINT row=3 layer=23 checkpoint=CP3-F object=attn_emitted_row_count result=EXACT element_count=1 mismatch_count=0
CHECKPOINT row=3 layer=23 checkpoint=CP4 object=post_attention_hidden_state result=MISMATCH element_count=16384 first_mismatch_index=0 actual_bits=0xbdbd41f3 expected_bits=0xbdb0607b mismatch_count=16384 max_abs=0.040556 max_rel=1.9457 max_ulp=2018209649
CHECKPOINT row=3 layer=23 checkpoint=CP5 object=final_layer_hidden_state result=MISMATCH element_count=16384 first_mismatch_index=0 actual_bits=0xbdbea67c expected_bits=0xbdb230aa mismatch_count=16384 max_abs=0.0394487 max_rel=1.98395 max_ulp=2016705732
CHECKPOINT row=3 layer=24 checkpoint=CP1 object=normalized_attention_input result=MISMATCH element_count=4096 first_mismatch_index=0 actual_bits=0xbd4c2fad expected_bits=0xbd4a0d0f mismatch_count=4096 max_abs=0.0092386 max_rel=1.81586 max_ulp=1938749945
CHECKPOINT row=3 layer=24 checkpoint=CP2-Q object=q_projection result=MISMATCH element_count=1024 first_mismatch_index=0 actual_bits=0xbefd26fc expected_bits=0xbefd9832 mismatch_count=1024 max_abs=0.00290231 max_rel=1.96158 max_ulp=1951994305
CHECKPOINT row=3 layer=24 checkpoint=CP2-KV-P object=kv_projection result=MISMATCH element_count=512 first_mismatch_index=0 actual_bits=0xbe8bcc99 expected_bits=0xbe8b7ba2 mismatch_count=512 max_abs=0.00258977 max_rel=0.827362 max_ulp=20767104
CHECKPOINT row=3 layer=24 checkpoint=CP2-KV-R object=raw_kv_row result=MISMATCH element_count=512 first_mismatch_index=7 actual_bits=0xbe700000 expected_bits=0xbe600000 mismatch_count=106 max_abs=0.125 max_rel=0.818182 max_ulp=19922944
CHECKPOINT row=3 layer=24 checkpoint=CP3-F object=layer_attn_state_kv result=MISMATCH element_count=8192 first_mismatch_index=0 actual_bits=0xbe5a5b12 expected_bits=0xbe5a5cb7 mismatch_count=8190 max_abs=0.00467698 max_rel=1.77157 max_ulp=1934561217
CHECKPOINT row=3 layer=24 checkpoint=CP3-F object=layer_attn_state_score result=MISMATCH element_count=8192 first_mismatch_index=0 actual_bits=0xc011b153 expected_bits=0xc011a085 mismatch_count=8192 max_abs=0.0129933 max_rel=1.22653 max_ulp=1981148673
CHECKPOINT row=3 layer=24 checkpoint=CP3-F object=layer_n_comp result=EXACT element_count=1 mismatch_count=0
CHECKPOINT row=3 layer=24 checkpoint=CP3-F object=attn_emitted_row_count result=EXACT element_count=1 mismatch_count=0
CHECKPOINT row=3 layer=24 checkpoint=CP3-F object=layer_attn_comp_cache result=MISMATCH element_count=512 first_mismatch_index=8 actual_bits=0x1500 expected_bits=0x9200 mismatch_count=81 max_abs=0.125 max_rel=1.6 max_ulp=1960837121
CHECKPOINT row=3 layer=24 checkpoint=CP3-F object=layer_index_state_kv result=MISMATCH element_count=2048 first_mismatch_index=0 actual_bits=0xbdb2dc1c expected_bits=0xbdb330f4 mismatch_count=2048 max_abs=0.00469811 max_rel=0.724096 max_ulp=15407216
CHECKPOINT row=3 layer=24 checkpoint=CP3-F object=layer_index_state_score result=MISMATCH element_count=2048 first_mismatch_index=0 actual_bits=0xc0084a26 expected_bits=0xc008399b mismatch_count=2048 max_abs=0.0126186 max_rel=0.534227 max_ulp=9102912
CHECKPOINT row=3 layer=24 checkpoint=CP3-F object=layer_n_index_comp result=EXACT element_count=1 mismatch_count=0
CHECKPOINT row=3 layer=24 checkpoint=CP3-F object=index_emitted_row_count result=EXACT element_count=1 mismatch_count=0
CHECKPOINT row=3 layer=24 checkpoint=CP3-F object=layer_index_comp_cache result=EXACT element_count=128 mismatch_count=0
CHECKPOINT row=3 layer=24 checkpoint=CP4 object=post_attention_hidden_state result=MISMATCH element_count=16384 first_mismatch_index=0 actual_bits=0x3eade079 expected_bits=0x3eb0151a mismatch_count=16384 max_abs=0.0852318 max_rel=1.99884 max_ulp=2017574893
CHECKPOINT row=3 layer=24 checkpoint=CP5 object=final_layer_hidden_state result=MISMATCH element_count=16384 first_mismatch_index=0 actual_bits=0x3de4a589 expected_bits=0x3ded96c0 mismatch_count=16384 max_abs=0.0844908 max_rel=1.90662 max_ulp=2025579451
CHECKPOINT row=3 layer=25 checkpoint=CP1 object=normalized_attention_input result=MISMATCH element_count=4096 first_mismatch_index=0 actual_bits=0xbc7593ff expected_bits=0xbc74db10 mismatch_count=4096 max_abs=0.000260331 max_rel=1.5305 max_ulp=1899403494
CHECKPOINT row=3 layer=25 checkpoint=CP2-Q object=q_projection result=MISMATCH element_count=1024 first_mismatch_index=0 actual_bits=0xbc996902 expected_bits=0xbc984bfe mismatch_count=1024 max_abs=0.00040482 max_rel=0.452554 max_ulp=7556304
CHECKPOINT row=3 layer=25 checkpoint=CP2-KV-P object=kv_projection result=MISMATCH element_count=512 first_mismatch_index=0 actual_bits=0x3caff02c expected_bits=0x3cb0dc64 mismatch_count=512 max_abs=0.000404164 max_rel=0.958402 max_ulp=39038528
CHECKPOINT row=3 layer=25 checkpoint=CP2-KV-R object=raw_kv_row result=MISMATCH element_count=512 first_mismatch_index=10 actual_bits=0x3ed00000 expected_bits=0x3ec00000 mismatch_count=103 max_abs=0.125 max_rel=0.959821 max_ulp=38797312
CHECKPOINT row=3 layer=25 checkpoint=CP3-F object=layer_attn_state_kv result=MISMATCH element_count=65536 first_mismatch_index=8192 actual_bits=0x3d92a8c9 expected_bits=0x3d92b538 mismatch_count=2048 max_abs=0.000656679 max_rel=1.39769 max_ulp=1857667585
CHECKPOINT row=3 layer=25 checkpoint=CP3-F object=layer_attn_state_score result=MISMATCH element_count=65536 first_mismatch_index=8192 actual_bits=0xbd07dd10 expected_bits=0xbd07f85b mismatch_count=2048 max_abs=0.00115506 max_rel=1.45141 max_ulp=1935692801
CHECKPOINT row=3 layer=25 checkpoint=CP3-F object=layer_n_comp result=EXACT element_count=1 mismatch_count=0
CHECKPOINT row=3 layer=25 checkpoint=CP3-F object=attn_emitted_row_count result=EXACT element_count=1 mismatch_count=0
CHECKPOINT row=3 layer=25 checkpoint=CP4 object=post_attention_hidden_state result=MISMATCH element_count=16384 first_mismatch_index=0 actual_bits=0x3df32714 expected_bits=0x3dfc30c5 mismatch_count=16383 max_abs=0.0850449 max_rel=1.95088 max_ulp=2020118648
CHECKPOINT row=3 layer=25 checkpoint=CP5 object=final_layer_hidden_state result=MISMATCH element_count=16384 first_mismatch_index=0 actual_bits=0x3f004995 expected_bits=0x3f016370 mismatch_count=16384 max_abs=0.0814509 max_rel=1.98137 max_ulp=2027846089
CHECKPOINT row=3 layer=26 checkpoint=CP1 object=normalized_attention_input result=MISMATCH element_count=4096 first_mismatch_index=0 actual_bits=0xbd145220 expected_bits=0xbd13a0b4 mismatch_count=4096 max_abs=0.0119333 max_rel=1.68193 max_ulp=1919436358
CHECKPOINT row=3 layer=26 checkpoint=CP2-Q object=q_projection result=MISMATCH element_count=1024 first_mismatch_index=0 actual_bits=0x3d8cccee expected_bits=0x3d8cec81 mismatch_count=1024 max_abs=0.00141416 max_rel=1.46052 max_ulp=1944283777
CHECKPOINT row=3 layer=26 checkpoint=CP2-KV-P object=kv_projection result=MISMATCH element_count=512 first_mismatch_index=0 actual_bits=0x3ce08034 expected_bits=0x3ce25680 mismatch_count=512 max_abs=0.00125535 max_rel=1.16734 max_ulp=1902193409
CHECKPOINT row=3 layer=26 checkpoint=CP2-KV-R object=raw_kv_row result=MISMATCH element_count=512 first_mismatch_index=2 actual_bits=0x3d500000 expected_bits=0x3d700000 mismatch_count=115 max_abs=0.0625 max_rel=1.16667 max_ulp=1950351361
CHECKPOINT row=3 layer=26 checkpoint=CP3-F object=layer_attn_state_kv result=MISMATCH element_count=8192 first_mismatch_index=0 actual_bits=0xbe8c7f7b expected_bits=0xbe8c7bee mismatch_count=8192 max_abs=0.00206667 max_rel=1.64837 max_ulp=1927717121
CHECKPOINT row=3 layer=26 checkpoint=CP3-F object=layer_attn_state_score result=MISMATCH element_count=8192 first_mismatch_index=0 actual_bits=0x3e189134 expected_bits=0x3e1b5d1c mismatch_count=8192 max_abs=0.00996375 max_rel=1.23851 max_ulp=1968089601
CHECKPOINT row=3 layer=26 checkpoint=CP3-F object=layer_n_comp result=EXACT element_count=1 mismatch_count=0
CHECKPOINT row=3 layer=26 checkpoint=CP3-F object=attn_emitted_row_count result=EXACT element_count=1 mismatch_count=0
CHECKPOINT row=3 layer=26 checkpoint=CP3-F object=layer_attn_comp_cache result=MISMATCH element_count=512 first_mismatch_index=43 actual_bits=0x9400 expected_bits=0x9480 mismatch_count=43 max_abs=0.03125 max_rel=0.111111 max_ulp=1048576
CHECKPOINT row=3 layer=26 checkpoint=CP3-F object=layer_index_state_kv result=MISMATCH element_count=2048 first_mismatch_index=0 actual_bits=0x3de7c649 expected_bits=0x3de78c8e mismatch_count=2048 max_abs=0.00151441 max_rel=1.96127 max_ulp=1904180865
CHECKPOINT row=3 layer=26 checkpoint=CP3-F object=layer_index_state_score result=MISMATCH element_count=2048 first_mismatch_index=0 actual_bits=0x3e48d18f expected_bits=0x3e4bf380 mismatch_count=2048 max_abs=0.0127978 max_rel=1.76626 max_ulp=1976339553
CHECKPOINT row=3 layer=26 checkpoint=CP3-F object=layer_n_index_comp result=EXACT element_count=1 mismatch_count=0
CHECKPOINT row=3 layer=26 checkpoint=CP3-F object=index_emitted_row_count result=EXACT element_count=1 mismatch_count=0
CHECKPOINT row=3 layer=26 checkpoint=CP3-F object=layer_index_comp_cache result=EXACT element_count=128 mismatch_count=0
CHECKPOINT row=3 layer=26 checkpoint=CP4 object=post_attention_hidden_state result=MISMATCH element_count=16384 first_mismatch_index=0 actual_bits=0x3ee56206 expected_bits=0x3ee7c72f mismatch_count=16384 max_abs=0.0795021 max_rel=1.65709 max_ulp=2012702056
CHECKPOINT row=3 layer=26 checkpoint=CP5 object=final_layer_hidden_state result=MISMATCH element_count=16384 first_mismatch_index=0 actual_bits=0x3f887c30 expected_bits=0x3f891c33 mismatch_count=16384 max_abs=0.0787234 max_rel=1.97116 max_ulp=2023482248
CHECKPOINT row=3 layer=27 checkpoint=CP1 object=normalized_attention_input result=MISMATCH element_count=4096 first_mismatch_index=0 actual_bits=0x3bcf13ed expected_bits=0x3bd19f34 mismatch_count=4096 max_abs=0.00057748 max_rel=1.97904 max_ulp=1915546294
CHECKPOINT row=3 layer=27 checkpoint=CP2-Q object=q_projection result=MISMATCH element_count=1024 first_mismatch_index=0 actual_bits=0x3bb7e78a expected_bits=0x3bbf4c98 mismatch_count=1024 max_abs=0.000741169 max_rel=1.7554 max_ulp=1932801217
CHECKPOINT row=3 layer=27 checkpoint=CP2-KV-P object=kv_projection result=MISMATCH element_count=512 first_mismatch_index=0 actual_bits=0xbe3079c6 expected_bits=0xbe2feadd mismatch_count=512 max_abs=0.00103893 max_rel=1.60397 max_ulp=1926308353
CHECKPOINT row=3 layer=27 checkpoint=CP2-KV-R object=raw_kv_row result=MISMATCH element_count=512 first_mismatch_index=12 actual_bits=0xbfb00000 expected_bits=0xbfa00000 mismatch_count=105 max_abs=0.125 max_rel=1.35714 max_ulp=1983610881
CHECKPOINT row=3 layer=27 checkpoint=CP3-F object=layer_attn_state_kv result=MISMATCH element_count=65536 first_mismatch_index=8192 actual_bits=0xbc941f51 expected_bits=0xbc92c48a mismatch_count=2048 max_abs=0.00110838 max_rel=1.32642 max_ulp=1921543745
CHECKPOINT row=3 layer=27 checkpoint=CP3-F object=layer_attn_state_score result=MISMATCH element_count=65536 first_mismatch_index=8192 actual_bits=0xbde74f92 expected_bits=0xbde81cc7 mismatch_count=2047 max_abs=0.00170258 max_rel=0.649452 max_ulp=12192896
CHECKPOINT row=3 layer=27 checkpoint=CP3-F object=layer_n_comp result=EXACT element_count=1 mismatch_count=0
CHECKPOINT row=3 layer=27 checkpoint=CP3-F object=attn_emitted_row_count result=EXACT element_count=1 mismatch_count=0
CHECKPOINT row=3 layer=27 checkpoint=CP4 object=post_attention_hidden_state result=MISMATCH element_count=16384 first_mismatch_index=0 actual_bits=0x3f964659 expected_bits=0x3f968a05 mismatch_count=16383 max_abs=0.0740137 max_rel=1.878 max_ulp=2020272984
CHECKPOINT row=3 layer=27 checkpoint=CP5 object=final_layer_hidden_state result=MISMATCH element_count=16384 first_mismatch_index=0 actual_bits=0x3fdf714b expected_bits=0x3fdfef2a mismatch_count=16384 max_abs=0.0745926 max_rel=1.89872 max_ulp=2033382606
CHECKPOINT row=3 layer=28 checkpoint=CP1 object=normalized_attention_input result=MISMATCH element_count=4096 first_mismatch_index=0 actual_bits=0x3d2e8a1f expected_bits=0x3d2f3f94 mismatch_count=4096 max_abs=0.0091691 max_rel=0.964208 max_ulp=40362754
CHECKPOINT row=3 layer=28 checkpoint=CP2-Q object=q_projection result=MISMATCH element_count=1024 first_mismatch_index=0 actual_bits=0x3e015aae expected_bits=0x3e015a84 mismatch_count=1024 max_abs=0.0010623 max_rel=1.48512 max_ulp=1898174465
CHECKPOINT row=3 layer=28 checkpoint=CP2-KV-P object=kv_projection result=MISMATCH element_count=512 first_mismatch_index=0 actual_bits=0x3e0bfc14 expected_bits=0x3e0be259 mismatch_count=512 max_abs=0.00113419 max_rel=0.569616 max_ulp=10655552
CHECKPOINT row=3 layer=28 checkpoint=CP2-KV-R object=raw_kv_row result=MISMATCH element_count=512 first_mismatch_index=2 actual_bits=0xbd600000 expected_bits=0xbd700000 mismatch_count=102 max_abs=0.125 max_rel=0.571429 max_ulp=10485760
CHECKPOINT row=3 layer=28 checkpoint=CP3-F object=layer_attn_state_kv result=MISMATCH element_count=8192 first_mismatch_index=0 actual_bits=0x3d88c6bc expected_bits=0x3d889c58 mismatch_count=8192 max_abs=0.00154102 max_rel=1.23153 max_ulp=1917241729
CHECKPOINT row=3 layer=28 checkpoint=CP3-F object=layer_attn_state_score result=MISMATCH element_count=8192 first_mismatch_index=0 actual_bits=0x3fbe9be4 expected_bits=0x3fbeed46 mismatch_count=8190 max_abs=0.00905037 max_rel=0.101495 max_ulp=996480
CHECKPOINT row=3 layer=28 checkpoint=CP3-F object=layer_n_comp result=EXACT element_count=1 mismatch_count=0
CHECKPOINT row=3 layer=28 checkpoint=CP3-F object=attn_emitted_row_count result=EXACT element_count=1 mismatch_count=0
CHECKPOINT row=3 layer=28 checkpoint=CP3-F object=layer_attn_comp_cache result=MISMATCH element_count=512 first_mismatch_index=47 actual_bits=0x9f00 expected_bits=0x9e00 mismatch_count=62 max_abs=0.125 max_rel=0.25 max_ulp=4194304
CHECKPOINT row=3 layer=28 checkpoint=CP3-F object=layer_index_state_kv result=MISMATCH element_count=2048 first_mismatch_index=0 actual_bits=0xbe608b67 expected_bits=0xbe60a306 mismatch_count=2046 max_abs=0.00141335 max_rel=1.09027 max_ulp=1911073153
CHECKPOINT row=3 layer=28 checkpoint=CP3-F object=layer_index_state_score result=MISMATCH element_count=2048 first_mismatch_index=0 actual_bits=0x3fc0c15a expected_bits=0x3fc119af mismatch_count=2048 max_abs=0.0074811 max_rel=0.0304118 max_ulp=321744
CHECKPOINT row=3 layer=28 checkpoint=CP3-F object=layer_n_index_comp result=EXACT element_count=1 mismatch_count=0
CHECKPOINT row=3 layer=28 checkpoint=CP3-F object=index_emitted_row_count result=EXACT element_count=1 mismatch_count=0
CHECKPOINT row=3 layer=28 checkpoint=CP3-F object=layer_index_comp_cache result=EXACT element_count=128 mismatch_count=0
CHECKPOINT row=3 layer=28 checkpoint=CP4 object=post_attention_hidden_state result=MISMATCH element_count=16384 first_mismatch_index=0 actual_bits=0x3fde61fa expected_bits=0x3fdedfb5 mismatch_count=16384 max_abs=0.0772161 max_rel=1.97262 max_ulp=2030021790
CHECKPOINT row=3 layer=28 checkpoint=CP5 object=final_layer_hidden_state result=MISMATCH element_count=16384 first_mismatch_index=0 actual_bits=0x3fd814d9 expected_bits=0x3fd83ee8 mismatch_count=16384 max_abs=0.0770483 max_rel=1.78328 max_ulp=2017880555
CHECKPOINT row=3 layer=29 checkpoint=CP1 object=normalized_attention_input result=MISMATCH element_count=4096 first_mismatch_index=0 actual_bits=0xbcb2357f expected_bits=0xbcaf9bc0 mismatch_count=4096 max_abs=0.000744332 max_rel=1.95239 max_ulp=1928487548
CHECKPOINT row=3 layer=29 checkpoint=CP2-Q object=q_projection result=MISMATCH element_count=1024 first_mismatch_index=0 actual_bits=0xbe308923 expected_bits=0xbe3076b6 mismatch_count=1024 max_abs=0.00118731 max_rel=1.65578 max_ulp=1913110209
CHECKPOINT row=3 layer=29 checkpoint=CP2-KV-P object=kv_projection result=MISMATCH element_count=512 first_mismatch_index=0 actual_bits=0xbc6048b4 expected_bits=0xbc60536e mismatch_count=512 max_abs=0.00118534 max_rel=0.818668 max_ulp=20923856
CHECKPOINT row=3 layer=29 checkpoint=CP2-KV-R object=raw_kv_row result=MISMATCH element_count=512 first_mismatch_index=5 actual_bits=0x3dd00000 expected_bits=0x3dc00000 mismatch_count=118 max_abs=0.125 max_rel=0.821429 max_ulp=20971520
CHECKPOINT row=3 layer=29 checkpoint=CP3-F object=layer_attn_state_kv result=MISMATCH element_count=65536 first_mismatch_index=8192 actual_bits=0x3e120052 expected_bits=0x3e11cda8 mismatch_count=2048 max_abs=0.00225432 max_rel=1.84865 max_ulp=1916755841
CHECKPOINT row=3 layer=29 checkpoint=CP3-F object=layer_attn_state_score result=MISMATCH element_count=65536 first_mismatch_index=8192 actual_bits=0x3dc24f60 expected_bits=0x3dc44ab8 mismatch_count=2048 max_abs=0.00582027 max_rel=1.36416 max_ulp=1966701793
CHECKPOINT row=3 layer=29 checkpoint=CP3-F object=layer_n_comp result=EXACT element_count=1 mismatch_count=0
CHECKPOINT row=3 layer=29 checkpoint=CP3-F object=attn_emitted_row_count result=EXACT element_count=1 mismatch_count=0
CHECKPOINT row=3 layer=29 checkpoint=CP4 object=post_attention_hidden_state result=MISMATCH element_count=16384 first_mismatch_index=0 actual_bits=0x3fd7ad51 expected_bits=0x3fd7d735 mismatch_count=16384 max_abs=0.0918255 max_rel=1.99555 max_ulp=2021445829
CHECKPOINT row=3 layer=29 checkpoint=CP5 object=final_layer_hidden_state result=MISMATCH element_count=16384 first_mismatch_index=0 actual_bits=0x3fab7237 expected_bits=0x3fab3e80 mismatch_count=16384 max_abs=0.0914078 max_rel=1.90551 max_ulp=2023668711
CHECKPOINT row=3 layer=30 checkpoint=CP1 object=normalized_attention_input result=MISMATCH element_count=4096 first_mismatch_index=0 actual_bits=0xbd284591 expected_bits=0xbd263b47 mismatch_count=4095 max_abs=0.0193353 max_rel=1.75617 max_ulp=1934812080
CHECKPOINT row=3 layer=30 checkpoint=CP2-Q object=q_projection result=MISMATCH element_count=1024 first_mismatch_index=0 actual_bits=0xbd553bc8 expected_bits=0xbd53c412 mismatch_count=1024 max_abs=0.00210226 max_rel=0.761484 max_ulp=17419456
CHECKPOINT row=3 layer=30 checkpoint=CP2-KV-P object=kv_projection result=MISMATCH element_count=512 first_mismatch_index=0 actual_bits=0x3d826c8e expected_bits=0x3d819db9 mismatch_count=512 max_abs=0.00238082 max_rel=1.21297 max_ulp=1945233217
CHECKPOINT row=3 layer=30 checkpoint=CP2-KV-R object=raw_kv_row result=MISMATCH element_count=512 first_mismatch_index=6 actual_bits=0x3e300000 expected_bits=0x3e200000 mismatch_count=133 max_abs=0.125 max_rel=1.43072 max_ulp=1991573505
CHECKPOINT row=3 layer=30 checkpoint=CP3-F object=layer_attn_state_kv result=MISMATCH element_count=8192 first_mismatch_index=0 actual_bits=0xbca21a71 expected_bits=0xbca1f6da mismatch_count=8192 max_abs=0.00496659 max_rel=1.4961 max_ulp=1942947073
CHECKPOINT row=3 layer=30 checkpoint=CP3-F object=layer_attn_state_score result=MISMATCH element_count=8192 first_mismatch_index=0 actual_bits=0x3f4049f8 expected_bits=0x3f3fe71c mismatch_count=8192 max_abs=0.024087 max_rel=0.811413 max_ulp=19878912
CHECKPOINT row=3 layer=30 checkpoint=CP3-F object=layer_n_comp result=EXACT element_count=1 mismatch_count=0
CHECKPOINT row=3 layer=30 checkpoint=CP3-F object=attn_emitted_row_count result=EXACT element_count=1 mismatch_count=0
CHECKPOINT row=3 layer=30 checkpoint=CP3-F object=layer_attn_comp_cache result=MISMATCH element_count=512 first_mismatch_index=9 actual_bits=0x1d80 expected_bits=0x1e80 mismatch_count=74 max_abs=0.125 max_rel=0.5 max_ulp=8388608
CHECKPOINT row=3 layer=30 checkpoint=CP3-F object=layer_index_state_kv result=MISMATCH element_count=2048 first_mismatch_index=0 actual_bits=0x3bac9784 expected_bits=0x3bb260e0 mismatch_count=2048 max_abs=0.00457585 max_rel=1.37201 max_ulp=1943764097
CHECKPOINT row=3 layer=30 checkpoint=CP3-F object=layer_index_state_score result=MISMATCH element_count=2048 first_mismatch_index=0 actual_bits=0x3eed10e6 expected_bits=0x3eebd89c mismatch_count=2048 max_abs=0.0241442 max_rel=1.03542 max_ulp=1935699969
CHECKPOINT row=3 layer=30 checkpoint=CP3-F object=layer_n_index_comp result=EXACT element_count=1 mismatch_count=0
CHECKPOINT row=3 layer=30 checkpoint=CP3-F object=index_emitted_row_count result=EXACT element_count=1 mismatch_count=0
CHECKPOINT row=3 layer=30 checkpoint=CP3-F object=layer_index_comp_cache result=MISMATCH element_count=128 first_mismatch_index=81 actual_bits=0x3e800000 expected_bits=0x00000000 mismatch_count=1 max_abs=0.25 max_rel=1 max_ulp=1048576000
CHECKPOINT row=3 layer=30 checkpoint=CP4 object=post_attention_hidden_state result=MISMATCH element_count=16384 first_mismatch_index=0 actual_bits=0x3fa5f719 expected_bits=0x3fa52c72 mismatch_count=16384 max_abs=0.11123 max_rel=1.89927 max_ulp=2040707632
CHECKPOINT row=3 layer=30 checkpoint=CP5 object=final_layer_hidden_state result=MISMATCH element_count=16384 first_mismatch_index=0 actual_bits=0x3fa236f3 expected_bits=0x3f9fa50c mismatch_count=16384 max_abs=0.167038 max_rel=1.98792 max_ulp=2057109665
CHECKPOINT row=3 layer=31 checkpoint=CP1 object=normalized_attention_input result=MISMATCH element_count=4096 first_mismatch_index=0 actual_bits=0x3bf0e0f7 expected_bits=0x3be57572 mismatch_count=4096 max_abs=0.00341964 max_rel=1.83856 max_ulp=1963619880
CHECKPOINT row=3 layer=31 checkpoint=CP2-Q object=q_projection result=MISMATCH element_count=1024 first_mismatch_index=0 actual_bits=0xbd541984 expected_bits=0xbd591a80 mismatch_count=1024 max_abs=0.00721296 max_rel=1.99439 max_ulp=1971723921
CHECKPOINT row=3 layer=31 checkpoint=CP2-KV-P object=kv_projection result=MISMATCH element_count=512 first_mismatch_index=0 actual_bits=0x3c07b321 expected_bits=0x3c21b193 mismatch_count=512 max_abs=0.00438447 max_rel=1.68781 max_ulp=1976001617
CHECKPOINT row=3 layer=31 checkpoint=CP2-KV-R object=raw_kv_row result=MISMATCH element_count=512 first_mismatch_index=0 actual_bits=0x3dd00000 expected_bits=0x3df00000 mismatch_count=220 max_abs=0.25 max_rel=1.64286 max_ulp=2035286017
CHECKPOINT row=3 layer=31 checkpoint=CP3-F object=layer_attn_state_kv result=MISMATCH element_count=65536 first_mismatch_index=8192 actual_bits=0x3c0d595d expected_bits=0x3c0fee84 mismatch_count=2048 max_abs=0.00413905 max_rel=1.22818 max_ulp=1953610049
CHECKPOINT row=3 layer=31 checkpoint=CP3-F object=layer_attn_state_score result=MISMATCH element_count=65536 first_mismatch_index=8192 actual_bits=0xbd92dc6a expected_bits=0xbd9281ba mismatch_count=2048 max_abs=0.0176708 max_rel=1.05781 max_ulp=1941583569
CHECKPOINT row=3 layer=31 checkpoint=CP3-F object=layer_n_comp result=EXACT element_count=1 mismatch_count=0
CHECKPOINT row=3 layer=31 checkpoint=CP3-F object=attn_emitted_row_count result=EXACT element_count=1 mismatch_count=0
CHECKPOINT row=3 layer=31 checkpoint=CP4 object=post_attention_hidden_state result=MISMATCH element_count=16384 first_mismatch_index=0 actual_bits=0x3f88d7bc expected_bits=0x3f84fd6a mismatch_count=16384 max_abs=0.166449 max_rel=1.9669 max_ulp=2060707440
CHECKPOINT row=3 layer=31 checkpoint=CP5 object=final_layer_hidden_state result=MISMATCH element_count=16384 first_mismatch_index=0 actual_bits=0x3fad5655 expected_bits=0x3fa91abe mismatch_count=16384 max_abs=0.180788 max_rel=1.97112 max_ulp=2064723492
CHECKPOINT row=3 layer=32 checkpoint=CP1 object=normalized_attention_input result=MISMATCH element_count=4096 first_mismatch_index=0 actual_bits=0x3c8eda80 expected_bits=0x3c87be4d mismatch_count=4096 max_abs=0.054568 max_rel=1.86223 max_ulp=1976506292
CHECKPOINT row=3 layer=32 checkpoint=CP2-Q object=q_projection result=MISMATCH element_count=1024 first_mismatch_index=0 actual_bits=0x3de9afc5 expected_bits=0x3de476e0 mismatch_count=1024 max_abs=0.00812505 max_rel=1.63753 max_ulp=1979494657
CHECKPOINT row=3 layer=32 checkpoint=CP2-KV-P object=kv_projection result=MISMATCH element_count=512 first_mismatch_index=0 actual_bits=0x3dd3319c expected_bits=0x3dd32ee8 mismatch_count=512 max_abs=0.00647173 max_rel=1.71831 max_ulp=1981981713
CHECKPOINT row=3 layer=32 checkpoint=CP2-KV-R object=raw_kv_row result=MISMATCH element_count=512 first_mismatch_index=1 actual_bits=0xbe600000 expected_bits=0xbe400000 mismatch_count=230 max_abs=0.125 max_rel=1.73333 max_ulp=2030043137
CHECKPOINT row=3 layer=32 checkpoint=CP3-F object=layer_attn_state_kv result=MISMATCH element_count=8192 first_mismatch_index=0 actual_bits=0xbcc9c99a expected_bits=0xbccdaaea mismatch_count=8192 max_abs=0.00650157 max_rel=1.98162 max_ulp=1972042001
CHECKPOINT row=3 layer=32 checkpoint=CP3-F object=layer_attn_state_score result=MISMATCH element_count=8192 first_mismatch_index=0 actual_bits=0xbfdb9de0 expected_bits=0xbfdd2a83 mismatch_count=8192 max_abs=0.0477066 max_rel=1.98779 max_ulp=2035490657
CHECKPOINT row=3 layer=32 checkpoint=CP3-F object=layer_n_comp result=EXACT element_count=1 mismatch_count=0
CHECKPOINT row=3 layer=32 checkpoint=CP3-F object=attn_emitted_row_count result=EXACT element_count=1 mismatch_count=0
CHECKPOINT row=3 layer=32 checkpoint=CP3-F object=layer_attn_comp_cache result=MISMATCH element_count=512 first_mismatch_index=20 actual_bits=0x3300 expected_bits=0x3380 mismatch_count=49 max_abs=0.125 max_rel=0.166667 max_ulp=2097152
CHECKPOINT row=3 layer=32 checkpoint=CP3-F object=layer_index_state_kv result=MISMATCH element_count=2048 first_mismatch_index=0 actual_bits=0x3e114971 expected_bits=0x3e1129ba mismatch_count=2048 max_abs=0.00914134 max_rel=1.18341 max_ulp=1939871633
CHECKPOINT row=3 layer=32 checkpoint=CP3-F object=layer_index_state_score result=MISMATCH element_count=2048 first_mismatch_index=0 actual_bits=0xbfebd91a expected_bits=0xbfed51b2 mismatch_count=2048 max_abs=0.0540001 max_rel=1.78743 max_ulp=2033786405
CHECKPOINT row=3 layer=32 checkpoint=CP3-F object=layer_n_index_comp result=EXACT element_count=1 mismatch_count=0
CHECKPOINT row=3 layer=32 checkpoint=CP3-F object=index_emitted_row_count result=EXACT element_count=1 mismatch_count=0
CHECKPOINT row=3 layer=32 checkpoint=CP3-F object=layer_index_comp_cache result=EXACT element_count=128 mismatch_count=0
CHECKPOINT row=3 layer=32 checkpoint=CP4 object=post_attention_hidden_state result=MISMATCH element_count=16384 first_mismatch_index=0 actual_bits=0x3fb071f3 expected_bits=0x3fac6318 mismatch_count=16384 max_abs=0.175298 max_rel=1.99162 max_ulp=2062873014
CHECKPOINT row=3 layer=32 checkpoint=CP5 object=final_layer_hidden_state result=MISMATCH element_count=16384 first_mismatch_index=0 actual_bits=0x3f9496cf expected_bits=0x3f92019c mismatch_count=16384 max_abs=0.196851 max_rel=1.97584 max_ulp=2073077423
CHECKPOINT row=3 layer=33 checkpoint=CP1 object=normalized_attention_input result=MISMATCH element_count=4096 first_mismatch_index=0 actual_bits=0xba9678d6 expected_bits=0xbab2aafe mismatch_count=4096 max_abs=0.00363246 max_rel=1.98855 max_ulp=1963552778
CHECKPOINT row=3 layer=33 checkpoint=CP2-Q object=q_projection result=MISMATCH element_count=1024 first_mismatch_index=0 actual_bits=0xbd8fa748 expected_bits=0xbd8f24ee mismatch_count=1024 max_abs=0.00410941 max_rel=1.89312 max_ulp=1964339665
CHECKPOINT row=3 layer=33 checkpoint=CP2-KV-P object=kv_projection result=MISMATCH element_count=512 first_mismatch_index=0 actual_bits=0x3d25a274 expected_bits=0x3d1eb3d6 mismatch_count=512 max_abs=0.00414916 max_rel=1.96465 max_ulp=1955648129
CHECKPOINT row=3 layer=33 checkpoint=CP2-KV-R object=raw_kv_row result=MISMATCH element_count=512 first_mismatch_index=0 actual_bits=0x3ee00000 expected_bits=0x3ed00000 mismatch_count=204 max_abs=0.125 max_rel=2 max_ulp=2013265921
CHECKPOINT row=3 layer=33 checkpoint=CP3-F object=layer_attn_state_kv result=MISMATCH element_count=65536 first_mismatch_index=8192 actual_bits=0x3d1c647d expected_bits=0x3d1c2876 mismatch_count=2048 max_abs=0.00611223 max_rel=1.895 max_ulp=1971918977
CHECKPOINT row=3 layer=33 checkpoint=CP3-F object=layer_attn_state_score result=MISMATCH element_count=65536 first_mismatch_index=8192 actual_bits=0xbda6535c expected_bits=0xbda66587 mismatch_count=2048 max_abs=0.00824505 max_rel=1.77451 max_ulp=1983904961
CHECKPOINT row=3 layer=33 checkpoint=CP3-F object=layer_n_comp result=EXACT element_count=1 mismatch_count=0
CHECKPOINT row=3 layer=33 checkpoint=CP3-F object=attn_emitted_row_count result=EXACT element_count=1 mismatch_count=0
CHECKPOINT row=3 layer=33 checkpoint=CP4 object=post_attention_hidden_state result=MISMATCH element_count=16384 first_mismatch_index=0 actual_bits=0x3f943012 expected_bits=0x3f91a0dd mismatch_count=16384 max_abs=0.640423 max_rel=1.96404 max_ulp=2096410055
CHECKPOINT row=3 layer=33 checkpoint=CP5 object=final_layer_hidden_state result=MISMATCH element_count=16384 first_mismatch_index=0 actual_bits=0x3ffc9010 expected_bits=0x3ff8893d mismatch_count=16384 max_abs=0.629888 max_rel=1.96045 max_ulp=2101510327
CHECKPOINT row=3 layer=34 checkpoint=CP1 object=normalized_attention_input result=MISMATCH element_count=4096 first_mismatch_index=0 actual_bits=0x3d065190 expected_bits=0x3d05206d mismatch_count=4096 max_abs=0.150023 max_rel=1.97814 max_ulp=1977384399
CHECKPOINT row=3 layer=34 checkpoint=CP2-Q object=q_projection result=MISMATCH element_count=1024 first_mismatch_index=0 actual_bits=0x3e9186ed expected_bits=0x3e927381 mismatch_count=1024 max_abs=0.00841546 max_rel=1.5937 max_ulp=1973469025
CHECKPOINT row=3 layer=34 checkpoint=CP2-KV-P object=kv_projection result=MISMATCH element_count=512 first_mismatch_index=0 actual_bits=0x3e9dae6a expected_bits=0x3e9dd976 mismatch_count=512 max_abs=0.00838915 max_rel=1.26334 max_ulp=1991786377
CHECKPOINT row=3 layer=34 checkpoint=CP2-KV-R object=raw_kv_row result=MISMATCH element_count=512 first_mismatch_index=2 actual_bits=0x3e600000 expected_bits=0x3e700000 mismatch_count=235 max_abs=0.25 max_rel=1.27083 max_ulp=2038431745
CHECKPOINT row=3 layer=34 checkpoint=CP3-F object=layer_attn_state_kv result=MISMATCH element_count=8192 first_mismatch_index=0 actual_bits=0x3e017a4b expected_bits=0x3e00d8be mismatch_count=8192 max_abs=0.0102598 max_rel=1.83666 max_ulp=1977246025
CHECKPOINT row=3 layer=34 checkpoint=CP3-F object=layer_attn_state_score result=MISMATCH element_count=8192 first_mismatch_index=0 actual_bits=0x4025c229 expected_bits=0x4023161c mismatch_count=8192 max_abs=0.187305 max_rel=1.9976 max_ulp=2061147413
CHECKPOINT row=3 layer=34 checkpoint=CP3-F object=layer_n_comp result=EXACT element_count=1 mismatch_count=0
CHECKPOINT row=3 layer=34 checkpoint=CP3-F object=attn_emitted_row_count result=EXACT element_count=1 mismatch_count=0
CHECKPOINT row=3 layer=34 checkpoint=CP3-F object=layer_attn_comp_cache result=MISMATCH element_count=512 first_mismatch_index=6 actual_bits=0xaf00 expected_bits=0xae80 mismatch_count=96 max_abs=0.0625 max_rel=0.53125 max_ulp=9437184
CHECKPOINT row=3 layer=34 checkpoint=CP3-F object=layer_index_state_kv result=MISMATCH element_count=2048 first_mismatch_index=0 actual_bits=0x3e6dd3ae expected_bits=0x3e6d339a mismatch_count=2048 max_abs=0.00845708 max_rel=1.83469 max_ulp=1977450401
CHECKPOINT row=3 layer=34 checkpoint=CP3-F object=layer_index_state_score result=MISMATCH element_count=2048 first_mismatch_index=0 actual_bits=0x401b3263 expected_bits=0x40189e2b mismatch_count=2048 max_abs=0.190002 max_rel=1.93748 max_ulp=2061389173
CHECKPOINT row=3 layer=34 checkpoint=CP3-F object=layer_n_index_comp result=EXACT element_count=1 mismatch_count=0
CHECKPOINT row=3 layer=34 checkpoint=CP3-F object=index_emitted_row_count result=EXACT element_count=1 mismatch_count=0
CHECKPOINT row=3 layer=34 checkpoint=CP3-F object=layer_index_comp_cache result=EXACT element_count=128 mismatch_count=0
CHECKPOINT row=3 layer=34 checkpoint=CP4 object=post_attention_hidden_state result=MISMATCH element_count=16384 first_mismatch_index=0 actual_bits=0x4016a143 expected_bits=0x401419a7 mismatch_count=16384 max_abs=0.623223 max_rel=1.8864 max_ulp=2100138655
CHECKPOINT row=3 layer=34 checkpoint=CP5 object=final_layer_hidden_state result=MISMATCH element_count=16384 first_mismatch_index=0 actual_bits=0x40149428 expected_bits=0x40127d89 mismatch_count=16384 max_abs=0.606211 max_rel=1.98399 max_ulp=2067165231
CHECKPOINT row=3 layer=35 checkpoint=CP1 object=normalized_attention_input result=MISMATCH element_count=4096 first_mismatch_index=0 actual_bits=0x3d199a6a expected_bits=0x3d190d4a mismatch_count=4096 max_abs=0.0047198 max_rel=1.99616 max_ulp=1971536973
CHECKPOINT row=3 layer=35 checkpoint=CP2-Q object=q_projection result=MISMATCH element_count=1024 first_mismatch_index=0 actual_bits=0x3e20bc8c expected_bits=0x3e1c694c mismatch_count=1024 max_abs=0.00769343 max_rel=1.918 max_ulp=1973302177
CHECKPOINT row=3 layer=35 checkpoint=CP2-KV-P object=kv_projection result=MISMATCH element_count=512 first_mismatch_index=0 actual_bits=0x3be05c84 expected_bits=0x3c099898 mismatch_count=512 max_abs=0.0079252 max_rel=1.90448 max_ulp=1989938369
CHECKPOINT row=3 layer=35 checkpoint=CP2-KV-R object=raw_kv_row result=MISMATCH element_count=512 first_mismatch_index=0 actual_bits=0x3d900000 expected_bits=0x3db00000 mismatch_count=244 max_abs=0.25 max_rel=1.92308 max_ulp=2046820353
CHECKPOINT row=3 layer=35 checkpoint=CP3-F object=layer_attn_state_kv result=MISMATCH element_count=65536 first_mismatch_index=8192 actual_bits=0xbce61781 expected_bits=0xbce72835 mismatch_count=2048 max_abs=0.0121346 max_rel=1.82805 max_ulp=1989436449
CHECKPOINT row=3 layer=35 checkpoint=CP3-F object=layer_attn_state_score result=MISMATCH element_count=65536 first_mismatch_index=8192 actual_bits=0xbe6dd74a expected_bits=0xbe6de46c mismatch_count=2048 max_abs=0.0175104 max_rel=1.99626 max_ulp=1987160641
CHECKPOINT row=3 layer=35 checkpoint=CP3-F object=layer_n_comp result=EXACT element_count=1 mismatch_count=0
CHECKPOINT row=3 layer=35 checkpoint=CP3-F object=attn_emitted_row_count result=EXACT element_count=1 mismatch_count=0
CHECKPOINT row=3 layer=35 checkpoint=CP4 object=post_attention_hidden_state result=MISMATCH element_count=16384 first_mismatch_index=0 actual_bits=0x40136040 expected_bits=0x4011965d mismatch_count=16384 max_abs=0.580986 max_rel=1.98904 max_ulp=2064567143
CHECKPOINT row=3 layer=35 checkpoint=CP5 object=final_layer_hidden_state result=MISMATCH element_count=16384 first_mismatch_index=0 actual_bits=0x40113589 expected_bits=0x400f4608 mismatch_count=16384 max_abs=0.548936 max_rel=1.9863 max_ulp=2066605802
CHECKPOINT row=3 layer=36 checkpoint=CP1 object=normalized_attention_input result=MISMATCH element_count=4096 first_mismatch_index=0 actual_bits=0xbc8dde67 expected_bits=0xbc8d0e20 mismatch_count=4096 max_abs=0.0147538 max_rel=1.95189 max_ulp=1955765923
CHECKPOINT row=3 layer=36 checkpoint=CP2-Q object=q_projection result=MISMATCH element_count=1024 first_mismatch_index=0 actual_bits=0xbdb55d74 expected_bits=0xbdb3442c mismatch_count=1024 max_abs=0.00513381 max_rel=1.51762 max_ulp=1970515617
CHECKPOINT row=3 layer=36 checkpoint=CP2-KV-P object=kv_projection result=MISMATCH element_count=512 first_mismatch_index=0 actual_bits=0x3c41aaac expected_bits=0x3c43fdf5 mismatch_count=512 max_abs=0.00533952 max_rel=1.17161 max_ulp=1954924065
CHECKPOINT row=3 layer=36 checkpoint=CP2-KV-R object=raw_kv_row result=MISMATCH element_count=512 first_mismatch_index=1 actual_bits=0xbf900000 expected_bits=0xbf800000 mismatch_count=205 max_abs=0.25 max_rel=1.16667 max_ulp=2000683009
CHECKPOINT row=3 layer=36 checkpoint=CP3-F object=layer_attn_state_kv result=MISMATCH element_count=8192 first_mismatch_index=0 actual_bits=0x3ce70930 expected_bits=0x3ce19d62 mismatch_count=8192 max_abs=0.00568006 max_rel=1.8592 max_ulp=1977451393
CHECKPOINT row=3 layer=36 checkpoint=CP3-F object=layer_attn_state_score result=MISMATCH element_count=8192 first_mismatch_index=0 actual_bits=0x3e42a561 expected_bits=0x3e47359a mismatch_count=8192 max_abs=0.0203952 max_rel=1.92648 max_ulp=1995821313
CHECKPOINT row=3 layer=36 checkpoint=CP3-F object=layer_n_comp result=EXACT element_count=1 mismatch_count=0
CHECKPOINT row=3 layer=36 checkpoint=CP3-F object=attn_emitted_row_count result=EXACT element_count=1 mismatch_count=0
CHECKPOINT row=3 layer=36 checkpoint=CP3-F object=layer_attn_comp_cache result=MISMATCH element_count=512 first_mismatch_index=2 actual_bits=0xa500 expected_bits=0xa700 mismatch_count=134 max_abs=0.0625 max_rel=1.8125 max_ulp=1993342977
CHECKPOINT row=3 layer=36 checkpoint=CP3-F object=layer_index_state_kv result=MISMATCH element_count=2048 first_mismatch_index=0 actual_bits=0xbc8ac258 expected_bits=0xbc8d2a02 mismatch_count=2048 max_abs=0.00397985 max_rel=1.94789 max_ulp=1924593409
CHECKPOINT row=3 layer=36 checkpoint=CP3-F object=layer_index_state_score result=MISMATCH element_count=2048 first_mismatch_index=0 actual_bits=0xbe065d96 expected_bits=0xbe020a3b mismatch_count=2048 max_abs=0.0212659 max_rel=1.20199 max_ulp=1993778849
CHECKPOINT row=3 layer=36 checkpoint=CP3-F object=layer_n_index_comp result=EXACT element_count=1 mismatch_count=0
CHECKPOINT row=3 layer=36 checkpoint=CP3-F object=index_emitted_row_count result=EXACT element_count=1 mismatch_count=0
CHECKPOINT row=3 layer=36 checkpoint=CP3-F object=layer_index_comp_cache result=MISMATCH element_count=128 first_mismatch_index=61 actual_bits=0x3ec00000 expected_bits=0x3f000000 mismatch_count=3 max_abs=0.25 max_rel=0.5 max_ulp=8388608
CHECKPOINT row=3 layer=36 checkpoint=CP4 object=post_attention_hidden_state result=MISMATCH element_count=16384 first_mismatch_index=0 actual_bits=0x402a236b expected_bits=0x40287e91 mismatch_count=16384 max_abs=0.337038 max_rel=1.9661 max_ulp=2076169769
CHECKPOINT row=3 layer=36 checkpoint=CP5 object=final_layer_hidden_state result=MISMATCH element_count=16384 first_mismatch_index=0 actual_bits=0x3faf8504 expected_bits=0x3faaf12e mismatch_count=16384 max_abs=0.333817 max_rel=1.99225 max_ulp=2075920578
CHECKPOINT row=3 layer=37 checkpoint=CP1 object=normalized_attention_input result=MISMATCH element_count=4096 first_mismatch_index=0 actual_bits=0x3d76dccc expected_bits=0x3d747c6d mismatch_count=4096 max_abs=0.00582578 max_rel=1.95222 max_ulp=1984163379
CHECKPOINT row=3 layer=37 checkpoint=CP2-Q object=q_projection result=MISMATCH element_count=1024 first_mismatch_index=0 actual_bits=0x3e8a3244 expected_bits=0x3e89709f mismatch_count=1024 max_abs=0.00912688 max_rel=1.81146 max_ulp=1963428417
CHECKPOINT row=3 layer=37 checkpoint=CP2-KV-P object=kv_projection result=MISMATCH element_count=512 first_mismatch_index=0 actual_bits=0xbe5280da expected_bits=0xbe4e32ca mismatch_count=512 max_abs=0.0110263 max_rel=1.18999 max_ulp=1978107009
CHECKPOINT row=3 layer=37 checkpoint=CP2-KV-R object=raw_kv_row result=MISMATCH element_count=512 first_mismatch_index=1 actual_bits=0xbe000000 expected_bits=0xbe200000 mismatch_count=252 max_abs=0.125 max_rel=1.2 max_ulp=2015363073
CHECKPOINT row=3 layer=37 checkpoint=CP3-F object=layer_attn_state_kv result=MISMATCH element_count=65536 first_mismatch_index=8192 actual_bits=0xbbcf7a50 expected_bits=0xbbd25e3e mismatch_count=2048 max_abs=0.00645161 max_rel=1.85931 max_ulp=1955969025
CHECKPOINT row=3 layer=37 checkpoint=CP3-F object=layer_attn_state_score result=MISMATCH element_count=65536 first_mismatch_index=8192 actual_bits=0xbe613e20 expected_bits=0xbe605df8 mismatch_count=2048 max_abs=0.0258023 max_rel=0.884107 max_ulp=26106432
CHECKPOINT row=3 layer=37 checkpoint=CP3-F object=layer_n_comp result=EXACT element_count=1 mismatch_count=0
CHECKPOINT row=3 layer=37 checkpoint=CP3-F object=attn_emitted_row_count result=EXACT element_count=1 mismatch_count=0
CHECKPOINT row=3 layer=37 checkpoint=CP4 object=post_attention_hidden_state result=MISMATCH element_count=16384 first_mismatch_index=0 actual_bits=0x3fae28a7 expected_bits=0x3fa8e6c0 mismatch_count=16384 max_abs=0.333146 max_rel=1.99931 max_ulp=2074494936
CHECKPOINT row=3 layer=37 checkpoint=CP5 object=final_layer_hidden_state result=MISMATCH element_count=16384 first_mismatch_index=0 actual_bits=0x3f5e968d expected_bits=0x3f4c96f9 mismatch_count=16384 max_abs=0.332792 max_rel=1.98254 max_ulp=2078560631
CHECKPOINT row=3 layer=38 checkpoint=CP1 object=normalized_attention_input result=MISMATCH element_count=4096 first_mismatch_index=0 actual_bits=0x3d1d18b3 expected_bits=0x3d13ee94 mismatch_count=4096 max_abs=0.00693222 max_rel=1.99951 max_ulp=1984282828
CHECKPOINT row=3 layer=38 checkpoint=CP2-Q object=q_projection result=MISMATCH element_count=1024 first_mismatch_index=0 actual_bits=0xbe1d5ff2 expected_bits=0xbe1dadc9 mismatch_count=1024 max_abs=0.0113195 max_rel=1.98337 max_ulp=1971887873
CHECKPOINT row=3 layer=38 checkpoint=CP2-KV-P object=kv_projection result=MISMATCH element_count=512 first_mismatch_index=0 actual_bits=0xbe1d60ad expected_bits=0xbe2275f7 mismatch_count=512 max_abs=0.0145352 max_rel=1.36477 max_ulp=1970282625
CHECKPOINT row=3 layer=38 checkpoint=CP2-KV-R object=raw_kv_row result=MISMATCH element_count=512 first_mismatch_index=3 actual_bits=0xbd700000 expected_bits=0xbd500000 mismatch_count=230 max_abs=0.125 max_rel=1.36667 max_ulp=2004877313
CHECKPOINT row=3 layer=38 checkpoint=CP3-F object=layer_attn_state_kv result=MISMATCH element_count=8192 first_mismatch_index=0 actual_bits=0xbd965618 expected_bits=0xbd991790 mismatch_count=8192 max_abs=0.0183758 max_rel=1.92371 max_ulp=1993593297
CHECKPOINT row=3 layer=38 checkpoint=CP3-F object=layer_attn_state_score result=MISMATCH element_count=8192 first_mismatch_index=0 actual_bits=0xc02f7be1 expected_bits=0xc0302421 mismatch_count=8192 max_abs=0.0271933 max_rel=1.53281 max_ulp=2001043233
CHECKPOINT row=3 layer=38 checkpoint=CP3-F object=layer_n_comp result=EXACT element_count=1 mismatch_count=0
CHECKPOINT row=3 layer=38 checkpoint=CP3-F object=attn_emitted_row_count result=EXACT element_count=1 mismatch_count=0
CHECKPOINT row=3 layer=38 checkpoint=CP3-F object=layer_attn_comp_cache result=MISMATCH element_count=512 first_mismatch_index=13 actual_bits=0x3700 expected_bits=0x3680 mismatch_count=112 max_abs=0.25 max_rel=1 max_ulp=993001473
CHECKPOINT row=3 layer=38 checkpoint=CP3-F object=layer_index_state_kv result=MISMATCH element_count=2048 first_mismatch_index=0 actual_bits=0x3dba1324 expected_bits=0x3dbb3282 mismatch_count=2048 max_abs=0.0221499 max_rel=1.55634 max_ulp=1947739905
CHECKPOINT row=3 layer=38 checkpoint=CP3-F object=layer_index_state_score result=MISMATCH element_count=2048 first_mismatch_index=0 actual_bits=0xc02f2552 expected_bits=0xc02fb062 mismatch_count=2048 max_abs=0.0265868 max_rel=0.373894 max_ulp=5652048
CHECKPOINT row=3 layer=38 checkpoint=CP3-F object=layer_n_index_comp result=EXACT element_count=1 mismatch_count=0
CHECKPOINT row=3 layer=38 checkpoint=CP3-F object=index_emitted_row_count result=EXACT element_count=1 mismatch_count=0
CHECKPOINT row=3 layer=38 checkpoint=CP3-F object=layer_index_comp_cache result=MISMATCH element_count=128 first_mismatch_index=5 actual_bits=0x80000000 expected_bits=0x00000000 mismatch_count=2 max_abs=0.25 max_rel=0.333333 max_ulp=4194304
CHECKPOINT row=3 layer=38 checkpoint=CP4 object=post_attention_hidden_state result=MISMATCH element_count=16384 first_mismatch_index=0 actual_bits=0xba8b658d expected_bits=0xbd732efc mismatch_count=16384 max_abs=0.38215 max_rel=1.97943 max_ulp=2077517002
CHECKPOINT row=3 layer=38 checkpoint=CP5 object=final_layer_hidden_state result=MISMATCH element_count=16384 first_mismatch_index=0 actual_bits=0x3f26c5b7 expected_bits=0x3f18bcd9 mismatch_count=16384 max_abs=0.378703 max_rel=1.99035 max_ulp=2085036934
CHECKPOINT row=3 layer=39 checkpoint=CP1 object=normalized_attention_input result=MISMATCH element_count=4096 first_mismatch_index=0 actual_bits=0x3cce4f11 expected_bits=0x3cc16ce5 mismatch_count=4096 max_abs=0.00529568 max_rel=1.96905 max_ulp=1971038788
CHECKPOINT row=3 layer=39 checkpoint=CP2-Q object=q_projection result=MISMATCH element_count=1024 first_mismatch_index=0 actual_bits=0x3e5b886c expected_bits=0x3e5ccc59 mismatch_count=1024 max_abs=0.00737196 max_rel=1.9573 max_ulp=1981726345
CHECKPOINT row=3 layer=39 checkpoint=CP2-KV-P object=kv_projection result=MISMATCH element_count=512 first_mismatch_index=0 actual_bits=0x3e15876a expected_bits=0x3e0ff032 mismatch_count=512 max_abs=0.0116008 max_rel=1.73345 max_ulp=2004624081
CHECKPOINT row=3 layer=39 checkpoint=CP2-KV-R object=raw_kv_row result=MISMATCH element_count=512 first_mismatch_index=3 actual_bits=0x3f400000 expected_bits=0x3f300000 mismatch_count=231 max_abs=0.125 max_rel=1.7 max_ulp=2046820353
CHECKPOINT row=3 layer=39 checkpoint=CP3-F object=layer_attn_state_kv result=MISMATCH element_count=65536 first_mismatch_index=8192 actual_bits=0x3ca620cc expected_bits=0x3ca53e4c mismatch_count=2048 max_abs=0.00987747 max_rel=1.54874 max_ulp=1968745793
CHECKPOINT row=3 layer=39 checkpoint=CP3-F object=layer_attn_state_score result=MISMATCH element_count=65536 first_mismatch_index=8192 actual_bits=0x3e52cfdc expected_bits=0x3e52acf1 mismatch_count=2048 max_abs=0.0228065 max_rel=1.58274 max_ulp=1988251129
CHECKPOINT row=3 layer=39 checkpoint=CP3-F object=layer_n_comp result=EXACT element_count=1 mismatch_count=0
CHECKPOINT row=3 layer=39 checkpoint=CP3-F object=attn_emitted_row_count result=EXACT element_count=1 mismatch_count=0
CHECKPOINT row=3 layer=39 checkpoint=CP4 object=post_attention_hidden_state result=MISMATCH element_count=16384 first_mismatch_index=0 actual_bits=0x3f7547d0 expected_bits=0x3f699d3e mismatch_count=16384 max_abs=0.3711 max_rel=1.99074 max_ulp=2071467436
CHECKPOINT row=3 layer=39 checkpoint=CP5 object=final_layer_hidden_state result=MISMATCH element_count=16384 first_mismatch_index=0 actual_bits=0x3f8c4995 expected_bits=0x3f863101 mismatch_count=16384 max_abs=0.396927 max_rel=1.99712 max_ulp=2081498518
CHECKPOINT row=3 layer=40 checkpoint=CP1 object=normalized_attention_input result=MISMATCH element_count=4096 first_mismatch_index=0 actual_bits=0x3d015729 expected_bits=0x3cf90019 mismatch_count=4096 max_abs=0.0432558 max_rel=1.98554 max_ulp=1971734430
CHECKPOINT row=3 layer=40 checkpoint=CP2-Q object=q_projection result=MISMATCH element_count=1024 first_mismatch_index=0 actual_bits=0xbef3a58b expected_bits=0xbef5e4b2 mismatch_count=1024 max_abs=0.0068024 max_rel=1.39015 max_ulp=1962615617
CHECKPOINT row=3 layer=40 checkpoint=CP2-KV-P object=kv_projection result=MISMATCH element_count=512 first_mismatch_index=0 actual_bits=0xbd8e5270 expected_bits=0xbd8fe508 mismatch_count=512 max_abs=0.00856814 max_rel=1.98421 max_ulp=1985578956
CHECKPOINT row=3 layer=40 checkpoint=CP2-KV-R object=raw_kv_row result=MISMATCH element_count=512 first_mismatch_index=1 actual_bits=0x3ed00000 expected_bits=0x3ec00000 mismatch_count=203 max_abs=0.25 max_rel=2 max_ulp=2032140289
CHECKPOINT row=3 layer=40 checkpoint=CP3-F object=layer_attn_state_kv result=MISMATCH element_count=8192 first_mismatch_index=0 actual_bits=0xbdfa57e3 expected_bits=0xbdf8b5fb mismatch_count=8192 max_abs=0.00967187 max_rel=1.74471 max_ulp=1976969201
CHECKPOINT row=3 layer=40 checkpoint=CP3-F object=layer_attn_state_score result=MISMATCH element_count=8192 first_mismatch_index=0 actual_bits=0x3f0fe211 expected_bits=0x3f0d8400 mismatch_count=8192 max_abs=0.0586443 max_rel=1.15438 max_ulp=1985762913
CHECKPOINT row=3 layer=40 checkpoint=CP3-F object=layer_n_comp result=EXACT element_count=1 mismatch_count=0
CHECKPOINT row=3 layer=40 checkpoint=CP3-F object=attn_emitted_row_count result=EXACT element_count=1 mismatch_count=0
CHECKPOINT row=3 layer=40 checkpoint=CP3-F object=layer_attn_comp_cache result=MISMATCH element_count=512 first_mismatch_index=27 actual_bits=0x3700 expected_bits=0x3680 mismatch_count=96 max_abs=0.0625 max_rel=0.333333 max_ulp=4194304
CHECKPOINT row=3 layer=40 checkpoint=CP3-F object=layer_index_state_kv result=MISMATCH element_count=2048 first_mismatch_index=0 actual_bits=0x3e6333f3 expected_bits=0x3e63d51e mismatch_count=2048 max_abs=0.0109822 max_rel=0.695426 max_ulp=14534336
CHECKPOINT row=3 layer=40 checkpoint=CP3-F object=layer_index_state_score result=MISMATCH element_count=2048 first_mismatch_index=0 actual_bits=0x3f4b9258 expected_bits=0x3f495b50 mismatch_count=2048 max_abs=0.0602322 max_rel=0.55392 max_ulp=9541248
CHECKPOINT row=3 layer=40 checkpoint=CP3-F object=layer_n_index_comp result=EXACT element_count=1 mismatch_count=0
CHECKPOINT row=3 layer=40 checkpoint=CP3-F object=index_emitted_row_count result=EXACT element_count=1 mismatch_count=0
CHECKPOINT row=3 layer=40 checkpoint=CP3-F object=layer_index_comp_cache result=EXACT element_count=128 mismatch_count=0
CHECKPOINT row=3 layer=40 checkpoint=CP4 object=post_attention_hidden_state result=MISMATCH element_count=16384 first_mismatch_index=0 actual_bits=0x3f8d2212 expected_bits=0x3f89aba9 mismatch_count=16384 max_abs=0.394019 max_rel=1.99878 max_ulp=2081205716
CHECKPOINT row=3 layer=40 checkpoint=CP5 object=final_layer_hidden_state result=MISMATCH element_count=16384 first_mismatch_index=0 actual_bits=0x40a87684 expected_bits=0x40a77094 mismatch_count=16383 max_abs=0.400881 max_rel=1.98915 max_ulp=2080317433
CHECKPOINT row=3 layer=41 checkpoint=CP1 object=normalized_attention_input result=MISMATCH element_count=4096 first_mismatch_index=0 actual_bits=0x3d86a5f5 expected_bits=0x3d85cb4c mismatch_count=4096 max_abs=0.00374864 max_rel=1.93449 max_ulp=1955095709
CHECKPOINT row=3 layer=41 checkpoint=CP2-Q object=q_projection result=MISMATCH element_count=1024 first_mismatch_index=0 actual_bits=0xbeb6e439 expected_bits=0xbeb79a3e mismatch_count=1024 max_abs=0.00494419 max_rel=1.93815 max_ulp=1982077961
CHECKPOINT row=3 layer=41 checkpoint=CP2-KV-P object=kv_projection result=MISMATCH element_count=512 first_mismatch_index=0 actual_bits=0xbe652979 expected_bits=0xbe637d5e mismatch_count=512 max_abs=0.00617334 max_rel=1.24126 max_ulp=1967254657
CHECKPOINT row=3 layer=41 checkpoint=CP2-KV-R object=raw_kv_row result=MISMATCH element_count=512 first_mismatch_index=1 actual_bits=0x3c900000 expected_bits=0xbb900000 mismatch_count=187 max_abs=0.25 max_rel=1.25 max_ulp=2015363073
CHECKPOINT row=3 layer=41 checkpoint=CP3-F object=layer_attn_state_kv result=MISMATCH element_count=65536 first_mismatch_index=8192 actual_bits=0xbba01064 expected_bits=0xbbb40648 mismatch_count=2048 max_abs=0.00387111 max_rel=1.22645 max_ulp=1971089953
CHECKPOINT row=3 layer=41 checkpoint=CP3-F object=layer_attn_state_score result=MISMATCH element_count=65536 first_mismatch_index=8192 actual_bits=0x3b107cc8 expected_bits=0x3b4d5f70 mismatch_count=2048 max_abs=0.0101714 max_rel=1.93979 max_ulp=1979606305
CHECKPOINT row=3 layer=41 checkpoint=CP3-F object=layer_n_comp result=EXACT element_count=1 mismatch_count=0
CHECKPOINT row=3 layer=41 checkpoint=CP3-F object=attn_emitted_row_count result=EXACT element_count=1 mismatch_count=0
CHECKPOINT row=3 layer=41 checkpoint=CP4 object=post_attention_hidden_state result=MISMATCH element_count=16384 first_mismatch_index=0 actual_bits=0x4096101d expected_bits=0x40954761 mismatch_count=16384 max_abs=0.406604 max_rel=1.95167 max_ulp=2086556579
CHECKPOINT row=3 layer=41 checkpoint=CP5 object=final_layer_hidden_state result=MISMATCH element_count=16384 first_mismatch_index=0 actual_bits=0x40a6e285 expected_bits=0x40a5ad72 mismatch_count=16384 max_abs=0.41306 max_rel=1.9992 max_ulp=2086889055
CHECKPOINT row=3 layer=42 checkpoint=CP1 object=normalized_attention_input result=MISMATCH element_count=4096 first_mismatch_index=0 actual_bits=0x3a2d6ddf expected_bits=0x3a0d8efd mismatch_count=4096 max_abs=0.00927004 max_rel=1.93939 max_ulp=1975932763
CHECKPOINT row=3 layer=42 checkpoint=CP2-Q object=q_projection result=MISMATCH element_count=1024 first_mismatch_index=0 actual_bits=0x3ddd6e40 expected_bits=0x3dda6fe8 mismatch_count=1024 max_abs=0.00530289 max_rel=1.80534 max_ulp=1975554417
CHECKPOINT row=3 layer=42 checkpoint=CP2-KV-P object=kv_projection result=MISMATCH element_count=512 first_mismatch_index=0 actual_bits=0xbdd2e10e expected_bits=0xbdd7359e mismatch_count=512 max_abs=0.00501889 max_rel=1.8469 max_ulp=1966339169
CHECKPOINT row=3 layer=42 checkpoint=CP2-KV-R object=raw_kv_row result=MISMATCH element_count=512 first_mismatch_index=1 actual_bits=0xbf700000 expected_bits=0xbf600000 mismatch_count=189 max_abs=0.125 max_rel=1.81818 max_ulp=2001731585
CHECKPOINT row=3 layer=42 checkpoint=CP3-F object=layer_attn_state_kv result=MISMATCH element_count=8192 first_mismatch_index=0 actual_bits=0x3e997bd7 expected_bits=0x3e99ff63 mismatch_count=8192 max_abs=0.00632958 max_rel=1.97923 max_ulp=1976893985
CHECKPOINT row=3 layer=42 checkpoint=CP3-F object=layer_attn_state_score result=MISMATCH element_count=8192 first_mismatch_index=0 actual_bits=0x3f4af57f expected_bits=0x3f4b2aae mismatch_count=8192 max_abs=0.0251015 max_rel=1.94801 max_ulp=1997651329
CHECKPOINT row=3 layer=42 checkpoint=CP3-F object=layer_n_comp result=EXACT element_count=1 mismatch_count=0
CHECKPOINT row=3 layer=42 checkpoint=CP3-F object=attn_emitted_row_count result=EXACT element_count=1 mismatch_count=0
CHECKPOINT row=3 layer=42 checkpoint=CP3-F object=layer_attn_comp_cache result=MISMATCH element_count=512 first_mismatch_index=4 actual_bits=0x1d80 expected_bits=0x1e80 mismatch_count=122 max_abs=0.0625 max_rel=1.26667 max_ulp=1928331265
CHECKPOINT row=3 layer=42 checkpoint=CP3-F object=layer_index_state_kv result=MISMATCH element_count=2048 first_mismatch_index=0 actual_bits=0xbdadf694 expected_bits=0xbdad898a mismatch_count=2048 max_abs=0.00516864 max_rel=1.73561 max_ulp=1971816969
CHECKPOINT row=3 layer=42 checkpoint=CP3-F object=layer_index_state_score result=MISMATCH element_count=2048 first_mismatch_index=0 actual_bits=0xbeef34f6 expected_bits=0xbef3d140 mismatch_count=2048 max_abs=0.0227345 max_rel=1.26485 max_ulp=1948278593
CHECKPOINT row=3 layer=42 checkpoint=CP3-F object=layer_n_index_comp result=EXACT element_count=1 mismatch_count=0
CHECKPOINT row=3 layer=42 checkpoint=CP3-F object=index_emitted_row_count result=EXACT element_count=1 mismatch_count=0
CHECKPOINT row=3 layer=42 checkpoint=CP3-F object=layer_index_comp_cache result=EXACT element_count=128 mismatch_count=0
CHECKPOINT row=3 layer=42 checkpoint=CP4 object=post_attention_hidden_state result=MISMATCH element_count=16384 first_mismatch_index=0 actual_bits=0x4096ae78 expected_bits=0x4094fd2f mismatch_count=16384 max_abs=0.480276 max_rel=1.99091 max_ulp=2093677264
CHECKPOINT row=3 layer=42 checkpoint=CP5 object=final_layer_hidden_state result=MISMATCH element_count=16384 first_mismatch_index=0 actual_bits=0x406cbf58 expected_bits=0x406980ca mismatch_count=16384 max_abs=0.916649 max_rel=1.95712 max_ulp=2085248584
CHECKPOINT row=4 layer=0 checkpoint=CP1 object=normalized_attention_input result=EXACT element_count=4096 mismatch_count=0
CHECKPOINT row=4 layer=0 checkpoint=CP2-Q object=q_projection result=MISMATCH element_count=1024 first_mismatch_index=0 actual_bits=0xbcf034cc expected_bits=0xbcf034c0 mismatch_count=834 max_abs=5.96046e-08 max_rel=0.00165508 max_ulp=20480
CHECKPOINT row=4 layer=0 checkpoint=CP2-KV-P object=kv_projection result=MISMATCH element_count=512 first_mismatch_index=0 actual_bits=0x3d038c75 expected_bits=0x3d038c72 mismatch_count=443 max_abs=5.96046e-08 max_rel=0.00562852 max_ulp=49152
CHECKPOINT row=4 layer=0 checkpoint=CP2-KV-R object=raw_kv_row result=EXACT element_count=512 mismatch_count=0
CHECKPOINT row=4 layer=0 checkpoint=CP3-F object=compressor result=N/A element_count=0
CHECKPOINT row=4 layer=0 checkpoint=CP4 object=post_attention_hidden_state result=MISMATCH element_count=16384 first_mismatch_index=0 actual_bits=0xbc29765c expected_bits=0xbc297634 mismatch_count=6231 max_abs=1.43424e-07 max_rel=0.00936673 max_ulp=89626
CHECKPOINT row=4 layer=0 checkpoint=CP5 object=final_layer_hidden_state result=MISMATCH element_count=16384 first_mismatch_index=0 actual_bits=0xba899705 expected_bits=0xba8996cb mismatch_count=11379 max_abs=3.8743e-07 max_rel=0.0471075 max_ulp=530380
CHECKPOINT row=4 layer=1 checkpoint=CP1 object=normalized_attention_input result=MISMATCH element_count=4096 first_mismatch_index=0 actual_bits=0x3ccf1f21 expected_bits=0x3ccf1f2d mismatch_count=3969 max_abs=1.3411e-07 max_rel=0.00788133 max_ulp=80126
CHECKPOINT row=4 layer=1 checkpoint=CP2-Q object=q_projection result=MISMATCH element_count=1024 first_mismatch_index=0 actual_bits=0x3dd06ee1 expected_bits=0x3dd06eec mismatch_count=974 max_abs=2.38419e-07 max_rel=0.00400168 max_ulp=38912
CHECKPOINT row=4 layer=1 checkpoint=CP2-KV-P object=kv_projection result=MISMATCH element_count=512 first_mismatch_index=0 actual_bits=0x3c62a20c expected_bits=0x3c62a1c6 mismatch_count=491 max_abs=4.17233e-07 max_rel=0.000601422 max_ulp=8448
CHECKPOINT row=4 layer=1 checkpoint=CP2-KV-R object=raw_kv_row result=EXACT element_count=512 mismatch_count=0
CHECKPOINT row=4 layer=1 checkpoint=CP3-F object=compressor result=N/A element_count=0
CHECKPOINT row=4 layer=1 checkpoint=CP4 object=post_attention_hidden_state result=MISMATCH element_count=16384 first_mismatch_index=1 actual_bits=0xbb92b63f expected_bits=0xbb92b5f9 mismatch_count=13445 max_abs=3.57628e-07 max_rel=0.00824896 max_ulp=124585
CHECKPOINT row=4 layer=1 checkpoint=CP5 object=final_layer_hidden_state result=MISMATCH element_count=16384 first_mismatch_index=0 actual_bits=0xbc488ba1 expected_bits=0xbc488b90 mismatch_count=14873 max_abs=4.47035e-07 max_rel=0.295429 max_ulp=4877100
CHECKPOINT row=4 layer=2 checkpoint=CP1 object=normalized_attention_input result=MISMATCH element_count=4096 first_mismatch_index=0 actual_bits=0xbd32cc57 expected_bits=0xbd32cc6f mismatch_count=4063 max_abs=2.38419e-06 max_rel=0.00450522 max_ulp=56140
CHECKPOINT row=4 layer=2 checkpoint=CP2-Q object=q_projection result=MISMATCH element_count=1024 first_mismatch_index=0 actual_bits=0xbd4d0d2f expected_bits=0xbd4d0d08 mismatch_count=1009 max_abs=8.64267e-07 max_rel=0.00273804 max_ulp=31488
CHECKPOINT row=4 layer=2 checkpoint=CP2-KV-P object=kv_projection result=MISMATCH element_count=512 first_mismatch_index=0 actual_bits=0x3da9630d expected_bits=0x3da962e7 mismatch_count=508 max_abs=1.01328e-06 max_rel=0.000248564 max_ulp=3584
CHECKPOINT row=4 layer=2 checkpoint=CP2-KV-R object=raw_kv_row result=EXACT element_count=512 mismatch_count=0
CHECKPOINT row=4 layer=2 checkpoint=CP3-F object=layer_attn_state_kv result=MISMATCH element_count=8192 first_mismatch_index=0 actual_bits=0x3e18ecd1 expected_bits=0x3e18ecbc mismatch_count=8087 max_abs=1.3411e-06 max_rel=0.00534932 max_ulp=71936
CHECKPOINT row=4 layer=2 checkpoint=CP3-F object=layer_attn_state_score result=MISMATCH element_count=8192 first_mismatch_index=0 actual_bits=0x3f080f62 expected_bits=0x3f080f64 mismatch_count=7944 max_abs=3.57628e-06 max_rel=0.00323529 max_ulp=45056
CHECKPOINT row=4 layer=2 checkpoint=CP3-F object=layer_n_comp result=EXACT element_count=1 mismatch_count=0
CHECKPOINT row=4 layer=2 checkpoint=CP3-F object=attn_emitted_row_count result=EXACT element_count=1 mismatch_count=0
CHECKPOINT row=4 layer=2 checkpoint=CP3-F object=layer_index_state_kv result=MISMATCH element_count=2048 first_mismatch_index=0 actual_bits=0xbe43b785 expected_bits=0xbe43b798 mismatch_count=2011 max_abs=1.73599e-06 max_rel=0.000892831 max_ulp=9472
CHECKPOINT row=4 layer=2 checkpoint=CP3-F object=layer_index_state_score result=MISMATCH element_count=2048 first_mismatch_index=0 actual_bits=0xbef764a4 expected_bits=0xbef764ab mismatch_count=1990 max_abs=4.41074e-06 max_rel=0.000683235 max_ulp=8192
CHECKPOINT row=4 layer=2 checkpoint=CP3-F object=layer_n_index_comp result=EXACT element_count=1 mismatch_count=0
CHECKPOINT row=4 layer=2 checkpoint=CP3-F object=index_emitted_row_count result=EXACT element_count=1 mismatch_count=0
CHECKPOINT row=4 layer=2 checkpoint=CP4 object=post_attention_hidden_state result=MISMATCH element_count=16384 first_mismatch_index=0 actual_bits=0xbca343cb expected_bits=0xbca34382 mismatch_count=15029 max_abs=4.32134e-07 max_rel=0.275946 max_ulp=4115997
CHECKPOINT row=4 layer=2 checkpoint=CP5 object=final_layer_hidden_state result=MISMATCH element_count=16384 first_mismatch_index=0 actual_bits=0xbca8d707 expected_bits=0xbca8d6ca mismatch_count=14927 max_abs=4.61936e-07 max_rel=0.0814682 max_ulp=1048463
CHECKPOINT row=4 layer=3 checkpoint=CP1 object=normalized_attention_input result=MISMATCH element_count=4096 first_mismatch_index=0 actual_bits=0xbcc10e20 expected_bits=0xbcc10dc0 mismatch_count=4054 max_abs=7.15256e-07 max_rel=0.0126122 max_ulp=193197
CHECKPOINT row=4 layer=3 checkpoint=CP2-Q object=q_projection result=MISMATCH element_count=1024 first_mismatch_index=0 actual_bits=0xbe19b1d7 expected_bits=0xbe19b1c4 mismatch_count=1014 max_abs=1.2517e-06 max_rel=0.00281461 max_ulp=44288
CHECKPOINT row=4 layer=3 checkpoint=CP2-KV-P object=kv_projection result=MISMATCH element_count=512 first_mismatch_index=0 actual_bits=0xbeafdf85 expected_bits=0xbeafdf8a mismatch_count=504 max_abs=1.2815e-06 max_rel=0.000716648 max_ulp=6496
CHECKPOINT row=4 layer=3 checkpoint=CP2-KV-R object=raw_kv_row result=MISMATCH element_count=512 first_mismatch_index=478 actual_bits=0xbd102000 expected_bits=0xbd104000 mismatch_count=1 max_abs=3.05176e-05 max_rel=0.000866551 max_ulp=8192
CHECKPOINT row=4 layer=3 checkpoint=CP3-F object=layer_attn_state_kv result=MISMATCH element_count=65536 first_mismatch_index=8192 actual_bits=0xbdab48f8 expected_bits=0xbdab48a6 mismatch_count=2538 max_abs=2.66731e-06 max_rel=0.0101111 max_ulp=129984
CHECKPOINT row=4 layer=3 checkpoint=CP3-F object=layer_attn_state_score result=MISMATCH element_count=65536 first_mismatch_index=8192 actual_bits=0x3c2eef66 expected_bits=0x3c2eed4f mismatch_count=2537 max_abs=6.67572e-06 max_rel=0.00382346 max_ulp=35008
CHECKPOINT row=4 layer=3 checkpoint=CP3-F object=layer_n_comp result=EXACT element_count=1 mismatch_count=0
CHECKPOINT row=4 layer=3 checkpoint=CP3-F object=attn_emitted_row_count result=EXACT element_count=1 mismatch_count=0
CHECKPOINT row=4 layer=3 checkpoint=CP4 object=post_attention_hidden_state result=MISMATCH element_count=16384 first_mismatch_index=0 actual_bits=0x3964bec5 expected_bits=0x3964cf4b mismatch_count=15870 max_abs=8.79169e-07 max_rel=0.166977 max_ulp=1990349
CHECKPOINT row=4 layer=3 checkpoint=CP5 object=final_layer_hidden_state result=MISMATCH element_count=16384 first_mismatch_index=0 actual_bits=0x3c986a6e expected_bits=0x3c986a9b mismatch_count=16263 max_abs=8.25152e-07 max_rel=0.0593574 max_ulp=803650
CHECKPOINT row=4 layer=4 checkpoint=CP1 object=normalized_attention_input result=MISMATCH element_count=4096 first_mismatch_index=0 actual_bits=0x3d0b396d expected_bits=0x3d0b397d mismatch_count=4085 max_abs=5.96046e-06 max_rel=0.0150616 max_ulp=182698
CHECKPOINT row=4 layer=4 checkpoint=CP2-Q object=q_projection result=MISMATCH element_count=1024 first_mismatch_index=0 actual_bits=0xbdb7145f expected_bits=0xbdb7140e mismatch_count=1018 max_abs=2.26498e-06 max_rel=0.00243648 max_ulp=32256
CHECKPOINT row=4 layer=4 checkpoint=CP2-KV-P object=kv_projection result=MISMATCH element_count=512 first_mismatch_index=0 actual_bits=0x3da1cad9 expected_bits=0x3da1caff mismatch_count=510 max_abs=2.5779e-06 max_rel=0.000992381 max_ulp=15104
CHECKPOINT row=4 layer=4 checkpoint=CP2-KV-R object=raw_kv_row result=EXACT element_count=512 mismatch_count=0
CHECKPOINT row=4 layer=4 checkpoint=CP3-F object=layer_attn_state_kv result=MISMATCH element_count=8192 first_mismatch_index=0 actual_bits=0x3d0047bf expected_bits=0x3d00475d mismatch_count=8149 max_abs=3.11434e-06 max_rel=0.32147 max_ulp=4587520
CHECKPOINT row=4 layer=4 checkpoint=CP3-F object=layer_attn_state_score result=MISMATCH element_count=8192 first_mismatch_index=0 actual_bits=0xbf9262f8 expected_bits=0xbf926313 mismatch_count=8073 max_abs=1.09673e-05 max_rel=0.000668373 max_ulp=10944
CHECKPOINT row=4 layer=4 checkpoint=CP3-F object=layer_n_comp result=EXACT element_count=1 mismatch_count=0
CHECKPOINT row=4 layer=4 checkpoint=CP3-F object=attn_emitted_row_count result=EXACT element_count=1 mismatch_count=0
CHECKPOINT row=4 layer=4 checkpoint=CP3-F object=layer_index_state_kv result=MISMATCH element_count=2048 first_mismatch_index=0 actual_bits=0x3ce932aa expected_bits=0x3ce92ed0 mismatch_count=2039 max_abs=6.91414e-06 max_rel=0.00866473 max_ulp=143936
CHECKPOINT row=4 layer=4 checkpoint=CP3-F object=layer_index_state_score result=MISMATCH element_count=2048 first_mismatch_index=0 actual_bits=0xbf9e5cc9 expected_bits=0xbf9e5cf4 mismatch_count=2024 max_abs=1.19209e-05 max_rel=0.00212665 max_ulp=35072
CHECKPOINT row=4 layer=4 checkpoint=CP3-F object=layer_n_index_comp result=EXACT element_count=1 mismatch_count=0
CHECKPOINT row=4 layer=4 checkpoint=CP3-F object=index_emitted_row_count result=EXACT element_count=1 mismatch_count=0
CHECKPOINT row=4 layer=4 checkpoint=CP4 object=post_attention_hidden_state result=MISMATCH element_count=16384 first_mismatch_index=0 actual_bits=0x3ba9b0f2 expected_bits=0x3ba9b419 mismatch_count=16269 max_abs=1.42306e-06 max_rel=0.20473 max_ulp=3259195
CHECKPOINT row=4 layer=4 checkpoint=CP5 object=final_layer_hidden_state result=MISMATCH element_count=16384 first_mismatch_index=0 actual_bits=0x3c719ebb expected_bits=0x3c719ff6 mismatch_count=16265 max_abs=1.4361e-06 max_rel=0.0136935 max_ulp=160855
CHECKPOINT row=4 layer=5 checkpoint=CP1 object=normalized_attention_input result=MISMATCH element_count=4096 first_mismatch_index=0 actual_bits=0x3c7e9885 expected_bits=0x3c7e98f5 mismatch_count=4083 max_abs=7.05943e-07 max_rel=0.370431 max_ulp=5367185
CHECKPOINT row=4 layer=5 checkpoint=CP2-Q object=q_projection result=MISMATCH element_count=1024 first_mismatch_index=0 actual_bits=0x3e5d4129 expected_bits=0x3e5d4160 mismatch_count=1021 max_abs=1.20699e-06 max_rel=0.00555655 max_ulp=63488
CHECKPOINT row=4 layer=5 checkpoint=CP2-KV-P object=kv_projection result=MISMATCH element_count=512 first_mismatch_index=0 actual_bits=0xbcb0d2e7 expected_bits=0xbcb0d23e mismatch_count=510 max_abs=1.53854e-06 max_rel=0.00173555 max_ulp=15904
CHECKPOINT row=4 layer=5 checkpoint=CP2-KV-R object=raw_kv_row result=MISMATCH element_count=512 first_mismatch_index=278 actual_bits=0xbd900000 expected_bits=0xbd800000 mismatch_count=1 max_abs=0.0078125 max_rel=0.111111 max_ulp=1048576
CHECKPOINT row=4 layer=5 checkpoint=CP3-F object=layer_attn_state_kv result=MISMATCH element_count=65536 first_mismatch_index=8192 actual_bits=0xbd9a4814 expected_bits=0xbd9a476d mismatch_count=2547 max_abs=3.58e-06 max_rel=0.00578972 max_ulp=60768
CHECKPOINT row=4 layer=5 checkpoint=CP3-F object=layer_attn_state_score result=MISMATCH element_count=65536 first_mismatch_index=8192 actual_bits=0x3ec41db6 expected_bits=0x3ec41d7b mismatch_count=2542 max_abs=1.19358e-05 max_rel=0.00675727 max_ulp=90880
CHECKPOINT row=4 layer=5 checkpoint=CP3-F object=layer_n_comp result=EXACT element_count=1 mismatch_count=0
CHECKPOINT row=4 layer=5 checkpoint=CP3-F object=attn_emitted_row_count result=EXACT element_count=1 mismatch_count=0
CHECKPOINT row=4 layer=5 checkpoint=CP4 object=post_attention_hidden_state result=MISMATCH element_count=16384 first_mismatch_index=0 actual_bits=0x3c6abf2c expected_bits=0x3c6ac065 mismatch_count=16351 max_abs=1.35023e-05 max_rel=0.653283 max_ulp=12773420
CHECKPOINT row=4 layer=5 checkpoint=CP5 object=final_layer_hidden_state result=MISMATCH element_count=16384 first_mismatch_index=0 actual_bits=0x3c6d7154 expected_bits=0x3c6d733f mismatch_count=16359 max_abs=1.64816e-05 max_rel=0.526978 max_ulp=9252699
CHECKPOINT row=4 layer=6 checkpoint=CP1 object=normalized_attention_input result=MISMATCH element_count=4096 first_mismatch_index=0 actual_bits=0x3d15f844 expected_bits=0x3d160037 mismatch_count=4096 max_abs=0.000102967 max_rel=0.233794 max_ulp=2730374
CHECKPOINT row=4 layer=6 checkpoint=CP2-Q object=q_projection result=MISMATCH element_count=1024 first_mismatch_index=0 actual_bits=0x3e6a7faa expected_bits=0x3e6a825c mismatch_count=1024 max_abs=2.23368e-05 max_rel=0.0586665 max_ulp=656704
CHECKPOINT row=4 layer=6 checkpoint=CP2-KV-P object=kv_projection result=MISMATCH element_count=512 first_mismatch_index=0 actual_bits=0x3daaebce expected_bits=0x3daae770 mismatch_count=512 max_abs=2.83122e-05 max_rel=0.153682 max_ulp=2573312
CHECKPOINT row=4 layer=6 checkpoint=CP2-KV-R object=raw_kv_row result=MISMATCH element_count=512 first_mismatch_index=3 actual_bits=0x3c600000 expected_bits=0x3c500000 mismatch_count=17 max_abs=0.000976562 max_rel=0.2 max_ulp=2097152
CHECKPOINT row=4 layer=6 checkpoint=CP3-F object=layer_attn_state_kv result=MISMATCH element_count=8192 first_mismatch_index=0 actual_bits=0xbdbbb680 expected_bits=0xbdbbb762 mismatch_count=8182 max_abs=3.7238e-05 max_rel=1.31123 max_ulp=1798356993
CHECKPOINT row=4 layer=6 checkpoint=CP3-F object=layer_attn_state_score result=MISMATCH element_count=8192 first_mismatch_index=0 actual_bits=0xbfb32ff8 expected_bits=0xbfb32f17 mismatch_count=8189 max_abs=0.000100613 max_rel=0.380518 max_ulp=6348800
CHECKPOINT row=4 layer=6 checkpoint=CP3-F object=layer_n_comp result=EXACT element_count=1 mismatch_count=0
CHECKPOINT row=4 layer=6 checkpoint=CP3-F object=attn_emitted_row_count result=EXACT element_count=1 mismatch_count=0
CHECKPOINT row=4 layer=6 checkpoint=CP3-F object=layer_index_state_kv result=MISMATCH element_count=2048 first_mismatch_index=0 actual_bits=0xbd869947 expected_bits=0xbd869aca mismatch_count=2042 max_abs=4.74453e-05 max_rel=0.0101224 max_ulp=150480
CHECKPOINT row=4 layer=6 checkpoint=CP3-F object=layer_index_state_score result=MISMATCH element_count=2048 first_mismatch_index=0 actual_bits=0xbff59748 expected_bits=0xbff59642 mismatch_count=2046 max_abs=9.87053e-05 max_rel=0.00277731 max_ulp=38656
CHECKPOINT row=4 layer=6 checkpoint=CP3-F object=layer_n_index_comp result=EXACT element_count=1 mismatch_count=0
CHECKPOINT row=4 layer=6 checkpoint=CP3-F object=index_emitted_row_count result=EXACT element_count=1 mismatch_count=0
CHECKPOINT row=4 layer=6 checkpoint=CP4 object=post_attention_hidden_state result=MISMATCH element_count=16384 first_mismatch_index=0 actual_bits=0x3ca5f112 expected_bits=0x3ca5f1d3 mismatch_count=16373 max_abs=1.36923e-05 max_rel=1.86652 max_ulp=1798343651
CHECKPOINT row=4 layer=6 checkpoint=CP5 object=final_layer_hidden_state result=MISMATCH element_count=16384 first_mismatch_index=0 actual_bits=0x3caa1562 expected_bits=0x3caa168e mismatch_count=16377 max_abs=2.00868e-05 max_rel=1.39065 max_ulp=1792704856
CHECKPOINT row=4 layer=7 checkpoint=CP1 object=normalized_attention_input result=MISMATCH element_count=4096 first_mismatch_index=0 actual_bits=0x3cbe6c03 expected_bits=0x3cbe7295 mismatch_count=4095 max_abs=9.12696e-06 max_rel=0.340605 max_ulp=5676254
CHECKPOINT row=4 layer=7 checkpoint=CP2-Q object=q_projection result=MISMATCH element_count=1024 first_mismatch_index=0 actual_bits=0xbc8577b8 expected_bits=0xbc85786b mismatch_count=1024 max_abs=1.4089e-05 max_rel=0.0412374 max_ulp=573888
CHECKPOINT row=4 layer=7 checkpoint=CP2-KV-P object=kv_projection result=MISMATCH element_count=512 first_mismatch_index=0 actual_bits=0x3ca2457b expected_bits=0x3ca243b2 mismatch_count=511 max_abs=1.6883e-05 max_rel=0.0241666 max_ulp=232576
CHECKPOINT row=4 layer=7 checkpoint=CP2-KV-R object=raw_kv_row result=MISMATCH element_count=512 first_mismatch_index=472 actual_bits=0xbefb4000 expected_bits=0xbefb6000 mismatch_count=9 max_abs=0.000244141 max_rel=0.0110314 max_ulp=163840
CHECKPOINT row=4 layer=7 checkpoint=CP3-F object=layer_attn_state_kv result=MISMATCH element_count=65536 first_mismatch_index=8192 actual_bits=0xbd81f6a4 expected_bits=0xbd81f718 mismatch_count=2557 max_abs=1.67936e-05 max_rel=0.0938537 max_ulp=1462784
CHECKPOINT row=4 layer=7 checkpoint=CP3-F object=layer_attn_state_score result=MISMATCH element_count=65536 first_mismatch_index=8192 actual_bits=0xbd9280ba expected_bits=0xbd928248 mismatch_count=2558 max_abs=2.24113e-05 max_rel=0.0585068 max_ulp=556416
CHECKPOINT row=4 layer=7 checkpoint=CP3-F object=layer_n_comp result=EXACT element_count=1 mismatch_count=0
CHECKPOINT row=4 layer=7 checkpoint=CP3-F object=attn_emitted_row_count result=EXACT element_count=1 mismatch_count=0
CHECKPOINT row=4 layer=7 checkpoint=CP4 object=post_attention_hidden_state result=MISMATCH element_count=16384 first_mismatch_index=0 actual_bits=0x3caafd19 expected_bits=0x3caafe5b mismatch_count=16376 max_abs=2.35252e-05 max_rel=0.588267 max_ulp=10397708
CHECKPOINT row=4 layer=7 checkpoint=CP5 object=final_layer_hidden_state result=MISMATCH element_count=16384 first_mismatch_index=0 actual_bits=0x3cac6e43 expected_bits=0x3cac6fa1 mismatch_count=16376 max_abs=3.72529e-05 max_rel=0.975562 max_ulp=45063058
CHECKPOINT row=4 layer=8 checkpoint=CP1 object=normalized_attention_input result=MISMATCH element_count=4096 first_mismatch_index=0 actual_bits=0x3a528374 expected_bits=0x3a525b8b mismatch_count=4095 max_abs=0.000117064 max_rel=0.179383 max_ulp=2566465
CHECKPOINT row=4 layer=8 checkpoint=CP2-Q object=q_projection result=MISMATCH element_count=1024 first_mismatch_index=0 actual_bits=0xbe99b956 expected_bits=0xbe99b8bc mismatch_count=1023 max_abs=3.68394e-05 max_rel=0.0340572 max_ulp=382592
CHECKPOINT row=4 layer=8 checkpoint=CP2-KV-P object=kv_projection result=MISMATCH element_count=512 first_mismatch_index=0 actual_bits=0x3de5daaa expected_bits=0x3de5d061 mismatch_count=512 max_abs=3.374e-05 max_rel=0.0455729 max_ulp=583936
CHECKPOINT row=4 layer=8 checkpoint=CP2-KV-R object=raw_kv_row result=MISMATCH element_count=512 first_mismatch_index=450 actual_bits=0x3eb6c000 expected_bits=0x3eb6a000 mismatch_count=12 max_abs=0.000488281 max_rel=0.00204186 max_ulp=32768
CHECKPOINT row=4 layer=8 checkpoint=CP3-F object=layer_attn_state_kv result=MISMATCH element_count=8192 first_mismatch_index=0 actual_bits=0xbd9ed69b expected_bits=0xbd9ed4e8 mismatch_count=8188 max_abs=3.99351e-05 max_rel=0.160488 max_ulp=2234368
CHECKPOINT row=4 layer=8 checkpoint=CP3-F object=layer_attn_state_score result=MISMATCH element_count=8192 first_mismatch_index=0 actual_bits=0xbf055de2 expected_bits=0xbf055fee mismatch_count=8168 max_abs=0.000119686 max_rel=0.0124615 max_ulp=165120
CHECKPOINT row=4 layer=8 checkpoint=CP3-F object=layer_n_comp result=EXACT element_count=1 mismatch_count=0
CHECKPOINT row=4 layer=8 checkpoint=CP3-F object=attn_emitted_row_count result=EXACT element_count=1 mismatch_count=0
CHECKPOINT row=4 layer=8 checkpoint=CP3-F object=layer_index_state_kv result=MISMATCH element_count=2048 first_mismatch_index=0 actual_bits=0xba8367e0 expected_bits=0xba834d60 mismatch_count=2048 max_abs=4.12762e-05 max_rel=0.059911 max_ulp=822336
CHECKPOINT row=4 layer=8 checkpoint=CP3-F object=layer_index_state_score result=MISMATCH element_count=2048 first_mismatch_index=0 actual_bits=0xbf305bcf expected_bits=0xbf305e80 mismatch_count=2044 max_abs=0.000146389 max_rel=0.00560923 max_ulp=94080
CHECKPOINT row=4 layer=8 checkpoint=CP3-F object=layer_n_index_comp result=EXACT element_count=1 mismatch_count=0
CHECKPOINT row=4 layer=8 checkpoint=CP3-F object=index_emitted_row_count result=EXACT element_count=1 mismatch_count=0
CHECKPOINT row=4 layer=8 checkpoint=CP4 object=post_attention_hidden_state result=MISMATCH element_count=16384 first_mismatch_index=0 actual_bits=0x3ca0c249 expected_bits=0x3ca0c431 mismatch_count=16373 max_abs=3.31998e-05 max_rel=0.159176 max_ulp=2337083
CHECKPOINT row=4 layer=8 checkpoint=CP5 object=final_layer_hidden_state result=MISMATCH element_count=16384 first_mismatch_index=0 actual_bits=0x3c7930cb expected_bits=0x3c793255 mismatch_count=16373 max_abs=4.19393e-05 max_rel=0.941414 max_ulp=34162133
CHECKPOINT row=4 layer=9 checkpoint=CP1 object=normalized_attention_input result=MISMATCH element_count=4096 first_mismatch_index=0 actual_bits=0xbc38fc1f expected_bits=0xbc390228 mismatch_count=4096 max_abs=1.14888e-05 max_rel=0.153788 max_ulp=2335371
CHECKPOINT row=4 layer=9 checkpoint=CP2-Q object=q_projection result=MISMATCH element_count=1024 first_mismatch_index=0 actual_bits=0xbc3321ad expected_bits=0xbc332903 mismatch_count=1024 max_abs=2.26498e-05 max_rel=0.103108 max_ulp=1142784
CHECKPOINT row=4 layer=9 checkpoint=CP2-KV-P object=kv_projection result=MISMATCH element_count=512 first_mismatch_index=0 actual_bits=0x3dd6fd81 expected_bits=0x3dd6fc10 mismatch_count=512 max_abs=1.64136e-05 max_rel=0.0141323 max_ulp=235712
CHECKPOINT row=4 layer=9 checkpoint=CP2-KV-R object=raw_kv_row result=MISMATCH element_count=512 first_mismatch_index=179 actual_bits=0x3ae00000 expected_bits=0x3af00000 mismatch_count=12 max_abs=0.000976562 max_rel=0.0666667 max_ulp=1048576
CHECKPOINT row=4 layer=9 checkpoint=CP3-F object=layer_attn_state_kv result=MISMATCH element_count=65536 first_mismatch_index=8192 actual_bits=0xbe109538 expected_bits=0xbe109536 mismatch_count=2558 max_abs=3.04878e-05 max_rel=0.720545 max_ulp=15212544
CHECKPOINT row=4 layer=9 checkpoint=CP3-F object=layer_attn_state_score result=MISMATCH element_count=65536 first_mismatch_index=8192 actual_bits=0x3d43fbd0 expected_bits=0x3d43fa20 mismatch_count=2559 max_abs=8.69632e-05 max_rel=0.0453433 max_ulp=565952
CHECKPOINT row=4 layer=9 checkpoint=CP3-F object=layer_n_comp result=EXACT element_count=1 mismatch_count=0
CHECKPOINT row=4 layer=9 checkpoint=CP3-F object=attn_emitted_row_count result=EXACT element_count=1 mismatch_count=0
CHECKPOINT row=4 layer=9 checkpoint=CP4 object=post_attention_hidden_state result=MISMATCH element_count=16384 first_mismatch_index=0 actual_bits=0x3c604d57 expected_bits=0x3c606d45 mismatch_count=16383 max_abs=0.000239633 max_rel=1.04176 max_ulp=1829053487
CHECKPOINT row=4 layer=9 checkpoint=CP5 object=final_layer_hidden_state result=MISMATCH element_count=16384 first_mismatch_index=0 actual_bits=0x3c4467d5 expected_bits=0x3c4488a2 mismatch_count=16381 max_abs=0.000216842 max_rel=1.78323 max_ulp=1887448986
CHECKPOINT row=4 layer=10 checkpoint=CP1 object=normalized_attention_input result=MISMATCH element_count=4096 first_mismatch_index=0 actual_bits=0x3b5f4f0b expected_bits=0x3b625f81 mismatch_count=4095 max_abs=0.000684202 max_rel=0.27204 max_ulp=3976888
CHECKPOINT row=4 layer=10 checkpoint=CP2-Q object=q_projection result=MISMATCH element_count=1024 first_mismatch_index=0 actual_bits=0x3dd567aa expected_bits=0x3dd58a89 mismatch_count=1024 max_abs=0.000239678 max_rel=0.0908242 max_ulp=1335040
CHECKPOINT row=4 layer=10 checkpoint=CP2-KV-P object=kv_projection result=MISMATCH element_count=512 first_mismatch_index=0 actual_bits=0x3c56a880 expected_bits=0x3c5691d8 mismatch_count=512 max_abs=0.000233211 max_rel=0.57808 max_ulp=10116544
CHECKPOINT row=4 layer=10 checkpoint=CP2-KV-R object=raw_kv_row result=MISMATCH element_count=512 first_mismatch_index=24 actual_bits=0xba200000 expected_bits=0xb9e00000 mismatch_count=42 max_abs=0.015625 max_rel=0.583333 max_ulp=10485760
CHECKPOINT row=4 layer=10 checkpoint=CP3-F object=layer_attn_state_kv result=MISMATCH element_count=8192 first_mismatch_index=0 actual_bits=0x3de9dde8 expected_bits=0x3de9df76 mismatch_count=8190 max_abs=0.0004659 max_rel=1.76327 max_ulp=1859191809
CHECKPOINT row=4 layer=10 checkpoint=CP3-F object=layer_attn_state_score result=MISMATCH element_count=8192 first_mismatch_index=0 actual_bits=0x3ee6f218 expected_bits=0x3ee6f61a mismatch_count=8192 max_abs=0.00140452 max_rel=1.06629 max_ulp=1914964289
CHECKPOINT row=4 layer=10 checkpoint=CP3-F object=layer_n_comp result=EXACT element_count=1 mismatch_count=0
CHECKPOINT row=4 layer=10 checkpoint=CP3-F object=attn_emitted_row_count result=EXACT element_count=1 mismatch_count=0
CHECKPOINT row=4 layer=10 checkpoint=CP3-F object=layer_index_state_kv result=MISMATCH element_count=2048 first_mismatch_index=0 actual_bits=0x3d0a82de expected_bits=0x3d0a6a96 mismatch_count=2048 max_abs=0.000649095 max_rel=0.268417 max_ulp=3342976
CHECKPOINT row=4 layer=10 checkpoint=CP3-F object=layer_index_state_score result=MISMATCH element_count=2048 first_mismatch_index=0 actual_bits=0x3ebe99e8 expected_bits=0x3ebe9ec0 mismatch_count=2048 max_abs=0.00184631 max_rel=0.103959 max_ulp=1320608
CHECKPOINT row=4 layer=10 checkpoint=CP3-F object=layer_n_index_comp result=EXACT element_count=1 mismatch_count=0
CHECKPOINT row=4 layer=10 checkpoint=CP3-F object=index_emitted_row_count result=EXACT element_count=1 mismatch_count=0
CHECKPOINT row=4 layer=10 checkpoint=CP4 object=post_attention_hidden_state result=MISMATCH element_count=16384 first_mismatch_index=0 actual_bits=0xbb42d56d expected_bits=0xbb428369 mismatch_count=16383 max_abs=0.000339255 max_rel=1.19848 max_ulp=1868818572
CHECKPOINT row=4 layer=10 checkpoint=CP5 object=final_layer_hidden_state result=MISMATCH element_count=16384 first_mismatch_index=0 actual_bits=0xbbbf8978 expected_bits=0xbbbf5336 mismatch_count=16383 max_abs=0.000427261 max_rel=1.67319 max_ulp=1903838048
CHECKPOINT row=4 layer=11 checkpoint=CP1 object=normalized_attention_input result=MISMATCH element_count=4096 first_mismatch_index=0 actual_bits=0xbb9b7a63 expected_bits=0xbb9b37fc mismatch_count=4096 max_abs=9.39828e-05 max_rel=1.74142 max_ulp=1832972508
CHECKPOINT row=4 layer=11 checkpoint=CP2-Q object=q_projection result=MISMATCH element_count=1024 first_mismatch_index=0 actual_bits=0x3e025754 expected_bits=0x3e025618 mismatch_count=1024 max_abs=0.000149883 max_rel=1.47508 max_ulp=1893582465
CHECKPOINT row=4 layer=11 checkpoint=CP2-KV-P object=kv_projection result=MISMATCH element_count=512 first_mismatch_index=0 actual_bits=0xbd40cf28 expected_bits=0xbd4115cb mismatch_count=512 max_abs=0.0001522 max_rel=0.484117 max_ulp=8024960
CHECKPOINT row=4 layer=11 checkpoint=CP2-KV-R object=raw_kv_row result=MISMATCH element_count=512 first_mismatch_index=4 actual_bits=0x3c700000 expected_bits=0x3c600000 mismatch_count=44 max_abs=0.0625 max_rel=0.461538 max_ulp=7340032
CHECKPOINT row=4 layer=11 checkpoint=CP3-F object=layer_attn_state_kv result=MISMATCH element_count=65536 first_mismatch_index=8192 actual_bits=0xbbbb1748 expected_bits=0xbbbb2908 mismatch_count=2560 max_abs=0.000139013 max_rel=0.6536 max_ulp=13026944
CHECKPOINT row=4 layer=11 checkpoint=CP3-F object=layer_attn_state_score result=MISMATCH element_count=65536 first_mismatch_index=8192 actual_bits=0xbd0a3c2f expected_bits=0xbd0a4529 mismatch_count=2559 max_abs=0.000353396 max_rel=1.80555 max_ulp=1859463169
CHECKPOINT row=4 layer=11 checkpoint=CP3-F object=layer_n_comp result=EXACT element_count=1 mismatch_count=0
CHECKPOINT row=4 layer=11 checkpoint=CP3-F object=attn_emitted_row_count result=EXACT element_count=1 mismatch_count=0
CHECKPOINT row=4 layer=11 checkpoint=CP4 object=post_attention_hidden_state result=MISMATCH element_count=16384 first_mismatch_index=0 actual_bits=0xbc782ab1 expected_bits=0xbc77f1a7 mismatch_count=16381 max_abs=0.000753963 max_rel=1.53496 max_ulp=1916710217
CHECKPOINT row=4 layer=11 checkpoint=CP5 object=final_layer_hidden_state result=MISMATCH element_count=16384 first_mismatch_index=0 actual_bits=0xbc2427ca expected_bits=0xbc23d56d mismatch_count=16380 max_abs=0.000979943 max_rel=1.12354 max_ulp=1878902483
CHECKPOINT row=4 layer=12 checkpoint=CP1 object=normalized_attention_input result=MISMATCH element_count=4096 first_mismatch_index=0 actual_bits=0x3d8e0cf1 expected_bits=0x3d8e4320 mismatch_count=4096 max_abs=0.00209236 max_rel=1.44314 max_ulp=1896856091
CHECKPOINT row=4 layer=12 checkpoint=CP2-Q object=q_projection result=MISMATCH element_count=1024 first_mismatch_index=0 actual_bits=0xbdb137e2 expected_bits=0xbdb13bbe mismatch_count=1024 max_abs=0.000462979 max_rel=1.22199 max_ulp=1902924289
CHECKPOINT row=4 layer=12 checkpoint=CP2-KV-P object=kv_projection result=MISMATCH element_count=512 first_mismatch_index=0 actual_bits=0xbdde6112 expected_bits=0xbdde081e mismatch_count=512 max_abs=0.000513598 max_rel=0.0973174 max_ulp=1329680
CHECKPOINT row=4 layer=12 checkpoint=CP2-KV-R object=raw_kv_row result=MISMATCH element_count=512 first_mismatch_index=3 actual_bits=0xbea00000 expected_bits=0xbe900000 mismatch_count=50 max_abs=0.0625 max_rel=0.111111 max_ulp=1048576
CHECKPOINT row=4 layer=12 checkpoint=CP3-F object=layer_attn_state_kv result=MISMATCH element_count=8192 first_mismatch_index=0 actual_bits=0x3cd370b0 expected_bits=0x3cd352f2 mismatch_count=8192 max_abs=0.000505447 max_rel=1.48519 max_ulp=1894319105
CHECKPOINT row=4 layer=12 checkpoint=CP3-F object=layer_attn_state_score result=MISMATCH element_count=8192 first_mismatch_index=0 actual_bits=0xbcac09c0 expected_bits=0xbcabf600 mismatch_count=8192 max_abs=0.00192881 max_rel=0.565768 max_ulp=10176512
CHECKPOINT row=4 layer=12 checkpoint=CP3-F object=layer_n_comp result=EXACT element_count=1 mismatch_count=0
CHECKPOINT row=4 layer=12 checkpoint=CP3-F object=attn_emitted_row_count result=EXACT element_count=1 mismatch_count=0
CHECKPOINT row=4 layer=12 checkpoint=CP3-F object=layer_index_state_kv result=MISMATCH element_count=2048 first_mismatch_index=0 actual_bits=0xbe1c5528 expected_bits=0xbe1c5f64 mismatch_count=2048 max_abs=0.00158501 max_rel=0.22207 max_ulp=3349088
CHECKPOINT row=4 layer=12 checkpoint=CP3-F object=layer_index_state_score result=MISMATCH element_count=2048 first_mismatch_index=0 actual_bits=0x3d40ebe8 expected_bits=0x3d40e2e0 mismatch_count=2046 max_abs=0.00209713 max_rel=0.172687 max_ulp=2608128
CHECKPOINT row=4 layer=12 checkpoint=CP3-F object=layer_n_index_comp result=EXACT element_count=1 mismatch_count=0
CHECKPOINT row=4 layer=12 checkpoint=CP3-F object=index_emitted_row_count result=EXACT element_count=1 mismatch_count=0
CHECKPOINT row=4 layer=12 checkpoint=CP4 object=post_attention_hidden_state result=MISMATCH element_count=16384 first_mismatch_index=0 actual_bits=0xbb10e229 expected_bits=0xbb0f4b19 mismatch_count=16382 max_abs=0.00278886 max_rel=1.63338 max_ulp=1939395824
CHECKPOINT row=4 layer=12 checkpoint=CP5 object=final_layer_hidden_state result=MISMATCH element_count=16384 first_mismatch_index=0 actual_bits=0xbb237c2a expected_bits=0xbb21d5af mismatch_count=16383 max_abs=0.00313337 max_rel=1.40432 max_ulp=1933492572
CHECKPOINT row=4 layer=13 checkpoint=CP1 object=normalized_attention_input result=MISMATCH element_count=4096 first_mismatch_index=0 actual_bits=0x3c251e02 expected_bits=0x3c26a6a9 mismatch_count=4096 max_abs=0.000366655 max_rel=1.15217 max_ulp=1895822164
CHECKPOINT row=4 layer=13 checkpoint=CP2-Q object=q_projection result=MISMATCH element_count=1024 first_mismatch_index=0 actual_bits=0x3d60a30e expected_bits=0x3d5fc86a mismatch_count=1024 max_abs=0.000412092 max_rel=0.869928 max_ulp=24710400
CHECKPOINT row=4 layer=13 checkpoint=CP2-KV-P object=kv_projection result=MISMATCH element_count=512 first_mismatch_index=0 actual_bits=0xbbc795ae expected_bits=0xbbc746a2 mismatch_count=512 max_abs=0.000403233 max_rel=1.11677 max_ulp=1900066049
CHECKPOINT row=4 layer=13 checkpoint=CP2-KV-R object=raw_kv_row result=MISMATCH element_count=512 first_mismatch_index=15 actual_bits=0x3e400000 expected_bits=0x3e500000 mismatch_count=92 max_abs=0.0625 max_rel=1.1125 max_ulp=1957691393
CHECKPOINT row=4 layer=13 checkpoint=CP3-F object=layer_attn_state_kv result=MISMATCH element_count=65536 first_mismatch_index=8192 actual_bits=0x3d408540 expected_bits=0x3d406b01 mismatch_count=2560 max_abs=0.000825226 max_rel=1.71993 max_ulp=1908505345
CHECKPOINT row=4 layer=13 checkpoint=CP3-F object=layer_attn_state_score result=MISMATCH element_count=65536 first_mismatch_index=8192 actual_bits=0xbc60fed0 expected_bits=0xbc610f5a mismatch_count=2560 max_abs=0.00129128 max_rel=1.17617 max_ulp=1886970241
CHECKPOINT row=4 layer=13 checkpoint=CP3-F object=layer_n_comp result=EXACT element_count=1 mismatch_count=0
CHECKPOINT row=4 layer=13 checkpoint=CP3-F object=attn_emitted_row_count result=EXACT element_count=1 mismatch_count=0
CHECKPOINT row=4 layer=13 checkpoint=CP4 object=post_attention_hidden_state result=MISMATCH element_count=16384 first_mismatch_index=0 actual_bits=0xbb203c7e expected_bits=0xbb1e8cd7 mismatch_count=16382 max_abs=0.00357133 max_rel=1.92945 max_ulp=1953815782
CHECKPOINT row=4 layer=13 checkpoint=CP5 object=final_layer_hidden_state result=MISMATCH element_count=16384 first_mismatch_index=0 actual_bits=0xbb079f88 expected_bits=0xbb060526 mismatch_count=16384 max_abs=0.00463533 max_rel=1.85045 max_ulp=1959725481
CHECKPOINT row=4 layer=14 checkpoint=CP1 object=normalized_attention_input result=MISMATCH element_count=4096 first_mismatch_index=0 actual_bits=0x3d27392a expected_bits=0x3d278c94 mismatch_count=4096 max_abs=0.0114894 max_rel=1.90236 max_ulp=1915719189
CHECKPOINT row=4 layer=14 checkpoint=CP2-Q object=q_projection result=MISMATCH element_count=1024 first_mismatch_index=0 actual_bits=0x3da24b9c expected_bits=0x3da30574 mismatch_count=1024 max_abs=0.00142726 max_rel=1.48649 max_ulp=1938910433
CHECKPOINT row=4 layer=14 checkpoint=CP2-KV-P object=kv_projection result=MISMATCH element_count=512 first_mismatch_index=0 actual_bits=0xbc0c135c expected_bits=0xbc08712b mismatch_count=512 max_abs=0.00124882 max_rel=1.17202 max_ulp=1906383745
CHECKPOINT row=4 layer=14 checkpoint=CP2-KV-R object=raw_kv_row result=MISMATCH element_count=512 first_mismatch_index=2 actual_bits=0x3f400000 expected_bits=0x3f300000 mismatch_count=94 max_abs=0.125 max_rel=1.17045 max_ulp=1948254209
CHECKPOINT row=4 layer=14 checkpoint=CP3-F object=layer_attn_state_kv result=MISMATCH element_count=8192 first_mismatch_index=0 actual_bits=0x3e31060b expected_bits=0x3e311923 mismatch_count=8192 max_abs=0.00246727 max_rel=1.10962 max_ulp=1921087713
CHECKPOINT row=4 layer=14 checkpoint=CP3-F object=layer_attn_state_score result=MISMATCH element_count=8192 first_mismatch_index=0 actual_bits=0xbed5c678 expected_bits=0xbed62efa mismatch_count=8192 max_abs=0.00999641 max_rel=0.147694 max_ulp=2070080
CHECKPOINT row=4 layer=14 checkpoint=CP3-F object=layer_n_comp result=EXACT element_count=1 mismatch_count=0
CHECKPOINT row=4 layer=14 checkpoint=CP3-F object=attn_emitted_row_count result=EXACT element_count=1 mismatch_count=0
CHECKPOINT row=4 layer=14 checkpoint=CP3-F object=layer_index_state_kv result=MISMATCH element_count=2048 first_mismatch_index=0 actual_bits=0x3f0b10b0 expected_bits=0x3f0b1100 mismatch_count=2048 max_abs=0.00417423 max_rel=0.918015 max_ulp=29609984
CHECKPOINT row=4 layer=14 checkpoint=CP3-F object=layer_index_state_score result=MISMATCH element_count=2048 first_mismatch_index=0 actual_bits=0xbf4c9d95 expected_bits=0xbf4cc603 mismatch_count=2048 max_abs=0.0133257 max_rel=0.0683274 max_ulp=943360
CHECKPOINT row=4 layer=14 checkpoint=CP3-F object=layer_n_index_comp result=EXACT element_count=1 mismatch_count=0
CHECKPOINT row=4 layer=14 checkpoint=CP3-F object=index_emitted_row_count result=EXACT element_count=1 mismatch_count=0
CHECKPOINT row=4 layer=14 checkpoint=CP4 object=post_attention_hidden_state result=MISMATCH element_count=16384 first_mismatch_index=0 actual_bits=0xbb05b6c0 expected_bits=0xbb0416af mismatch_count=16382 max_abs=0.00404039 max_rel=1.72322 max_ulp=1969881191
CHECKPOINT row=4 layer=14 checkpoint=CP5 object=final_layer_hidden_state result=MISMATCH element_count=16384 first_mismatch_index=0 actual_bits=0xba5562a0 expected_bits=0xba4f54de mismatch_count=16382 max_abs=0.00513444 max_rel=1.8812 max_ulp=1969346645
CHECKPOINT row=4 layer=15 checkpoint=CP1 object=normalized_attention_input result=MISMATCH element_count=4096 first_mismatch_index=0 actual_bits=0x3cc506d9 expected_bits=0x3cc44ac3 mismatch_count=4096 max_abs=0.000808835 max_rel=1.73774 max_ulp=1920425362
CHECKPOINT row=4 layer=15 checkpoint=CP2-Q object=q_projection result=MISMATCH element_count=1024 first_mismatch_index=0 actual_bits=0xbdf1f709 expected_bits=0xbdf1e723 mismatch_count=1024 max_abs=0.00113878 max_rel=1.08692 max_ulp=1911829313
CHECKPOINT row=4 layer=15 checkpoint=CP2-KV-P object=kv_projection result=MISMATCH element_count=512 first_mismatch_index=0 actual_bits=0x3dc429f0 expected_bits=0x3dc4f6a9 mismatch_count=512 max_abs=0.0011486 max_rel=0.742483 max_ulp=16515200
CHECKPOINT row=4 layer=15 checkpoint=CP2-KV-R object=raw_kv_row result=MISMATCH element_count=512 first_mismatch_index=5 actual_bits=0xbdf00000 expected_bits=0xbe000000 mismatch_count=96 max_abs=0.125 max_rel=0.733333 max_ulp=15728640
CHECKPOINT row=4 layer=15 checkpoint=CP3-F object=layer_attn_state_kv result=MISMATCH element_count=65536 first_mismatch_index=8192 actual_bits=0xbd7eb7dc expected_bits=0xbd7edbdc mismatch_count=2560 max_abs=0.0015234 max_rel=1.35214 max_ulp=1914218625
CHECKPOINT row=4 layer=15 checkpoint=CP3-F object=layer_attn_state_score result=MISMATCH element_count=65536 first_mismatch_index=8192 actual_bits=0x3e788a38 expected_bits=0x3e787b90 mismatch_count=2560 max_abs=0.00428814 max_rel=0.972924 max_ulp=44015360
CHECKPOINT row=4 layer=15 checkpoint=CP3-F object=layer_n_comp result=EXACT element_count=1 mismatch_count=0
CHECKPOINT row=4 layer=15 checkpoint=CP3-F object=attn_emitted_row_count result=EXACT element_count=1 mismatch_count=0
CHECKPOINT row=4 layer=15 checkpoint=CP4 object=post_attention_hidden_state result=MISMATCH element_count=16384 first_mismatch_index=0 actual_bits=0xba04fa60 expected_bits=0xb9fe2612 mismatch_count=16383 max_abs=0.00700957 max_rel=1.75907 max_ulp=1975649227
CHECKPOINT row=4 layer=15 checkpoint=CP5 object=final_layer_hidden_state result=MISMATCH element_count=16384 first_mismatch_index=0 actual_bits=0xbab6a3e5 expected_bits=0xbab204e5 mismatch_count=16383 max_abs=0.00715494 max_rel=1.80744 max_ulp=1979523308
CHECKPOINT row=4 layer=16 checkpoint=CP1 object=normalized_attention_input result=MISMATCH element_count=4096 first_mismatch_index=0 actual_bits=0xbca325c8 expected_bits=0xbca0486b mismatch_count=4096 max_abs=0.0111709 max_rel=1.47271 max_ulp=1933350829
CHECKPOINT row=4 layer=16 checkpoint=CP2-Q object=q_projection result=MISMATCH element_count=1024 first_mismatch_index=0 actual_bits=0xbdc73815 expected_bits=0xbdc8bcc8 mismatch_count=1024 max_abs=0.00211158 max_rel=1.20327 max_ulp=1942151681
CHECKPOINT row=4 layer=16 checkpoint=CP2-KV-P object=kv_projection result=MISMATCH element_count=512 first_mismatch_index=0 actual_bits=0xbe3c55d5 expected_bits=0xbe3c76f6 mismatch_count=512 max_abs=0.00334287 max_rel=0.451684 max_ulp=7394448
CHECKPOINT row=4 layer=16 checkpoint=CP2-KV-R object=raw_kv_row result=MISMATCH element_count=512 first_mismatch_index=2 actual_bits=0x3f900000 expected_bits=0x3fa00000 mismatch_count=106 max_abs=0.125 max_rel=0.682143 max_ulp=14442496
CHECKPOINT row=4 layer=16 checkpoint=CP3-F object=layer_attn_state_kv result=MISMATCH element_count=8192 first_mismatch_index=0 actual_bits=0x3dba4e8a expected_bits=0x3dba56ec mismatch_count=8192 max_abs=0.00215773 max_rel=1.51694 max_ulp=1925474753
CHECKPOINT row=4 layer=16 checkpoint=CP3-F object=layer_attn_state_score result=MISMATCH element_count=8192 first_mismatch_index=0 actual_bits=0xbfcc9287 expected_bits=0xbfcc7700 mismatch_count=8192 max_abs=0.0127567 max_rel=1.5784 max_ulp=1984165025
CHECKPOINT row=4 layer=16 checkpoint=CP3-F object=layer_n_comp result=EXACT element_count=1 mismatch_count=0
CHECKPOINT row=4 layer=16 checkpoint=CP3-F object=attn_emitted_row_count result=EXACT element_count=1 mismatch_count=0
CHECKPOINT row=4 layer=16 checkpoint=CP3-F object=layer_index_state_kv result=MISMATCH element_count=2048 first_mismatch_index=0 actual_bits=0x3e22a0c4 expected_bits=0x3e228174 mismatch_count=2048 max_abs=0.00321209 max_rel=1.18827 max_ulp=1912400385
CHECKPOINT row=4 layer=16 checkpoint=CP3-F object=layer_index_state_score result=MISMATCH element_count=2048 first_mismatch_index=0 actual_bits=0xbfd35cb0 expected_bits=0xbfd34018 mismatch_count=2048 max_abs=0.01598 max_rel=1.38264 max_ulp=1989750505
CHECKPOINT row=4 layer=16 checkpoint=CP3-F object=layer_n_index_comp result=EXACT element_count=1 mismatch_count=0
CHECKPOINT row=4 layer=16 checkpoint=CP3-F object=index_emitted_row_count result=EXACT element_count=1 mismatch_count=0
CHECKPOINT row=4 layer=16 checkpoint=CP4 object=post_attention_hidden_state result=MISMATCH element_count=16384 first_mismatch_index=0 actual_bits=0xbaaec70e expected_bits=0xbaaa2551 mismatch_count=16383 max_abs=0.0103277 max_rel=1.65324 max_ulp=1979858674
CHECKPOINT row=4 layer=16 checkpoint=CP5 object=final_layer_hidden_state result=MISMATCH element_count=16384 first_mismatch_index=0 actual_bits=0xbae492e5 expected_bits=0xbae17608 mismatch_count=16383 max_abs=0.0128507 max_rel=1.5763 max_ulp=1962453842
CHECKPOINT row=4 layer=17 checkpoint=CP1 object=normalized_attention_input result=MISMATCH element_count=4096 first_mismatch_index=0 actual_bits=0xbd7fcc73 expected_bits=0xbd7fa186 mismatch_count=4096 max_abs=0.00164184 max_rel=1.86573 max_ulp=1934989947
CHECKPOINT row=4 layer=17 checkpoint=CP2-Q object=q_projection result=MISMATCH element_count=1024 first_mismatch_index=0 actual_bits=0x3dbc7c15 expected_bits=0x3dbe88e9 mismatch_count=1024 max_abs=0.00236259 max_rel=1.18145 max_ulp=1946357377
CHECKPOINT row=4 layer=17 checkpoint=CP2-KV-P object=kv_projection result=MISMATCH element_count=512 first_mismatch_index=0 actual_bits=0xbd8ab9fe expected_bits=0xbd878e6f mismatch_count=512 max_abs=0.00256065 max_rel=1.21707 max_ulp=1944563969
CHECKPOINT row=4 layer=17 checkpoint=CP2-KV-R object=raw_kv_row result=MISMATCH element_count=512 first_mismatch_index=0 actual_bits=0xbee00000 expected_bits=0xbed00000 mismatch_count=146 max_abs=0.25 max_rel=1.21154 max_ulp=1988100097
CHECKPOINT row=4 layer=17 checkpoint=CP3-F object=layer_attn_state_kv result=MISMATCH element_count=65536 first_mismatch_index=8192 actual_bits=0x3ba71d28 expected_bits=0x3b9e7080 mismatch_count=2560 max_abs=0.0052537 max_rel=1.21076 max_ulp=1918249985
CHECKPOINT row=4 layer=17 checkpoint=CP3-F object=layer_attn_state_score result=MISMATCH element_count=65536 first_mismatch_index=8192 actual_bits=0x3e92f626 expected_bits=0x3e92ffcd mismatch_count=2560 max_abs=0.0109352 max_rel=1.30183 max_ulp=1956381057
CHECKPOINT row=4 layer=17 checkpoint=CP3-F object=layer_n_comp result=EXACT element_count=1 mismatch_count=0
CHECKPOINT row=4 layer=17 checkpoint=CP3-F object=attn_emitted_row_count result=EXACT element_count=1 mismatch_count=0
CHECKPOINT row=4 layer=17 checkpoint=CP4 object=post_attention_hidden_state result=MISMATCH element_count=16384 first_mismatch_index=0 actual_bits=0xbae9e280 expected_bits=0xbae69eb8 mismatch_count=16384 max_abs=0.0185841 max_rel=1.82076 max_ulp=2000569019
CHECKPOINT row=4 layer=17 checkpoint=CP5 object=final_layer_hidden_state result=MISMATCH element_count=16384 first_mismatch_index=0 actual_bits=0x3c085423 expected_bits=0x3c089464 mismatch_count=16384 max_abs=0.0354083 max_rel=1.99949 max_ulp=2003590710
CHECKPOINT row=4 layer=18 checkpoint=CP1 object=normalized_attention_input result=MISMATCH element_count=4096 first_mismatch_index=0 actual_bits=0x3bced099 expected_bits=0x3bd94091 mismatch_count=4096 max_abs=0.024258 max_rel=1.71518 max_ulp=1943688645
CHECKPOINT row=4 layer=18 checkpoint=CP2-Q object=q_projection result=MISMATCH element_count=1024 first_mismatch_index=0 actual_bits=0xbd8f42ee expected_bits=0xbd8fe094 mismatch_count=1024 max_abs=0.00253232 max_rel=1.15524 max_ulp=1927985921
CHECKPOINT row=4 layer=18 checkpoint=CP2-KV-P object=kv_projection result=MISMATCH element_count=512 first_mismatch_index=0 actual_bits=0x3e4a3c37 expected_bits=0x3e495356 mismatch_count=512 max_abs=0.00350023 max_rel=0.775414 max_ulp=17835384
CHECKPOINT row=4 layer=18 checkpoint=CP2-KV-R object=raw_kv_row result=MISMATCH element_count=512 first_mismatch_index=2 actual_bits=0xbc700000 expected_bits=0xbb600000 mismatch_count=159 max_abs=0.125 max_rel=0.766667 max_ulp=17825792
CHECKPOINT row=4 layer=18 checkpoint=CP3-F object=layer_attn_state_kv result=MISMATCH element_count=8192 first_mismatch_index=0 actual_bits=0xbc627954 expected_bits=0xbc63238c mismatch_count=8192 max_abs=0.00231647 max_rel=1.88914 max_ulp=1955988737
CHECKPOINT row=4 layer=18 checkpoint=CP3-F object=layer_attn_state_score result=MISMATCH element_count=8192 first_mismatch_index=0 actual_bits=0x3f37ba90 expected_bits=0x3f37d8ae mismatch_count=8192 max_abs=0.0192709 max_rel=0.930581 max_ulp=32383968
CHECKPOINT row=4 layer=18 checkpoint=CP3-F object=layer_n_comp result=EXACT element_count=1 mismatch_count=0
CHECKPOINT row=4 layer=18 checkpoint=CP3-F object=attn_emitted_row_count result=EXACT element_count=1 mismatch_count=0
CHECKPOINT row=4 layer=18 checkpoint=CP3-F object=layer_index_state_kv result=MISMATCH element_count=2048 first_mismatch_index=0 actual_bits=0x3d51cad3 expected_bits=0x3d51dee0 mismatch_count=2048 max_abs=0.00604138 max_rel=1.61928 max_ulp=1940613889
CHECKPOINT row=4 layer=18 checkpoint=CP3-F object=layer_index_state_score result=MISMATCH element_count=2048 first_mismatch_index=0 actual_bits=0x3f995ec1 expected_bits=0x3f997072 mismatch_count=2048 max_abs=0.0247657 max_rel=0.807425 max_ulp=19493280
CHECKPOINT row=4 layer=18 checkpoint=CP3-F object=layer_n_index_comp result=EXACT element_count=1 mismatch_count=0
CHECKPOINT row=4 layer=18 checkpoint=CP3-F object=index_emitted_row_count result=EXACT element_count=1 mismatch_count=0
CHECKPOINT row=4 layer=18 checkpoint=CP4 object=post_attention_hidden_state result=MISMATCH element_count=16384 first_mismatch_index=0 actual_bits=0x3c92e502 expected_bits=0x3c9709d4 mismatch_count=16384 max_abs=0.0343702 max_rel=1.8363 max_ulp=2016057156
CHECKPOINT row=4 layer=18 checkpoint=CP5 object=final_layer_hidden_state result=MISMATCH element_count=16384 first_mismatch_index=0 actual_bits=0x3dbdc50c expected_bits=0x3dbef5b2 mismatch_count=16384 max_abs=0.0373916 max_rel=1.75849 max_ulp=2026409552
CHECKPOINT row=4 layer=19 checkpoint=CP1 object=normalized_attention_input result=MISMATCH element_count=4096 first_mismatch_index=0 actual_bits=0x3d5a624a expected_bits=0x3d5bbfc9 mismatch_count=4096 max_abs=0.00107956 max_rel=1.72126 max_ulp=1933385895
CHECKPOINT row=4 layer=19 checkpoint=CP2-Q object=q_projection result=MISMATCH element_count=1024 first_mismatch_index=0 actual_bits=0xbbec3964 expected_bits=0xbbd88cc4 mismatch_count=1024 max_abs=0.0014482 max_rel=1.91014 max_ulp=1939510993
CHECKPOINT row=4 layer=19 checkpoint=CP2-KV-P object=kv_projection result=MISMATCH element_count=512 first_mismatch_index=0 actual_bits=0xbcce18f5 expected_bits=0xbcce8704 mismatch_count=512 max_abs=0.00174819 max_rel=1.09172 max_ulp=1924819233
CHECKPOINT row=4 layer=19 checkpoint=CP2-KV-R object=raw_kv_row result=MISMATCH element_count=512 first_mismatch_index=6 actual_bits=0xbdb00000 expected_bits=0xbda00000 mismatch_count=131 max_abs=0.125 max_rel=1.09028 max_ulp=1986002945
CHECKPOINT row=4 layer=19 checkpoint=CP3-F object=layer_attn_state_kv result=MISMATCH element_count=65536 first_mismatch_index=8192 actual_bits=0xbb7f5270 expected_bits=0xbb802cc0 mismatch_count=2560 max_abs=0.00163463 max_rel=1.95257 max_ulp=1939707873
CHECKPOINT row=4 layer=19 checkpoint=CP3-F object=layer_attn_state_score result=MISMATCH element_count=65536 first_mismatch_index=8192 actual_bits=0x3d3e4291 expected_bits=0x3d3e9bde mismatch_count=2560 max_abs=0.0066011 max_rel=1.91522 max_ulp=1967718369
CHECKPOINT row=4 layer=19 checkpoint=CP3-F object=layer_n_comp result=EXACT element_count=1 mismatch_count=0
CHECKPOINT row=4 layer=19 checkpoint=CP3-F object=attn_emitted_row_count result=EXACT element_count=1 mismatch_count=0
CHECKPOINT row=4 layer=19 checkpoint=CP4 object=post_attention_hidden_state result=MISMATCH element_count=16384 first_mismatch_index=0 actual_bits=0x3dd1868c expected_bits=0x3dd2d68e mismatch_count=16383 max_abs=0.0499656 max_rel=1.9174 max_ulp=2016967100
CHECKPOINT row=4 layer=19 checkpoint=CP5 object=final_layer_hidden_state result=MISMATCH element_count=16384 first_mismatch_index=0 actual_bits=0x3dd42060 expected_bits=0x3dd56a27 mismatch_count=16384 max_abs=0.0471587 max_rel=1.84202 max_ulp=2010626968
CHECKPOINT row=4 layer=20 checkpoint=CP1 object=normalized_attention_input result=MISMATCH element_count=4096 first_mismatch_index=0 actual_bits=0x3dcc1e1f expected_bits=0x3dcd299d mismatch_count=4096 max_abs=0.00197316 max_rel=1.81939 max_ulp=1932380773
CHECKPOINT row=4 layer=20 checkpoint=CP2-Q object=q_projection result=MISMATCH element_count=1024 first_mismatch_index=0 actual_bits=0x3c8a737e expected_bits=0x3c8e3f1f mismatch_count=1024 max_abs=0.00238039 max_rel=1.46235 max_ulp=1924004993
CHECKPOINT row=4 layer=20 checkpoint=CP2-KV-P object=kv_projection result=MISMATCH element_count=512 first_mismatch_index=0 actual_bits=0xbe5f0c40 expected_bits=0xbe5edd62 mismatch_count=512 max_abs=0.00212982 max_rel=1.78879 max_ulp=1948614257
CHECKPOINT row=4 layer=20 checkpoint=CP2-KV-R object=raw_kv_row result=MISMATCH element_count=512 first_mismatch_index=3 actual_bits=0xbf900000 expected_bits=0xbfa00000 mismatch_count=150 max_abs=0.125 max_rel=1.78571 max_ulp=2005925889
CHECKPOINT row=4 layer=20 checkpoint=CP3-F object=layer_attn_state_kv result=MISMATCH element_count=8192 first_mismatch_index=0 actual_bits=0xbdc0dbd4 expected_bits=0xbdc0f728 mismatch_count=8192 max_abs=0.00303566 max_rel=1.89227 max_ulp=1949172301
CHECKPOINT row=4 layer=20 checkpoint=CP3-F object=layer_attn_state_score result=MISMATCH element_count=8192 first_mismatch_index=0 actual_bits=0xbf84b8ef expected_bits=0xbf84a8dc mismatch_count=8192 max_abs=0.0116334 max_rel=1.75009 max_ulp=1976919105
CHECKPOINT row=4 layer=20 checkpoint=CP3-F object=layer_n_comp result=EXACT element_count=1 mismatch_count=0
CHECKPOINT row=4 layer=20 checkpoint=CP3-F object=attn_emitted_row_count result=EXACT element_count=1 mismatch_count=0
CHECKPOINT row=4 layer=20 checkpoint=CP3-F object=layer_index_state_kv result=MISMATCH element_count=2048 first_mismatch_index=0 actual_bits=0xbb5e7684 expected_bits=0xbb595dc0 mismatch_count=2048 max_abs=0.00313997 max_rel=1.45945 max_ulp=1956953793
CHECKPOINT row=4 layer=20 checkpoint=CP3-F object=layer_index_state_score result=MISMATCH element_count=2048 first_mismatch_index=0 actual_bits=0xbf6fa4dd expected_bits=0xbf6f8a2d mismatch_count=2048 max_abs=0.015101 max_rel=0.222537 max_ulp=2898944
CHECKPOINT row=4 layer=20 checkpoint=CP3-F object=layer_n_index_comp result=EXACT element_count=1 mismatch_count=0
CHECKPOINT row=4 layer=20 checkpoint=CP3-F object=index_emitted_row_count result=EXACT element_count=1 mismatch_count=0
CHECKPOINT row=4 layer=20 checkpoint=CP4 object=post_attention_hidden_state result=MISMATCH element_count=16384 first_mismatch_index=0 actual_bits=0xbd80ef44 expected_bits=0xbd7c207a mismatch_count=16384 max_abs=0.0420599 max_rel=1.9589 max_ulp=2013905949
CHECKPOINT row=4 layer=20 checkpoint=CP5 object=final_layer_hidden_state result=MISMATCH element_count=16384 first_mismatch_index=0 actual_bits=0xbe49c267 expected_bits=0xbe484cfe mismatch_count=16384 max_abs=0.0441108 max_rel=1.99997 max_ulp=2019216344
CHECKPOINT row=4 layer=21 checkpoint=CP1 object=normalized_attention_input result=MISMATCH element_count=4096 first_mismatch_index=0 actual_bits=0x3bd66f5f expected_bits=0x3be1929f mismatch_count=4096 max_abs=0.00101382 max_rel=1.76754 max_ulp=1923519538
CHECKPOINT row=4 layer=21 checkpoint=CP2-Q object=q_projection result=MISMATCH element_count=1024 first_mismatch_index=0 actual_bits=0xbdcc398c expected_bits=0xbdccf7f8 mismatch_count=1024 max_abs=0.00140586 max_rel=1.15454 max_ulp=1910335297
CHECKPOINT row=4 layer=21 checkpoint=CP2-KV-P object=kv_projection result=MISMATCH element_count=512 first_mismatch_index=0 actual_bits=0x3d59a002 expected_bits=0x3d5bd1c3 mismatch_count=512 max_abs=0.00148813 max_rel=0.914113 max_ulp=29842624
CHECKPOINT row=4 layer=21 checkpoint=CP2-KV-R object=raw_kv_row result=MISMATCH element_count=512 first_mismatch_index=2 actual_bits=0x3f500000 expected_bits=0x3f600000 mismatch_count=113 max_abs=0.125 max_rel=0.916667 max_ulp=29360128
CHECKPOINT row=4 layer=21 checkpoint=CP3-F object=layer_attn_state_kv result=MISMATCH element_count=65536 first_mismatch_index=8192 actual_bits=0x3b9d2950 expected_bits=0x3b9baa58 mismatch_count=2560 max_abs=0.00190049 max_rel=1.60378 max_ulp=1911312385
CHECKPOINT row=4 layer=21 checkpoint=CP3-F object=layer_attn_state_score result=MISMATCH element_count=65536 first_mismatch_index=8192 actual_bits=0x3e7ff990 expected_bits=0x3e80048c mismatch_count=2559 max_abs=0.0024514 max_rel=1.28285 max_ulp=1927172609
CHECKPOINT row=4 layer=21 checkpoint=CP3-F object=layer_n_comp result=EXACT element_count=1 mismatch_count=0
CHECKPOINT row=4 layer=21 checkpoint=CP3-F object=attn_emitted_row_count result=EXACT element_count=1 mismatch_count=0
CHECKPOINT row=4 layer=21 checkpoint=CP4 object=post_attention_hidden_state result=MISMATCH element_count=16384 first_mismatch_index=0 actual_bits=0xbce5c026 expected_bits=0xbcc7bb11 mismatch_count=16383 max_abs=0.0478672 max_rel=1.81357 max_ulp=2019626652
CHECKPOINT row=4 layer=21 checkpoint=CP5 object=final_layer_hidden_state result=MISMATCH element_count=16384 first_mismatch_index=0 actual_bits=0xbd7236cd expected_bits=0xbd658aac mismatch_count=16383 max_abs=0.0472349 max_rel=1.99833 max_ulp=2025420906
CHECKPOINT row=4 layer=22 checkpoint=CP1 object=normalized_attention_input result=MISMATCH element_count=4096 first_mismatch_index=0 actual_bits=0x3cff9636 expected_bits=0x3d030ceb mismatch_count=4096 max_abs=0.00614119 max_rel=1.58349 max_ulp=1936796893
CHECKPOINT row=4 layer=22 checkpoint=CP2-Q object=q_projection result=MISMATCH element_count=1024 first_mismatch_index=0 actual_bits=0xbe322b80 expected_bits=0xbe30e814 mismatch_count=1024 max_abs=0.00333029 max_rel=1.12494 max_ulp=1895925761
CHECKPOINT row=4 layer=22 checkpoint=CP2-KV-P object=kv_projection result=MISMATCH element_count=512 first_mismatch_index=0 actual_bits=0xbe5af0f0 expected_bits=0xbe5a654e mismatch_count=512 max_abs=0.00327599 max_rel=1.71862 max_ulp=1958900113
CHECKPOINT row=4 layer=22 checkpoint=CP2-KV-R object=raw_kv_row result=MISMATCH element_count=512 first_mismatch_index=15 actual_bits=0xbea00000 expected_bits=0xbeb00000 mismatch_count=124 max_abs=0.125 max_rel=1.72222 max_ulp=1994391553
CHECKPOINT row=4 layer=22 checkpoint=CP3-F object=layer_attn_state_kv result=MISMATCH element_count=8192 first_mismatch_index=0 actual_bits=0xbde7f544 expected_bits=0xbde7ff4b mismatch_count=8192 max_abs=0.00297749 max_rel=1.65349 max_ulp=1945706817
CHECKPOINT row=4 layer=22 checkpoint=CP3-F object=layer_attn_state_score result=MISMATCH element_count=8192 first_mismatch_index=0 actual_bits=0xbfe4a635 expected_bits=0xbfe499dc mismatch_count=8192 max_abs=0.0193084 max_rel=1.49517 max_ulp=1967976705
CHECKPOINT row=4 layer=22 checkpoint=CP3-F object=layer_n_comp result=EXACT element_count=1 mismatch_count=0
CHECKPOINT row=4 layer=22 checkpoint=CP3-F object=attn_emitted_row_count result=EXACT element_count=1 mismatch_count=0
CHECKPOINT row=4 layer=22 checkpoint=CP3-F object=layer_index_state_kv result=MISMATCH element_count=2048 first_mismatch_index=0 actual_bits=0x3e334467 expected_bits=0x3e3322b1 mismatch_count=2048 max_abs=0.0080595 max_rel=1.40268 max_ulp=1969262721
CHECKPOINT row=4 layer=22 checkpoint=CP3-F object=layer_index_state_score result=MISMATCH element_count=2048 first_mismatch_index=0 actual_bits=0xc0095cee expected_bits=0xc0095a52 mismatch_count=2048 max_abs=0.0205104 max_rel=0.772235 max_ulp=17815040
CHECKPOINT row=4 layer=22 checkpoint=CP3-F object=layer_n_index_comp result=EXACT element_count=1 mismatch_count=0
CHECKPOINT row=4 layer=22 checkpoint=CP3-F object=index_emitted_row_count result=EXACT element_count=1 mismatch_count=0
CHECKPOINT row=4 layer=22 checkpoint=CP4 object=post_attention_hidden_state result=MISMATCH element_count=16384 first_mismatch_index=0 actual_bits=0x3e0eea64 expected_bits=0x3e128f99 mismatch_count=16384 max_abs=0.0452542 max_rel=1.98639 max_ulp=2019413687
CHECKPOINT row=4 layer=22 checkpoint=CP5 object=final_layer_hidden_state result=MISMATCH element_count=16384 first_mismatch_index=0 actual_bits=0x3dcba439 expected_bits=0x3dd21967 mismatch_count=16384 max_abs=0.0501482 max_rel=1.94784 max_ulp=2013218512
CHECKPOINT row=4 layer=23 checkpoint=CP1 object=normalized_attention_input result=MISMATCH element_count=4096 first_mismatch_index=0 actual_bits=0x3c5780c0 expected_bits=0x3c592db9 mismatch_count=4096 max_abs=0.00124671 max_rel=1.908 max_ulp=1938054311
CHECKPOINT row=4 layer=23 checkpoint=CP2-Q object=q_projection result=MISMATCH element_count=1024 first_mismatch_index=0 actual_bits=0x3e532760 expected_bits=0x3e530832 mismatch_count=1024 max_abs=0.00257657 max_rel=1.8524 max_ulp=1928618817
CHECKPOINT row=4 layer=23 checkpoint=CP2-KV-P object=kv_projection result=MISMATCH element_count=512 first_mismatch_index=0 actual_bits=0xbd4ad4e8 expected_bits=0xbd488af5 mismatch_count=512 max_abs=0.00239843 max_rel=1.05513 max_ulp=1906062785
CHECKPOINT row=4 layer=23 checkpoint=CP2-KV-R object=raw_kv_row result=MISMATCH element_count=512 first_mismatch_index=3 actual_bits=0x3fc00000 expected_bits=0x3fd00000 mismatch_count=103 max_abs=0.125 max_rel=1.05625 max_ulp=1949302785
CHECKPOINT row=4 layer=23 checkpoint=CP3-F object=layer_attn_state_kv result=MISMATCH element_count=65536 first_mismatch_index=8192 actual_bits=0x3e4b28ac expected_bits=0x3e4b3152 mismatch_count=2560 max_abs=0.00142501 max_rel=1.19189 max_ulp=1920664577
CHECKPOINT row=4 layer=23 checkpoint=CP3-F object=layer_attn_state_score result=MISMATCH element_count=65536 first_mismatch_index=8192 actual_bits=0xbdb64bc1 expected_bits=0xbdb54478 mismatch_count=2560 max_abs=0.00278893 max_rel=1.64374 max_ulp=1947967393
CHECKPOINT row=4 layer=23 checkpoint=CP3-F object=layer_n_comp result=EXACT element_count=1 mismatch_count=0
CHECKPOINT row=4 layer=23 checkpoint=CP3-F object=attn_emitted_row_count result=EXACT element_count=1 mismatch_count=0
CHECKPOINT row=4 layer=23 checkpoint=CP4 object=post_attention_hidden_state result=MISMATCH element_count=16384 first_mismatch_index=0 actual_bits=0x3dadf3eb expected_bits=0x3db3eb19 mismatch_count=16384 max_abs=0.0482833 max_rel=1.98863 max_ulp=2016121079
CHECKPOINT row=4 layer=23 checkpoint=CP5 object=final_layer_hidden_state result=MISMATCH element_count=16384 first_mismatch_index=0 actual_bits=0x3e080311 expected_bits=0x3e0baa9a mismatch_count=16384 max_abs=0.047116 max_rel=1.89167 max_ulp=2012171347
CHECKPOINT row=4 layer=24 checkpoint=CP1 object=normalized_attention_input result=MISMATCH element_count=4096 first_mismatch_index=0 actual_bits=0x3cb94b33 expected_bits=0x3cbde0fc mismatch_count=4096 max_abs=0.00862801 max_rel=1.85779 max_ulp=1944333185
CHECKPOINT row=4 layer=24 checkpoint=CP2-Q object=q_projection result=MISMATCH element_count=1024 first_mismatch_index=0 actual_bits=0xbeda375b expected_bits=0xbedb4e12 mismatch_count=1024 max_abs=0.00285521 max_rel=1.79983 max_ulp=1954984929
CHECKPOINT row=4 layer=24 checkpoint=CP2-KV-P object=kv_projection result=MISMATCH element_count=512 first_mismatch_index=0 actual_bits=0xbe29fb89 expected_bits=0xbe29bc71 mismatch_count=512 max_abs=0.00374303 max_rel=1.65613 max_ulp=1932716545
CHECKPOINT row=4 layer=24 checkpoint=CP2-KV-R object=raw_kv_row result=MISMATCH element_count=512 first_mismatch_index=2 actual_bits=0x3d100000 expected_bits=0x3d200000 mismatch_count=132 max_abs=0.125 max_rel=1.65 max_ulp=1961885697
CHECKPOINT row=4 layer=24 checkpoint=CP3-F object=layer_attn_state_kv result=MISMATCH element_count=8192 first_mismatch_index=0 actual_bits=0xbe5a5b12 expected_bits=0xbe5a5cb7 mismatch_count=8190 max_abs=0.00467698 max_rel=1.8102 max_ulp=1940100289
CHECKPOINT row=4 layer=24 checkpoint=CP3-F object=layer_attn_state_score result=MISMATCH element_count=8192 first_mismatch_index=0 actual_bits=0xc011b153 expected_bits=0xc011a085 mismatch_count=8192 max_abs=0.0129933 max_rel=1.22653 max_ulp=1981148673
CHECKPOINT row=4 layer=24 checkpoint=CP3-F object=layer_n_comp result=EXACT element_count=1 mismatch_count=0
CHECKPOINT row=4 layer=24 checkpoint=CP3-F object=attn_emitted_row_count result=EXACT element_count=1 mismatch_count=0
CHECKPOINT row=4 layer=24 checkpoint=CP3-F object=layer_index_state_kv result=MISMATCH element_count=2048 first_mismatch_index=0 actual_bits=0xbdb2dc1c expected_bits=0xbdb330f4 mismatch_count=2048 max_abs=0.00469811 max_rel=0.724096 max_ulp=15407216
CHECKPOINT row=4 layer=24 checkpoint=CP3-F object=layer_index_state_score result=MISMATCH element_count=2048 first_mismatch_index=0 actual_bits=0xc0084a26 expected_bits=0xc008399b mismatch_count=2048 max_abs=0.0130014 max_rel=0.818973 max_ulp=20089344
CHECKPOINT row=4 layer=24 checkpoint=CP3-F object=layer_n_index_comp result=EXACT element_count=1 mismatch_count=0
CHECKPOINT row=4 layer=24 checkpoint=CP3-F object=index_emitted_row_count result=EXACT element_count=1 mismatch_count=0
CHECKPOINT row=4 layer=24 checkpoint=CP4 object=post_attention_hidden_state result=MISMATCH element_count=16384 first_mismatch_index=0 actual_bits=0xbcb90d67 expected_bits=0xbcdb35f3 mismatch_count=16384 max_abs=0.0542755 max_rel=1.95016 max_ulp=2031191030
CHECKPOINT row=4 layer=24 checkpoint=CP5 object=final_layer_hidden_state result=MISMATCH element_count=16384 first_mismatch_index=0 actual_bits=0xbe89b10c expected_bits=0xbe8adb58 mismatch_count=16384 max_abs=0.056462 max_rel=1.81345 max_ulp=2019759493
CHECKPOINT row=4 layer=25 checkpoint=CP1 object=normalized_attention_input result=MISMATCH element_count=4096 first_mismatch_index=0 actual_bits=0x3c5953b1 expected_bits=0x3c5a547a mismatch_count=4096 max_abs=0.000308536 max_rel=1.81886 max_ulp=1895664576
CHECKPOINT row=4 layer=25 checkpoint=CP2-Q object=q_projection result=MISMATCH element_count=1024 first_mismatch_index=0 actual_bits=0x3cb70fec expected_bits=0x3cb64543 mismatch_count=1024 max_abs=0.000444271 max_rel=0.460655 max_ulp=7436992
CHECKPOINT row=4 layer=25 checkpoint=CP2-KV-P object=kv_projection result=MISMATCH element_count=512 first_mismatch_index=0 actual_bits=0x3bbba8a8 expected_bits=0x3bc1c968 mismatch_count=512 max_abs=0.000402741 max_rel=0.247894 max_ulp=3204544
CHECKPOINT row=4 layer=25 checkpoint=CP2-KV-R object=raw_kv_row result=MISMATCH element_count=512 first_mismatch_index=0 actual_bits=0x3db00000 expected_bits=0x3dc00000 mismatch_count=90 max_abs=0.125 max_rel=0.3 max_ulp=4194304
CHECKPOINT row=4 layer=25 checkpoint=CP3-F object=layer_attn_state_kv result=MISMATCH element_count=65536 first_mismatch_index=8192 actual_bits=0x3d92a8c9 expected_bits=0x3d92b538 mismatch_count=2560 max_abs=0.000656679 max_rel=1.39769 max_ulp=1857667585
CHECKPOINT row=4 layer=25 checkpoint=CP3-F object=layer_attn_state_score result=MISMATCH element_count=65536 first_mismatch_index=8192 actual_bits=0xbd07dd10 expected_bits=0xbd07f85b mismatch_count=2560 max_abs=0.00129217 max_rel=1.45141 max_ulp=1935692801
CHECKPOINT row=4 layer=25 checkpoint=CP3-F object=layer_n_comp result=EXACT element_count=1 mismatch_count=0
CHECKPOINT row=4 layer=25 checkpoint=CP3-F object=attn_emitted_row_count result=EXACT element_count=1 mismatch_count=0
CHECKPOINT row=4 layer=25 checkpoint=CP4 object=post_attention_hidden_state result=MISMATCH element_count=16384 first_mismatch_index=0 actual_bits=0xbe83927a expected_bits=0xbe8504ba mismatch_count=16382 max_abs=0.106265 max_rel=1.92396 max_ulp=2025549497
CHECKPOINT row=4 layer=25 checkpoint=CP5 object=final_layer_hidden_state result=MISMATCH element_count=16384 first_mismatch_index=0 actual_bits=0x3f030b0a expected_bits=0x3f033c4d mismatch_count=16383 max_abs=0.104154 max_rel=1.92617 max_ulp=2033325940
CHECKPOINT row=4 layer=26 checkpoint=CP1 object=normalized_attention_input result=MISMATCH element_count=4096 first_mismatch_index=0 actual_bits=0x3ca8b176 expected_bits=0x3ca88bb4 mismatch_count=4096 max_abs=0.0178528 max_rel=1.49099 max_ulp=1929479097
CHECKPOINT row=4 layer=26 checkpoint=CP2-Q object=q_projection result=MISMATCH element_count=1024 first_mismatch_index=0 actual_bits=0x3d96d948 expected_bits=0x3d9771df mismatch_count=1024 max_abs=0.00162915 max_rel=0.588647 max_ulp=10960864
CHECKPOINT row=4 layer=26 checkpoint=CP2-KV-P object=kv_projection result=MISMATCH element_count=512 first_mismatch_index=0 actual_bits=0x3d85aff0 expected_bits=0x3d86543c mismatch_count=512 max_abs=0.00115686 max_rel=1.79425 max_ulp=1941593601
CHECKPOINT row=4 layer=26 checkpoint=CP2-KV-R object=raw_kv_row result=MISMATCH element_count=512 first_mismatch_index=1 actual_bits=0xbe200000 expected_bits=0xbe100000 mismatch_count=107 max_abs=0.125 max_rel=1.8125 max_ulp=1993342977
CHECKPOINT row=4 layer=26 checkpoint=CP3-F object=layer_attn_state_kv result=MISMATCH element_count=8192 first_mismatch_index=0 actual_bits=0xbe8c7f7b expected_bits=0xbe8c7bee mismatch_count=8192 max_abs=0.00206667 max_rel=1.64837 max_ulp=1927717121
CHECKPOINT row=4 layer=26 checkpoint=CP3-F object=layer_attn_state_score result=MISMATCH element_count=8192 first_mismatch_index=0 actual_bits=0x3e189134 expected_bits=0x3e1b5d1c mismatch_count=8192 max_abs=0.0148124 max_rel=1.23851 max_ulp=1968089601
CHECKPOINT row=4 layer=26 checkpoint=CP3-F object=layer_n_comp result=EXACT element_count=1 mismatch_count=0
CHECKPOINT row=4 layer=26 checkpoint=CP3-F object=attn_emitted_row_count result=EXACT element_count=1 mismatch_count=0
CHECKPOINT row=4 layer=26 checkpoint=CP3-F object=layer_index_state_kv result=MISMATCH element_count=2048 first_mismatch_index=0 actual_bits=0x3de7c649 expected_bits=0x3de78c8e mismatch_count=2048 max_abs=0.00259209 max_rel=1.96127 max_ulp=1915806049
CHECKPOINT row=4 layer=26 checkpoint=CP3-F object=layer_index_state_score result=MISMATCH element_count=2048 first_mismatch_index=0 actual_bits=0x3e48d18f expected_bits=0x3e4bf380 mismatch_count=2048 max_abs=0.0188773 max_rel=1.76626 max_ulp=1976339553
CHECKPOINT row=4 layer=26 checkpoint=CP3-F object=layer_n_index_comp result=EXACT element_count=1 mismatch_count=0
CHECKPOINT row=4 layer=26 checkpoint=CP3-F object=index_emitted_row_count result=EXACT element_count=1 mismatch_count=0
CHECKPOINT row=4 layer=26 checkpoint=CP4 object=post_attention_hidden_state result=MISMATCH element_count=16384 first_mismatch_index=0 actual_bits=0x3ef8e8c9 expected_bits=0x3ef94b19 mismatch_count=16384 max_abs=0.101912 max_rel=1.96468 max_ulp=2037412957
CHECKPOINT row=4 layer=26 checkpoint=CP5 object=final_layer_hidden_state result=MISMATCH element_count=16384 first_mismatch_index=0 actual_bits=0x3f81f551 expected_bits=0x3f828182 mismatch_count=16383 max_abs=0.0994542 max_rel=1.99829 max_ulp=2032605633
CHECKPOINT row=4 layer=27 checkpoint=CP1 object=normalized_attention_input result=MISMATCH element_count=4096 first_mismatch_index=0 actual_bits=0x3ce6b4ff expected_bits=0x3ce6135e mismatch_count=4096 max_abs=0.000927944 max_rel=1.96387 max_ulp=1928150749
CHECKPOINT row=4 layer=27 checkpoint=CP2-Q object=q_projection result=MISMATCH element_count=1024 first_mismatch_index=0 actual_bits=0xbae67280 expected_bits=0xbab2dd80 mismatch_count=1024 max_abs=0.00137993 max_rel=1.55647 max_ulp=1909573761
CHECKPOINT row=4 layer=27 checkpoint=CP2-KV-P object=kv_projection result=MISMATCH element_count=512 first_mismatch_index=0 actual_bits=0xbd87a27a expected_bits=0xbd87aa7d mismatch_count=512 max_abs=0.0013673 max_rel=1.48241 max_ulp=1939024897
CHECKPOINT row=4 layer=27 checkpoint=CP2-KV-R object=raw_kv_row result=MISMATCH element_count=512 first_mismatch_index=19 actual_bits=0xbdb00000 expected_bits=0xbdc00000 mismatch_count=118 max_abs=0.125 max_rel=1.45833 max_ulp=1995440129
CHECKPOINT row=4 layer=27 checkpoint=CP3-F object=layer_attn_state_kv result=MISMATCH element_count=65536 first_mismatch_index=8192 actual_bits=0xbc941f51 expected_bits=0xbc92c48a mismatch_count=2560 max_abs=0.00110838 max_rel=1.32642 max_ulp=1922050049
CHECKPOINT row=4 layer=27 checkpoint=CP3-F object=layer_attn_state_score result=MISMATCH element_count=65536 first_mismatch_index=8192 actual_bits=0xbde74f92 expected_bits=0xbde81cc7 mismatch_count=2559 max_abs=0.00362223 max_rel=1.26836 max_ulp=1933839233
CHECKPOINT row=4 layer=27 checkpoint=CP3-F object=layer_n_comp result=EXACT element_count=1 mismatch_count=0
CHECKPOINT row=4 layer=27 checkpoint=CP3-F object=attn_emitted_row_count result=EXACT element_count=1 mismatch_count=0
CHECKPOINT row=4 layer=27 checkpoint=CP4 object=post_attention_hidden_state result=MISMATCH element_count=16384 first_mismatch_index=0 actual_bits=0x3fae4583 expected_bits=0x3fae116b mismatch_count=16384 max_abs=0.0978434 max_rel=1.96816 max_ulp=2028314212
CHECKPOINT row=4 layer=27 checkpoint=CP5 object=final_layer_hidden_state result=MISMATCH element_count=16384 first_mismatch_index=0 actual_bits=0x4001c60f expected_bits=0x4001f870 mismatch_count=16384 max_abs=0.0960312 max_rel=1.9796 max_ulp=2024978986
CHECKPOINT row=4 layer=28 checkpoint=CP1 object=normalized_attention_input result=MISMATCH element_count=4096 first_mismatch_index=0 actual_bits=0x3dccc26c expected_bits=0x3dcd1f4e mismatch_count=4096 max_abs=0.00589514 max_rel=1.59505 max_ulp=1919964522
CHECKPOINT row=4 layer=28 checkpoint=CP2-Q object=q_projection result=MISMATCH element_count=1024 first_mismatch_index=0 actual_bits=0x3d4f1008 expected_bits=0x3d5109d4 mismatch_count=1024 max_abs=0.00172967 max_rel=1.75061 max_ulp=1932635585
CHECKPOINT row=4 layer=28 checkpoint=CP2-KV-P object=kv_projection result=MISMATCH element_count=512 first_mismatch_index=0 actual_bits=0x3c45bbfc expected_bits=0x3c42dd44 mismatch_count=512 max_abs=0.00190631 max_rel=0.730958 max_ulp=16016640
CHECKPOINT row=4 layer=28 checkpoint=CP2-KV-R object=raw_kv_row result=MISMATCH element_count=512 first_mismatch_index=0 actual_bits=0x3dc00000 expected_bits=0x3db00000 mismatch_count=131 max_abs=0.125 max_rel=0.722222 max_ulp=15728640
CHECKPOINT row=4 layer=28 checkpoint=CP3-F object=layer_attn_state_kv result=MISMATCH element_count=8192 first_mismatch_index=0 actual_bits=0x3d88c6bc expected_bits=0x3d889c58 mismatch_count=8192 max_abs=0.00165541 max_rel=1.23153 max_ulp=1917241729
CHECKPOINT row=4 layer=28 checkpoint=CP3-F object=layer_attn_state_score result=MISMATCH element_count=8192 first_mismatch_index=0 actual_bits=0x3fbe9be4 expected_bits=0x3fbeed46 mismatch_count=8191 max_abs=0.00905037 max_rel=0.350308 max_ulp=4986208
CHECKPOINT row=4 layer=28 checkpoint=CP3-F object=layer_n_comp result=EXACT element_count=1 mismatch_count=0
CHECKPOINT row=4 layer=28 checkpoint=CP3-F object=attn_emitted_row_count result=EXACT element_count=1 mismatch_count=0
CHECKPOINT row=4 layer=28 checkpoint=CP3-F object=layer_index_state_kv result=MISMATCH element_count=2048 first_mismatch_index=0 actual_bits=0xbe608b67 expected_bits=0xbe60a306 mismatch_count=2047 max_abs=0.00230969 max_rel=1.09027 max_ulp=1911073153
CHECKPOINT row=4 layer=28 checkpoint=CP3-F object=layer_index_state_score result=MISMATCH element_count=2048 first_mismatch_index=0 actual_bits=0x3fc0c15a expected_bits=0x3fc119af mismatch_count=2048 max_abs=0.00965869 max_rel=0.0396243 max_ulp=615200
CHECKPOINT row=4 layer=28 checkpoint=CP3-F object=layer_n_index_comp result=EXACT element_count=1 mismatch_count=0
CHECKPOINT row=4 layer=28 checkpoint=CP3-F object=index_emitted_row_count result=EXACT element_count=1 mismatch_count=0
CHECKPOINT row=4 layer=28 checkpoint=CP4 object=post_attention_hidden_state result=MISMATCH element_count=16384 first_mismatch_index=0 actual_bits=0x40015730 expected_bits=0x40018a97 mismatch_count=16384 max_abs=0.0917363 max_rel=1.9015 max_ulp=2026645051
CHECKPOINT row=4 layer=28 checkpoint=CP5 object=final_layer_hidden_state result=MISMATCH element_count=16384 first_mismatch_index=0 actual_bits=0x401791bf expected_bits=0x4017c903 mismatch_count=16384 max_abs=0.0907674 max_rel=1.93613 max_ulp=2037495726
CHECKPOINT row=4 layer=29 checkpoint=CP1 object=normalized_attention_input result=MISMATCH element_count=4096 first_mismatch_index=0 actual_bits=0x3c82d53b expected_bits=0x3c82a42d mismatch_count=4096 max_abs=0.000921339 max_rel=1.61864 max_ulp=1931635737
CHECKPOINT row=4 layer=29 checkpoint=CP2-Q object=q_projection result=MISMATCH element_count=1024 first_mismatch_index=0 actual_bits=0xbe10df81 expected_bits=0xbe1070d6 mismatch_count=1024 max_abs=0.00135449 max_rel=1.1696 max_ulp=1937009025
CHECKPOINT row=4 layer=29 checkpoint=CP2-KV-P object=kv_projection result=MISMATCH element_count=512 first_mismatch_index=0 actual_bits=0xbce25160 expected_bits=0xbce3c3a6 mismatch_count=512 max_abs=0.00146452 max_rel=1.43159 max_ulp=1940299553
CHECKPOINT row=4 layer=29 checkpoint=CP2-KV-R object=raw_kv_row result=MISMATCH element_count=512 first_mismatch_index=7 actual_bits=0x3f400000 expected_bits=0x3f300000 mismatch_count=122 max_abs=0.25 max_rel=1.41667 max_ulp=2004877313
CHECKPOINT row=4 layer=29 checkpoint=CP3-F object=layer_attn_state_kv result=MISMATCH element_count=65536 first_mismatch_index=8192 actual_bits=0x3e120052 expected_bits=0x3e11cda8 mismatch_count=2560 max_abs=0.00436407 max_rel=1.84865 max_ulp=1926992897
CHECKPOINT row=4 layer=29 checkpoint=CP3-F object=layer_attn_state_score result=MISMATCH element_count=65536 first_mismatch_index=8192 actual_bits=0x3dc24f60 expected_bits=0x3dc44ab8 mismatch_count=2560 max_abs=0.00582027 max_rel=1.36416 max_ulp=1966701793
CHECKPOINT row=4 layer=29 checkpoint=CP3-F object=layer_n_comp result=EXACT element_count=1 mismatch_count=0
CHECKPOINT row=4 layer=29 checkpoint=CP3-F object=attn_emitted_row_count result=EXACT element_count=1 mismatch_count=0
CHECKPOINT row=4 layer=29 checkpoint=CP4 object=post_attention_hidden_state result=MISMATCH element_count=16384 first_mismatch_index=0 actual_bits=0x40176a82 expected_bits=0x4017a30b mismatch_count=16384 max_abs=0.0764582 max_rel=1.9672 max_ulp=2030198038
CHECKPOINT row=4 layer=29 checkpoint=CP5 object=final_layer_hidden_state result=MISMATCH element_count=16384 first_mismatch_index=0 actual_bits=0x3f7f5528 expected_bits=0x3f7f0624 mismatch_count=16384 max_abs=0.0753975 max_rel=1.89228 max_ulp=2037640631
CHECKPOINT row=4 layer=30 checkpoint=CP1 object=normalized_attention_input result=MISMATCH element_count=4096 first_mismatch_index=0 actual_bits=0x3d1fda2b expected_bits=0x3d219712 mismatch_count=4096 max_abs=0.00652725 max_rel=1.99166 max_ulp=1942528093
CHECKPOINT row=4 layer=30 checkpoint=CP2-Q object=q_projection result=MISMATCH element_count=1024 first_mismatch_index=0 actual_bits=0xbdbbdfc6 expected_bits=0xbdbae3d7 mismatch_count=1024 max_abs=0.00193701 max_rel=0.730438 max_ulp=15812224
CHECKPOINT row=4 layer=30 checkpoint=CP2-KV-P object=kv_projection result=MISMATCH element_count=512 first_mismatch_index=0 actual_bits=0xbc970356 expected_bits=0xbc98812e mismatch_count=512 max_abs=0.00174534 max_rel=1.33737 max_ulp=1932573697
CHECKPOINT row=4 layer=30 checkpoint=CP2-KV-R object=raw_kv_row result=MISMATCH element_count=512 first_mismatch_index=1 actual_bits=0x3e000000 expected_bits=0x3df00000 mismatch_count=123 max_abs=0.125 max_rel=1.33333 max_ulp=1968177153
CHECKPOINT row=4 layer=30 checkpoint=CP3-F object=layer_attn_state_kv result=MISMATCH element_count=8192 first_mismatch_index=0 actual_bits=0xbca21a71 expected_bits=0xbca1f6da mismatch_count=8192 max_abs=0.00496659 max_rel=1.4961 max_ulp=1942947073
CHECKPOINT row=4 layer=30 checkpoint=CP3-F object=layer_attn_state_score result=MISMATCH element_count=8192 first_mismatch_index=0 actual_bits=0x3f4049f8 expected_bits=0x3f3fe71c mismatch_count=8192 max_abs=0.024087 max_rel=0.811413 max_ulp=19878912
CHECKPOINT row=4 layer=30 checkpoint=CP3-F object=layer_n_comp result=EXACT element_count=1 mismatch_count=0
CHECKPOINT row=4 layer=30 checkpoint=CP3-F object=attn_emitted_row_count result=EXACT element_count=1 mismatch_count=0
CHECKPOINT row=4 layer=30 checkpoint=CP3-F object=layer_index_state_kv result=MISMATCH element_count=2048 first_mismatch_index=0 actual_bits=0x3bac9784 expected_bits=0x3bb260e0 mismatch_count=2048 max_abs=0.00457585 max_rel=1.37201 max_ulp=1943764097
CHECKPOINT row=4 layer=30 checkpoint=CP3-F object=layer_index_state_score result=MISMATCH element_count=2048 first_mismatch_index=0 actual_bits=0x3eed10e6 expected_bits=0x3eebd89c mismatch_count=2048 max_abs=0.0241442 max_rel=1.03542 max_ulp=1935699969
CHECKPOINT row=4 layer=30 checkpoint=CP3-F object=layer_n_index_comp result=EXACT element_count=1 mismatch_count=0
CHECKPOINT row=4 layer=30 checkpoint=CP3-F object=index_emitted_row_count result=EXACT element_count=1 mismatch_count=0
CHECKPOINT row=4 layer=30 checkpoint=CP4 object=post_attention_hidden_state result=MISMATCH element_count=16384 first_mismatch_index=0 actual_bits=0x3f6b5f5d expected_bits=0x3f6aaa44 mismatch_count=16384 max_abs=0.15445 max_rel=1.87185 max_ulp=2033104531
CHECKPOINT row=4 layer=30 checkpoint=CP5 object=final_layer_hidden_state result=MISMATCH element_count=16384 first_mismatch_index=0 actual_bits=0x3fa10332 expected_bits=0x3fa07266 mismatch_count=16384 max_abs=0.148108 max_rel=1.97442 max_ulp=2044444060
CHECKPOINT row=4 layer=31 checkpoint=CP1 object=normalized_attention_input result=MISMATCH element_count=4096 first_mismatch_index=0 actual_bits=0x3cf3f90d expected_bits=0x3cf4a5a7 mismatch_count=4096 max_abs=0.000853326 max_rel=1.90506 max_ulp=1928122967
CHECKPOINT row=4 layer=31 checkpoint=CP2-Q object=q_projection result=MISMATCH element_count=1024 first_mismatch_index=0 actual_bits=0xbc6f8bd8 expected_bits=0xbc6f8a6c mismatch_count=1024 max_abs=0.00134374 max_rel=0.900045 max_ulp=27950976
CHECKPOINT row=4 layer=31 checkpoint=CP2-KV-P object=kv_projection result=MISMATCH element_count=512 first_mismatch_index=0 actual_bits=0xbcc5f661 expected_bits=0xbcc18fd1 mismatch_count=512 max_abs=0.00106183 max_rel=0.908058 max_ulp=29384448
CHECKPOINT row=4 layer=31 checkpoint=CP2-KV-R object=raw_kv_row result=MISMATCH element_count=512 first_mismatch_index=0 actual_bits=0xbea00000 expected_bits=0xbe900000 mismatch_count=121 max_abs=0.0625 max_rel=1.2417 max_ulp=1950744577
CHECKPOINT row=4 layer=31 checkpoint=CP3-F object=layer_attn_state_kv result=MISMATCH element_count=65536 first_mismatch_index=8192 actual_bits=0x3c0d595d expected_bits=0x3c0fee84 mismatch_count=2560 max_abs=0.00413905 max_rel=1.22818 max_ulp=1953610049
CHECKPOINT row=4 layer=31 checkpoint=CP3-F object=layer_attn_state_score result=MISMATCH element_count=65536 first_mismatch_index=8192 actual_bits=0xbd92dc6a expected_bits=0xbd9281ba mismatch_count=2560 max_abs=0.0176708 max_rel=1.05781 max_ulp=1941583569
CHECKPOINT row=4 layer=31 checkpoint=CP3-F object=layer_n_comp result=EXACT element_count=1 mismatch_count=0
CHECKPOINT row=4 layer=31 checkpoint=CP3-F object=attn_emitted_row_count result=EXACT element_count=1 mismatch_count=0
CHECKPOINT row=4 layer=31 checkpoint=CP4 object=post_attention_hidden_state result=MISMATCH element_count=16384 first_mismatch_index=0 actual_bits=0x3f9bb639 expected_bits=0x3f9ba333 mismatch_count=16384 max_abs=0.145048 max_rel=1.9879 max_ulp=2045083278
CHECKPOINT row=4 layer=31 checkpoint=CP5 object=final_layer_hidden_state result=MISMATCH element_count=16384 first_mismatch_index=0 actual_bits=0x3fb0e907 expected_bits=0x3fb0afd5 mismatch_count=16384 max_abs=0.14065 max_rel=1.9967 max_ulp=2043406732
CHECKPOINT row=4 layer=32 checkpoint=CP1 object=normalized_attention_input result=MISMATCH element_count=4096 first_mismatch_index=0 actual_bits=0x3d15cfb7 expected_bits=0x3d162ddd mismatch_count=4096 max_abs=0.0215473 max_rel=1.95912 max_ulp=1934303026
CHECKPOINT row=4 layer=32 checkpoint=CP2-Q object=q_projection result=MISMATCH element_count=1024 first_mismatch_index=0 actual_bits=0x3de3ea5a expected_bits=0x3de4e0f1 mismatch_count=1024 max_abs=0.00205799 max_rel=1.98614 max_ulp=1952624513
CHECKPOINT row=4 layer=32 checkpoint=CP2-KV-P object=kv_projection result=MISMATCH element_count=512 first_mismatch_index=0 actual_bits=0x3a588d80 expected_bits=0x3aee3fe0 mismatch_count=512 max_abs=0.00224775 max_rel=1.12157 max_ulp=1948829633
CHECKPOINT row=4 layer=32 checkpoint=CP2-KV-R object=raw_kv_row result=MISMATCH element_count=512 first_mismatch_index=0 actual_bits=0x3bb00000 expected_bits=0x3c400000 mismatch_count=159 max_abs=0.125 max_rel=1.125 max_ulp=1994391553
CHECKPOINT row=4 layer=32 checkpoint=CP3-F object=layer_attn_state_kv result=MISMATCH element_count=8192 first_mismatch_index=0 actual_bits=0xbcc9c99a expected_bits=0xbccdaaea mismatch_count=8192 max_abs=0.00650157 max_rel=1.98162 max_ulp=1972042001
CHECKPOINT row=4 layer=32 checkpoint=CP3-F object=layer_attn_state_score result=MISMATCH element_count=8192 first_mismatch_index=0 actual_bits=0xbfdb9de0 expected_bits=0xbfdd2a83 mismatch_count=8192 max_abs=0.0477066 max_rel=1.98779 max_ulp=2035490657
CHECKPOINT row=4 layer=32 checkpoint=CP3-F object=layer_n_comp result=EXACT element_count=1 mismatch_count=0
CHECKPOINT row=4 layer=32 checkpoint=CP3-F object=attn_emitted_row_count result=EXACT element_count=1 mismatch_count=0
CHECKPOINT row=4 layer=32 checkpoint=CP3-F object=layer_index_state_kv result=MISMATCH element_count=2048 first_mismatch_index=0 actual_bits=0x3e114971 expected_bits=0x3e1129ba mismatch_count=2048 max_abs=0.00914134 max_rel=1.18341 max_ulp=1939871633
CHECKPOINT row=4 layer=32 checkpoint=CP3-F object=layer_index_state_score result=MISMATCH element_count=2048 first_mismatch_index=0 actual_bits=0xbfebd91a expected_bits=0xbfed51b2 mismatch_count=2048 max_abs=0.0540001 max_rel=1.78743 max_ulp=2033786405
CHECKPOINT row=4 layer=32 checkpoint=CP3-F object=layer_n_index_comp result=EXACT element_count=1 mismatch_count=0
CHECKPOINT row=4 layer=32 checkpoint=CP3-F object=index_emitted_row_count result=EXACT element_count=1 mismatch_count=0
CHECKPOINT row=4 layer=32 checkpoint=CP4 object=post_attention_hidden_state result=MISMATCH element_count=16384 first_mismatch_index=0 actual_bits=0x3fb0275f expected_bits=0x3fafbce9 mismatch_count=16384 max_abs=0.142568 max_rel=1.8705 max_ulp=2036664473
CHECKPOINT row=4 layer=32 checkpoint=CP5 object=final_layer_hidden_state result=MISMATCH element_count=16384 first_mismatch_index=0 actual_bits=0x3fb9522e expected_bits=0x3fb902a3 mismatch_count=16384 max_abs=0.141875 max_rel=1.98562 max_ulp=2043081931
CHECKPOINT row=4 layer=33 checkpoint=CP1 object=normalized_attention_input result=MISMATCH element_count=4096 first_mismatch_index=0 actual_bits=0x3cfcbf9d expected_bits=0x3cfc9e3f mismatch_count=4096 max_abs=0.00101715 max_rel=1.89017 max_ulp=1936196740
CHECKPOINT row=4 layer=33 checkpoint=CP2-Q object=q_projection result=MISMATCH element_count=1024 first_mismatch_index=0 actual_bits=0x3d7cc19a expected_bits=0x3d7a5394 mismatch_count=1024 max_abs=0.00141069 max_rel=0.663394 max_ulp=12572160
CHECKPOINT row=4 layer=33 checkpoint=CP2-KV-P object=kv_projection result=MISMATCH element_count=512 first_mismatch_index=0 actual_bits=0xbdca46f4 expected_bits=0xbdcb1e51 mismatch_count=512 max_abs=0.00153825 max_rel=1.04327 max_ulp=1888652673
CHECKPOINT row=4 layer=33 checkpoint=CP2-KV-R object=raw_kv_row result=MISMATCH element_count=512 first_mismatch_index=6 actual_bits=0x3eb00000 expected_bits=0x3ea00000 mismatch_count=111 max_abs=0.125 max_rel=1.04375 max_ulp=1946157057
CHECKPOINT row=4 layer=33 checkpoint=CP3-F object=layer_attn_state_kv result=MISMATCH element_count=65536 first_mismatch_index=8192 actual_bits=0x3d1c647d expected_bits=0x3d1c2876 mismatch_count=2560 max_abs=0.00611223 max_rel=1.895 max_ulp=1971918977
CHECKPOINT row=4 layer=33 checkpoint=CP3-F object=layer_attn_state_score result=MISMATCH element_count=65536 first_mismatch_index=8192 actual_bits=0xbda6535c expected_bits=0xbda66587 mismatch_count=2560 max_abs=0.00824505 max_rel=1.77451 max_ulp=1983904961
CHECKPOINT row=4 layer=33 checkpoint=CP3-F object=layer_n_comp result=EXACT element_count=1 mismatch_count=0
CHECKPOINT row=4 layer=33 checkpoint=CP3-F object=attn_emitted_row_count result=EXACT element_count=1 mismatch_count=0
CHECKPOINT row=4 layer=33 checkpoint=CP4 object=post_attention_hidden_state result=MISMATCH element_count=16384 first_mismatch_index=0 actual_bits=0x3fb966ab expected_bits=0x3fb918e5 mismatch_count=16384 max_abs=0.131967 max_rel=1.99234 max_ulp=2039018697
CHECKPOINT row=4 layer=33 checkpoint=CP5 object=final_layer_hidden_state result=MISMATCH element_count=16384 first_mismatch_index=0 actual_bits=0x4001625a expected_bits=0x40016250 mismatch_count=16384 max_abs=0.130408 max_rel=1.93162 max_ulp=2049604365
CHECKPOINT row=4 layer=34 checkpoint=CP1 object=normalized_attention_input result=MISMATCH element_count=4096 first_mismatch_index=0 actual_bits=0x3d405b78 expected_bits=0x3d40467a mismatch_count=4096 max_abs=0.0189652 max_rel=1.98331 max_ulp=1945997364
CHECKPOINT row=4 layer=34 checkpoint=CP2-Q object=q_projection result=MISMATCH element_count=1024 first_mismatch_index=0 actual_bits=0x3e7a3646 expected_bits=0x3e79acd0 mismatch_count=1024 max_abs=0.00284779 max_rel=1.53495 max_ulp=1950410625
CHECKPOINT row=4 layer=34 checkpoint=CP2-KV-P object=kv_projection result=MISMATCH element_count=512 first_mismatch_index=0 actual_bits=0x3e91621c expected_bits=0x3e910241 mismatch_count=512 max_abs=0.00282134 max_rel=1.24294 max_ulp=1924876417
CHECKPOINT row=4 layer=34 checkpoint=CP2-KV-R object=raw_kv_row result=MISMATCH element_count=512 first_mismatch_index=11 actual_bits=0xbd900000 expected_bits=0xbda00000 mismatch_count=121 max_abs=0.125 max_rel=1.22917 max_ulp=1980047361
CHECKPOINT row=4 layer=34 checkpoint=CP3-F object=layer_attn_state_kv result=MISMATCH element_count=8192 first_mismatch_index=0 actual_bits=0x3e017a4b expected_bits=0x3e00d8be mismatch_count=8192 max_abs=0.0102598 max_rel=1.83666 max_ulp=1977246025
CHECKPOINT row=4 layer=34 checkpoint=CP3-F object=layer_attn_state_score result=MISMATCH element_count=8192 first_mismatch_index=0 actual_bits=0x4025c229 expected_bits=0x4023161c mismatch_count=8192 max_abs=0.187305 max_rel=1.9976 max_ulp=2061147413
CHECKPOINT row=4 layer=34 checkpoint=CP3-F object=layer_n_comp result=EXACT element_count=1 mismatch_count=0
CHECKPOINT row=4 layer=34 checkpoint=CP3-F object=attn_emitted_row_count result=EXACT element_count=1 mismatch_count=0
CHECKPOINT row=4 layer=34 checkpoint=CP3-F object=layer_index_state_kv result=MISMATCH element_count=2048 first_mismatch_index=0 actual_bits=0x3e6dd3ae expected_bits=0x3e6d339a mismatch_count=2048 max_abs=0.00845708 max_rel=1.83469 max_ulp=1977450401
CHECKPOINT row=4 layer=34 checkpoint=CP3-F object=layer_index_state_score result=MISMATCH element_count=2048 first_mismatch_index=0 actual_bits=0x401b3263 expected_bits=0x40189e2b mismatch_count=2048 max_abs=0.190002 max_rel=1.93748 max_ulp=2061389173
CHECKPOINT row=4 layer=34 checkpoint=CP3-F object=layer_n_index_comp result=EXACT element_count=1 mismatch_count=0
CHECKPOINT row=4 layer=34 checkpoint=CP3-F object=index_emitted_row_count result=EXACT element_count=1 mismatch_count=0
CHECKPOINT row=4 layer=34 checkpoint=CP4 object=post_attention_hidden_state result=MISMATCH element_count=16384 first_mismatch_index=0 actual_bits=0x40152a81 expected_bits=0x401542d1 mismatch_count=16384 max_abs=0.129008 max_rel=1.93447 max_ulp=2047242494
CHECKPOINT row=4 layer=34 checkpoint=CP5 object=final_layer_hidden_state result=MISMATCH element_count=16384 first_mismatch_index=0 actual_bits=0x3ff153cc expected_bits=0x3ff20c9f mismatch_count=16384 max_abs=0.128358 max_rel=1.97421 max_ulp=2050787328
CHECKPOINT row=4 layer=35 checkpoint=CP1 object=normalized_attention_input result=MISMATCH element_count=4096 first_mismatch_index=0 actual_bits=0x3d5610a9 expected_bits=0x3d56c677 mismatch_count=4096 max_abs=0.00143692 max_rel=1.64498 max_ulp=1929229165
CHECKPOINT row=4 layer=35 checkpoint=CP2-Q object=q_projection result=MISMATCH element_count=1024 first_mismatch_index=0 actual_bits=0x3e40c12f expected_bits=0x3e40564b mismatch_count=1024 max_abs=0.00240352 max_rel=1.44082 max_ulp=1939528193
CHECKPOINT row=4 layer=35 checkpoint=CP2-KV-P object=kv_projection result=MISMATCH element_count=512 first_mismatch_index=0 actual_bits=0x3b082768 expected_bits=0x3b1d7a20 mismatch_count=512 max_abs=0.00201456 max_rel=1.94075 max_ulp=1943446465
CHECKPOINT row=4 layer=35 checkpoint=CP2-KV-R object=raw_kv_row result=MISMATCH element_count=512 first_mismatch_index=0 actual_bits=0x3cb00000 expected_bits=0x3cd00000 mismatch_count=141 max_abs=0.25 max_rel=2 max_ulp=1998585857
CHECKPOINT row=4 layer=35 checkpoint=CP3-F object=layer_attn_state_kv result=MISMATCH element_count=65536 first_mismatch_index=8192 actual_bits=0xbce61781 expected_bits=0xbce72835 mismatch_count=2560 max_abs=0.0121346 max_rel=1.96838 max_ulp=1989436449
CHECKPOINT row=4 layer=35 checkpoint=CP3-F object=layer_attn_state_score result=MISMATCH element_count=65536 first_mismatch_index=8192 actual_bits=0xbe6dd74a expected_bits=0xbe6de46c mismatch_count=2560 max_abs=0.0175104 max_rel=1.99626 max_ulp=1987160641
CHECKPOINT row=4 layer=35 checkpoint=CP3-F object=layer_n_comp result=EXACT element_count=1 mismatch_count=0
CHECKPOINT row=4 layer=35 checkpoint=CP3-F object=attn_emitted_row_count result=EXACT element_count=1 mismatch_count=0
CHECKPOINT row=4 layer=35 checkpoint=CP4 object=post_attention_hidden_state result=MISMATCH element_count=16384 first_mismatch_index=0 actual_bits=0x3ffbf3ee expected_bits=0x3ffd9146 mismatch_count=16384 max_abs=0.142995 max_rel=1.97136 max_ulp=2047955569
CHECKPOINT row=4 layer=35 checkpoint=CP5 object=final_layer_hidden_state result=MISMATCH element_count=16384 first_mismatch_index=0 actual_bits=0x3ffe4a04 expected_bits=0x3fffc134 mismatch_count=16384 max_abs=0.149408 max_rel=1.97849 max_ulp=2057018766
CHECKPOINT row=4 layer=36 checkpoint=CP1 object=normalized_attention_input result=MISMATCH element_count=4096 first_mismatch_index=0 actual_bits=0x39b71146 expected_bits=0x39d0dd17 mismatch_count=4096 max_abs=0.00454605 max_rel=1.87045 max_ulp=1958060763
CHECKPOINT row=4 layer=36 checkpoint=CP2-Q object=q_projection result=MISMATCH element_count=1024 first_mismatch_index=0 actual_bits=0x3e14f0f1 expected_bits=0x3e14c27f mismatch_count=1024 max_abs=0.00318624 max_rel=0.866345 max_ulp=24570272
CHECKPOINT row=4 layer=36 checkpoint=CP2-KV-P object=kv_projection result=MISMATCH element_count=512 first_mismatch_index=0 actual_bits=0x3dee8fa1 expected_bits=0x3dee2e3a mismatch_count=512 max_abs=0.00312196 max_rel=1.69876 max_ulp=1955742497
CHECKPOINT row=4 layer=36 checkpoint=CP2-KV-R object=raw_kv_row result=MISMATCH element_count=512 first_mismatch_index=1 actual_bits=0xbf900000 expected_bits=0xbf800000 mismatch_count=150 max_abs=0.125 max_rel=1.66667 max_ulp=1993342977
CHECKPOINT row=4 layer=36 checkpoint=CP3-F object=layer_attn_state_kv result=MISMATCH element_count=8192 first_mismatch_index=0 actual_bits=0x3ce70930 expected_bits=0x3ce19d62 mismatch_count=8192 max_abs=0.0128893 max_rel=1.94899 max_ulp=1977451393
CHECKPOINT row=4 layer=36 checkpoint=CP3-F object=layer_attn_state_score result=MISMATCH element_count=8192 first_mismatch_index=0 actual_bits=0x3e42a561 expected_bits=0x3e47359a mismatch_count=8192 max_abs=0.0203952 max_rel=1.92648 max_ulp=1995821313
CHECKPOINT row=4 layer=36 checkpoint=CP3-F object=layer_n_comp result=EXACT element_count=1 mismatch_count=0
CHECKPOINT row=4 layer=36 checkpoint=CP3-F object=attn_emitted_row_count result=EXACT element_count=1 mismatch_count=0
CHECKPOINT row=4 layer=36 checkpoint=CP3-F object=layer_index_state_kv result=MISMATCH element_count=2048 first_mismatch_index=0 actual_bits=0xbc8ac258 expected_bits=0xbc8d2a02 mismatch_count=2048 max_abs=0.0104078 max_rel=1.94789 max_ulp=1924593409
CHECKPOINT row=4 layer=36 checkpoint=CP3-F object=layer_index_state_score result=MISMATCH element_count=2048 first_mismatch_index=0 actual_bits=0xbe065d96 expected_bits=0xbe020a3b mismatch_count=2048 max_abs=0.0212659 max_rel=1.20199 max_ulp=1993778849
CHECKPOINT row=4 layer=36 checkpoint=CP3-F object=layer_n_index_comp result=EXACT element_count=1 mismatch_count=0
CHECKPOINT row=4 layer=36 checkpoint=CP3-F object=index_emitted_row_count result=EXACT element_count=1 mismatch_count=0
CHECKPOINT row=4 layer=36 checkpoint=CP4 object=post_attention_hidden_state result=MISMATCH element_count=16384 first_mismatch_index=0 actual_bits=0x3ff32527 expected_bits=0x3ff54da4 mismatch_count=16384 max_abs=0.371464 max_rel=1.96185 max_ulp=2065635089
CHECKPOINT row=4 layer=36 checkpoint=CP5 object=final_layer_hidden_state result=MISMATCH element_count=16384 first_mismatch_index=0 actual_bits=0x3f94b8aa expected_bits=0x3f961cb9 mismatch_count=16383 max_abs=0.367177 max_rel=1.9353 max_ulp=2065035154
CHECKPOINT row=4 layer=37 checkpoint=CP1 object=normalized_attention_input result=MISMATCH element_count=4096 first_mismatch_index=0 actual_bits=0x3da44499 expected_bits=0x3da52db3 mismatch_count=4096 max_abs=0.00217389 max_rel=1.97169 max_ulp=1948125630
CHECKPOINT row=4 layer=37 checkpoint=CP2-Q object=q_projection result=MISMATCH element_count=1024 first_mismatch_index=0 actual_bits=0x3e939e27 expected_bits=0x3e933aac mismatch_count=1024 max_abs=0.00297776 max_rel=1.47093 max_ulp=1956947297
CHECKPOINT row=4 layer=37 checkpoint=CP2-KV-P object=kv_projection result=MISMATCH element_count=512 first_mismatch_index=0 actual_bits=0xbde9ac50 expected_bits=0xbde8007d mismatch_count=512 max_abs=0.00399628 max_rel=1.60411 max_ulp=1956823809
CHECKPOINT row=4 layer=37 checkpoint=CP2-KV-R object=raw_kv_row result=MISMATCH element_count=512 first_mismatch_index=13 actual_bits=0xbd900000 expected_bits=0xbd800000 mismatch_count=133 max_abs=0.125 max_rel=1.58333 max_ulp=1998585857
CHECKPOINT row=4 layer=37 checkpoint=CP3-F object=layer_attn_state_kv result=MISMATCH element_count=65536 first_mismatch_index=8192 actual_bits=0xbbcf7a50 expected_bits=0xbbd25e3e mismatch_count=2560 max_abs=0.00645161 max_rel=1.85931 max_ulp=1955969025
CHECKPOINT row=4 layer=37 checkpoint=CP3-F object=layer_attn_state_score result=MISMATCH element_count=65536 first_mismatch_index=8192 actual_bits=0xbe613e20 expected_bits=0xbe605df8 mismatch_count=2560 max_abs=0.0258023 max_rel=0.884107 max_ulp=26106432
CHECKPOINT row=4 layer=37 checkpoint=CP3-F object=layer_n_comp result=EXACT element_count=1 mismatch_count=0
CHECKPOINT row=4 layer=37 checkpoint=CP3-F object=attn_emitted_row_count result=EXACT element_count=1 mismatch_count=0
CHECKPOINT row=4 layer=37 checkpoint=CP4 object=post_attention_hidden_state result=MISMATCH element_count=16384 first_mismatch_index=0 actual_bits=0x3f8b0a8b expected_bits=0x3f8c48d4 mismatch_count=16384 max_abs=0.330093 max_rel=1.97658 max_ulp=2070814341
CHECKPOINT row=4 layer=37 checkpoint=CP5 object=final_layer_hidden_state result=MISMATCH element_count=16384 first_mismatch_index=0 actual_bits=0x3f805f2b expected_bits=0x3f81bb97 mismatch_count=16384 max_abs=0.327049 max_rel=1.98545 max_ulp=2068889248
CHECKPOINT row=4 layer=38 checkpoint=CP1 object=normalized_attention_input result=MISMATCH element_count=4096 first_mismatch_index=0 actual_bits=0x3c12c154 expected_bits=0x3c1cc18b mismatch_count=4096 max_abs=0.0290031 max_rel=1.94334 max_ulp=1959148711
CHECKPOINT row=4 layer=38 checkpoint=CP2-Q object=q_projection result=MISMATCH element_count=1024 first_mismatch_index=0 actual_bits=0x3d12168e expected_bits=0x3d114744 mismatch_count=1024 max_abs=0.00570104 max_rel=1.55268 max_ulp=1970624513
CHECKPOINT row=4 layer=38 checkpoint=CP2-KV-P object=kv_projection result=MISMATCH element_count=512 first_mismatch_index=0 actual_bits=0xbdd857fe expected_bits=0xbddb44c5 mismatch_count=512 max_abs=0.00825765 max_rel=0.954687 max_ulp=37523408
CHECKPOINT row=4 layer=38 checkpoint=CP2-KV-R object=raw_kv_row result=MISMATCH element_count=512 first_mismatch_index=5 actual_bits=0x3d300000 expected_bits=0x3d200000 mismatch_count=150 max_abs=0.0625 max_rel=0.954861 max_ulp=37748736
CHECKPOINT row=4 layer=38 checkpoint=CP3-F object=layer_attn_state_kv result=MISMATCH element_count=8192 first_mismatch_index=0 actual_bits=0xbd965618 expected_bits=0xbd991790 mismatch_count=8192 max_abs=0.0183758 max_rel=1.92371 max_ulp=1993593297
CHECKPOINT row=4 layer=38 checkpoint=CP3-F object=layer_attn_state_score result=MISMATCH element_count=8192 first_mismatch_index=0 actual_bits=0xc02f7be1 expected_bits=0xc0302421 mismatch_count=8192 max_abs=0.035578 max_rel=1.53281 max_ulp=2018840961
CHECKPOINT row=4 layer=38 checkpoint=CP3-F object=layer_n_comp result=EXACT element_count=1 mismatch_count=0
CHECKPOINT row=4 layer=38 checkpoint=CP3-F object=attn_emitted_row_count result=EXACT element_count=1 mismatch_count=0
CHECKPOINT row=4 layer=38 checkpoint=CP3-F object=layer_index_state_kv result=MISMATCH element_count=2048 first_mismatch_index=0 actual_bits=0x3dba1324 expected_bits=0x3dbb3282 mismatch_count=2048 max_abs=0.0221499 max_rel=1.55634 max_ulp=1975056577
CHECKPOINT row=4 layer=38 checkpoint=CP3-F object=layer_index_state_score result=MISMATCH element_count=2048 first_mismatch_index=0 actual_bits=0xc02f2552 expected_bits=0xc02fb062 mismatch_count=2048 max_abs=0.0394711 max_rel=0.373894 max_ulp=5652048
CHECKPOINT row=4 layer=38 checkpoint=CP3-F object=layer_n_index_comp result=EXACT element_count=1 mismatch_count=0
CHECKPOINT row=4 layer=38 checkpoint=CP3-F object=index_emitted_row_count result=EXACT element_count=1 mismatch_count=0
CHECKPOINT row=4 layer=38 checkpoint=CP4 object=post_attention_hidden_state result=MISMATCH element_count=16384 first_mismatch_index=0 actual_bits=0x3f498a3c expected_bits=0x3f4ac7fd mismatch_count=16384 max_abs=0.334344 max_rel=1.9639 max_ulp=2069063652
CHECKPOINT row=4 layer=38 checkpoint=CP5 object=final_layer_hidden_state result=MISMATCH element_count=16384 first_mismatch_index=0 actual_bits=0x3e1dc891 expected_bits=0x3e1c11b8 mismatch_count=16384 max_abs=0.332335 max_rel=1.99423 max_ulp=2080850544
CHECKPOINT row=4 layer=39 checkpoint=CP1 object=normalized_attention_input result=MISMATCH element_count=4096 first_mismatch_index=0 actual_bits=0x3c27024e expected_bits=0x3c27d8ce mismatch_count=4096 max_abs=0.00288206 max_rel=1.99608 max_ulp=1958717022
CHECKPOINT row=4 layer=39 checkpoint=CP2-Q object=q_projection result=MISMATCH element_count=1024 first_mismatch_index=0 actual_bits=0x3d92561e expected_bits=0x3d95a795 mismatch_count=1024 max_abs=0.00369313 max_rel=1.21671 max_ulp=1943007937
CHECKPOINT row=4 layer=39 checkpoint=CP2-KV-P object=kv_projection result=MISMATCH element_count=512 first_mismatch_index=0 actual_bits=0x3e7e4310 expected_bits=0x3e7edcbc mismatch_count=512 max_abs=0.00305757 max_rel=0.488013 max_ulp=8008960
CHECKPOINT row=4 layer=39 checkpoint=CP2-KV-R object=raw_kv_row result=MISMATCH element_count=512 first_mismatch_index=10 actual_bits=0xbf000000 expected_bits=0xbef00000 mismatch_count=132 max_abs=0.125 max_rel=0.454545 max_ulp=7340032
CHECKPOINT row=4 layer=39 checkpoint=CP3-F object=layer_attn_state_kv result=MISMATCH element_count=65536 first_mismatch_index=8192 actual_bits=0x3ca620cc expected_bits=0x3ca53e4c mismatch_count=2560 max_abs=0.00987747 max_rel=1.54874 max_ulp=1968745793
CHECKPOINT row=4 layer=39 checkpoint=CP3-F object=layer_attn_state_score result=MISMATCH element_count=65536 first_mismatch_index=8192 actual_bits=0x3e52cfdc expected_bits=0x3e52acf1 mismatch_count=2560 max_abs=0.0228065 max_rel=1.87287 max_ulp=1988251129
CHECKPOINT row=4 layer=39 checkpoint=CP3-F object=layer_n_comp result=EXACT element_count=1 mismatch_count=0
CHECKPOINT row=4 layer=39 checkpoint=CP3-F object=attn_emitted_row_count result=EXACT element_count=1 mismatch_count=0
CHECKPOINT row=4 layer=39 checkpoint=CP4 object=post_attention_hidden_state result=MISMATCH element_count=16384 first_mismatch_index=0 actual_bits=0x3e986939 expected_bits=0x3e92af77 mismatch_count=16384 max_abs=0.326589 max_rel=1.99633 max_ulp=2070417037
CHECKPOINT row=4 layer=39 checkpoint=CP5 object=final_layer_hidden_state result=MISMATCH element_count=16384 first_mismatch_index=0 actual_bits=0x3f35c2d7 expected_bits=0x3f33be8c mismatch_count=16384 max_abs=0.324713 max_rel=1.94004 max_ulp=2075070804
CHECKPOINT row=4 layer=40 checkpoint=CP1 object=normalized_attention_input result=MISMATCH element_count=4096 first_mismatch_index=0 actual_bits=0x3c6cf7d0 expected_bits=0x3c6ce89d mismatch_count=4096 max_abs=0.0202208 max_rel=1.56877 max_ulp=1953019115
CHECKPOINT row=4 layer=40 checkpoint=CP2-Q object=q_projection result=MISMATCH element_count=1024 first_mismatch_index=0 actual_bits=0xbecf5bf6 expected_bits=0xbecf868e mismatch_count=1024 max_abs=0.00484603 max_rel=1.72412 max_ulp=1966793409
CHECKPOINT row=4 layer=40 checkpoint=CP2-KV-P object=kv_projection result=MISMATCH element_count=512 first_mismatch_index=0 actual_bits=0xbded3bd8 expected_bits=0xbded559a mismatch_count=512 max_abs=0.00388443 max_rel=1.09634 max_ulp=1942693857
CHECKPOINT row=4 layer=40 checkpoint=CP2-KV-R object=raw_kv_row result=MISMATCH element_count=512 first_mismatch_index=2 actual_bits=0xbf300000 expected_bits=0xbf200000 mismatch_count=126 max_abs=0.25 max_rel=1.1 max_ulp=1990197249
CHECKPOINT row=4 layer=40 checkpoint=CP3-F object=layer_attn_state_kv result=MISMATCH element_count=8192 first_mismatch_index=0 actual_bits=0xbdfa57e3 expected_bits=0xbdf8b5fb mismatch_count=8192 max_abs=0.00967187 max_rel=1.74471 max_ulp=1976969201
CHECKPOINT row=4 layer=40 checkpoint=CP3-F object=layer_attn_state_score result=MISMATCH element_count=8192 first_mismatch_index=0 actual_bits=0x3f0fe211 expected_bits=0x3f0d8400 mismatch_count=8192 max_abs=0.0586443 max_rel=1.15438 max_ulp=1985762913
CHECKPOINT row=4 layer=40 checkpoint=CP3-F object=layer_n_comp result=EXACT element_count=1 mismatch_count=0
CHECKPOINT row=4 layer=40 checkpoint=CP3-F object=attn_emitted_row_count result=EXACT element_count=1 mismatch_count=0
CHECKPOINT row=4 layer=40 checkpoint=CP3-F object=layer_index_state_kv result=MISMATCH element_count=2048 first_mismatch_index=0 actual_bits=0x3e6333f3 expected_bits=0x3e63d51e mismatch_count=2048 max_abs=0.0109822 max_rel=1.5215 max_ulp=1971247105
CHECKPOINT row=4 layer=40 checkpoint=CP3-F object=layer_index_state_score result=MISMATCH element_count=2048 first_mismatch_index=0 actual_bits=0x3f4b9258 expected_bits=0x3f495b50 mismatch_count=2048 max_abs=0.0602322 max_rel=0.750669 max_ulp=16808000
CHECKPOINT row=4 layer=40 checkpoint=CP3-F object=layer_n_index_comp result=EXACT element_count=1 mismatch_count=0
CHECKPOINT row=4 layer=40 checkpoint=CP3-F object=index_emitted_row_count result=EXACT element_count=1 mismatch_count=0
CHECKPOINT row=4 layer=40 checkpoint=CP4 object=post_attention_hidden_state result=MISMATCH element_count=16384 first_mismatch_index=0 actual_bits=0xbc346130 expected_bits=0xbcea3e52 mismatch_count=16384 max_abs=0.322317 max_rel=1.98144 max_ulp=2079173649
CHECKPOINT row=4 layer=40 checkpoint=CP5 object=final_layer_hidden_state result=MISMATCH element_count=16384 first_mismatch_index=0 actual_bits=0x40d72976 expected_bits=0x40d6c083 mismatch_count=16384 max_abs=0.321671 max_rel=1.93542 max_ulp=2079849029
CHECKPOINT row=4 layer=41 checkpoint=CP1 object=normalized_attention_input result=MISMATCH element_count=4096 first_mismatch_index=0 actual_bits=0x3da3e2ad expected_bits=0x3da3e0ff mismatch_count=4096 max_abs=0.00244617 max_rel=1.98884 max_ulp=1947290441
CHECKPOINT row=4 layer=41 checkpoint=CP2-Q object=q_projection result=MISMATCH element_count=1024 first_mismatch_index=0 actual_bits=0xbecf681b expected_bits=0xbecf181b mismatch_count=1024 max_abs=0.00343069 max_rel=1.88996 max_ulp=1957743713
CHECKPOINT row=4 layer=41 checkpoint=CP2-KV-P object=kv_projection result=MISMATCH element_count=512 first_mismatch_index=0 actual_bits=0xbea01df6 expected_bits=0xbea08a74 mismatch_count=512 max_abs=0.00341975 max_rel=1.98723 max_ulp=1950420481
CHECKPOINT row=4 layer=41 checkpoint=CP2-KV-R object=raw_kv_row result=MISMATCH element_count=512 first_mismatch_index=3 actual_bits=0x3e300000 expected_bits=0x3e200000 mismatch_count=161 max_abs=0.125 max_rel=2 max_ulp=1996488705
CHECKPOINT row=4 layer=41 checkpoint=CP3-F object=layer_attn_state_kv result=MISMATCH element_count=65536 first_mismatch_index=8192 actual_bits=0xbba01064 expected_bits=0xbbb40648 mismatch_count=2560 max_abs=0.00387111 max_rel=1.22645 max_ulp=1971089953
CHECKPOINT row=4 layer=41 checkpoint=CP3-F object=layer_attn_state_score result=MISMATCH element_count=65536 first_mismatch_index=8192 actual_bits=0x3b107cc8 expected_bits=0x3b4d5f70 mismatch_count=2560 max_abs=0.0131317 max_rel=1.93979 max_ulp=1979606305
CHECKPOINT row=4 layer=41 checkpoint=CP3-F object=layer_n_comp result=EXACT element_count=1 mismatch_count=0
CHECKPOINT row=4 layer=41 checkpoint=CP3-F object=attn_emitted_row_count result=EXACT element_count=1 mismatch_count=0
CHECKPOINT row=4 layer=41 checkpoint=CP4 object=post_attention_hidden_state result=MISMATCH element_count=16384 first_mismatch_index=0 actual_bits=0x40c858b0 expected_bits=0x40c7f0ee mismatch_count=16384 max_abs=0.416468 max_rel=1.98741 max_ulp=2085597302
CHECKPOINT row=4 layer=41 checkpoint=CP5 object=final_layer_hidden_state result=MISMATCH element_count=16384 first_mismatch_index=0 actual_bits=0x40ede248 expected_bits=0x40ed7d2b mismatch_count=16384 max_abs=0.404133 max_rel=1.98865 max_ulp=2080642467
CHECKPOINT row=4 layer=42 checkpoint=CP1 object=normalized_attention_input result=MISMATCH element_count=4096 first_mismatch_index=0 actual_bits=0x3b5eb4a2 expected_bits=0x3b64f6e8 mismatch_count=4096 max_abs=0.0134847 max_rel=1.99758 max_ulp=1961137282
CHECKPOINT row=4 layer=42 checkpoint=CP2-Q object=q_projection result=MISMATCH element_count=1024 first_mismatch_index=0 actual_bits=0x3e220023 expected_bits=0x3e22e836 mismatch_count=1024 max_abs=0.00350487 max_rel=1.83534 max_ulp=1970526497
CHECKPOINT row=4 layer=42 checkpoint=CP2-KV-P object=kv_projection result=MISMATCH element_count=512 first_mismatch_index=0 actual_bits=0xbe197238 expected_bits=0xbe1b6146 mismatch_count=512 max_abs=0.00406532 max_rel=1.87962 max_ulp=1967135009
CHECKPOINT row=4 layer=42 checkpoint=CP2-KV-R object=raw_kv_row result=MISMATCH element_count=512 first_mismatch_index=3 actual_bits=0xbd800000 expected_bits=0xbd700000 mismatch_count=174 max_abs=0.25 max_rel=1.7 max_ulp=2013265921
CHECKPOINT row=4 layer=42 checkpoint=CP3-F object=layer_attn_state_kv result=MISMATCH element_count=8192 first_mismatch_index=0 actual_bits=0x3e997bd7 expected_bits=0x3e99ff63 mismatch_count=8192 max_abs=0.00632958 max_rel=1.97923 max_ulp=1976893985
CHECKPOINT row=4 layer=42 checkpoint=CP3-F object=layer_attn_state_score result=MISMATCH element_count=8192 first_mismatch_index=0 actual_bits=0x3f4af57f expected_bits=0x3f4b2aae mismatch_count=8192 max_abs=0.0251015 max_rel=1.94801 max_ulp=1997651329
CHECKPOINT row=4 layer=42 checkpoint=CP3-F object=layer_n_comp result=EXACT element_count=1 mismatch_count=0
CHECKPOINT row=4 layer=42 checkpoint=CP3-F object=attn_emitted_row_count result=EXACT element_count=1 mismatch_count=0
CHECKPOINT row=4 layer=42 checkpoint=CP3-F object=layer_index_state_kv result=MISMATCH element_count=2048 first_mismatch_index=0 actual_bits=0xbdadf694 expected_bits=0xbdad898a mismatch_count=2048 max_abs=0.00516864 max_rel=1.73561 max_ulp=1971816969
CHECKPOINT row=4 layer=42 checkpoint=CP3-F object=layer_index_state_score result=MISMATCH element_count=2048 first_mismatch_index=0 actual_bits=0xbeef34f6 expected_bits=0xbef3d140 mismatch_count=2048 max_abs=0.0227345 max_rel=1.36342 max_ulp=2002372657
CHECKPOINT row=4 layer=42 checkpoint=CP3-F object=layer_n_index_comp result=EXACT element_count=1 mismatch_count=0
CHECKPOINT row=4 layer=42 checkpoint=CP3-F object=index_emitted_row_count result=EXACT element_count=1 mismatch_count=0
CHECKPOINT row=4 layer=42 checkpoint=CP4 object=post_attention_hidden_state result=MISMATCH element_count=16384 first_mismatch_index=0 actual_bits=0x40dde705 expected_bits=0x40dca5e4 mismatch_count=16384 max_abs=0.516304 max_rel=1.94998 max_ulp=2076296980
CHECKPOINT row=4 layer=42 checkpoint=CP5 object=final_layer_hidden_state result=MISMATCH element_count=16384 first_mismatch_index=0 actual_bits=0x40c9ffa0 expected_bits=0x40c8f2f9 mismatch_count=16384 max_abs=0.525551 max_rel=1.85571 max_ulp=2076403158
FIRST_DIVERGENCE row=0 layer=0 checkpoint=CP2-Q index=0 actual_bits=0x3b21c760 expected_bits=0x3b21c7a0 mismatch_count=823 max_abs=5.21541e-08 max_rel=0.00133359 max_ulp=14336
C5_RESULT DIVERGED
C4_FORCED_TOKEN row=0 token=344
C4_FORCED_TOKEN row=1 token=411
C4_FORCED_TOKEN row=2 token=2526
C4_FORCED_TOKEN row=3 token=45044
C4_FORCED_TOKEN row=4 token=14
PASSB_INPUT_PROBE_CONTROL result=EXACT elements=16384
CP4_TAIL_INPUT_OBJECT input=heads producer=attention_core_inverse_rope result=MISMATCH elements=32768 mismatch_count=30334 first_index=0 pass_a_bits=0x3c876e1e pass_b_bits=0x3c876e20
CP4_TAIL_INPUT_OBJECT input=cur_hc producer=layer_input_HC result=EXACT elements=16384 mismatch_count=0 first_index=18446744073709551615 pass_a_bits=0x3ca70000 pass_b_bits=0x3ca70000
CP4_TAIL_INPUT_OBJECT input=post producer=hc_attn_pre_split result=MISMATCH elements=4 mismatch_count=2 first_index=1 pass_a_bits=0x2fe412f8 pass_b_bits=0x2fe412d0
CP4_TAIL_INPUT_OBJECT input=comb producer=hc_attn_pre_split result=MISMATCH elements=16 mismatch_count=11 first_index=1 pass_a_bits=0x3abd8f42 pass_b_bits=0x3abd8f4b
CP4_TAIL_WEIGHTS_AB output_a_offset=89860965440 output_a_type=8 output_b_offset=89896617024 output_b_type=8 model_map_same=PASS model_size=97591747456 result=PASS
CP4_TAIL_METADATA_AB row=0 layer=0 pos=16 group0=0 groups=8 group_dim=4096 rank=1024 group_index_base=0 group_index_stride=8 head_row=0 residual_row=0 split_row=0 post_index=4 comb_index=8 output_row=0 pass_a_batch_extent=5 pass_b_extent=1 result=PASS
CP4_TAIL_INPUT_AB heads=MISMATCH cur_hc=EXACT post=MISMATCH comb=MISMATCH weights_same=PASS metadata_same=PASS
CP4_TAIL_INPUT_FIRST_DIVERGENCE input=post producer=hc_attn_pre_split
PASS_B_SELF_REPLAY result=SKIPPED reason=tail_input_mismatch
