ds4: DSpark support model detected: ./gguf/DeepSeek-V4-Flash-DSpark-support-0731.gguf (stages=3 block=5 markov_rank=256 tensors=81 missing=0 invalid=0 metadata_errors=0); use --dspark to enable experimental runtime decode
ds4: Metal device Apple M4 Max, 128.00 GiB RAM
ds4: Metal 4 tensor API disabled for pre-M5/pre-A19 devices
ds4: drift-patch flags hc_stable=on norm_unify=on kv_raw_f32=off rope_exp2_log2=off math_safe=off tensor_matmul=off
ds4: Metal model views created in 4.062 ms, residency requested in 603.974 ms, warmup 4.197 ms (mapped 93065.67 MiB from offset 5.09 MiB)
ds4: Metal mapped mmaped model as 2 overlapping shared buffers
ds4: Metal model views created in 0.167 ms, residency requested in 770.931 ms, warmup 1.312 ms (mapped 5711.67 MiB from offset 0.01 MiB)
ds4: Metal mapped mmaped model as 3 overlapping shared buffers
ds4: metal backend initialized for graph diagnostics
ds4: memory: KV 0.61 GiB (raw 0.36 + compressed 0.25) + buffers 0.25 GiB + resident model 90.88 GiB = 91.74 GiB planned
ds4: memory detail: ctx=32768 prefill_cap=4096 raw_kv_rows=4352 compressed_kv_rows=8194 backend=metal
ds4: memory: KV 0.61 GiB (raw 0.36 + compressed 0.25) + buffers 0.25 GiB = 0.86 GiB context
ds4: memory detail: ctx=32768 prefill_cap=4096 raw_kv_rows=4352 compressed_kv_rows=8194 backend=metal
ds4: DSpark target-hidden capture enabled: layers=40,41,42
QA_PRIMITIVE_AB input_bits_equal=PASS weights_same=PASS elements=1024 result=MISMATCH mismatch_count=823 first_index=0 generic_bits=0x3b21c760 sequential_bits=0x3b21c7a0 max_abs=5.2154064178466797e-08 max_rel=0.0013335873499714232 max_ulp=14336
QA_PRIMITIVE_NUMERICAL_NON_EQUIVALENCE PROVEN_BY_TEST
C2B_CONTROL A0_vs_A1 PASS
C2B_PROBE   A0_vs_A2 PASS
C2B_RESULT  PASS
FIRST_DIVERGENCE_OBJECT row=0 layer=0 checkpoint=CP1 subobject=attn_norm result=EXACT elements=4096
FIRST_DIVERGENCE_OBJECT row=0 layer=0 checkpoint=CP2-Q subobject=qr result=EXACT elements=1024
FIRST_DIVERGENCE_OBJECT row=0 layer=0 checkpoint=CP2-KV-P subobject=kv_raw result=MISMATCH elements=512 mismatch_count=431 first_index=0 actual_bits=0x3bc606c4 expected_bits=0x3bc606bc max_abs=4.4703483581542969e-08 max_rel=0.00066137566137566134 max_ulp=8192
FIRST_DIVERGENCE_OBJECT row=0 layer=0 checkpoint=CP2-KV-R subobject=raw_cache result=EXACT elements=512
FIRST_DIVERGENCE_OBJECT row=0 layer=0 checkpoint=CP4 subobject=after_attn_hc result=MISMATCH elements=16384 mismatch_count=5106 first_index=0 actual_bits=0xbb9ce1d8 expected_bits=0xbb9ce2ad max_abs=1.7881393432617188e-07 max_rel=0.007946157551309398 max_ulp=102084
FIRST_DIVERGENCE_OBJECT row=0 layer=0 checkpoint=CP5 subobject=layer_output result=MISMATCH elements=16384 mismatch_count=10539 first_index=0 actual_bits=0x3c7c8ced expected_bits=0x3c7c8cdf max_abs=4.1723251342773438e-07 max_rel=0.005127454353329319 max_ulp=85562
FIRST_DIVERGENCE_OBJECT row=0 layer=1 checkpoint=CP1 subobject=attn_norm result=MISMATCH elements=4096 mismatch_count=3913 first_index=1 actual_bits=0xba90cc13 expected_bits=0xba90cb7b max_abs=1.1920928955078125e-07 max_rel=0.0013442040870533796 max_ulp=17338
FIRST_DIVERGENCE_OBJECT row=0 layer=1 checkpoint=CP2-Q subobject=qr result=MISMATCH elements=1024 mismatch_count=979 first_index=0 actual_bits=0x3d243bbb expected_bits=0x3d243bc9 max_abs=2.0116567611694336e-07 max_rel=0.00050503708035405756 max_ulp=4864
FIRST_DIVERGENCE_OBJECT row=0 layer=1 checkpoint=CP2-KV-P subobject=kv_raw result=MISMATCH elements=512 mismatch_count=484 first_index=0 actual_bits=0xbcae8d4a expected_bits=0xbcae8d1c max_abs=1.9650906324386597e-07 max_rel=4.7342800766277046e-05 max_ulp=608
FIRST_DIVERGENCE_OBJECT row=0 layer=1 checkpoint=CP2-KV-R subobject=raw_cache result=EXACT elements=512
FIRST_DIVERGENCE_OBJECT row=0 layer=1 checkpoint=CP4 subobject=after_attn_hc result=MISMATCH elements=16384 mismatch_count=13016 first_index=0 actual_bits=0x3b712bdb expected_bits=0x3b712c7d max_abs=4.1723251342773438e-07 max_rel=0.013097842612176966 max_ulp=157141
FIRST_DIVERGENCE_OBJECT row=0 layer=1 checkpoint=CP5 subobject=layer_output result=MISMATCH elements=16384 mismatch_count=14230 first_index=0 actual_bits=0x3c81eff2 expected_bits=0x3c81effa max_abs=4.1723251342773438e-07 max_rel=0.17611249833224021 max_ulp=2039366
FIRST_DIVERGENCE_OBJECT row=0 layer=2 checkpoint=CP1 subobject=attn_norm result=MISMATCH elements=4096 mismatch_count=4050 first_index=0 actual_bits=0xbd5ca981 expected_bits=0xbd5ca971 max_abs=1.0728836059570312e-06 max_rel=0.0084774477221026441 max_ulp=125874
FIRST_DIVERGENCE_OBJECT row=0 layer=2 checkpoint=CP2-Q subobject=qr result=MISMATCH elements=1024 mismatch_count=1010 first_index=0 actual_bits=0x3e16d78e expected_bits=0x3e16d783 max_abs=1.0728836059570312e-06 max_rel=0.0023190850155484109 max_ulp=22528
FIRST_DIVERGENCE_OBJECT row=0 layer=2 checkpoint=CP2-KV-P subobject=kv_raw result=MISMATCH elements=512 mismatch_count=505 first_index=0 actual_bits=0x3e394fe3 expected_bits=0x3e394fda max_abs=1.1920928955078125e-06 max_rel=0.00082210839182950731 max_ulp=11648
FIRST_DIVERGENCE_OBJECT row=0 layer=2 checkpoint=CP2-KV-R subobject=raw_cache result=EXACT elements=512
FIRST_DIVERGENCE_OBJECT row=0 layer=2 checkpoint=CP3-F subobject=attn_state_kv result=MISMATCH elements=8192 mismatch_count=1009 first_index=4096 actual_bits=0x3e18ecaa expected_bits=0x3e18ecbc max_abs=1.0430812835693359e-06 max_rel=0.0043259557344064387 max_ulp=44032
FIRST_DIVERGENCE_OBJECT row=0 layer=2 checkpoint=CP3-F subobject=attn_state_score result=MISMATCH elements=8192 mismatch_count=987 first_index=4096 actual_bits=0x3f080f5b expected_bits=0x3f080f64 max_abs=1.6689300537109375e-06 max_rel=0.010917674830333431 max_ulp=151552
FIRST_DIVERGENCE_OBJECT row=0 layer=2 checkpoint=CP3-F subobject=layer_n_comp result=EXACT elements=1
FIRST_DIVERGENCE_OBJECT row=0 layer=2 checkpoint=CP3-F subobject=index_state_kv result=MISMATCH elements=2048 mismatch_count=250 first_index=1024 actual_bits=0xbe43b7b2 expected_bits=0xbe43b798 max_abs=1.1622905731201172e-06 max_rel=0.00040794231559352197 max_ulp=6704
FIRST_DIVERGENCE_OBJECT row=0 layer=2 checkpoint=CP3-F subobject=index_state_score result=MISMATCH elements=2048 mismatch_count=246 first_index=1024 actual_bits=0xbef764b7 expected_bits=0xbef764ab max_abs=2.8014183044433594e-06 max_rel=0.00012952638396125472 max_ulp=1472
FIRST_DIVERGENCE_OBJECT row=0 layer=2 checkpoint=CP3-F subobject=layer_n_index_comp result=EXACT elements=1
FIRST_DIVERGENCE_OBJECT row=0 layer=2 checkpoint=CP4 subobject=after_attn_hc result=MISMATCH elements=16384 mismatch_count=14490 first_index=0 actual_bits=0xbcfaba17 expected_bits=0xbcfab8f9 max_abs=8.1211328506469727e-07 max_rel=0.27518593846115807 max_ulp=4518724
FIRST_DIVERGENCE_OBJECT row=0 layer=2 checkpoint=CP5 subobject=layer_output result=MISMATCH elements=16384 mismatch_count=14746 first_index=0 actual_bits=0xbd4a5ae3 expected_bits=0xbd4a5a93 max_abs=8.8289380073547363e-07 max_rel=0.025082791896440203 max_ulp=252799
FIRST_DIVERGENCE_OBJECT row=0 layer=3 checkpoint=CP1 subobject=attn_norm result=MISMATCH elements=4096 mismatch_count=4067 first_index=0 actual_bits=0xbd8af590 expected_bits=0xbd8af56b max_abs=1.0430812835693359e-06 max_rel=0.012059892295815416 max_ulp=146886
FIRST_DIVERGENCE_OBJECT row=0 layer=3 checkpoint=CP2-Q subobject=qr result=MISMATCH elements=1024 mismatch_count=1016 first_index=0 actual_bits=0xbe2689e0 expected_bits=0xbe2689cc max_abs=1.4826655387878418e-06 max_rel=0.0019048316788160739 max_ulp=26624
FIRST_DIVERGENCE_OBJECT row=0 layer=3 checkpoint=CP2-KV-P subobject=kv_raw result=MISMATCH elements=512 mismatch_count=508 first_index=0 actual_bits=0xbd2b4246 expected_bits=0xbd2b4307 max_abs=2.1792948246002197e-06 max_rel=0.006955177743431221 max_ulp=94464
FIRST_DIVERGENCE_OBJECT row=0 layer=3 checkpoint=CP2-KV-R subobject=raw_cache result=MISMATCH elements=512 mismatch_count=3 first_index=485 actual_bits=0x3d012000 expected_bits=0x3d014000 max_abs=3.0517578125e-05 max_rel=0.0021398002853067048 max_ulp=24576
FIRST_DIVERGENCE_OBJECT row=0 layer=3 checkpoint=CP3-F subobject=attn_state_kv result=MISMATCH elements=65536 mismatch_count=509 first_index=8192 actual_bits=0xbdab490e expected_bits=0xbdab48a6 max_abs=1.6633421182632446e-06 max_rel=0.0057103147166076449 max_ulp=52064
FIRST_DIVERGENCE_OBJECT row=0 layer=3 checkpoint=CP3-F subobject=attn_state_score result=MISMATCH elements=65536 mismatch_count=505 first_index=8192 actual_bits=0x3c2eebec expected_bits=0x3c2eed4f max_abs=4.4703483581542969e-06 max_rel=0.0023171482974910394 max_ulp=21184
FIRST_DIVERGENCE_OBJECT row=0 layer=3 checkpoint=CP3-F subobject=layer_n_comp result=EXACT elements=1
FIRST_DIVERGENCE_OBJECT row=0 layer=3 checkpoint=CP4 subobject=after_attn_hc result=MISMATCH elements=16384 mismatch_count=16101 first_index=0 actual_bits=0xbcd80cc5 expected_bits=0xbcd80c65 max_abs=2.5331974029541016e-06 max_rel=0.011062625378798648 max_ulp=146193
FIRST_DIVERGENCE_OBJECT row=0 layer=3 checkpoint=CP5 subobject=layer_output result=MISMATCH elements=16384 mismatch_count=16271 first_index=0 actual_bits=0xbc9a96a5 expected_bits=0xbc9a95d7 max_abs=2.6822090148925781e-06 max_rel=0.094903434860584474 max_ulp=937952
FIRST_DIVERGENCE_OBJECT row=0 layer=4 checkpoint=CP1 subobject=attn_norm result=MISMATCH elements=4096 mismatch_count=4085 first_index=0 actual_bits=0x3c17397d expected_bits=0x3c173b46 max_abs=1.5020370483398438e-05 max_rel=0.0073583577981614469 max_ulp=109737
FIRST_DIVERGENCE_OBJECT row=0 layer=4 checkpoint=CP2-Q subobject=qr result=MISMATCH elements=1024 mismatch_count=1018 first_index=0 actual_bits=0xbdcfed1a expected_bits=0xbdcfed56 max_abs=3.5464763641357422e-06 max_rel=0.0024830839903159725 max_ulp=40960
FIRST_DIVERGENCE_OBJECT row=0 layer=4 checkpoint=CP2-KV-P subobject=kv_raw result=MISMATCH elements=512 mismatch_count=511 first_index=0 actual_bits=0x3cd2034c expected_bits=0x3cd202bc max_abs=5.3867697715759277e-06 max_rel=0.0019176582211355175 max_ulp=27472
FIRST_DIVERGENCE_OBJECT row=0 layer=4 checkpoint=CP2-KV-R subobject=raw_cache result=MISMATCH elements=512 mismatch_count=2 first_index=475 actual_bits=0xbce1c000 expected_bits=0xbce1e000 max_abs=3.0517578125e-05 max_rel=0.0009025270758122744 max_ulp=8192
FIRST_DIVERGENCE_OBJECT row=0 layer=4 checkpoint=CP3-F subobject=attn_state_kv result=MISMATCH elements=8192 mismatch_count=1020 first_index=4096 actual_bits=0x3d0046b5 expected_bits=0x3d00475d max_abs=5.3644180297851562e-06 max_rel=0.14536340852130325 max_ulp=2197504
FIRST_DIVERGENCE_OBJECT row=0 layer=4 checkpoint=CP3-F subobject=attn_state_score result=MISMATCH elements=8192 mismatch_count=1018 first_index=4096 actual_bits=0xbf9262e1 expected_bits=0xbf926313 max_abs=1.5974044799804688e-05 max_rel=0.0012996031746031747 max_ulp=16768
FIRST_DIVERGENCE_OBJECT row=0 layer=4 checkpoint=CP3-F subobject=layer_n_comp result=EXACT elements=1
FIRST_DIVERGENCE_OBJECT row=0 layer=4 checkpoint=CP3-F subobject=index_state_kv result=MISMATCH elements=2048 mismatch_count=254 first_index=1024 actual_bits=0x3ce92c53 expected_bits=0x3ce92ed0 max_abs=7.8678131103515625e-06 max_rel=0.010182492421794458 max_ulp=169408
FIRST_DIVERGENCE_OBJECT row=0 layer=4 checkpoint=CP3-F subobject=index_state_score result=MISMATCH elements=2048 mismatch_count=256 first_index=1024 actual_bits=0xbf9e5cae expected_bits=0xbf9e5cf4 max_abs=1.71661376953125e-05 max_rel=4.4782369227402565e-05 max_ulp=388
FIRST_DIVERGENCE_OBJECT row=0 layer=4 checkpoint=CP3-F subobject=layer_n_index_comp result=EXACT elements=1
FIRST_DIVERGENCE_OBJECT row=0 layer=4 checkpoint=CP4 subobject=after_attn_hc result=MISMATCH elements=16384 mismatch_count=16295 first_index=0 actual_bits=0xbd4a0714 expected_bits=0xbd4a0681 max_abs=5.0617381930351257e-06 max_rel=0.037010055349092519 max_ulp=534430
FIRST_DIVERGENCE_OBJECT row=0 layer=4 checkpoint=CP5 subobject=layer_output result=MISMATCH elements=16384 mismatch_count=16326 first_index=0 actual_bits=0xbd0ac760 expected_bits=0xbd0ac67a max_abs=4.813075065612793e-06 max_rel=0.12488739088239414 max_ulp=1233398
FIRST_DIVERGENCE_OBJECT row=0 layer=5 checkpoint=CP1 subobject=attn_norm result=MISMATCH elements=4096 mismatch_count=4091 first_index=0 actual_bits=0xb9e9653d expected_bits=0xb9e94606 max_abs=1.9259750843048096e-06 max_rel=0.19917019719413262 max_ulp=2551848
FIRST_DIVERGENCE_OBJECT row=0 layer=5 checkpoint=CP2-Q subobject=qr result=MISMATCH elements=1024 mismatch_count=1020 first_index=0 actual_bits=0x3ddad26d expected_bits=0x3ddad314 max_abs=3.0994415283203125e-06 max_rel=0.011718811693542018 max_ulp=189952
FIRST_DIVERGENCE_OBJECT row=0 layer=5 checkpoint=CP2-KV-P subobject=kv_raw result=MISMATCH elements=512 mismatch_count=511 first_index=0 actual_bits=0x3d95f7a8 expected_bits=0x3d95f796 max_abs=4.2021274566650391e-06 max_rel=0.0024443776115487242 max_ulp=24448
FIRST_DIVERGENCE_OBJECT row=0 layer=5 checkpoint=CP2-KV-R subobject=raw_cache result=MISMATCH elements=512 mismatch_count=2 first_index=464 actual_bits=0xbd58a000 expected_bits=0xbd58c000 max_abs=3.0517578125e-05 max_rel=0.00072992700729927003 max_ulp=8192
FIRST_DIVERGENCE_OBJECT row=0 layer=5 checkpoint=CP3-F subobject=attn_state_kv result=MISMATCH elements=65536 mismatch_count=511 first_index=8192 actual_bits=0xbd9a4834 expected_bits=0xbd9a476d max_abs=3.9711594581604004e-06 max_rel=0.0019190568157123925 max_ulp=20064
FIRST_DIVERGENCE_OBJECT row=0 layer=5 checkpoint=CP3-F subobject=attn_state_score result=MISMATCH elements=65536 mismatch_count=512 first_index=8192 actual_bits=0x3ec41dbe expected_bits=0x3ec41d7b max_abs=1.0117888450622559e-05 max_rel=0.005230715805009333 max_ulp=61696
FIRST_DIVERGENCE_OBJECT row=0 layer=5 checkpoint=CP3-F subobject=layer_n_comp result=EXACT elements=1
FIRST_DIVERGENCE_OBJECT row=0 layer=5 checkpoint=CP4 subobject=after_attn_hc result=MISMATCH elements=16384 mismatch_count=16319 first_index=0 actual_bits=0xbcedccc1 expected_bits=0xbcedcb19 max_abs=4.5001506805419922e-06 max_rel=0.048653870987207956 max_ulp=708708
FIRST_DIVERGENCE_OBJECT row=0 layer=5 checkpoint=CP5 subobject=layer_output result=MISMATCH elements=16384 mismatch_count=16334 first_index=0 actual_bits=0xbce90534 expected_bits=0xbce903ab max_abs=4.8819929361343384e-06 max_rel=0.12701798335720796 max_ulp=1232692
FIRST_DIVERGENCE_OBJECT row=0 layer=6 checkpoint=CP1 subobject=attn_norm result=MISMATCH elements=4096 mismatch_count=4093 first_index=0 actual_bits=0xbcb8a428 expected_bits=0xbcb8a4c6 max_abs=4.5061111450195312e-05 max_rel=0.072585452257027103 max_ulp=825488
FIRST_DIVERGENCE_OBJECT row=0 layer=6 checkpoint=CP2-Q subobject=qr result=MISMATCH elements=1024 mismatch_count=1023 first_index=0 actual_bits=0x3dabc6b8 expected_bits=0x3dabc4bb max_abs=7.9870223999023438e-06 max_rel=0.0037477725166743039 max_ulp=59648
FIRST_DIVERGENCE_OBJECT row=0 layer=6 checkpoint=CP2-KV-P subobject=kv_raw result=MISMATCH elements=512 mismatch_count=511 first_index=0 actual_bits=0x3d74ae43 expected_bits=0x3d74b2a4 max_abs=7.9497694969177246e-06 max_rel=0.036712783972904749 max_ulp=588288
FIRST_DIVERGENCE_OBJECT row=0 layer=6 checkpoint=CP2-KV-R subobject=raw_cache result=MISMATCH elements=512 mismatch_count=7 first_index=460 actual_bits=0x3b30a000 expected_bits=0x3b302000 max_abs=0.0009765625 max_rel=0.0028308563340410475 max_ulp=32768
FIRST_DIVERGENCE_OBJECT row=0 layer=6 checkpoint=CP3-F subobject=attn_state_kv result=MISMATCH elements=8192 mismatch_count=1024 first_index=4096 actual_bits=0xbdbbb626 expected_bits=0xbdbbb762 max_abs=8.0242753028869629e-06 max_rel=0.0060916404660625112 max_ulp=67456
FIRST_DIVERGENCE_OBJECT row=0 layer=6 checkpoint=CP3-F subobject=attn_state_score result=MISMATCH elements=8192 mismatch_count=1024 first_index=4096 actual_bits=0xbfb32ffd expected_bits=0xbfb32f17 max_abs=3.7431716918945312e-05 max_rel=0.00035395457786339593 max_ulp=4176
FIRST_DIVERGENCE_OBJECT row=0 layer=6 checkpoint=CP3-F subobject=layer_n_comp result=EXACT elements=1
FIRST_DIVERGENCE_OBJECT row=0 layer=6 checkpoint=CP3-F subobject=index_state_kv result=MISMATCH elements=2048 mismatch_count=256 first_index=1024 actual_bits=0xbd86996c expected_bits=0xbd869aca max_abs=1.2874603271484375e-05 max_rel=0.006800561251139401 max_ulp=84992
FIRST_DIVERGENCE_OBJECT row=0 layer=6 checkpoint=CP3-F subobject=index_state_score result=MISMATCH elements=2048 mismatch_count=254 first_index=1024 actual_bits=0xbff5973c expected_bits=0xbff59642 max_abs=4.57763671875e-05 max_rel=0.00020000756405035548 max_ulp=2274
FIRST_DIVERGENCE_OBJECT row=0 layer=6 checkpoint=CP3-F subobject=layer_n_index_comp result=EXACT elements=1
FIRST_DIVERGENCE_OBJECT row=0 layer=6 checkpoint=CP4 subobject=after_attn_hc result=MISMATCH elements=16384 mismatch_count=16351 first_index=0 actual_bits=0xbcb58e32 expected_bits=0xbcb58b72 max_abs=1.029670238494873e-05 max_rel=1.7140031994571472 max_ulp=1807440863
FIRST_DIVERGENCE_OBJECT row=0 layer=6 checkpoint=CP5 subobject=layer_output result=MISMATCH elements=16384 mismatch_count=16345 first_index=0 actual_bits=0xbca7b6e7 expected_bits=0xbca7b410 max_abs=9.8273158073425293e-06 max_rel=0.42457836071804766 max_ulp=6191585
FIRST_DIVERGENCE_OBJECT row=0 layer=7 checkpoint=CP1 subobject=attn_norm result=MISMATCH elements=4096 mismatch_count=4090 first_index=0 actual_bits=0xbc90d59c expected_bits=0xbc90d4ee max_abs=4.1890889406204224e-06 max_rel=0.037901555367275415 max_ulp=592326
FIRST_DIVERGENCE_OBJECT row=0 layer=7 checkpoint=CP2-Q subobject=qr result=MISMATCH elements=1024 mismatch_count=1022 first_index=0 actual_bits=0x3d109a6c expected_bits=0x3d109a6b max_abs=6.4074993133544922e-06 max_rel=0.0099324314872067491 max_ulp=103480
FIRST_DIVERGENCE_OBJECT row=0 layer=7 checkpoint=CP2-KV-P subobject=kv_raw result=MISMATCH elements=512 mismatch_count=512 first_index=0 actual_bits=0x3dc32922 expected_bits=0x3dc329f0 max_abs=7.2121620178222656e-06 max_rel=0.011713769866094407 max_ulp=189344
FIRST_DIVERGENCE_OBJECT row=0 layer=7 checkpoint=CP2-KV-R subobject=raw_cache result=MISMATCH elements=512 mismatch_count=7 first_index=459 actual_bits=0x3db8a000 expected_bits=0x3db8c000 max_abs=0.00048828125 max_rel=0.0011204481792717086 max_ulp=16384
FIRST_DIVERGENCE_OBJECT row=0 layer=7 checkpoint=CP3-F subobject=attn_state_kv result=MISMATCH elements=65536 mismatch_count=511 first_index=8192 actual_bits=0xbd81f643 expected_bits=0xbd81f718 max_abs=5.2414834499359131e-06 max_rel=0.0084613769206538098 max_ulp=123776
FIRST_DIVERGENCE_OBJECT row=0 layer=7 checkpoint=CP3-F subobject=attn_state_score result=MISMATCH elements=65536 mismatch_count=512 first_index=8192 actual_bits=0xbd928106 expected_bits=0xbd928248 max_abs=3.3259391784667969e-05 max_rel=0.04222575168410099 max_ulp=394752
FIRST_DIVERGENCE_OBJECT row=0 layer=7 checkpoint=CP3-F subobject=layer_n_comp result=EXACT elements=1
FIRST_DIVERGENCE_OBJECT row=0 layer=7 checkpoint=CP4 subobject=after_attn_hc result=MISMATCH elements=16384 mismatch_count=16351 first_index=0 actual_bits=0xbcb93720 expected_bits=0xbcb9343b max_abs=1.4901161193847656e-05 max_rel=0.33234957922366687 max_ulp=4415970
FIRST_DIVERGENCE_OBJECT row=0 layer=7 checkpoint=CP5 subobject=layer_output result=MISMATCH elements=16384 mismatch_count=16355 first_index=0 actual_bits=0xbcdba91d expected_bits=0xbcdba5ff max_abs=2.0816922187805176e-05 max_rel=1.0993991783697821 max_ulp=1832755626
FIRST_DIVERGENCE_OBJECT row=0 layer=8 checkpoint=CP1 subobject=attn_norm result=MISMATCH elements=4096 mismatch_count=4094 first_index=0 actual_bits=0xbcd615db expected_bits=0xbcd60f14 max_abs=0.0001195073127746582 max_rel=0.36618841231270294 max_ulp=6113454
FIRST_DIVERGENCE_OBJECT row=0 layer=8 checkpoint=CP2-Q subobject=qr result=MISMATCH elements=1024 mismatch_count=1023 first_index=0 actual_bits=0xbe41d961 expected_bits=0xbe41d736 max_abs=1.958012580871582e-05 max_rel=0.48963399027386739 max_ulp=8056832
FIRST_DIVERGENCE_OBJECT row=0 layer=8 checkpoint=CP2-KV-P subobject=kv_raw result=MISMATCH elements=512 mismatch_count=512 first_index=0 actual_bits=0x3c93fcd1 expected_bits=0x3c93f8e2 max_abs=2.4765729904174805e-05 max_rel=0.0096917885842979848 max_ulp=96464
FIRST_DIVERGENCE_OBJECT row=0 layer=8 checkpoint=CP2-KV-R subobject=raw_cache result=MISMATCH elements=512 mismatch_count=10 first_index=451 actual_bits=0xbf42e000 expected_bits=0xbf430000 max_abs=0.0009765625 max_rel=0.0033557046979865771 max_ulp=40960
FIRST_DIVERGENCE_OBJECT row=0 layer=8 checkpoint=CP3-F subobject=attn_state_kv result=MISMATCH elements=8192 mismatch_count=1024 first_index=4096 actual_bits=0xbd9ed2a6 expected_bits=0xbd9ed4e8 max_abs=3.1948089599609375e-05 max_rel=0.063268017270009969 max_ulp=585216
FIRST_DIVERGENCE_OBJECT row=0 layer=8 checkpoint=CP3-F subobject=attn_state_score result=MISMATCH elements=8192 mismatch_count=1024 first_index=4096 actual_bits=0xbf05657d expected_bits=0xbf055fee max_abs=0.00011563301086425781 max_rel=0.0030226256737325027 max_ulp=39552
FIRST_DIVERGENCE_OBJECT row=0 layer=8 checkpoint=CP3-F subobject=layer_n_comp result=EXACT elements=1
FIRST_DIVERGENCE_OBJECT row=0 layer=8 checkpoint=CP3-F subobject=index_state_kv result=MISMATCH elements=2048 mismatch_count=255 first_index=1024 actual_bits=0xba82ec00 expected_bits=0xba834d60 max_abs=3.814697265625e-05 max_rel=0.0045176664375535568 max_ulp=47744
FIRST_DIVERGENCE_OBJECT row=0 layer=8 checkpoint=CP3-F subobject=index_state_score result=MISMATCH elements=2048 mismatch_count=256 first_index=1024 actual_bits=0xbf30630e expected_bits=0xbf305e80 max_abs=0.0001773834228515625 max_rel=0.01305458982801096 max_ulp=217728
FIRST_DIVERGENCE_OBJECT row=0 layer=8 checkpoint=CP3-F subobject=layer_n_index_comp result=EXACT elements=1
FIRST_DIVERGENCE_OBJECT row=0 layer=8 checkpoint=CP4 subobject=after_attn_hc result=MISMATCH elements=16384 mismatch_count=16351 first_index=0 actual_bits=0xbcd001b7 expected_bits=0xbccffe8e max_abs=2.1398067474365234e-05 max_rel=0.064631981422132348 max_ulp=989449
FIRST_DIVERGENCE_OBJECT row=0 layer=8 checkpoint=CP5 subobject=layer_output result=MISMATCH elements=16384 mismatch_count=16362 first_index=0 actual_bits=0xbce44b72 expected_bits=0xbce4470e max_abs=3.5613775253295898e-05 max_rel=0.36318571778627762 max_ulp=5801280
FIRST_DIVERGENCE_OBJECT row=0 layer=9 checkpoint=CP1 subobject=attn_norm result=MISMATCH elements=4096 mismatch_count=4092 first_index=0 actual_bits=0xbd35f778 expected_bits=0xbd35f584 max_abs=4.9136579036712646e-06 max_rel=0.17190953742005782 max_ulp=2076234
FIRST_DIVERGENCE_OBJECT row=0 layer=9 checkpoint=CP2-Q subobject=qr result=MISMATCH elements=1024 mismatch_count=1023 first_index=0 actual_bits=0x3d8757e2 expected_bits=0x3d87569a max_abs=7.0631504058837891e-06 max_rel=0.033602538217479092 max_ulp=536832
FIRST_DIVERGENCE_OBJECT row=0 layer=9 checkpoint=CP2-KV-P subobject=kv_raw result=MISMATCH elements=512 mismatch_count=512 first_index=0 actual_bits=0x3c633f38 expected_bits=0x3c633f05 max_abs=6.3255429267883301e-06 max_rel=0.0027365379589864456 max_ulp=35520
FIRST_DIVERGENCE_OBJECT row=0 layer=9 checkpoint=CP2-KV-R subobject=raw_cache result=MISMATCH elements=512 mismatch_count=6 first_index=453 actual_bits=0xbd264000 expected_bits=0xbd266000 max_abs=0.00048828125 max_rel=0.0027144408251900108 max_ulp=40960
FIRST_DIVERGENCE_OBJECT row=0 layer=9 checkpoint=CP3-F subobject=attn_state_kv result=MISMATCH elements=65536 mismatch_count=512 first_index=8192 actual_bits=0xbe10950c expected_bits=0xbe109536 max_abs=1.1209398508071899e-05 max_rel=0.41000660501981506 max_ulp=6156288
FIRST_DIVERGENCE_OBJECT row=0 layer=9 checkpoint=CP3-F subobject=attn_state_score result=MISMATCH elements=65536 mismatch_count=510 first_index=8192 actual_bits=0x3d43fdf8 expected_bits=0x3d43fa20 max_abs=3.1113624572753906e-05 max_rel=0.0056024346382625538 max_ulp=62208
FIRST_DIVERGENCE_OBJECT row=0 layer=9 checkpoint=CP3-F subobject=layer_n_comp result=EXACT elements=1
FIRST_DIVERGENCE_OBJECT row=0 layer=9 checkpoint=CP4 subobject=after_attn_hc result=MISMATCH elements=16384 mismatch_count=16360 first_index=0 actual_bits=0xbd04c05c expected_bits=0xbd04bce0 max_abs=3.4213066101074219e-05 max_rel=0.42631158301340627 max_ulp=7140226
FIRST_DIVERGENCE_OBJECT row=0 layer=9 checkpoint=CP5 subobject=layer_output result=MISMATCH elements=16384 mismatch_count=16361 first_index=0 actual_bits=0xbd34348e expected_bits=0xbd3431c9 max_abs=4.3630599975585938e-05 max_rel=0.43048764934697903 max_ulp=6673234
FIRST_DIVERGENCE_OBJECT row=0 layer=10 checkpoint=CP1 subobject=attn_norm result=MISMATCH elements=4096 mismatch_count=4096 first_index=0 actual_bits=0xbc9546fd expected_bits=0xbc953c14 max_abs=2.8073787689208984e-05 max_rel=0.069358639390337123 max_ulp=1135353
FIRST_DIVERGENCE_OBJECT row=0 layer=10 checkpoint=CP2-Q subobject=qr result=MISMATCH elements=1024 mismatch_count=1024 first_index=0 actual_bits=0xbc0bf242 expected_bits=0xbc0bb4f4 max_abs=2.1860003471374512e-05 max_rel=0.27393225331369664 max_ulp=4571136
FIRST_DIVERGENCE_OBJECT row=0 layer=10 checkpoint=CP2-KV-P subobject=kv_raw result=MISMATCH elements=512 mismatch_count=512 first_index=0 actual_bits=0x3cd36a3e expected_bits=0x3cd38f66 max_abs=2.4810433387756348e-05 max_rel=0.0099512677219366769 max_ulp=97952
FIRST_DIVERGENCE_OBJECT row=0 layer=10 checkpoint=CP2-KV-R subobject=raw_cache result=MISMATCH elements=512 mismatch_count=10 first_index=266 actual_bits=0xbda00000 expected_bits=0xbdb00000 max_abs=0.0078125 max_rel=0.10000000000000001 max_ulp=1048576
FIRST_DIVERGENCE_OBJECT row=0 layer=10 checkpoint=CP3-F subobject=attn_state_kv result=MISMATCH elements=8192 mismatch_count=1023 first_index=4096 actual_bits=0x3de9d7b6 expected_bits=0x3de9df76 max_abs=1.9554048776626587e-05 max_rel=0.019579230167090272 max_ulp=259328
FIRST_DIVERGENCE_OBJECT row=0 layer=10 checkpoint=CP3-F subobject=attn_state_score result=MISMATCH elements=8192 mismatch_count=1019 first_index=4096 actual_bits=0x3ee6f4b6 expected_bits=0x3ee6f61a max_abs=4.6819448471069336e-05 max_rel=0.1353829557713053 max_ulp=1413632
FIRST_DIVERGENCE_OBJECT row=0 layer=10 checkpoint=CP3-F subobject=layer_n_comp result=EXACT elements=1
FIRST_DIVERGENCE_OBJECT row=0 layer=10 checkpoint=CP3-F subobject=index_state_kv result=MISMATCH elements=2048 mismatch_count=256 first_index=1024 actual_bits=0x3d0a6e98 expected_bits=0x3d0a6a96 max_abs=2.5808811187744141e-05 max_rel=0.0041923408932427421 max_ulp=51752
FIRST_DIVERGENCE_OBJECT row=0 layer=10 checkpoint=CP3-F subobject=index_state_score result=MISMATCH elements=2048 mismatch_count=255 first_index=1024 actual_bits=0x3ebe9d7c expected_bits=0x3ebe9ec0 max_abs=6.9186091423034668e-05 max_rel=0.022726168299991901 max_ulp=359168
FIRST_DIVERGENCE_OBJECT row=0 layer=10 checkpoint=CP3-F subobject=layer_n_index_comp result=EXACT elements=1
FIRST_DIVERGENCE_OBJECT row=0 layer=10 checkpoint=CP4 subobject=after_attn_hc result=MISMATCH elements=16384 mismatch_count=16372 first_index=0 actual_bits=0xbd3324eb expected_bits=0xbd3322e9 max_abs=0.00018518045544624329 max_rel=0.39227031152536534 max_ulp=5822744
FIRST_DIVERGENCE_OBJECT row=0 layer=10 checkpoint=CP5 subobject=layer_output result=MISMATCH elements=16384 mismatch_count=16376 first_index=0 actual_bits=0xbd366ccd expected_bits=0xbd366b06 max_abs=7.604062557220459e-05 max_rel=1.6541857262370043 max_ulp=1843497456
FIRST_DIVERGENCE_OBJECT row=0 layer=11 checkpoint=CP1 subobject=attn_norm result=MISMATCH elements=4096 mismatch_count=4096 first_index=0 actual_bits=0xbb4bd142 expected_bits=0xbb4be5cd max_abs=1.7333775758743286e-05 max_rel=0.28392873343377301 max_ulp=3818143
FIRST_DIVERGENCE_OBJECT row=0 layer=11 checkpoint=CP2-Q subobject=qr result=MISMATCH elements=1024 mismatch_count=1024 first_index=0 actual_bits=0x3e358f32 expected_bits=0x3e359114 max_abs=3.1961128115653992e-05 max_rel=0.054791599320986296 max_ulp=517984
FIRST_DIVERGENCE_OBJECT row=0 layer=11 checkpoint=CP2-KV-P subobject=kv_raw result=MISMATCH elements=512 mismatch_count=512 first_index=0 actual_bits=0xbdd94447 expected_bits=0xbdd945f9 max_abs=2.2336840629577637e-05 max_rel=0.028216128361650255 max_ulp=382208
FIRST_DIVERGENCE_OBJECT row=0 layer=11 checkpoint=CP2-KV-R subobject=raw_cache result=MISMATCH elements=512 mismatch_count=13 first_index=145 actual_bits=0x3d400000 expected_bits=0x3d500000 max_abs=0.00390625 max_rel=0.076923076923076927 max_ulp=1048576
FIRST_DIVERGENCE_OBJECT row=0 layer=11 checkpoint=CP3-F subobject=attn_state_kv result=MISMATCH elements=65536 mismatch_count=511 first_index=8192 actual_bits=0xbbbb2574 expected_bits=0xbbbb2908 max_abs=4.501640796661377e-05 max_rel=0.22623110677718186 max_ulp=2638848
FIRST_DIVERGENCE_OBJECT row=0 layer=11 checkpoint=CP3-F subobject=attn_state_score result=MISMATCH elements=65536 mismatch_count=512 first_index=8192 actual_bits=0xbd0a3da0 expected_bits=0xbd0a4529 max_abs=4.0784478187561035e-05 max_rel=0.01896270776106895 max_ulp=260672
FIRST_DIVERGENCE_OBJECT row=0 layer=11 checkpoint=CP3-F subobject=layer_n_comp result=EXACT elements=1
FIRST_DIVERGENCE_OBJECT row=0 layer=11 checkpoint=CP4 subobject=after_attn_hc result=MISMATCH elements=16384 mismatch_count=16371 first_index=0 actual_bits=0xbd3750fb expected_bits=0xbd374e83 max_abs=7.9274177551269531e-05 max_rel=1.0190816440340837 max_ulp=1802930413
FIRST_DIVERGENCE_OBJECT row=0 layer=11 checkpoint=CP5 subobject=layer_output result=MISMATCH elements=16384 mismatch_count=16376 first_index=0 actual_bits=0xbd373608 expected_bits=0xbd37335e max_abs=9.9090859293937683e-05 max_rel=0.50845161771670799 max_ulp=8626267
FIRST_DIVERGENCE_OBJECT row=0 layer=12 checkpoint=CP1 subobject=attn_norm result=MISMATCH elements=4096 mismatch_count=4095 first_index=0 actual_bits=0xbcf8216a expected_bits=0xbcf82f37 max_abs=0.00017261505126953125 max_rel=0.11113098586540797 max_ulp=1127456
FIRST_DIVERGENCE_OBJECT row=0 layer=12 checkpoint=CP2-Q subobject=qr result=MISMATCH elements=1024 mismatch_count=1024 first_index=0 actual_bits=0xbe5f89b0 expected_bits=0xbe5f9136 max_abs=5.4478645324707031e-05 max_rel=0.075526093503250208 max_ulp=1052928
FIRST_DIVERGENCE_OBJECT row=0 layer=12 checkpoint=CP2-KV-P subobject=kv_raw result=MISMATCH elements=512 mismatch_count=512 first_index=0 actual_bits=0x3c1560b8 expected_bits=0x3c158092 max_abs=5.3942203521728516e-05 max_rel=0.042827906976744184 max_ulp=589312
FIRST_DIVERGENCE_OBJECT row=0 layer=12 checkpoint=CP2-KV-R subobject=raw_cache result=MISMATCH elements=512 mismatch_count=15 first_index=456 actual_bits=0xbf250000 expected_bits=0xbf24e000 max_abs=0.0009765625 max_rel=0.014693171996542784 max_ulp=139264
FIRST_DIVERGENCE_OBJECT row=0 layer=12 checkpoint=CP3-F subobject=attn_state_kv result=MISMATCH elements=8192 mismatch_count=1024 first_index=4096 actual_bits=0x3cd374ec expected_bits=0x3cd352f2 max_abs=5.6445598602294922e-05 max_rel=0.050855134713002736 max_ulp=833536
FIRST_DIVERGENCE_OBJECT row=0 layer=12 checkpoint=CP3-F subobject=attn_state_score result=MISMATCH elements=8192 mismatch_count=1024 first_index=4096 actual_bits=0xbcabb810 expected_bits=0xbcabf600 max_abs=0.00016999244689941406 max_rel=0.39504617968094041 max_ulp=6340608
FIRST_DIVERGENCE_OBJECT row=0 layer=12 checkpoint=CP3-F subobject=layer_n_comp result=EXACT elements=1
FIRST_DIVERGENCE_OBJECT row=0 layer=12 checkpoint=CP3-F subobject=index_state_kv result=MISMATCH elements=2048 mismatch_count=256 first_index=1024 actual_bits=0xbe1c6b34 expected_bits=0xbe1c5f64 max_abs=9.7513198852539062e-05 max_rel=0.029393916666098471 max_ulp=275904
FIRST_DIVERGENCE_OBJECT row=0 layer=12 checkpoint=CP3-F subobject=index_state_score result=MISMATCH elements=2048 mismatch_count=256 first_index=1024 actual_bits=0x3d4117a8 expected_bits=0x3d40e2e0 max_abs=0.00017791986465454102 max_rel=0.021299032366720764 max_ulp=356128
FIRST_DIVERGENCE_OBJECT row=0 layer=12 checkpoint=CP3-F subobject=layer_n_index_comp result=EXACT elements=1
FIRST_DIVERGENCE_OBJECT row=0 layer=12 checkpoint=CP4 subobject=after_attn_hc result=MISMATCH elements=16384 mismatch_count=16374 first_index=0 actual_bits=0xbd3d8803 expected_bits=0xbd3d85c6 max_abs=0.00012283027172088623 max_rel=1.2109085428983086 max_ulp=1845180668
FIRST_DIVERGENCE_OBJECT row=0 layer=12 checkpoint=CP5 subobject=layer_output result=MISMATCH elements=16384 mismatch_count=16380 first_index=0 actual_bits=0xbd4433f2 expected_bits=0xbd4431ec max_abs=0.00012594461441040039 max_rel=1.1554998419541582 max_ulp=1847766353
FIRST_DIVERGENCE_OBJECT row=0 layer=13 checkpoint=CP1 subobject=attn_norm result=MISMATCH elements=4096 mismatch_count=4096 first_index=0 actual_bits=0xbd839a7a expected_bits=0xbd839be5 max_abs=1.4591962099075317e-05 max_rel=1.9836391092867454 max_ulp=1826783794
FIRST_DIVERGENCE_OBJECT row=0 layer=13 checkpoint=CP2-Q subobject=qr result=MISMATCH elements=1024 mismatch_count=1022 first_index=0 actual_bits=0x3db9393a expected_bits=0x3db93661 max_abs=2.2802501916885376e-05 max_rel=0.033229753350165078 max_ulp=433536
FIRST_DIVERGENCE_OBJECT row=0 layer=13 checkpoint=CP2-KV-P subobject=kv_raw result=MISMATCH elements=512 mismatch_count=512 first_index=0 actual_bits=0x3d988142 expected_bits=0x3d98886a max_abs=2.7060508728027344e-05 max_rel=0.071201688138605071 max_ulp=820608
FIRST_DIVERGENCE_OBJECT row=0 layer=13 checkpoint=CP2-KV-R subobject=raw_cache result=MISMATCH elements=512 mismatch_count=19 first_index=210 actual_bits=0x3ac00000 expected_bits=0x3ad00000 max_abs=0.0625 max_rel=0.076923076923076927 max_ulp=1048576
FIRST_DIVERGENCE_OBJECT row=0 layer=13 checkpoint=CP3-F subobject=attn_state_kv result=MISMATCH elements=65536 mismatch_count=512 first_index=8192 actual_bits=0x3d406a04 expected_bits=0x3d406b01 max_abs=2.6911497116088867e-05 max_rel=0.010309534793266578 max_ulp=145888
FIRST_DIVERGENCE_OBJECT row=0 layer=13 checkpoint=CP3-F subobject=attn_state_score result=MISMATCH elements=65536 mismatch_count=512 first_index=8192 actual_bits=0xbc612a62 expected_bits=0xbc610f5a max_abs=2.7410686016082764e-05 max_rel=0.051003555453607068 max_ulp=569216
FIRST_DIVERGENCE_OBJECT row=0 layer=13 checkpoint=CP3-F subobject=layer_n_comp result=EXACT elements=1
FIRST_DIVERGENCE_OBJECT row=0 layer=13 checkpoint=CP4 subobject=after_attn_hc result=MISMATCH elements=16384 mismatch_count=16375 first_index=0 actual_bits=0xbd4e91d5 expected_bits=0xbd4e8fa0 max_abs=0.002101898193359375 max_rel=0.86772597502409599 max_ulp=24486420
FIRST_DIVERGENCE_OBJECT row=0 layer=13 checkpoint=CP5 subobject=layer_output result=MISMATCH elements=16384 mismatch_count=16375 first_index=0 actual_bits=0xbd53a879 expected_bits=0xbd53a7e0 max_abs=0.0015759170055389404 max_rel=1.60310663637213 max_ulp=1921011403
FIRST_DIVERGENCE_OBJECT row=0 layer=14 checkpoint=CP1 subobject=attn_norm result=MISMATCH elements=4096 mismatch_count=4095 first_index=0 actual_bits=0xbe03b38d expected_bits=0xbe03c799 max_abs=0.0031881630420684814 max_rel=1.3396703645440442 max_ulp=1890618191
FIRST_DIVERGENCE_OBJECT row=0 layer=14 checkpoint=CP2-Q subobject=qr result=MISMATCH elements=1024 mismatch_count=1024 first_index=0 actual_bits=0x3d027620 expected_bits=0x3d018cfc max_abs=0.00046676769852638245 max_rel=1.9181033855644305 max_ulp=1912389249
FIRST_DIVERGENCE_OBJECT row=0 layer=14 checkpoint=CP2-KV-P subobject=kv_raw result=MISMATCH elements=512 mismatch_count=512 first_index=0 actual_bits=0x3e135078 expected_bits=0x3e134ebb max_abs=0.00048160552978515625 max_rel=0.21607268141490751 max_ulp=3114240
FIRST_DIVERGENCE_OBJECT row=0 layer=14 checkpoint=CP2-KV-R subobject=raw_cache result=MISMATCH elements=512 mismatch_count=64 first_index=2 actual_bits=0x3ba00000 expected_bits=0x3bb00000 max_abs=0.125 max_rel=0.16666666666666666 max_ulp=2097152
FIRST_DIVERGENCE_OBJECT row=0 layer=14 checkpoint=CP3-F subobject=attn_state_kv result=MISMATCH elements=8192 mismatch_count=1024 first_index=4096 actual_bits=0x3e312858 expected_bits=0x3e311923 max_abs=0.00046370178461074829 max_rel=0.27767217076117601 max_ulp=4412544
FIRST_DIVERGENCE_OBJECT row=0 layer=14 checkpoint=CP3-F subobject=attn_state_score result=MISMATCH elements=8192 mismatch_count=1024 first_index=4096 actual_bits=0xbed661b4 expected_bits=0xbed62efa max_abs=0.0027345716953277588 max_rel=0.26841399458383858 max_ulp=4116880
FIRST_DIVERGENCE_OBJECT row=0 layer=14 checkpoint=CP3-F subobject=layer_n_comp result=EXACT elements=1
FIRST_DIVERGENCE_OBJECT row=0 layer=14 checkpoint=CP3-F subobject=index_state_kv result=MISMATCH elements=2048 mismatch_count=255 first_index=1024 actual_bits=0x3f0b03b6 expected_bits=0x3f0b1100 max_abs=0.00054791569709777832 max_rel=0.12211320234537694 max_ulp=1587456
FIRST_DIVERGENCE_OBJECT row=0 layer=14 checkpoint=CP3-F subobject=index_state_score result=MISMATCH elements=2048 mismatch_count=256 first_index=1024 actual_bits=0xbf4cd787 expected_bits=0xbf4cc603 max_abs=0.0036711692810058594 max_rel=0.069017376096152022 max_ulp=1081584
FIRST_DIVERGENCE_OBJECT row=0 layer=14 checkpoint=CP3-F subobject=layer_n_index_comp result=EXACT elements=1
FIRST_DIVERGENCE_OBJECT row=0 layer=14 checkpoint=CP4 subobject=after_attn_hc result=MISMATCH elements=16384 mismatch_count=16374 first_index=0 actual_bits=0xbd5b5220 expected_bits=0xbd5b523b max_abs=0.0042540580034255981 max_rel=1.6556623934900083 max_ulp=1930398680
FIRST_DIVERGENCE_OBJECT row=0 layer=14 checkpoint=CP5 subobject=layer_output result=MISMATCH elements=16384 mismatch_count=16381 first_index=0 actual_bits=0xbd6b4598 expected_bits=0xbd6b439a max_abs=0.0038705766201019287 max_rel=1.1975319039103429 max_ulp=1929571016
FIRST_DIVERGENCE_OBJECT row=0 layer=15 checkpoint=CP1 subobject=attn_norm result=MISMATCH elements=4096 mismatch_count=4095 first_index=0 actual_bits=0xbd797a52 expected_bits=0xbd797256 max_abs=0.0008341372013092041 max_rel=1.3584411294974483 max_ulp=1893377671
FIRST_DIVERGENCE_OBJECT row=0 layer=15 checkpoint=CP2-Q subobject=qr result=MISMATCH elements=1024 mismatch_count=1024 first_index=0 actual_bits=0xbda1a457 expected_bits=0xbda19a6a max_abs=0.00037761032581329346 max_rel=0.55229937533515949 max_ulp=9793152
FIRST_DIVERGENCE_OBJECT row=0 layer=15 checkpoint=CP2-KV-P subobject=kv_raw result=MISMATCH elements=512 mismatch_count=512 first_index=0 actual_bits=0xbcd7ca8f expected_bits=0xbcd845e5 max_abs=0.00049631297588348389 max_rel=0.57117104624558002 max_ulp=9965312
FIRST_DIVERGENCE_OBJECT row=0 layer=15 checkpoint=CP2-KV-R subobject=raw_cache result=MISMATCH elements=512 mismatch_count=66 first_index=20 actual_bits=0x3ed00000 expected_bits=0x3ec00000 max_abs=0.0625 max_rel=0.59999999999999998 max_ulp=10485760
FIRST_DIVERGENCE_OBJECT row=0 layer=15 checkpoint=CP3-F subobject=attn_state_kv result=MISMATCH elements=65536 mismatch_count=512 first_index=8192 actual_bits=0xbd7ebd26 expected_bits=0xbd7edbdc max_abs=0.00035583972930908203 max_rel=1.6094958274673032 max_ulp=1881723649
FIRST_DIVERGENCE_OBJECT row=0 layer=15 checkpoint=CP3-F subobject=attn_state_score result=MISMATCH elements=65536 mismatch_count=512 first_index=8192 actual_bits=0x3e78a250 expected_bits=0x3e787b90 max_abs=0.0012499690055847168 max_rel=0.57316070694615706 max_ulp=10393600
FIRST_DIVERGENCE_OBJECT row=0 layer=15 checkpoint=CP3-F subobject=layer_n_comp result=EXACT elements=1
FIRST_DIVERGENCE_OBJECT row=0 layer=15 checkpoint=CP4 subobject=after_attn_hc result=MISMATCH elements=16384 mismatch_count=16378 first_index=0 actual_bits=0xbd73011f expected_bits=0xbd72ff49 max_abs=0.0046834498643875122 max_rel=1.4210451667914323 max_ulp=1957432172
FIRST_DIVERGENCE_OBJECT row=0 layer=15 checkpoint=CP5 subobject=layer_output result=MISMATCH elements=16384 mismatch_count=16377 first_index=0 actual_bits=0xbd84e0be expected_bits=0xbd84e2f9 max_abs=0.0049933195114135742 max_rel=1.4924273812678326 max_ulp=1938534217
FIRST_DIVERGENCE_OBJECT row=0 layer=16 checkpoint=CP1 subobject=attn_norm result=MISMATCH elements=4096 mismatch_count=4096 first_index=0 actual_bits=0xbe0e4825 expected_bits=0xbe0e5425 max_abs=0.0020882785320281982 max_rel=1.8236284814556911 max_ulp=1895283133
FIRST_DIVERGENCE_OBJECT row=0 layer=16 checkpoint=CP2-Q subobject=qr result=MISMATCH elements=1024 mismatch_count=1024 first_index=0 actual_bits=0xbd8828b2 expected_bits=0xbd87ecf6 max_abs=0.00078959017992019653 max_rel=0.52449685875869723 max_ulp=8908672
FIRST_DIVERGENCE_OBJECT row=0 layer=16 checkpoint=CP2-KV-P subobject=kv_raw result=MISMATCH elements=512 mismatch_count=512 first_index=0 actual_bits=0x3e8c164e expected_bits=0x3e8bfec0 max_abs=0.00080645084381103516 max_rel=0.88580732298469911 max_ulp=26362112
FIRST_DIVERGENCE_OBJECT row=0 layer=16 checkpoint=CP2-KV-R subobject=raw_cache result=MISMATCH elements=512 mismatch_count=70 first_index=38 actual_bits=0xbec00000 expected_bits=0xbed00000 max_abs=0.125 max_rel=0.875 max_ulp=25165824
FIRST_DIVERGENCE_OBJECT row=0 layer=16 checkpoint=CP3-F subobject=attn_state_kv result=MISMATCH elements=8192 mismatch_count=1024 first_index=4096 actual_bits=0x3dba66cf expected_bits=0x3dba56ec max_abs=0.00061286985874176025 max_rel=0.15374535680286711 max_ulp=2452640
FIRST_DIVERGENCE_OBJECT row=0 layer=16 checkpoint=CP3-F subobject=attn_state_score result=MISMATCH elements=8192 mismatch_count=1024 first_index=4096 actual_bits=0xbfcc5e40 expected_bits=0xbfcc7700 max_abs=0.0016145706176757812 max_rel=0.037346468781985671 max_ulp=373632
FIRST_DIVERGENCE_OBJECT row=0 layer=16 checkpoint=CP3-F subobject=layer_n_comp result=EXACT elements=1
FIRST_DIVERGENCE_OBJECT row=0 layer=16 checkpoint=CP3-F subobject=index_state_kv result=MISMATCH elements=2048 mismatch_count=256 first_index=1024 actual_bits=0x3e21f049 expected_bits=0x3e228174 max_abs=0.0010616593062877655 max_rel=0.46641915148702479 max_ulp=7718528
FIRST_DIVERGENCE_OBJECT row=0 layer=16 checkpoint=CP3-F subobject=index_state_score result=MISMATCH elements=2048 mismatch_count=256 first_index=1024 actual_bits=0xbfd32304 expected_bits=0xbfd34018 max_abs=0.0028057098388671875 max_rel=0.040291958538767145 max_ulp=376016
FIRST_DIVERGENCE_OBJECT row=0 layer=16 checkpoint=CP3-F subobject=layer_n_index_comp result=EXACT elements=1
FIRST_DIVERGENCE_OBJECT row=0 layer=16 checkpoint=CP4 subobject=after_attn_hc result=MISMATCH elements=16384 mismatch_count=16381 first_index=0 actual_bits=0xbd8639ac expected_bits=0xbd863c4b max_abs=0.0090136528015136719 max_rel=1.2633638186205569 max_ulp=1929594610
FIRST_DIVERGENCE_OBJECT row=0 layer=16 checkpoint=CP5 subobject=layer_output result=MISMATCH elements=16384 mismatch_count=16384 first_index=0 actual_bits=0xbd8d6cdc expected_bits=0xbd8d6748 max_abs=0.004156947135925293 max_rel=1.5113048540325549 max_ulp=1936415256
FIRST_DIVERGENCE_OBJECT row=0 layer=17 checkpoint=CP1 subobject=attn_norm result=MISMATCH elements=4096 mismatch_count=4096 first_index=0 actual_bits=0xbdbe9bad expected_bits=0xbdbe94e4 max_abs=0.00046825408935546875 max_rel=1.1322836897262867 max_ulp=1897534118
FIRST_DIVERGENCE_OBJECT row=0 layer=17 checkpoint=CP2-Q subobject=qr result=MISMATCH elements=1024 mismatch_count=1024 first_index=0 actual_bits=0x3bc463dc expected_bits=0x3bbdd5ac max_abs=0.00058776140213012695 max_rel=0.65344866576209859 max_ulp=12731328
FIRST_DIVERGENCE_OBJECT row=0 layer=17 checkpoint=CP2-KV-P subobject=kv_raw result=MISMATCH elements=512 mismatch_count=512 first_index=0 actual_bits=0xbd147592 expected_bits=0xbd15811d max_abs=0.00074458122253417969 max_rel=0.12961427805139708 max_ulp=2113536
FIRST_DIVERGENCE_OBJECT row=0 layer=17 checkpoint=CP2-KV-R subobject=raw_cache result=MISMATCH elements=512 mismatch_count=78 first_index=6 actual_bits=0x3ba00000 expected_bits=0x3b900000 max_abs=0.0625 max_rel=0.13333333333333333 max_ulp=2097152
FIRST_DIVERGENCE_OBJECT row=0 layer=17 checkpoint=CP3-F subobject=attn_state_kv result=MISMATCH elements=65536 mismatch_count=512 first_index=8192 actual_bits=0x3b8f8cb0 expected_bits=0x3b9e7080 max_abs=0.00087687373161315918 max_rel=0.76815553807729986 max_ulp=17450880
FIRST_DIVERGENCE_OBJECT row=0 layer=17 checkpoint=CP3-F subobject=attn_state_score result=MISMATCH elements=65536 mismatch_count=512 first_index=8192 actual_bits=0x3e92df2e expected_bits=0x3e92ffcd max_abs=0.0014503151178359985 max_rel=0.21070639185223802 max_ulp=3389832
FIRST_DIVERGENCE_OBJECT row=0 layer=17 checkpoint=CP3-F subobject=layer_n_comp result=EXACT elements=1
FIRST_DIVERGENCE_OBJECT row=0 layer=17 checkpoint=CP4 subobject=after_attn_hc result=MISMATCH elements=16384 mismatch_count=16383 first_index=0 actual_bits=0xbd8ee66a expected_bits=0xbd8ee03a max_abs=0.0040783509612083435 max_rel=1.9515677431585869 max_ulp=1968193943
FIRST_DIVERGENCE_OBJECT row=0 layer=17 checkpoint=CP5 subobject=layer_output result=MISMATCH elements=16384 mismatch_count=16383 first_index=0 actual_bits=0xbd5ceea0 expected_bits=0xbd5cf501 max_abs=0.0055729150772094727 max_rel=1.990320280037819 max_ulp=1983789444
FIRST_DIVERGENCE_OBJECT row=0 layer=18 checkpoint=CP1 subobject=attn_norm result=MISMATCH elements=4096 mismatch_count=4096 first_index=0 actual_bits=0xbb641b8f expected_bits=0xbb6283af max_abs=0.00094628334045410156 max_rel=1.6502517264624084 max_ulp=1892190381
FIRST_DIVERGENCE_OBJECT row=0 layer=18 checkpoint=CP2-Q subobject=qr result=MISMATCH elements=1024 mismatch_count=1024 first_index=0 actual_bits=0xbd86ade4 expected_bits=0xbd86ba32 max_abs=0.00032031536102294922 max_rel=0.46663219040517623 max_ulp=7678336
FIRST_DIVERGENCE_OBJECT row=0 layer=18 checkpoint=CP2-KV-P subobject=kv_raw result=MISMATCH elements=512 mismatch_count=512 first_index=0 actual_bits=0xbd401bd6 expected_bits=0xbd40427a max_abs=0.00033518671989440918 max_rel=0.37359802785169705 max_ulp=5858304
FIRST_DIVERGENCE_OBJECT row=0 layer=18 checkpoint=CP2-KV-R subobject=raw_cache result=MISMATCH elements=512 mismatch_count=66 first_index=8 actual_bits=0xbc600000 expected_bits=0xbc500000 max_abs=0.03125 max_rel=0.3125 max_ulp=5242880
FIRST_DIVERGENCE_OBJECT row=0 layer=18 checkpoint=CP3-F subobject=attn_state_kv result=MISMATCH elements=8192 mismatch_count=1024 first_index=4096 actual_bits=0xbc62e3ac expected_bits=0xbc63238c max_abs=0.00030899979174137115 max_rel=1.3062588599874725 max_ulp=1878925569
FIRST_DIVERGENCE_OBJECT row=0 layer=18 checkpoint=CP3-F subobject=attn_state_score result=MISMATCH elements=8192 mismatch_count=1024 first_index=4096 actual_bits=0x3f37e084 expected_bits=0x3f37d8ae max_abs=0.0013642609119415283 max_rel=0.19110449268796281 max_ulp=3065088
FIRST_DIVERGENCE_OBJECT row=0 layer=18 checkpoint=CP3-F subobject=layer_n_comp result=EXACT elements=1
FIRST_DIVERGENCE_OBJECT row=0 layer=18 checkpoint=CP3-F subobject=index_state_kv result=MISMATCH elements=2048 mismatch_count=256 first_index=1024 actual_bits=0x3d51f9de expected_bits=0x3d51dee0 max_abs=0.00049996376037597656 max_rel=0.10286356089461862 max_ulp=1685152
FIRST_DIVERGENCE_OBJECT row=0 layer=18 checkpoint=CP3-F subobject=index_state_score result=MISMATCH elements=2048 mismatch_count=256 first_index=1024 actual_bits=0x3f99757a expected_bits=0x3f997072 max_abs=0.0009288787841796875 max_rel=0.026710607160811039 max_ulp=254240
FIRST_DIVERGENCE_OBJECT row=0 layer=18 checkpoint=CP3-F subobject=layer_n_index_comp result=EXACT elements=1
FIRST_DIVERGENCE_OBJECT row=0 layer=18 checkpoint=CP4 subobject=after_attn_hc result=MISMATCH elements=16384 mismatch_count=16384 first_index=0 actual_bits=0xbd996ffb expected_bits=0xbd9971ee max_abs=0.011109352111816406 max_rel=1.3175152259775271 max_ulp=1942428837
FIRST_DIVERGENCE_OBJECT row=0 layer=18 checkpoint=CP5 subobject=layer_output result=MISMATCH elements=16384 mismatch_count=16384 first_index=0 actual_bits=0x3c9dbe7d expected_bits=0x3c9de144 max_abs=0.0072119235992431641 max_rel=1.5460852333424193 max_ulp=1956269558
FIRST_DIVERGENCE_OBJECT row=0 layer=19 checkpoint=CP1 subobject=attn_norm result=MISMATCH elements=4096 mismatch_count=4096 first_index=0 actual_bits=0x3ca081f7 expected_bits=0x3ca0aa06 max_abs=0.00014134868979454041 max_rel=1.3627892421779668 max_ulp=1862437539
FIRST_DIVERGENCE_OBJECT row=0 layer=19 checkpoint=CP2-Q subobject=qr result=MISMATCH elements=1024 mismatch_count=1024 first_index=0 actual_bits=0xbc1405b0 expected_bits=0xbc13bbc4 max_abs=0.00019666552543640137 max_rel=0.62053994557739933 max_ulp=12425728
FIRST_DIVERGENCE_OBJECT row=0 layer=19 checkpoint=CP2-KV-P subobject=kv_raw result=MISMATCH elements=512 mismatch_count=512 first_index=0 actual_bits=0x3d0ab730 expected_bits=0x3d0a6e3c max_abs=0.0002383887767791748 max_rel=0.21370309095628509 max_ulp=2608224
FIRST_DIVERGENCE_OBJECT row=0 layer=19 checkpoint=CP2-KV-R subobject=raw_cache result=MISMATCH elements=512 mismatch_count=70 first_index=0 actual_bits=0x3ed00000 expected_bits=0x3ec00000 max_abs=0.125 max_rel=0.20000000000000001 max_ulp=3145728
FIRST_DIVERGENCE_OBJECT row=0 layer=19 checkpoint=CP3-F subobject=attn_state_kv result=MISMATCH elements=65536 mismatch_count=512 first_index=8192 actual_bits=0xbb7af8b8 expected_bits=0xbb802cc0 max_abs=0.0002034604549407959 max_rel=0.14537696606145001 max_ulp=1566400
FIRST_DIVERGENCE_OBJECT row=0 layer=19 checkpoint=CP3-F subobject=attn_state_score result=MISMATCH elements=65536 mismatch_count=512 first_index=8192 actual_bits=0x3d3ee2cd expected_bits=0x3d3e9bde max_abs=0.00075566768646240234 max_rel=1.2512962962962964 max_ulp=1884446721
FIRST_DIVERGENCE_OBJECT row=0 layer=19 checkpoint=CP3-F subobject=layer_n_comp result=EXACT elements=1
FIRST_DIVERGENCE_OBJECT row=0 layer=19 checkpoint=CP4 subobject=after_attn_hc result=MISMATCH elements=16384 mismatch_count=16383 first_index=0 actual_bits=0x3cdfe803 expected_bits=0x3cdfa09c max_abs=0.01087641716003418 max_rel=1.6205570966501026 max_ulp=1983983636
FIRST_DIVERGENCE_OBJECT row=0 layer=19 checkpoint=CP5 subobject=layer_output result=MISMATCH elements=16384 mismatch_count=16383 first_index=0 actual_bits=0x3c9fb48e expected_bits=0x3c9f600b max_abs=0.0098922252655029297 max_rel=1.2623828340930539 max_ulp=1974309360
FIRST_DIVERGENCE_OBJECT row=0 layer=20 checkpoint=CP1 subobject=attn_norm result=MISMATCH elements=4096 mismatch_count=4096 first_index=0 actual_bits=0x3c4f151d expected_bits=0x3c4defcd max_abs=0.0041910409927368164 max_rel=1.9539777831470433 max_ulp=1899726880
FIRST_DIVERGENCE_OBJECT row=0 layer=20 checkpoint=CP2-Q subobject=qr result=MISMATCH elements=1024 mismatch_count=1024 first_index=0 actual_bits=0xbdb3ad83 expected_bits=0xbdb47faf max_abs=0.00065349042415618896 max_rel=0.80325043424401144 max_ulp=19709312
FIRST_DIVERGENCE_OBJECT row=0 layer=20 checkpoint=CP2-KV-P subobject=kv_raw result=MISMATCH elements=512 mismatch_count=512 first_index=0 actual_bits=0xbd80f910 expected_bits=0xbd807f68 max_abs=0.00090819597244262695 max_rel=1.3210027514521554 max_ulp=1875881985
FIRST_DIVERGENCE_OBJECT row=0 layer=20 checkpoint=CP2-KV-R subobject=raw_cache result=MISMATCH elements=512 mismatch_count=78 first_index=0 actual_bits=0xbf300000 expected_bits=0xbf200000 max_abs=0.0625 max_rel=1.34375 max_ulp=1932525569
FIRST_DIVERGENCE_OBJECT row=0 layer=20 checkpoint=CP3-F subobject=attn_state_kv result=MISMATCH elements=8192 mismatch_count=1024 first_index=4096 actual_bits=0xbdc11ff6 expected_bits=0xbdc0f728 max_abs=0.00061044469475746155 max_rel=0.65743923768168389 max_ulp=13634048
FIRST_DIVERGENCE_OBJECT row=0 layer=20 checkpoint=CP3-F subobject=attn_state_score result=MISMATCH elements=8192 mismatch_count=1024 first_index=4096 actual_bits=0xbf847286 expected_bits=0xbf84a8dc max_abs=0.0043139457702636719 max_rel=0.13822496888832439 max_ulp=1985072
FIRST_DIVERGENCE_OBJECT row=0 layer=20 checkpoint=CP3-F subobject=layer_n_comp result=EXACT elements=1
FIRST_DIVERGENCE_OBJECT row=0 layer=20 checkpoint=CP3-F subobject=index_state_kv result=MISMATCH elements=2048 mismatch_count=256 first_index=1024 actual_bits=0xbb4bed78 expected_bits=0xbb595dc0 max_abs=0.00068808719515800476 max_rel=0.064551597216625026 max_ulp=941568
FIRST_DIVERGENCE_OBJECT row=0 layer=20 checkpoint=CP3-F subobject=index_state_score result=MISMATCH elements=2048 mismatch_count=256 first_index=1024 actual_bits=0xbf6f0ef6 expected_bits=0xbf6f8a2d max_abs=0.0046148300170898438 max_rel=0.17894528799240692 max_ulp=1868760
FIRST_DIVERGENCE_OBJECT row=0 layer=20 checkpoint=CP3-F subobject=layer_n_index_comp result=EXACT elements=1
FIRST_DIVERGENCE_OBJECT row=0 layer=20 checkpoint=CP4 subobject=after_attn_hc result=MISMATCH elements=16384 mismatch_count=16383 first_index=0 actual_bits=0xbe98469b expected_bits=0xbe989217 max_abs=0.0097324848175048828 max_rel=1.8107381328736851 max_ulp=1979466542
FIRST_DIVERGENCE_OBJECT row=0 layer=20 checkpoint=CP5 subobject=layer_output result=MISMATCH elements=16384 mismatch_count=16382 first_index=0 actual_bits=0xbe0f96e7 expected_bits=0xbe101fbb max_abs=0.0099823474884033203 max_rel=1.9934186268299641 max_ulp=1968307551
FIRST_DIVERGENCE_OBJECT row=0 layer=21 checkpoint=CP1 subobject=attn_norm result=MISMATCH elements=4096 mismatch_count=4096 first_index=0 actual_bits=0x3c977221 expected_bits=0x3c96fef8 max_abs=0.00024773133918642998 max_rel=0.94351512459398201 max_ulp=34864545
FIRST_DIVERGENCE_OBJECT row=0 layer=21 checkpoint=CP2-Q subobject=qr result=MISMATCH elements=1024 mismatch_count=1024 first_index=0 actual_bits=0xbe00bb42 expected_bits=0xbe00efa2 max_abs=0.00035154633224010468 max_rel=0.17675626454419749 max_ulp=2111168
FIRST_DIVERGENCE_OBJECT row=0 layer=21 checkpoint=CP2-KV-P subobject=kv_raw result=MISMATCH elements=512 mismatch_count=512 first_index=0 actual_bits=0xbd52e948 expected_bits=0xbd52b953 max_abs=0.00044119358062744141 max_rel=0.58542977880061897 max_ulp=10910048
FIRST_DIVERGENCE_OBJECT row=0 layer=21 checkpoint=CP2-KV-R subobject=raw_cache result=MISMATCH elements=512 mismatch_count=78 first_index=7 actual_bits=0xbea00000 expected_bits=0xbeb00000 max_abs=0.0625 max_rel=0.59999999999999998 max_ulp=10485760
FIRST_DIVERGENCE_OBJECT row=0 layer=21 checkpoint=CP3-F subobject=attn_state_kv result=MISMATCH elements=65536 mismatch_count=512 first_index=8192 actual_bits=0x3b9e9866 expected_bits=0x3b9baa58 max_abs=0.00025439634919166565 max_rel=0.64627676175020288 max_ulp=13188096
FIRST_DIVERGENCE_OBJECT row=0 layer=21 checkpoint=CP3-F subobject=attn_state_score result=MISMATCH elements=65536 mismatch_count=512 first_index=8192 actual_bits=0x3e8002c2 expected_bits=0x3e80048c max_abs=0.00063332915306091309 max_rel=0.32991905576950509 max_ulp=4737152
FIRST_DIVERGENCE_OBJECT row=0 layer=21 checkpoint=CP3-F subobject=layer_n_comp result=EXACT elements=1
FIRST_DIVERGENCE_OBJECT row=0 layer=21 checkpoint=CP4 subobject=after_attn_hc result=MISMATCH elements=16384 mismatch_count=16384 first_index=0 actual_bits=0xbe1dc814 expected_bits=0xbe1e2d5c max_abs=0.010569572448730469 max_rel=1.5503795292210367 max_ulp=1965988687
FIRST_DIVERGENCE_OBJECT row=0 layer=21 checkpoint=CP5 subobject=layer_output result=MISMATCH elements=16384 mismatch_count=16384 first_index=0 actual_bits=0x3e3a64d5 expected_bits=0x3e3b4411 max_abs=0.011366128921508789 max_rel=1.7350559913213486 max_ulp=1972047795
FIRST_DIVERGENCE_OBJECT row=0 layer=22 checkpoint=CP1 subobject=attn_norm result=MISMATCH elements=4096 mismatch_count=4096 first_index=0 actual_bits=0x3d5151f7 expected_bits=0x3d51c52b max_abs=0.0027399063110351562 max_rel=1.98119225489063 max_ulp=1916263592
FIRST_DIVERGENCE_OBJECT row=0 layer=22 checkpoint=CP2-Q subobject=qr result=MISMATCH elements=1024 mismatch_count=1024 first_index=0 actual_bits=0xbe8409ce expected_bits=0xbe83fc7c max_abs=0.00078637152910232544 max_rel=0.64269575379820798 max_ulp=13077248
FIRST_DIVERGENCE_OBJECT row=0 layer=22 checkpoint=CP2-KV-P subobject=kv_raw result=MISMATCH elements=512 mismatch_count=512 first_index=0 actual_bits=0xbdc10c5c expected_bits=0xbdc13ff0 max_abs=0.00068856775760650635 max_rel=0.52177344142334459 max_ulp=9010176
FIRST_DIVERGENCE_OBJECT row=0 layer=22 checkpoint=CP2-KV-R subobject=raw_cache result=MISMATCH elements=512 mismatch_count=81 first_index=13 actual_bits=0xbcb00000 expected_bits=0xbcc00000 max_abs=0.125 max_rel=0.86153169014084507 max_ulp=23912448
FIRST_DIVERGENCE_OBJECT row=0 layer=22 checkpoint=CP3-F subobject=attn_state_kv result=MISMATCH elements=8192 mismatch_count=1024 first_index=4096 actual_bits=0xbde78725 expected_bits=0xbde7ff4b max_abs=0.00073726475238800049 max_rel=0.68240929635743686 max_ulp=14376896
FIRST_DIVERGENCE_OBJECT row=0 layer=22 checkpoint=CP3-F subobject=attn_state_score result=MISMATCH elements=8192 mismatch_count=1024 first_index=4096 actual_bits=0xbfe49bc9 expected_bits=0xbfe499dc max_abs=0.0026897788047790527 max_rel=0.19574623736495106 max_ulp=2808448
FIRST_DIVERGENCE_OBJECT row=0 layer=22 checkpoint=CP3-F subobject=layer_n_comp result=EXACT elements=1
FIRST_DIVERGENCE_OBJECT row=0 layer=22 checkpoint=CP3-F subobject=index_state_kv result=MISMATCH elements=2048 mismatch_count=256 first_index=1024 actual_bits=0x3e33b66e expected_bits=0x3e3322b1 max_abs=0.00095075368881225586 max_rel=0.19831910575415818 max_ulp=3015112
FIRST_DIVERGENCE_OBJECT row=0 layer=22 checkpoint=CP3-F subobject=index_state_score result=MISMATCH elements=2048 mismatch_count=256 first_index=1024 actual_bits=0xc0095c8c expected_bits=0xc0095a52 max_abs=0.0023798048496246338 max_rel=0.39776666227896978 max_ulp=6002688
FIRST_DIVERGENCE_OBJECT row=0 layer=22 checkpoint=CP3-F subobject=layer_n_index_comp result=EXACT elements=1
FIRST_DIVERGENCE_OBJECT row=0 layer=22 checkpoint=CP4 subobject=after_attn_hc result=MISMATCH elements=16384 mismatch_count=16384 first_index=0 actual_bits=0x3c3192e5 expected_bits=0x3c460ad2 max_abs=0.010487794876098633 max_rel=1.7562703673599238 max_ulp=1978681272
FIRST_DIVERGENCE_OBJECT row=0 layer=22 checkpoint=CP5 subobject=layer_output result=MISMATCH elements=16384 mismatch_count=16383 first_index=0 actual_bits=0x3dc60f05 expected_bits=0x3dc8ab9a max_abs=0.010568141937255859 max_rel=1.5682445815206016 max_ulp=1975677017
FIRST_DIVERGENCE_OBJECT row=0 layer=23 checkpoint=CP1 subobject=attn_norm result=MISMATCH elements=4096 mismatch_count=4096 first_index=0 actual_bits=0x3ce7f3c1 expected_bits=0x3ce8e299 max_abs=0.0005080406554043293 max_rel=1.6481310558414342 max_ulp=1909919648
FIRST_DIVERGENCE_OBJECT row=0 layer=23 checkpoint=CP2-Q subobject=qr result=MISMATCH elements=1024 mismatch_count=1024 first_index=0 actual_bits=0x3e6d5772 expected_bits=0x3e6d48dd max_abs=0.000896453857421875 max_rel=0.16690696478123213 max_ulp=2503872
FIRST_DIVERGENCE_OBJECT row=0 layer=23 checkpoint=CP2-KV-P subobject=kv_raw result=MISMATCH elements=512 mismatch_count=512 first_index=0 actual_bits=0xbda3d5a8 expected_bits=0xbda3e0c1 max_abs=0.00079192593693733215 max_rel=0.41084743238967369 max_ulp=6855840
FIRST_DIVERGENCE_OBJECT row=0 layer=23 checkpoint=CP2-KV-R subobject=raw_cache result=MISMATCH elements=512 mismatch_count=81 first_index=13 actual_bits=0x3fe00000 expected_bits=0x3fd00000 max_abs=0.125 max_rel=0.375 max_ulp=6291456
FIRST_DIVERGENCE_OBJECT row=0 layer=23 checkpoint=CP3-F subobject=attn_state_kv result=MISMATCH elements=65536 mismatch_count=512 first_index=8192 actual_bits=0x3e4b3155 expected_bits=0x3e4b3152 max_abs=0.0025519132614135742 max_rel=0.22315091150983424 max_ulp=3460960
FIRST_DIVERGENCE_OBJECT row=0 layer=23 checkpoint=CP3-F subobject=attn_state_score result=MISMATCH elements=65536 mismatch_count=512 first_index=8192 actual_bits=0xbdb58245 expected_bits=0xbdb54478 max_abs=0.001178741455078125 max_rel=0.14371132508218007 max_ulp=2296928
FIRST_DIVERGENCE_OBJECT row=0 layer=23 checkpoint=CP3-F subobject=layer_n_comp result=EXACT elements=1
FIRST_DIVERGENCE_OBJECT row=0 layer=23 checkpoint=CP4 subobject=after_attn_hc result=MISMATCH elements=16384 mismatch_count=16384 first_index=0 actual_bits=0x3da4a34a expected_bits=0x3da6fd21 max_abs=0.010426998138427734 max_rel=1.5307827573870492 max_ulp=1960812557
FIRST_DIVERGENCE_OBJECT row=0 layer=23 checkpoint=CP5 subobject=layer_output result=MISMATCH elements=16384 mismatch_count=16383 first_index=0 actual_bits=0x3ddacfb0 expected_bits=0x3ddd2f89 max_abs=0.01033782958984375 max_rel=1.5685134905690095 max_ulp=1975470476
FIRST_DIVERGENCE_OBJECT row=0 layer=24 checkpoint=CP1 subobject=attn_norm result=MISMATCH elements=4096 mismatch_count=4096 first_index=0 actual_bits=0x3d5606a1 expected_bits=0x3d568cb7 max_abs=0.0044355392456054688 max_rel=1.7808147577322873 max_ulp=1901882229
FIRST_DIVERGENCE_OBJECT row=0 layer=24 checkpoint=CP2-Q subobject=qr result=MISMATCH elements=1024 mismatch_count=1024 first_index=0 actual_bits=0xbf044203 expected_bits=0xbf045361 max_abs=0.00083774328231811523 max_rel=1.7869898314528485 max_ulp=1927866625
FIRST_DIVERGENCE_OBJECT row=0 layer=24 checkpoint=CP2-KV-P subobject=kv_raw result=MISMATCH elements=512 mismatch_count=512 first_index=0 actual_bits=0x3d5e2c79 expected_bits=0x3d5d00f4 max_abs=0.00075542926788330078 max_rel=1.0765901909602968 max_ulp=1883005697
FIRST_DIVERGENCE_OBJECT row=0 layer=24 checkpoint=CP2-KV-R subobject=raw_cache result=MISMATCH elements=512 mismatch_count=83 first_index=1 actual_bits=0xbee00000 expected_bits=0xbed00000 max_abs=0.03125 max_rel=1.0714285714285714 max_ulp=1910505473
FIRST_DIVERGENCE_OBJECT row=0 layer=24 checkpoint=CP3-F subobject=attn_state_kv result=MISMATCH elements=8192 mismatch_count=1024 first_index=4096 actual_bits=0xbe5a8abe expected_bits=0xbe5a5cb7 max_abs=0.0009918212890625 max_rel=0.67735058811727233 max_ulp=13810944
FIRST_DIVERGENCE_OBJECT row=0 layer=24 checkpoint=CP3-F subobject=attn_state_score result=MISMATCH elements=8192 mismatch_count=1024 first_index=4096 actual_bits=0xc011a4d8 expected_bits=0xc011a085 max_abs=0.0066418647766113281 max_rel=0.89733495877143965 max_ulp=27867392
FIRST_DIVERGENCE_OBJECT row=0 layer=24 checkpoint=CP3-F subobject=layer_n_comp result=EXACT elements=1
FIRST_DIVERGENCE_OBJECT row=0 layer=24 checkpoint=CP3-F subobject=index_state_kv result=MISMATCH elements=2048 mismatch_count=256 first_index=1024 actual_bits=0xbdb2b2ac expected_bits=0xbdb330f4 max_abs=0.00091779232025146484 max_rel=0.11250708580262819 max_ulp=1170080
FIRST_DIVERGENCE_OBJECT row=0 layer=24 checkpoint=CP3-F subobject=index_state_score result=MISMATCH elements=2048 mismatch_count=256 first_index=1024 actual_bits=0xc0083139 expected_bits=0xc008399b max_abs=0.0056557655334472656 max_rel=0.014896569502030364 max_ulp=173350
FIRST_DIVERGENCE_OBJECT row=0 layer=24 checkpoint=CP3-F subobject=layer_n_index_comp result=EXACT elements=1
FIRST_DIVERGENCE_OBJECT row=0 layer=24 checkpoint=CP4 subobject=after_attn_hc result=MISMATCH elements=16384 mismatch_count=16382 first_index=0 actual_bits=0xbe8ea745 expected_bits=0xbe8b7f87 max_abs=0.02007998526096344 max_rel=1.9116427409055687 max_ulp=1999983579
FIRST_DIVERGENCE_OBJECT row=0 layer=24 checkpoint=CP5 subobject=layer_output result=MISMATCH elements=16384 mismatch_count=16384 first_index=0 actual_bits=0xbf002a8a expected_bits=0xbefce769 max_abs=0.019479960203170776 max_rel=1.9562799751561988 max_ulp=1985417972
FIRST_DIVERGENCE_OBJECT row=0 layer=25 checkpoint=CP1 subobject=attn_norm result=MISMATCH elements=4096 mismatch_count=4096 first_index=0 actual_bits=0x3bbf2d0f expected_bits=0x3bbf8f8f max_abs=8.9179724454879761e-05 max_rel=1.9064907912301006 max_ulp=1860294680
FIRST_DIVERGENCE_OBJECT row=0 layer=25 checkpoint=CP2-Q subobject=qr result=MISMATCH elements=1024 mismatch_count=1024 first_index=0 actual_bits=0xbd1e014f expected_bits=0xbd1e15ba max_abs=0.0001226360909640789 max_rel=0.41786704989806489 max_ulp=6186688
FIRST_DIVERGENCE_OBJECT row=0 layer=25 checkpoint=CP2-KV-P subobject=kv_raw result=MISMATCH elements=512 mismatch_count=512 first_index=0 actual_bits=0x3d4b15a6 expected_bits=0x3d4ac9e6 max_abs=0.00015239231288433075 max_rel=0.76032317869633004 max_ulp=17278976
FIRST_DIVERGENCE_OBJECT row=0 layer=25 checkpoint=CP2-KV-R subobject=raw_cache result=MISMATCH elements=512 mismatch_count=49 first_index=23 actual_bits=0xbe100000 expected_bits=0xbe200000 max_abs=0.0625 max_rel=0.55555555555555558 max_ulp=9437184
FIRST_DIVERGENCE_OBJECT row=0 layer=25 checkpoint=CP3-F subobject=attn_state_kv result=MISMATCH elements=65536 mismatch_count=512 first_index=8192 actual_bits=0x3d929bd2 expected_bits=0x3d92b538 max_abs=0.00019443035125732422 max_rel=0.61744440964610081 max_ulp=11076608
FIRST_DIVERGENCE_OBJECT row=0 layer=25 checkpoint=CP3-F subobject=attn_state_score result=MISMATCH elements=65536 mismatch_count=512 first_index=8192 actual_bits=0xbd082088 expected_bits=0xbd07f85b max_abs=0.00031700730323791504 max_rel=1.0133278612835377 max_ulp=1868610689
FIRST_DIVERGENCE_OBJECT row=0 layer=25 checkpoint=CP3-F subobject=layer_n_comp result=EXACT elements=1
FIRST_DIVERGENCE_OBJECT row=0 layer=25 checkpoint=CP4 subobject=after_attn_hc result=MISMATCH elements=16384 mismatch_count=16382 first_index=0 actual_bits=0xbeebed1b expected_bits=0xbee8a9b8 max_abs=0.018689900636672974 max_rel=1.960601834334186 max_ulp=1999969225
FIRST_DIVERGENCE_OBJECT row=0 layer=25 checkpoint=CP5 subobject=layer_output result=MISMATCH elements=16384 mismatch_count=16384 first_index=0 actual_bits=0xbeac1fc7 expected_bits=0xbea93878 max_abs=0.018954426050186157 max_rel=1.7256105526239827 max_ulp=1987613965
FIRST_DIVERGENCE_OBJECT row=0 layer=26 checkpoint=CP1 subobject=attn_norm result=MISMATCH elements=4096 mismatch_count=4096 first_index=0 actual_bits=0x3cf262f9 expected_bits=0x3cf22f3a max_abs=0.0004466325044631958 max_rel=1.4318029760347708 max_ulp=1876110119
FIRST_DIVERGENCE_OBJECT row=0 layer=26 checkpoint=CP2-Q subobject=qr result=MISMATCH elements=1024 mismatch_count=1024 first_index=0 actual_bits=0x3cd28722 expected_bits=0x3cd25919 max_abs=0.00041728094220161438 max_rel=0.6207482093292862 max_ulp=11601600
FIRST_DIVERGENCE_OBJECT row=0 layer=26 checkpoint=CP2-KV-P subobject=kv_raw result=MISMATCH elements=512 mismatch_count=512 first_index=0 actual_bits=0x3eaed7bf expected_bits=0x3eaede8c max_abs=0.00041411817073822021 max_rel=0.68595721338453097 max_ulp=14147072
FIRST_DIVERGENCE_OBJECT row=0 layer=26 checkpoint=CP2-KV-R subobject=raw_cache result=MISMATCH elements=512 mismatch_count=69 first_index=84 actual_bits=0xbdd00000 expected_bits=0xbde00000 max_abs=0.0625 max_rel=0.69999999999999996 max_ulp=14680064
FIRST_DIVERGENCE_OBJECT row=0 layer=26 checkpoint=CP3-F subobject=attn_state_kv result=MISMATCH elements=8192 mismatch_count=1024 first_index=4096 actual_bits=0xbe8c723a expected_bits=0xbe8c7bee max_abs=0.00047767162322998047 max_rel=0.41568599108754511 max_ulp=6858016
FIRST_DIVERGENCE_OBJECT row=0 layer=26 checkpoint=CP3-F subobject=attn_state_score result=MISMATCH elements=8192 mismatch_count=1024 first_index=4096 actual_bits=0x3e1b0fe6 expected_bits=0x3e1b5d1c max_abs=0.0015277862548828125 max_rel=0.56815013404825743 max_ulp=10015488
FIRST_DIVERGENCE_OBJECT row=0 layer=26 checkpoint=CP3-F subobject=layer_n_comp result=EXACT elements=1
FIRST_DIVERGENCE_OBJECT row=0 layer=26 checkpoint=CP3-F subobject=index_state_kv result=MISMATCH elements=2048 mismatch_count=256 first_index=1024 actual_bits=0x3de7730d expected_bits=0x3de78c8e max_abs=0.00048375129699707031 max_rel=0.10569911942281567 max_ulp=1585984
FIRST_DIVERGENCE_OBJECT row=0 layer=26 checkpoint=CP3-F subobject=index_state_score result=MISMATCH elements=2048 mismatch_count=256 first_index=1024 actual_bits=0x3e4baf82 expected_bits=0x3e4bf380 max_abs=0.0015608072280883789 max_rel=0.17684411618301921 max_ulp=2523840
FIRST_DIVERGENCE_OBJECT row=0 layer=26 checkpoint=CP3-F subobject=layer_n_index_comp result=EXACT elements=1
FIRST_DIVERGENCE_OBJECT row=0 layer=26 checkpoint=CP4 subobject=after_attn_hc result=MISMATCH elements=16384 mismatch_count=16384 first_index=0 actual_bits=0xbeb4734c expected_bits=0xbeb18bf2 max_abs=0.018723040819168091 max_rel=1.9937875697892078 max_ulp=1990383844
FIRST_DIVERGENCE_OBJECT row=0 layer=26 checkpoint=CP5 subobject=layer_output result=MISMATCH elements=16384 mismatch_count=16384 first_index=0 actual_bits=0xbc278879 expected_bits=0xbbaa3fc8 max_abs=0.018099784851074219 max_rel=1.8126414395687176 max_ulp=1994149093
FIRST_DIVERGENCE_OBJECT row=0 layer=27 checkpoint=CP1 subobject=attn_norm result=MISMATCH elements=4096 mismatch_count=4096 first_index=0 actual_bits=0x3c78b337 expected_bits=0x3c79540d max_abs=0.00026241317391395569 max_rel=1.3525670011493398 max_ulp=1895841819
FIRST_DIVERGENCE_OBJECT row=0 layer=27 checkpoint=CP2-Q subobject=qr result=MISMATCH elements=1024 mismatch_count=1024 first_index=0 actual_bits=0x3df98e9b expected_bits=0x3df9967d max_abs=0.0003920532763004303 max_rel=0.6411922226103155 max_ulp=11992320
FIRST_DIVERGENCE_OBJECT row=0 layer=27 checkpoint=CP2-KV-P subobject=kv_raw result=MISMATCH elements=512 mismatch_count=512 first_index=0 actual_bits=0x3ce67ebe expected_bits=0x3ce5ef54 max_abs=0.0003426671028137207 max_rel=0.27262291188346133 max_ulp=3526144
FIRST_DIVERGENCE_OBJECT row=0 layer=27 checkpoint=CP2-KV-R subobject=raw_cache result=MISMATCH elements=512 mismatch_count=77 first_index=8 actual_bits=0x3f400000 expected_bits=0x3f300000 max_abs=0.125 max_rel=0.27272727272727271 max_ulp=3145728
FIRST_DIVERGENCE_OBJECT row=0 layer=27 checkpoint=CP3-F subobject=attn_state_kv result=MISMATCH elements=65536 mismatch_count=512 first_index=8192 actual_bits=0xbc93f4eb expected_bits=0xbc92c48a max_abs=0.00040619820356369019 max_rel=0.39453882920827221 max_ulp=6106624
FIRST_DIVERGENCE_OBJECT row=0 layer=27 checkpoint=CP3-F subobject=attn_state_score result=MISMATCH elements=65536 mismatch_count=512 first_index=8192 actual_bits=0xbde7f2fc expected_bits=0xbde81cc7 max_abs=0.0011247098445892334 max_rel=0.35169907680219997 max_ulp=5682688
FIRST_DIVERGENCE_OBJECT row=0 layer=27 checkpoint=CP3-F subobject=layer_n_comp result=EXACT elements=1
FIRST_DIVERGENCE_OBJECT row=0 layer=27 checkpoint=CP4 subobject=after_attn_hc result=MISMATCH elements=16384 mismatch_count=16383 first_index=0 actual_bits=0x3f039e35 expected_bits=0x3f052297 max_abs=0.017970994114875793 max_rel=1.3963414929473557 max_ulp=1999914221
FIRST_DIVERGENCE_OBJECT row=0 layer=27 checkpoint=CP5 subobject=layer_output result=MISMATCH elements=16384 mismatch_count=16384 first_index=0 actual_bits=0x3f671d4f expected_bits=0x3f68b0bf max_abs=0.018141843378543854 max_rel=1.980020360248425 max_ulp=2000660938
FIRST_DIVERGENCE_OBJECT row=0 layer=28 checkpoint=CP1 subobject=attn_norm result=MISMATCH elements=4096 mismatch_count=4095 first_index=0 actual_bits=0x3d2f8f58 expected_bits=0x3d2f8f5e max_abs=0.0056972503662109375 max_rel=1.2953629679646843 max_ulp=1886184384
FIRST_DIVERGENCE_OBJECT row=0 layer=28 checkpoint=CP2-Q subobject=qr result=MISMATCH elements=1024 mismatch_count=1024 first_index=0 actual_bits=0x3e0f2d1c expected_bits=0x3e0f15a2 max_abs=0.00043846666812896729 max_rel=0.15923441046817016 max_ulp=2630848
FIRST_DIVERGENCE_OBJECT row=0 layer=28 checkpoint=CP2-KV-P subobject=kv_raw result=MISMATCH elements=512 mismatch_count=512 first_index=0 actual_bits=0x3d59cbd0 expected_bits=0x3d5a360a max_abs=0.0004781186580657959 max_rel=0.43531005191916994 max_ulp=6664576
FIRST_DIVERGENCE_OBJECT row=0 layer=28 checkpoint=CP2-KV-R subobject=raw_cache result=MISMATCH elements=512 mismatch_count=69 first_index=32 actual_bits=0xbfb00000 expected_bits=0xbfa00000 max_abs=0.125 max_rel=0.40000000000000002 max_ulp=6291456
FIRST_DIVERGENCE_OBJECT row=0 layer=28 checkpoint=CP3-F subobject=attn_state_kv result=MISMATCH elements=8192 mismatch_count=1024 first_index=4096 actual_bits=0x3d88a902 expected_bits=0x3d889c58 max_abs=0.00064318999648094177 max_rel=0.59768091687461711 max_ulp=10480480
FIRST_DIVERGENCE_OBJECT row=0 layer=28 checkpoint=CP3-F subobject=attn_state_score result=MISMATCH elements=8192 mismatch_count=1024 first_index=4096 actual_bits=0x3fbea1b2 expected_bits=0x3fbeed46 max_abs=0.004367828369140625 max_rel=0.22488156300557904 max_ulp=3534656
FIRST_DIVERGENCE_OBJECT row=0 layer=28 checkpoint=CP3-F subobject=layer_n_comp result=EXACT elements=1
FIRST_DIVERGENCE_OBJECT row=0 layer=28 checkpoint=CP3-F subobject=index_state_kv result=MISMATCH elements=2048 mismatch_count=256 first_index=1024 actual_bits=0xbe6069b2 expected_bits=0xbe60a306 max_abs=0.001081317663192749 max_rel=0.55150010204775834 max_ulp=9938944
FIRST_DIVERGENCE_OBJECT row=0 layer=28 checkpoint=CP3-F subobject=index_state_score result=MISMATCH elements=2048 mismatch_count=256 first_index=1024 actual_bits=0x3fc0cd41 expected_bits=0x3fc119af max_abs=0.0039840936660766602 max_rel=0.0072057756130365132 max_ulp=79825
FIRST_DIVERGENCE_OBJECT row=0 layer=28 checkpoint=CP3-F subobject=layer_n_index_comp result=EXACT elements=1
FIRST_DIVERGENCE_OBJECT row=0 layer=28 checkpoint=CP4 subobject=after_attn_hc result=MISMATCH elements=16384 mismatch_count=16384 first_index=0 actual_bits=0x3f629b6c expected_bits=0x3f64284b max_abs=0.043443381786346436 max_rel=1.8013965342400655 max_ulp=1998362034
FIRST_DIVERGENCE_OBJECT row=0 layer=28 checkpoint=CP5 subobject=layer_output result=MISMATCH elements=16384 mismatch_count=16384 first_index=0 actual_bits=0x3f2c878e expected_bits=0x3f2e1d74 max_abs=0.043418377637863159 max_rel=1.7529154584817144 max_ulp=1994259497
FIRST_DIVERGENCE_OBJECT row=0 layer=29 checkpoint=CP1 subobject=attn_norm result=MISMATCH elements=4096 mismatch_count=4096 first_index=0 actual_bits=0x3d2bdbb5 expected_bits=0x3d2bb046 max_abs=0.00034686224535107613 max_rel=1.3726957313496631 max_ulp=1899945117
FIRST_DIVERGENCE_OBJECT row=0 layer=29 checkpoint=CP2-Q subobject=qr result=MISMATCH elements=1024 mismatch_count=1024 first_index=0 actual_bits=0xbd9d6ed7 expected_bits=0xbd9df34f max_abs=0.0004239007830619812 max_rel=1.6905392671087958 max_ulp=1903388929
FIRST_DIVERGENCE_OBJECT row=0 layer=29 checkpoint=CP2-KV-P subobject=kv_raw result=MISMATCH elements=512 mismatch_count=512 first_index=0 actual_bits=0xbd0c12c0 expected_bits=0xbd0bd06a max_abs=0.00041670724749565125 max_rel=0.58309025752146015 max_ulp=10430464
FIRST_DIVERGENCE_OBJECT row=0 layer=29 checkpoint=CP2-KV-R subobject=raw_cache result=MISMATCH elements=512 mismatch_count=70 first_index=9 actual_bits=0xbe400000 expected_bits=0xbe500000 max_abs=0.125 max_rel=0.6071428571428571 max_ulp=11534336
FIRST_DIVERGENCE_OBJECT row=0 layer=29 checkpoint=CP3-F subobject=attn_state_kv result=MISMATCH elements=65536 mismatch_count=512 first_index=8192 actual_bits=0x3e11ebcc expected_bits=0x3e11cda8 max_abs=0.00053098425269126892 max_rel=0.90804008449688289 max_ulp=28449152
FIRST_DIVERGENCE_OBJECT row=0 layer=29 checkpoint=CP3-F subobject=attn_state_score result=MISMATCH elements=65536 mismatch_count=512 first_index=8192 actual_bits=0x3dc3cb1d expected_bits=0x3dc44ab8 max_abs=0.0013100802898406982 max_rel=0.67770445679801017 max_ulp=14053888
FIRST_DIVERGENCE_OBJECT row=0 layer=29 checkpoint=CP3-F subobject=layer_n_comp result=EXACT elements=1
FIRST_DIVERGENCE_OBJECT row=0 layer=29 checkpoint=CP4 subobject=after_attn_hc result=MISMATCH elements=16384 mismatch_count=16384 first_index=0 actual_bits=0x3f2a9ab0 expected_bits=0x3f2c2cad max_abs=0.042090415954589844 max_rel=1.859836755727784 max_ulp=2008383659
FIRST_DIVERGENCE_OBJECT row=0 layer=29 checkpoint=CP5 subobject=layer_output result=MISMATCH elements=16384 mismatch_count=16384 first_index=0 actual_bits=0x3f068228 expected_bits=0x3f08425c max_abs=0.044177532196044922 max_rel=1.8879875289846892 max_ulp=1996213936
FIRST_DIVERGENCE_OBJECT row=0 layer=30 checkpoint=CP1 subobject=attn_norm result=MISMATCH elements=4096 mismatch_count=4096 first_index=0 actual_bits=0x3c0098a1 expected_bits=0x3bfcb529 max_abs=0.0020606517791748047 max_rel=1.9825829758073001 max_ulp=1902658621
FIRST_DIVERGENCE_OBJECT row=0 layer=30 checkpoint=CP2-Q subobject=qr result=MISMATCH elements=1024 mismatch_count=1024 first_index=0 actual_bits=0xbd96e716 expected_bits=0xbd961f55 max_abs=0.00093832612037658691 max_rel=0.76365428205380903 max_ulp=17309248
FIRST_DIVERGENCE_OBJECT row=0 layer=30 checkpoint=CP2-KV-P subobject=kv_raw result=MISMATCH elements=512 mismatch_count=512 first_index=0 actual_bits=0x3d58ea06 expected_bits=0x3d5948fc max_abs=0.00084686279296875 max_rel=0.24857461971439085 max_ulp=3058832
FIRST_DIVERGENCE_OBJECT row=0 layer=30 checkpoint=CP2-KV-R subobject=raw_cache result=MISMATCH elements=512 mismatch_count=77 first_index=22 actual_bits=0x3e400000 expected_bits=0x3e500000 max_abs=0.125 max_rel=0.29999999999999999 max_ulp=4194304
FIRST_DIVERGENCE_OBJECT row=0 layer=30 checkpoint=CP3-F subobject=attn_state_kv result=MISMATCH elements=8192 mismatch_count=1024 first_index=4096 actual_bits=0xbca1f690 expected_bits=0xbca1f6da max_abs=0.0009651482105255127 max_rel=0.40885146726314958 max_ulp=6463936
FIRST_DIVERGENCE_OBJECT row=0 layer=30 checkpoint=CP3-F subobject=attn_state_score result=MISMATCH elements=8192 mismatch_count=1024 first_index=4096 actual_bits=0x3f3fcbc0 expected_bits=0x3f3fe71c max_abs=0.0016689300537109375 max_rel=0.041487471534339328 max_ulp=371360
FIRST_DIVERGENCE_OBJECT row=0 layer=30 checkpoint=CP3-F subobject=layer_n_comp result=EXACT elements=1
FIRST_DIVERGENCE_OBJECT row=0 layer=30 checkpoint=CP3-F subobject=index_state_kv result=MISMATCH elements=2048 mismatch_count=256 first_index=1024 actual_bits=0x3bae80c8 expected_bits=0x3bb260e0 max_abs=0.0011045932769775391 max_rel=0.15331924368796468 max_ulp=2080000
FIRST_DIVERGENCE_OBJECT row=0 layer=30 checkpoint=CP3-F subobject=index_state_score result=MISMATCH elements=2048 mismatch_count=256 first_index=1024 actual_bits=0x3eec62c2 expected_bits=0x3eebd89c max_abs=0.0025811195373535156 max_rel=0.10584670967007802 max_ulp=1428768
FIRST_DIVERGENCE_OBJECT row=0 layer=30 checkpoint=CP3-F subobject=layer_n_index_comp result=EXACT elements=1
FIRST_DIVERGENCE_OBJECT row=0 layer=30 checkpoint=CP4 subobject=after_attn_hc result=MISMATCH elements=16384 mismatch_count=16384 first_index=0 actual_bits=0x3f049ddb expected_bits=0x3f072975 max_abs=0.13103770092129707 max_rel=1.9891575909854506 max_ulp=2061736066
FIRST_DIVERGENCE_OBJECT row=0 layer=30 checkpoint=CP5 subobject=layer_output result=MISMATCH elements=16384 mismatch_count=16384 first_index=0 actual_bits=0x3eaef2c8 expected_bits=0x3eb3b48d max_abs=0.12329035997390747 max_rel=1.889403850018901 max_ulp=2016181312
FIRST_DIVERGENCE_OBJECT row=0 layer=31 checkpoint=CP1 subobject=attn_norm result=MISMATCH elements=4096 mismatch_count=4096 first_index=0 actual_bits=0x374a9fc6 expected_bits=0x380336e3 max_abs=0.00080761313438415527 max_rel=1.7821750849232476 max_ulp=1916197292
FIRST_DIVERGENCE_OBJECT row=0 layer=31 checkpoint=CP2-Q subobject=qr result=MISMATCH elements=1024 mismatch_count=1024 first_index=0 actual_bits=0x3d174878 expected_bits=0x3d1916eb max_abs=0.00058342516422271729 max_rel=1.972288408786016 max_ulp=1921041921
FIRST_DIVERGENCE_OBJECT row=0 layer=31 checkpoint=CP2-KV-P subobject=kv_raw result=MISMATCH elements=512 mismatch_count=512 first_index=0 actual_bits=0xbc8fbd07 expected_bits=0xbc8f1936 max_abs=0.00068688392639160156 max_rel=0.39088578785231504 max_ulp=5958528
FIRST_DIVERGENCE_OBJECT row=0 layer=31 checkpoint=CP2-KV-R subobject=raw_cache result=MISMATCH elements=512 mismatch_count=97 first_index=5 actual_bits=0xbf100000 expected_bits=0xbf000000 max_abs=0.125 max_rel=0.44444444444444442 max_ulp=7340032
FIRST_DIVERGENCE_OBJECT row=0 layer=31 checkpoint=CP3-F subobject=attn_state_kv result=MISMATCH elements=65536 mismatch_count=512 first_index=8192 actual_bits=0x3c0cc878 expected_bits=0x3c0fee84 max_abs=0.00064633041620254517 max_rel=0.34239024616383107 max_ulp=4726848
FIRST_DIVERGENCE_OBJECT row=0 layer=31 checkpoint=CP3-F subobject=attn_state_score result=MISMATCH elements=65536 mismatch_count=512 first_index=8192 actual_bits=0xbd93313e expected_bits=0xbd9281ba max_abs=0.0021914839744567871 max_rel=0.32120819960658453 max_ulp=4098176
FIRST_DIVERGENCE_OBJECT row=0 layer=31 checkpoint=CP3-F subobject=layer_n_comp result=EXACT elements=1
FIRST_DIVERGENCE_OBJECT row=0 layer=31 checkpoint=CP4 subobject=after_attn_hc result=MISMATCH elements=16384 mismatch_count=16384 first_index=0 actual_bits=0x3f0ac869 expected_bits=0x3f0ccc86 max_abs=0.1212620735168457 max_rel=1.9008542842912237 max_ulp=2023237887
FIRST_DIVERGENCE_OBJECT row=0 layer=31 checkpoint=CP5 subobject=layer_output result=MISMATCH elements=16384 mismatch_count=16384 first_index=0 actual_bits=0x3ec6a7f7 expected_bits=0x3ecb1991 max_abs=0.11159217357635498 max_rel=1.9380179305975538 max_ulp=2030409671
FIRST_DIVERGENCE_OBJECT row=0 layer=32 checkpoint=CP1 subobject=attn_norm result=MISMATCH elements=4096 mismatch_count=4096 first_index=0 actual_bits=0x3baccee4 expected_bits=0x3baf8738 max_abs=0.015279769897460938 max_rel=1.8429489949747873 max_ulp=1917602859
FIRST_DIVERGENCE_OBJECT row=0 layer=32 checkpoint=CP2-Q subobject=qr result=MISMATCH elements=1024 mismatch_count=1024 first_index=0 actual_bits=0x3ddf8ae5 expected_bits=0x3de02fba max_abs=0.0010817274451255798 max_rel=0.82995676433642018 max_ulp=22008064
FIRST_DIVERGENCE_OBJECT row=0 layer=32 checkpoint=CP2-KV-P subobject=kv_raw result=MISMATCH elements=512 mismatch_count=512 first_index=0 actual_bits=0xbdd63538 expected_bits=0xbdd61424 max_abs=0.0016657412052154541 max_rel=1.5375136911281491 max_ulp=1901699073
FIRST_DIVERGENCE_OBJECT row=0 layer=32 checkpoint=CP2-KV-R subobject=raw_cache result=MISMATCH elements=512 mismatch_count=117 first_index=4 actual_bits=0x3e400000 expected_bits=0x3e300000 max_abs=0.125 max_rel=1.5384615384615385 max_ulp=1949302785
FIRST_DIVERGENCE_OBJECT row=0 layer=32 checkpoint=CP3-F subobject=attn_state_kv result=MISMATCH elements=8192 mismatch_count=1024 first_index=4096 actual_bits=0xbccaf4ee expected_bits=0xbccdaaea max_abs=0.0016073882579803467 max_rel=1.5256111092979994 max_ulp=1919616769
FIRST_DIVERGENCE_OBJECT row=0 layer=32 checkpoint=CP3-F subobject=attn_state_score result=MISMATCH elements=8192 mismatch_count=1024 first_index=4096 actual_bits=0xbfdbaacc expected_bits=0xbfdd2a83 max_abs=0.017345905303955078 max_rel=0.1697429197261478 max_ulp=2087472
FIRST_DIVERGENCE_OBJECT row=0 layer=32 checkpoint=CP3-F subobject=layer_n_comp result=EXACT elements=1
FIRST_DIVERGENCE_OBJECT row=0 layer=32 checkpoint=CP3-F subobject=index_state_kv result=MISMATCH elements=2048 mismatch_count=256 first_index=1024 actual_bits=0x3e1107d4 expected_bits=0x3e1129ba max_abs=0.0025786161422729492 max_rel=0.30340385581100848 max_ulp=3890936
FIRST_DIVERGENCE_OBJECT row=0 layer=32 checkpoint=CP3-F subobject=index_state_score result=MISMATCH elements=2048 mismatch_count=256 first_index=1024 actual_bits=0xbfebe143 expected_bits=0xbfed51b2 max_abs=0.015313148498535156 max_rel=0.40122131986053988 max_ulp=6149792
FIRST_DIVERGENCE_OBJECT row=0 layer=32 checkpoint=CP3-F subobject=layer_n_index_comp result=EXACT elements=1
FIRST_DIVERGENCE_OBJECT row=0 layer=32 checkpoint=CP4 subobject=after_attn_hc result=MISMATCH elements=16384 mismatch_count=16383 first_index=0 actual_bits=0x3ebc7a39 expected_bits=0x3ec0f406 max_abs=0.11264026165008545 max_rel=1.8093864909171198 max_ulp=2023546231
FIRST_DIVERGENCE_OBJECT row=0 layer=32 checkpoint=CP5 subobject=layer_output result=MISMATCH elements=16384 mismatch_count=16383 first_index=0 actual_bits=0x3f3bf1b1 expected_bits=0x3f3e0d75 max_abs=0.11251699924468994 max_rel=1.9891417948792578 max_ulp=2029359989
FIRST_DIVERGENCE_OBJECT row=0 layer=33 checkpoint=CP1 subobject=attn_norm result=MISMATCH elements=4096 mismatch_count=4096 first_index=0 actual_bits=0x3c346b1f expected_bits=0x3c355249 max_abs=0.00097938627004623413 max_rel=1.1372198619009684 max_ulp=1897561982
FIRST_DIVERGENCE_OBJECT row=0 layer=33 checkpoint=CP2-Q subobject=qr result=MISMATCH elements=1024 mismatch_count=1024 first_index=0 actual_bits=0xbe026ca8 expected_bits=0xbe02733b max_abs=0.00082835555076599121 max_rel=1.1443763608178241 max_ulp=1927746529
FIRST_DIVERGENCE_OBJECT row=0 layer=33 checkpoint=CP2-KV-P subobject=kv_raw result=MISMATCH elements=512 mismatch_count=512 first_index=0 actual_bits=0x3d9a8846 expected_bits=0x3d9ab520 max_abs=0.00077148154377937317 max_rel=0.56444469051046398 max_ulp=10176512
FIRST_DIVERGENCE_OBJECT row=0 layer=33 checkpoint=CP2-KV-R subobject=raw_cache result=MISMATCH elements=512 mismatch_count=92 first_index=12 actual_bits=0xbdf00000 expected_bits=0xbde00000 max_abs=0.125 max_rel=0.58333333333333337 max_ulp=10485760
FIRST_DIVERGENCE_OBJECT row=0 layer=33 checkpoint=CP3-F subobject=attn_state_kv result=MISMATCH elements=65536 mismatch_count=512 first_index=8192 actual_bits=0x3d1c3a3f expected_bits=0x3d1c2876 max_abs=0.00079010613262653351 max_rel=0.39588019908757704 max_ulp=6590544
FIRST_DIVERGENCE_OBJECT row=0 layer=33 checkpoint=CP3-F subobject=attn_state_score result=MISMATCH elements=65536 mismatch_count=512 first_index=8192 actual_bits=0xbda60510 expected_bits=0xbda66587 max_abs=0.0024958252906799316 max_rel=1.4255238155661649 max_ulp=1947132705
FIRST_DIVERGENCE_OBJECT row=0 layer=33 checkpoint=CP3-F subobject=layer_n_comp result=EXACT elements=1
FIRST_DIVERGENCE_OBJECT row=0 layer=33 checkpoint=CP4 subobject=after_attn_hc result=MISMATCH elements=16384 mismatch_count=16384 first_index=0 actual_bits=0x3f398799 expected_bits=0x3f3ba018 max_abs=0.19582986831665039 max_rel=1.744048612702344 max_ulp=2023965720
FIRST_DIVERGENCE_OBJECT row=0 layer=33 checkpoint=CP5 subobject=layer_output result=MISMATCH elements=16384 mismatch_count=16384 first_index=0 actual_bits=0x3fa833d1 expected_bits=0x3fa89bae max_abs=0.19306564331054688 max_rel=1.8067633074840652 max_ulp=2023803739
FIRST_DIVERGENCE_OBJECT row=0 layer=34 checkpoint=CP1 subobject=attn_norm result=MISMATCH elements=4096 mismatch_count=4096 first_index=0 actual_bits=0x3d178b34 expected_bits=0x3d176d42 max_abs=0.02862095832824707 max_rel=1.6723797327744812 max_ulp=1931173719
FIRST_DIVERGENCE_OBJECT row=0 layer=34 checkpoint=CP2-Q subobject=qr result=MISMATCH elements=1024 mismatch_count=1024 first_index=0 actual_bits=0x3ed785a4 expected_bits=0x3ed78f78 max_abs=0.0011155623942613602 max_rel=1.1360463459803409 max_ulp=1920800001
FIRST_DIVERGENCE_OBJECT row=0 layer=34 checkpoint=CP2-KV-P subobject=kv_raw result=MISMATCH elements=512 mismatch_count=512 first_index=0 actual_bits=0x3e1668a7 expected_bits=0x3e15eaf6 max_abs=0.0010583698749542236 max_rel=0.75936574316082939 max_ulp=17217536
FIRST_DIVERGENCE_OBJECT row=0 layer=34 checkpoint=CP2-KV-R subobject=raw_cache result=MISMATCH elements=512 mismatch_count=91 first_index=1 actual_bits=0x3cf00000 expected_bits=0x3ce00000 max_abs=0.125 max_rel=0.77777777777777779 max_ulp=17825792
FIRST_DIVERGENCE_OBJECT row=0 layer=34 checkpoint=CP3-F subobject=attn_state_kv result=MISMATCH elements=8192 mismatch_count=1024 first_index=4096 actual_bits=0x3e012112 expected_bits=0x3e00d8be max_abs=0.0020346641540527344 max_rel=1.8595033071259204 max_ulp=1914897665
FIRST_DIVERGENCE_OBJECT row=0 layer=34 checkpoint=CP3-F subobject=attn_state_score result=MISMATCH elements=8192 mismatch_count=1024 first_index=4096 actual_bits=0x402130df expected_bits=0x4023161c max_abs=0.045213699340820312 max_rel=0.62166643636866104 max_ulp=11093504
FIRST_DIVERGENCE_OBJECT row=0 layer=34 checkpoint=CP3-F subobject=layer_n_comp result=EXACT elements=1
FIRST_DIVERGENCE_OBJECT row=0 layer=34 checkpoint=CP3-F subobject=index_state_kv result=MISMATCH elements=2048 mismatch_count=256 first_index=1024 actual_bits=0x3e6dfce2 expected_bits=0x3e6d339a max_abs=0.0013025104999542236 max_rel=0.50924362718257588 max_ulp=8672640
FIRST_DIVERGENCE_OBJECT row=0 layer=34 checkpoint=CP3-F subobject=index_state_score result=MISMATCH elements=2048 mismatch_count=256 first_index=1024 actual_bits=0x4016dc63 expected_bits=0x40189e2b max_abs=0.046339988708496094 max_rel=0.25286123884009765 max_ulp=2975224
FIRST_DIVERGENCE_OBJECT row=0 layer=34 checkpoint=CP3-F subobject=layer_n_index_comp result=EXACT elements=1
FIRST_DIVERGENCE_OBJECT row=0 layer=34 checkpoint=CP4 subobject=after_attn_hc result=MISMATCH elements=16384 mismatch_count=16384 first_index=0 actual_bits=0x3fb3351a expected_bits=0x3fb3a8e4 max_abs=0.18926405906677246 max_rel=1.9828645004060883 max_ulp=2025447025
FIRST_DIVERGENCE_OBJECT row=0 layer=34 checkpoint=CP5 subobject=layer_output result=MISMATCH elements=16384 mismatch_count=16383 first_index=0 actual_bits=0x3f8d3529 expected_bits=0x3f8dca9c max_abs=0.18815875053405762 max_rel=1.8445051660529408 max_ulp=2025640365
FIRST_DIVERGENCE_OBJECT row=0 layer=35 checkpoint=CP1 subobject=attn_norm result=MISMATCH elements=4096 mismatch_count=4096 first_index=0 actual_bits=0x3d0d94b2 expected_bits=0x3d0de929 max_abs=0.00090900063514709473 max_rel=1.6849542980151029 max_ulp=1897810713
FIRST_DIVERGENCE_OBJECT row=0 layer=35 checkpoint=CP2-Q subobject=qr result=MISMATCH elements=1024 mismatch_count=1024 first_index=0 actual_bits=0x3db58942 expected_bits=0x3db55900 max_abs=0.0010592639446258545 max_rel=1.4307078383348213 max_ulp=1918663553
FIRST_DIVERGENCE_OBJECT row=0 layer=35 checkpoint=CP2-KV-P subobject=kv_raw result=MISMATCH elements=512 mismatch_count=512 first_index=0 actual_bits=0xbdb5b81e expected_bits=0xbdb71bbc max_abs=0.00084540247917175293 max_rel=0.46542170917892384 max_ulp=7794304
FIRST_DIVERGENCE_OBJECT row=0 layer=35 checkpoint=CP2-KV-R subobject=raw_cache result=MISMATCH elements=512 mismatch_count=91 first_index=12 actual_bits=0xbee00000 expected_bits=0xbef00000 max_abs=0.125 max_rel=0.4375 max_ulp=7340032
FIRST_DIVERGENCE_OBJECT row=0 layer=35 checkpoint=CP3-F subobject=attn_state_kv result=MISMATCH elements=65536 mismatch_count=512 first_index=8192 actual_bits=0xbce6575e expected_bits=0xbce72835 max_abs=0.0010710284113883972 max_rel=0.89758760246380465 max_ulp=27640448
FIRST_DIVERGENCE_OBJECT row=0 layer=35 checkpoint=CP3-F subobject=attn_state_score result=MISMATCH elements=65536 mismatch_count=512 first_index=8192 actual_bits=0xbe6eec86 expected_bits=0xbe6de46c max_abs=0.0022334456443786621 max_rel=0.83382799425994614 max_ulp=21816896
FIRST_DIVERGENCE_OBJECT row=0 layer=35 checkpoint=CP3-F subobject=layer_n_comp result=EXACT elements=1
FIRST_DIVERGENCE_OBJECT row=0 layer=35 checkpoint=CP4 subobject=after_attn_hc result=MISMATCH elements=16384 mismatch_count=16384 first_index=0 actual_bits=0x3f92f5c8 expected_bits=0x3f93d728 max_abs=0.18699407577514648 max_rel=1.94046036873627 max_ulp=2012530936
FIRST_DIVERGENCE_OBJECT row=0 layer=35 checkpoint=CP5 subobject=layer_output result=MISMATCH elements=16384 mismatch_count=16384 first_index=0 actual_bits=0x3f971ef0 expected_bits=0x3f9809dc max_abs=0.15786457061767578 max_rel=1.9651046009603927 max_ulp=2030347430
FIRST_DIVERGENCE_OBJECT row=0 layer=36 checkpoint=CP1 subobject=attn_norm result=MISMATCH elements=4096 mismatch_count=4096 first_index=0 actual_bits=0x3d85c411 expected_bits=0x3d8673e7 max_abs=0.021793127059936523 max_rel=1.3850284596928712 max_ulp=1931811131
FIRST_DIVERGENCE_OBJECT row=0 layer=36 checkpoint=CP2-Q subobject=qr result=MISMATCH elements=1024 mismatch_count=1024 first_index=0 actual_bits=0x3cd4b6b8 expected_bits=0x3cd6acb2 max_abs=0.001591801643371582 max_rel=0.9683249389269234 max_ulp=41827584
FIRST_DIVERGENCE_OBJECT row=0 layer=36 checkpoint=CP2-KV-P subobject=kv_raw result=MISMATCH elements=512 mismatch_count=512 first_index=0 actual_bits=0xbd6ce249 expected_bits=0xbd6c6f96 max_abs=0.0015492141246795654 max_rel=1.0460255477802807 max_ulp=1893071937
FIRST_DIVERGENCE_OBJECT row=0 layer=36 checkpoint=CP2-KV-R subobject=raw_cache result=MISMATCH elements=512 mismatch_count=101 first_index=14 actual_bits=0xbc000000 expected_bits=0xbc200000 max_abs=0.125 max_rel=1.0446428571428572 max_ulp=1937768449
FIRST_DIVERGENCE_OBJECT row=0 layer=36 checkpoint=CP3-F subobject=attn_state_kv result=MISMATCH elements=8192 mismatch_count=1024 first_index=4096 actual_bits=0x3ce52d4e expected_bits=0x3ce19d62 max_abs=0.0023022294044494629 max_rel=1.9867419663665637 max_ulp=1938899841
FIRST_DIVERGENCE_OBJECT row=0 layer=36 checkpoint=CP3-F subobject=attn_state_score result=MISMATCH elements=8192 mismatch_count=1024 first_index=4096 actual_bits=0x3e442e8c expected_bits=0x3e47359a max_abs=0.015642762184143066 max_rel=1.8510237336167199 max_ulp=1978954881
FIRST_DIVERGENCE_OBJECT row=0 layer=36 checkpoint=CP3-F subobject=layer_n_comp result=EXACT elements=1
FIRST_DIVERGENCE_OBJECT row=0 layer=36 checkpoint=CP3-F subobject=index_state_kv result=MISMATCH elements=2048 mismatch_count=256 first_index=1024 actual_bits=0xbc8d75f2 expected_bits=0xbc8d2a02 max_abs=0.0020344387739896774 max_rel=0.16950869174895944 max_ulp=2184462
FIRST_DIVERGENCE_OBJECT row=0 layer=36 checkpoint=CP3-F subobject=index_state_score result=MISMATCH elements=2048 mismatch_count=256 first_index=1024 actual_bits=0xbe0617c2 expected_bits=0xbe020a3b max_abs=0.015439510345458984 max_rel=0.96246938615751076 max_ulp=40217760
FIRST_DIVERGENCE_OBJECT row=0 layer=36 checkpoint=CP3-F subobject=layer_n_index_comp result=EXACT elements=1
FIRST_DIVERGENCE_OBJECT row=0 layer=36 checkpoint=CP4 subobject=after_attn_hc result=MISMATCH elements=16384 mismatch_count=16384 first_index=0 actual_bits=0x3f426542 expected_bits=0x3f44d2ec max_abs=0.20988845825195312 max_rel=1.8665474137991014 max_ulp=2051811596
FIRST_DIVERGENCE_OBJECT row=0 layer=36 checkpoint=CP5 subobject=layer_output result=MISMATCH elements=16384 mismatch_count=16383 first_index=0 actual_bits=0xbf87e08c expected_bits=0xbf866fe4 max_abs=0.20951652526855469 max_rel=1.9397826746910665 max_ulp=2051742609
FIRST_DIVERGENCE_OBJECT row=0 layer=37 checkpoint=CP1 subobject=attn_norm result=MISMATCH elements=4096 mismatch_count=4096 first_index=0 actual_bits=0x3c76eb08 expected_bits=0x3c7f3408 max_abs=0.0013777539134025574 max_rel=1.9582523213459042 max_ulp=1941669088
FIRST_DIVERGENCE_OBJECT row=0 layer=37 checkpoint=CP2-Q subobject=qr result=MISMATCH elements=1024 mismatch_count=1023 first_index=0 actual_bits=0xbd55bc23 expected_bits=0xbd559930 max_abs=0.0019221380352973938 max_rel=0.80510017706232928 max_ulp=19302592
FIRST_DIVERGENCE_OBJECT row=0 layer=37 checkpoint=CP2-KV-P subobject=kv_raw result=MISMATCH elements=512 mismatch_count=512 first_index=0 actual_bits=0x3da1b4db expected_bits=0x3da268d6 max_abs=0.0016817227005958557 max_rel=1.2870272274605361 max_ulp=1933365249
FIRST_DIVERGENCE_OBJECT row=0 layer=37 checkpoint=CP2-KV-R subobject=raw_cache result=MISMATCH elements=512 mismatch_count=97 first_index=2 actual_bits=0xbb400000 expected_bits=0xbb100000 max_abs=0.0625 max_rel=1.6998231653404068 max_ulp=1976778753
FIRST_DIVERGENCE_OBJECT row=0 layer=37 checkpoint=CP3-F subobject=attn_state_kv result=MISMATCH elements=65536 mismatch_count=512 first_index=8192 actual_bits=0xbbd1ac1a expected_bits=0xbbd25e3e max_abs=0.0014932751655578613 max_rel=1.8753340033829333 max_ulp=1898632321
FIRST_DIVERGENCE_OBJECT row=0 layer=37 checkpoint=CP3-F subobject=attn_state_score result=MISMATCH elements=65536 mismatch_count=512 first_index=8192 actual_bits=0xbe604304 expected_bits=0xbe605df8 max_abs=0.0030693560838699341 max_rel=0.60615183149778928 max_ulp=10697232
FIRST_DIVERGENCE_OBJECT row=0 layer=37 checkpoint=CP3-F subobject=layer_n_comp result=EXACT elements=1
FIRST_DIVERGENCE_OBJECT row=0 layer=37 checkpoint=CP4 subobject=after_attn_hc result=MISMATCH elements=16384 mismatch_count=16384 first_index=0 actual_bits=0xbf8c551f expected_bits=0xbf8af4f1 max_abs=0.21220111846923828 max_rel=1.9476195599094022 max_ulp=2060275119
FIRST_DIVERGENCE_OBJECT row=0 layer=37 checkpoint=CP5 subobject=layer_output result=MISMATCH elements=16384 mismatch_count=16383 first_index=0 actual_bits=0xbf61182e expected_bits=0xbf5de5d8 max_abs=0.21112442016601562 max_rel=1.9613958996419825 max_ulp=2056595654
FIRST_DIVERGENCE_OBJECT row=0 layer=38 checkpoint=CP1 subobject=attn_norm result=MISMATCH elements=4096 mismatch_count=4096 first_index=0 actual_bits=0xbc065093 expected_bits=0xbbfe1afd max_abs=0.016106128692626953 max_rel=1.7466741672379196 max_ulp=1937703138
FIRST_DIVERGENCE_OBJECT row=0 layer=38 checkpoint=CP2-Q subobject=qr result=MISMATCH elements=1024 mismatch_count=1024 first_index=0 actual_bits=0x3d881278 expected_bits=0x3d880096 max_abs=0.0030920505523681641 max_rel=1.6883132978064197 max_ulp=1940502529
FIRST_DIVERGENCE_OBJECT row=0 layer=38 checkpoint=CP2-KV-P subobject=kv_raw result=MISMATCH elements=512 mismatch_count=512 first_index=0 actual_bits=0xbdbba723 expected_bits=0xbdbc0271 max_abs=0.0023443996906280518 max_rel=0.46278784049424321 max_ulp=7370912
FIRST_DIVERGENCE_OBJECT row=0 layer=38 checkpoint=CP2-KV-R subobject=raw_cache result=MISMATCH elements=512 mismatch_count=104 first_index=17 actual_bits=0xbd600000 expected_bits=0xbd700000 max_abs=0.125 max_rel=0.45454545454545453 max_ulp=7340032
FIRST_DIVERGENCE_OBJECT row=0 layer=38 checkpoint=CP3-F subobject=attn_state_kv result=MISMATCH elements=8192 mismatch_count=1024 first_index=4096 actual_bits=0xbd96de2b expected_bits=0xbd991790 max_abs=0.0049725770950317383 max_rel=0.79558386395728109 max_ulp=19824160
FIRST_DIVERGENCE_OBJECT row=0 layer=38 checkpoint=CP3-F subobject=attn_state_score result=MISMATCH elements=8192 mismatch_count=1024 first_index=4096 actual_bits=0xc02fbdb1 expected_bits=0xc0302421 max_abs=0.014895915985107422 max_rel=0.087195714030367008 max_ulp=1443968
FIRST_DIVERGENCE_OBJECT row=0 layer=38 checkpoint=CP3-F subobject=layer_n_comp result=EXACT elements=1
FIRST_DIVERGENCE_OBJECT row=0 layer=38 checkpoint=CP3-F subobject=index_state_kv result=MISMATCH elements=2048 mismatch_count=256 first_index=1024 actual_bits=0x3db960fc expected_bits=0x3dbb3282 max_abs=0.0051028728485107422 max_rel=0.93538659973506244 max_ulp=33057792
FIRST_DIVERGENCE_OBJECT row=0 layer=38 checkpoint=CP3-F subobject=index_state_score result=MISMATCH elements=2048 mismatch_count=256 first_index=1024 actual_bits=0xc02f6414 expected_bits=0xc02fb062 max_abs=0.016034126281738281 max_rel=0.061371061222695499 max_ulp=848804
FIRST_DIVERGENCE_OBJECT row=0 layer=38 checkpoint=CP3-F subobject=layer_n_index_comp result=EXACT elements=1
FIRST_DIVERGENCE_OBJECT row=0 layer=38 checkpoint=CP4 subobject=after_attn_hc result=MISMATCH elements=16384 mismatch_count=16384 first_index=0 actual_bits=0xbfa0ccfd expected_bits=0xbf9ef8ce max_abs=0.22327518463134766 max_rel=1.9605204195040744 max_ulp=2055381430
FIRST_DIVERGENCE_OBJECT row=0 layer=38 checkpoint=CP5 subobject=layer_output result=MISMATCH elements=16384 mismatch_count=16384 first_index=0 actual_bits=0xbfd04e69 expected_bits=0xbfce8028 max_abs=0.22131061553955078 max_rel=1.9712232326893291 max_ulp=2042673148
FIRST_DIVERGENCE_OBJECT row=0 layer=39 checkpoint=CP1 subobject=attn_norm result=MISMATCH elements=4096 mismatch_count=4096 first_index=0 actual_bits=0xbcecf268 expected_bits=0xbceb1783 max_abs=0.00092145730741322041 max_rel=1.8971135857852814 max_ulp=1922570609
FIRST_DIVERGENCE_OBJECT row=0 layer=39 checkpoint=CP2-Q subobject=qr result=MISMATCH elements=1024 mismatch_count=1024 first_index=0 actual_bits=0x3dad803c expected_bits=0x3dae5a82 max_abs=0.0015986263751983643 max_rel=0.99286803948083946 max_ulp=59878720
FIRST_DIVERGENCE_OBJECT row=0 layer=39 checkpoint=CP2-KV-P subobject=kv_raw result=MISMATCH elements=512 mismatch_count=512 first_index=0 actual_bits=0x3ee30068 expected_bits=0x3ee349cf max_abs=0.0013502687215805054 max_rel=1.3884568153909127 max_ulp=1904603137
FIRST_DIVERGENCE_OBJECT row=0 layer=39 checkpoint=CP2-KV-R subobject=raw_cache result=MISMATCH elements=512 mismatch_count=83 first_index=24 actual_bits=0xbce00000 expected_bits=0xbcd00000 max_abs=0.125 max_rel=1.3999999999999999 max_ulp=1949302785
FIRST_DIVERGENCE_OBJECT row=0 layer=39 checkpoint=CP3-F subobject=attn_state_kv result=MISMATCH elements=65536 mismatch_count=512 first_index=8192 actual_bits=0x3ca4fe24 expected_bits=0x3ca53e4c max_abs=0.0015437155961990356 max_rel=1.8771513228402714 max_ulp=1918693377
FIRST_DIVERGENCE_OBJECT row=0 layer=39 checkpoint=CP3-F subobject=attn_state_score result=MISMATCH elements=65536 mismatch_count=512 first_index=8192 actual_bits=0x3e52b16f expected_bits=0x3e52acf1 max_abs=0.0037513375282287598 max_rel=1.3940908051097438 max_ulp=1923215489
FIRST_DIVERGENCE_OBJECT row=0 layer=39 checkpoint=CP3-F subobject=layer_n_comp result=EXACT elements=1
FIRST_DIVERGENCE_OBJECT row=0 layer=39 checkpoint=CP4 subobject=after_attn_hc result=MISMATCH elements=16384 mismatch_count=16384 first_index=0 actual_bits=0xbfd1b081 expected_bits=0xbfd07aeb max_abs=0.21970653533935547 max_rel=1.7396370224719544 max_ulp=2043640699
FIRST_DIVERGENCE_OBJECT row=0 layer=39 checkpoint=CP5 subobject=layer_output result=MISMATCH elements=16384 mismatch_count=16384 first_index=0 actual_bits=0xbfdc93ae expected_bits=0xbfdb58b5 max_abs=0.2149200439453125 max_rel=1.9733341146892227 max_ulp=2032909760
FIRST_DIVERGENCE_OBJECT row=0 layer=40 checkpoint=CP1 subobject=attn_norm result=MISMATCH elements=4096 mismatch_count=4096 first_index=0 actual_bits=0xbd235426 expected_bits=0xbd228cd8 max_abs=0.017534255981445312 max_rel=1.8010791765493954 max_ulp=1933789111
FIRST_DIVERGENCE_OBJECT row=0 layer=40 checkpoint=CP2-Q subobject=qr result=MISMATCH elements=1024 mismatch_count=1024 first_index=0 actual_bits=0xbea55ab7 expected_bits=0xbea4e4d4 max_abs=0.002341926097869873 max_rel=1.349654491609082 max_ulp=1909470721
FIRST_DIVERGENCE_OBJECT row=0 layer=40 checkpoint=CP2-KV-P subobject=kv_raw result=MISMATCH elements=512 mismatch_count=512 first_index=0 actual_bits=0xbdac28c6 expected_bits=0xbdad6f34 max_abs=0.001614987850189209 max_rel=0.60002704118710815 max_ulp=11418880
FIRST_DIVERGENCE_OBJECT row=0 layer=40 checkpoint=CP2-KV-R subobject=raw_cache result=MISMATCH elements=512 mismatch_count=100 first_index=1 actual_bits=0xbe200000 expected_bits=0xbe300000 max_abs=0.125 max_rel=0.59090909090909094 max_ulp=10485760
FIRST_DIVERGENCE_OBJECT row=0 layer=40 checkpoint=CP3-F subobject=attn_state_kv result=MISMATCH elements=8192 mismatch_count=1024 first_index=4096 actual_bits=0xbdf9df3c expected_bits=0xbdf8b5fb max_abs=0.0019444525241851807 max_rel=1.4558692932784585 max_ulp=1929840001
FIRST_DIVERGENCE_OBJECT row=0 layer=40 checkpoint=CP3-F subobject=attn_state_score result=MISMATCH elements=8192 mismatch_count=1024 first_index=4096 actual_bits=0x3f0ea095 expected_bits=0x3f0d8400 max_abs=0.02277374267578125 max_rel=1.3530711192926963 max_ulp=1975603009
FIRST_DIVERGENCE_OBJECT row=0 layer=40 checkpoint=CP3-F subobject=layer_n_comp result=EXACT elements=1
FIRST_DIVERGENCE_OBJECT row=0 layer=40 checkpoint=CP3-F subobject=index_state_kv result=MISMATCH elements=2048 mismatch_count=256 first_index=1024 actual_bits=0x3e63869f expected_bits=0x3e63d51e max_abs=0.0020756721496582031 max_rel=0.19034580818465213 max_ulp=2938720
FIRST_DIVERGENCE_OBJECT row=0 layer=40 checkpoint=CP3-F subobject=index_state_score result=MISMATCH elements=2048 mismatch_count=256 first_index=1024 actual_bits=0x3f4a4ae5 expected_bits=0x3f495b50 max_abs=0.023210525512695312 max_rel=0.091777843791890024 max_ulp=993584
FIRST_DIVERGENCE_OBJECT row=0 layer=40 checkpoint=CP3-F subobject=layer_n_index_comp result=EXACT elements=1
FIRST_DIVERGENCE_OBJECT row=0 layer=40 checkpoint=CP4 subobject=after_attn_hc result=MISMATCH elements=16384 mismatch_count=16384 first_index=0 actual_bits=0xbfbae8e5 expected_bits=0xbfba4415 max_abs=0.21375083923339844 max_rel=1.9950827099310682 max_ulp=2040896799
FIRST_DIVERGENCE_OBJECT row=0 layer=40 checkpoint=CP5 subobject=layer_output result=MISMATCH elements=16384 mismatch_count=16384 first_index=0 actual_bits=0x4002e216 expected_bits=0x4002a358 max_abs=0.21271800994873047 max_rel=1.7227554900332616 max_ulp=2052278413
FIRST_DIVERGENCE_OBJECT row=0 layer=41 checkpoint=CP1 subobject=attn_norm result=MISMATCH elements=4096 mismatch_count=4096 first_index=0 actual_bits=0x3d22b62e expected_bits=0x3d2292fe max_abs=0.00095251947641372681 max_rel=1.7856140898731507 max_ulp=1929948093
FIRST_DIVERGENCE_OBJECT row=0 layer=41 checkpoint=CP2-Q subobject=qr result=MISMATCH elements=1024 mismatch_count=1024 first_index=0 actual_bits=0xbe92cfee expected_bits=0xbe92f05c max_abs=0.0014647617936134338 max_rel=0.86716332866492352 max_ulp=24412352
FIRST_DIVERGENCE_OBJECT row=0 layer=41 checkpoint=CP2-KV-P subobject=kv_raw result=MISMATCH elements=512 mismatch_count=512 first_index=0 actual_bits=0xbe961cda expected_bits=0xbe95c78e max_abs=0.0016286224126815796 max_rel=0.84707286399917869 max_ulp=22937344
FIRST_DIVERGENCE_OBJECT row=0 layer=41 checkpoint=CP2-KV-R subobject=raw_cache result=MISMATCH elements=512 mismatch_count=108 first_index=1 actual_bits=0x3da00000 expected_bits=0x3db00000 max_abs=0.25 max_rel=0.84722222222222221 max_ulp=23068672
FIRST_DIVERGENCE_OBJECT row=0 layer=41 checkpoint=CP3-F subobject=attn_state_kv result=MISMATCH elements=65536 mismatch_count=512 first_index=8192 actual_bits=0xbbbca8c0 expected_bits=0xbbb40648 max_abs=0.0012052133679389954 max_rel=0.67989057878066017 max_ulp=14034688
FIRST_DIVERGENCE_OBJECT row=0 layer=41 checkpoint=CP3-F subobject=attn_state_score result=MISMATCH elements=65536 mismatch_count=512 first_index=8192 actual_bits=0x3b2c2ad0 expected_bits=0x3b4d5f70 max_abs=0.004791259765625 max_rel=1.4128525081108061 max_ulp=1906164737
FIRST_DIVERGENCE_OBJECT row=0 layer=41 checkpoint=CP3-F subobject=layer_n_comp result=EXACT elements=1
FIRST_DIVERGENCE_OBJECT row=0 layer=41 checkpoint=CP4 subobject=after_attn_hc result=MISMATCH elements=16384 mismatch_count=16384 first_index=0 actual_bits=0x3fab0893 expected_bits=0x3faa2d02 max_abs=0.21484470367431641 max_rel=1.9517150567622954 max_ulp=2039288679
FIRST_DIVERGENCE_OBJECT row=0 layer=41 checkpoint=CP5 subobject=layer_output result=MISMATCH elements=16384 mismatch_count=16384 first_index=0 actual_bits=0x3f68fb45 expected_bits=0x3f67a7ad max_abs=0.21108150482177734 max_rel=1.957052102102133 max_ulp=2051582093
FIRST_DIVERGENCE_OBJECT row=0 layer=42 checkpoint=CP1 subobject=attn_norm result=MISMATCH elements=4096 mismatch_count=4095 first_index=0 actual_bits=0xba7b1bba expected_bits=0xba580c89 max_abs=0.0044637918472290039 max_rel=1.9228289150099438 max_ulp=1939903700
FIRST_DIVERGENCE_OBJECT row=0 layer=42 checkpoint=CP2-Q subobject=qr result=MISMATCH elements=1024 mismatch_count=1024 first_index=0 actual_bits=0x3d9ad586 expected_bits=0x3d98fef6 max_abs=0.0022376924753189087 max_rel=0.87141020955933313 max_ulp=24874112
FIRST_DIVERGENCE_OBJECT row=0 layer=42 checkpoint=CP2-KV-P subobject=kv_raw result=MISMATCH elements=512 mismatch_count=512 first_index=0 actual_bits=0xbed266c6 expected_bits=0xbed28df0 max_abs=0.0027910470962524414 max_rel=1.8275685392107051 max_ulp=1956773953
FIRST_DIVERGENCE_OBJECT row=0 layer=42 checkpoint=CP2-KV-R subobject=raw_cache result=MISMATCH elements=512 mismatch_count=135 first_index=7 actual_bits=0x3e700000 expected_bits=0x3e800000 max_abs=0.125 max_rel=1.8 max_ulp=1981808641
FIRST_DIVERGENCE_OBJECT row=0 layer=42 checkpoint=CP3-F subobject=attn_state_kv result=MISMATCH elements=8192 mismatch_count=1024 first_index=4096 actual_bits=0x3e99cae0 expected_bits=0x3e99ff63 max_abs=0.0031422674655914307 max_rel=1.6665095176358118 max_ulp=1951776849
FIRST_DIVERGENCE_OBJECT row=0 layer=42 checkpoint=CP3-F subobject=attn_state_score result=MISMATCH elements=8192 mismatch_count=1024 first_index=4096 actual_bits=0x3f4ade7d expected_bits=0x3f4b2aae max_abs=0.011256143450737 max_rel=1.095853726105827 max_ulp=1890251777
FIRST_DIVERGENCE_OBJECT row=0 layer=42 checkpoint=CP3-F subobject=layer_n_comp result=EXACT elements=1
FIRST_DIVERGENCE_OBJECT row=0 layer=42 checkpoint=CP3-F subobject=index_state_kv result=MISMATCH elements=2048 mismatch_count=256 first_index=1024 actual_bits=0xbdac9631 expected_bits=0xbdad898a max_abs=0.0030889809131622314 max_rel=1.8727483816493105 max_ulp=1923079681
FIRST_DIVERGENCE_OBJECT row=0 layer=42 checkpoint=CP3-F subobject=index_state_score result=MISMATCH elements=2048 mismatch_count=256 first_index=1024 actual_bits=0xbef57194 expected_bits=0xbef3d140 max_abs=0.0074040889739990234 max_rel=1.3524647252585176 max_ulp=1964401793
FIRST_DIVERGENCE_OBJECT row=0 layer=42 checkpoint=CP3-F subobject=layer_n_index_comp result=EXACT elements=1
FIRST_DIVERGENCE_OBJECT row=0 layer=42 checkpoint=CP4 subobject=after_attn_hc result=MISMATCH elements=16384 mismatch_count=16384 first_index=0 actual_bits=0x3fa856ef expected_bits=0x3fa853f6 max_abs=0.23987483978271484 max_rel=1.954688056278405 max_ulp=2063382367
FIRST_DIVERGENCE_OBJECT row=0 layer=42 checkpoint=CP5 subobject=layer_output result=MISMATCH elements=16384 mismatch_count=16384 first_index=0 actual_bits=0xbefdb193 expected_bits=0xbefd6ecd max_abs=0.2747955322265625 max_rel=1.9333142405063592 max_ulp=2062016721
FIRST_DIVERGENCE_OBJECT row=1 layer=0 checkpoint=CP1 subobject=attn_norm result=EXACT elements=4096
FIRST_DIVERGENCE_OBJECT row=1 layer=0 checkpoint=CP2-Q subobject=qr result=EXACT elements=1024
FIRST_DIVERGENCE_OBJECT row=1 layer=0 checkpoint=CP2-KV-P subobject=kv_raw result=MISMATCH elements=512 mismatch_count=418 first_index=0 actual_bits=0x3d818930 expected_bits=0x3d818933 max_abs=5.9604644775390625e-08 max_rel=9.6797924652495455e-05 max_ulp=1280
FIRST_DIVERGENCE_OBJECT row=1 layer=0 checkpoint=CP2-KV-R subobject=raw_cache result=EXACT elements=512
FIRST_DIVERGENCE_OBJECT row=1 layer=0 checkpoint=CP4 subobject=after_attn_hc result=MISMATCH elements=16384 mismatch_count=7761 first_index=0 actual_bits=0xbcc6e038 expected_bits=0xbcc6e042 max_abs=1.4901161193847656e-07 max_rel=0.0032631585469809323 max_ulp=36864
FIRST_DIVERGENCE_OBJECT row=1 layer=0 checkpoint=CP5 subobject=layer_output result=MISMATCH elements=16384 mismatch_count=11141 first_index=0 actual_bits=0xbc8d3d78 expected_bits=0xbc8d3d79 max_abs=2.0861625671386719e-07 max_rel=0.00052117256876151724 max_ulp=5068
FIRST_DIVERGENCE_OBJECT row=1 layer=1 checkpoint=CP1 subobject=attn_norm result=MISMATCH elements=4096 mismatch_count=3779 first_index=1 actual_bits=0xbca5bc47 expected_bits=0xbca5bc41 max_abs=6.3329935073852539e-08 max_rel=0.00061145484365570757 max_ulp=6204
FIRST_DIVERGENCE_OBJECT row=1 layer=1 checkpoint=CP2-Q subobject=qr result=MISMATCH elements=1024 mismatch_count=945 first_index=0 actual_bits=0x3dcf7ab4 expected_bits=0x3dcf7ab2 max_abs=1.4901161193847656e-07 max_rel=0.00055237428881810312 max_ulp=7680
FIRST_DIVERGENCE_OBJECT row=1 layer=1 checkpoint=CP2-KV-P subobject=kv_raw result=MISMATCH elements=512 mismatch_count=464 first_index=0 actual_bits=0x3d898a50 expected_bits=0x3d898a4e max_abs=1.4901161193847656e-07 max_rel=0.027319587628865979 max_ulp=434176
FIRST_DIVERGENCE_OBJECT row=1 layer=1 checkpoint=CP2-KV-R subobject=raw_cache result=EXACT elements=512
FIRST_DIVERGENCE_OBJECT row=1 layer=1 checkpoint=CP4 subobject=after_attn_hc result=MISMATCH elements=16384 mismatch_count=13009 first_index=0 actual_bits=0xbcb16bb4 expected_bits=0xbcb16be5 max_abs=3.7997961044311523e-07 max_rel=0.0057517609685829004 max_ulp=89692
FIRST_DIVERGENCE_OBJECT row=1 layer=1 checkpoint=CP5 subobject=layer_output result=MISMATCH elements=16384 mismatch_count=14476 first_index=0 actual_bits=0xbc9920a5 expected_bits=0xbc9920bb max_abs=2.6635825634002686e-07 max_rel=0.010623152575853832 max_ulp=136015
FIRST_DIVERGENCE_OBJECT row=1 layer=2 checkpoint=CP1 subobject=attn_norm result=MISMATCH elements=4096 mismatch_count=4031 first_index=0 actual_bits=0xbdb32967 expected_bits=0xbdb3296e max_abs=1.1920928955078125e-06 max_rel=0.0063193410737322616 max_ulp=57312
FIRST_DIVERGENCE_OBJECT row=1 layer=2 checkpoint=CP2-Q subobject=qr result=MISMATCH elements=1024 mismatch_count=1000 first_index=0 actual_bits=0x3d9a1572 expected_bits=0x3d9a157b max_abs=6.2584877014160156e-07 max_rel=0.0025054094066734997 max_ulp=22528
FIRST_DIVERGENCE_OBJECT row=1 layer=2 checkpoint=CP2-KV-P subobject=kv_raw result=MISMATCH elements=512 mismatch_count=500 first_index=0 actual_bits=0x3d9f178c expected_bits=0x3d9f1783 max_abs=7.0966780185699463e-07 max_rel=0.0018290967076259263 max_ulp=29952
FIRST_DIVERGENCE_OBJECT row=1 layer=2 checkpoint=CP2-KV-R subobject=raw_cache result=EXACT elements=512
FIRST_DIVERGENCE_OBJECT row=1 layer=2 checkpoint=CP3-F subobject=attn_state_kv result=MISMATCH elements=8192 mismatch_count=2006 first_index=4096 actual_bits=0x3e18ecaa expected_bits=0x3e18ecbc max_abs=1.0430812835693359e-06 max_rel=0.0043259557344064387 max_ulp=44032
FIRST_DIVERGENCE_OBJECT row=1 layer=2 checkpoint=CP3-F subobject=attn_state_score result=MISMATCH elements=8192 mismatch_count=1909 first_index=4096 actual_bits=0x3f080f5b expected_bits=0x3f080f64 max_abs=1.6689300537109375e-06 max_rel=0.010917674830333431 max_ulp=151552
FIRST_DIVERGENCE_OBJECT row=1 layer=2 checkpoint=CP3-F subobject=layer_n_comp result=EXACT elements=1
FIRST_DIVERGENCE_OBJECT row=1 layer=2 checkpoint=CP3-F subobject=index_state_kv result=MISMATCH elements=2048 mismatch_count=492 first_index=1024 actual_bits=0xbe43b7b2 expected_bits=0xbe43b798 max_abs=1.1622905731201172e-06 max_rel=0.00040794231559352197 max_ulp=6704
FIRST_DIVERGENCE_OBJECT row=1 layer=2 checkpoint=CP3-F subobject=index_state_score result=MISMATCH elements=2048 mismatch_count=489 first_index=1024 actual_bits=0xbef764b7 expected_bits=0xbef764ab max_abs=2.8014183044433594e-06 max_rel=0.00012952638396125472 max_ulp=1472
FIRST_DIVERGENCE_OBJECT row=1 layer=2 checkpoint=CP3-F subobject=layer_n_index_comp result=EXACT elements=1
FIRST_DIVERGENCE_OBJECT row=1 layer=2 checkpoint=CP4 subobject=after_attn_hc result=MISMATCH elements=16384 mismatch_count=15665 first_index=0 actual_bits=0xbd591f50 expected_bits=0xbd591f39 max_abs=6.7800283432006836e-07 max_rel=0.086287181648177211 max_ulp=960761
FIRST_DIVERGENCE_OBJECT row=1 layer=2 checkpoint=CP5 subobject=layer_output result=MISMATCH elements=16384 mismatch_count=15706 first_index=0 actual_bits=0xbd274d43 expected_bits=0xbd274d1e max_abs=6.0349702835083008e-07 max_rel=0.02844052217190246 max_ulp=440476
FIRST_DIVERGENCE_OBJECT row=1 layer=3 checkpoint=CP1 subobject=attn_norm result=MISMATCH elements=4096 mismatch_count=4065 first_index=0 actual_bits=0xbd8ea50f expected_bits=0xbd8ea503 max_abs=6.5565109252929688e-07 max_rel=0.18481027124201679 max_ulp=2354576
FIRST_DIVERGENCE_OBJECT row=1 layer=3 checkpoint=CP2-Q subobject=qr result=MISMATCH elements=1024 mismatch_count=1007 first_index=0 actual_bits=0xbd0e7790 expected_bits=0xbd0e7798 max_abs=1.0132789611816406e-06 max_rel=0.0056625467088243751 max_ulp=75648
FIRST_DIVERGENCE_OBJECT row=1 layer=3 checkpoint=CP2-KV-P subobject=kv_raw result=MISMATCH elements=512 mismatch_count=503 first_index=0 actual_bits=0xbbc53008 expected_bits=0xbbc53068 max_abs=1.1771917343139648e-06 max_rel=0.003472222222222222 max_ulp=29696
FIRST_DIVERGENCE_OBJECT row=1 layer=3 checkpoint=CP2-KV-R subobject=raw_cache result=EXACT elements=512
FIRST_DIVERGENCE_OBJECT row=1 layer=3 checkpoint=CP3-F subobject=attn_state_kv result=MISMATCH elements=65536 mismatch_count=1018 first_index=8192 actual_bits=0xbdab490e expected_bits=0xbdab48a6 max_abs=1.6633421182632446e-06 max_rel=0.0059840293127825239 max_ulp=76928
FIRST_DIVERGENCE_OBJECT row=1 layer=3 checkpoint=CP3-F subobject=attn_state_score result=MISMATCH elements=65536 mismatch_count=1012 first_index=8192 actual_bits=0x3c2eebec expected_bits=0x3c2eed4f max_abs=4.4703483581542969e-06 max_rel=0.0023171482974910394 max_ulp=21184
FIRST_DIVERGENCE_OBJECT row=1 layer=3 checkpoint=CP3-F subobject=layer_n_comp result=EXACT elements=1
FIRST_DIVERGENCE_OBJECT row=1 layer=3 checkpoint=CP4 subobject=after_attn_hc result=MISMATCH elements=16384 mismatch_count=16029 first_index=0 actual_bits=0x3c9d5f23 expected_bits=0x3c9d5e25 max_abs=1.6111880540847778e-06 max_rel=0.16662397809972448 max_ulp=2641847
FIRST_DIVERGENCE_OBJECT row=1 layer=3 checkpoint=CP5 subobject=layer_output result=MISMATCH elements=16384 mismatch_count=16152 first_index=0 actual_bits=0x3ce65da5 expected_bits=0x3ce65cf4 max_abs=1.5944242477416992e-06 max_rel=0.01776941028197622 max_ulp=234835
FIRST_DIVERGENCE_OBJECT row=1 layer=4 checkpoint=CP1 subobject=attn_norm result=MISMATCH elements=4096 mismatch_count=4071 first_index=0 actual_bits=0xbad02229 expected_bits=0xbad028ab max_abs=7.8678131103515625e-06 max_rel=0.047099005176081558 max_ulp=690177
FIRST_DIVERGENCE_OBJECT row=1 layer=4 checkpoint=CP2-Q subobject=qr result=MISMATCH elements=1024 mismatch_count=1018 first_index=0 actual_bits=0x3bd69570 expected_bits=0x3bd68e00 max_abs=2.2426247596740723e-06 max_rel=0.0032075781713232512 max_ulp=28736
FIRST_DIVERGENCE_OBJECT row=1 layer=4 checkpoint=CP2-KV-P subobject=kv_raw result=MISMATCH elements=512 mismatch_count=507 first_index=0 actual_bits=0x3e83d49a expected_bits=0x3e83d489 max_abs=2.2053718566894531e-06 max_rel=0.0033498444148091699 max_ulp=54016
FIRST_DIVERGENCE_OBJECT row=1 layer=4 checkpoint=CP2-KV-R subobject=raw_cache result=MISMATCH elements=512 mismatch_count=2 first_index=492 actual_bits=0x3d292000 expected_bits=0x3d294000 max_abs=3.0517578125e-05 max_rel=0.00090415913200723324 max_ulp=8192
FIRST_DIVERGENCE_OBJECT row=1 layer=4 checkpoint=CP3-F subobject=attn_state_kv result=MISMATCH elements=8192 mismatch_count=2039 first_index=4096 actual_bits=0x3d0046b5 expected_bits=0x3d00475d max_abs=5.3644180297851562e-06 max_rel=0.14536340852130325 max_ulp=2197504
FIRST_DIVERGENCE_OBJECT row=1 layer=4 checkpoint=CP3-F subobject=attn_state_score result=MISMATCH elements=8192 mismatch_count=2018 first_index=4096 actual_bits=0xbf9262e1 expected_bits=0xbf926313 max_abs=1.5974044799804688e-05 max_rel=0.0012996031746031747 max_ulp=16768
FIRST_DIVERGENCE_OBJECT row=1 layer=4 checkpoint=CP3-F subobject=layer_n_comp result=EXACT elements=1
FIRST_DIVERGENCE_OBJECT row=1 layer=4 checkpoint=CP3-F subobject=index_state_kv result=MISMATCH elements=2048 mismatch_count=508 first_index=1024 actual_bits=0x3ce92c53 expected_bits=0x3ce92ed0 max_abs=7.8678131103515625e-06 max_rel=0.010182492421794458 max_ulp=169408
FIRST_DIVERGENCE_OBJECT row=1 layer=4 checkpoint=CP3-F subobject=index_state_score result=MISMATCH elements=2048 mismatch_count=507 first_index=1024 actual_bits=0xbf9e5cae expected_bits=0xbf9e5cf4 max_abs=1.71661376953125e-05 max_rel=4.4782369227402565e-05 max_ulp=388
FIRST_DIVERGENCE_OBJECT row=1 layer=4 checkpoint=CP3-F subobject=layer_n_index_comp result=EXACT elements=1
FIRST_DIVERGENCE_OBJECT row=1 layer=4 checkpoint=CP4 subobject=after_attn_hc result=MISMATCH elements=16384 mismatch_count=16203 first_index=0 actual_bits=0x3d072e32 expected_bits=0x3d072d8f max_abs=2.4149194359779358e-06 max_rel=0.25038016780332945 max_ulp=4023174
FIRST_DIVERGENCE_OBJECT row=1 layer=4 checkpoint=CP5 subobject=layer_output result=MISMATCH elements=16384 mismatch_count=16214 first_index=0 actual_bits=0x3d8e7477 expected_bits=0x3d8e7425 max_abs=2.0638108253479004e-06 max_rel=0.031765776319231095 max_ulp=337498
FIRST_DIVERGENCE_OBJECT row=1 layer=5 checkpoint=CP1 subobject=attn_norm result=MISMATCH elements=4096 mismatch_count=4069 first_index=0 actual_bits=0x3cab65f3 expected_bits=0x3cab65d7 max_abs=6.5937638282775879e-07 max_rel=0.014241355063644087 max_ulp=162229
FIRST_DIVERGENCE_OBJECT row=1 layer=5 checkpoint=CP2-Q subobject=qr result=MISMATCH elements=1024 mismatch_count=1018 first_index=0 actual_bits=0x3dfd3866 expected_bits=0x3dfd384c max_abs=1.1324882507324219e-06 max_rel=0.001784582853757934 max_ulp=15232
FIRST_DIVERGENCE_OBJECT row=1 layer=5 checkpoint=CP2-KV-P subobject=kv_raw result=MISMATCH elements=512 mismatch_count=508 first_index=0 actual_bits=0x3c5cf0e4 expected_bits=0x3c5cf1ac max_abs=1.1511147022247314e-06 max_rel=0.012562080046742623 max_ulp=176128
FIRST_DIVERGENCE_OBJECT row=1 layer=5 checkpoint=CP2-KV-R subobject=raw_cache result=MISMATCH elements=512 mismatch_count=1 first_index=280 actual_bits=0xb9400000 expected_bits=0xb9500000 max_abs=1.52587890625e-05 max_rel=0.076923076923076927 max_ulp=1048576
FIRST_DIVERGENCE_OBJECT row=1 layer=5 checkpoint=CP3-F subobject=attn_state_kv result=MISMATCH elements=65536 mismatch_count=1023 first_index=8192 actual_bits=0xbd9a4834 expected_bits=0xbd9a476d max_abs=3.9711594581604004e-06 max_rel=0.0033298027273930887 max_ulp=32192
FIRST_DIVERGENCE_OBJECT row=1 layer=5 checkpoint=CP3-F subobject=attn_state_score result=MISMATCH elements=65536 mismatch_count=1021 first_index=8192 actual_bits=0x3ec41dbe expected_bits=0x3ec41d7b max_abs=1.0117888450622559e-05 max_rel=0.005230715805009333 max_ulp=61696
FIRST_DIVERGENCE_OBJECT row=1 layer=5 checkpoint=CP3-F subobject=layer_n_comp result=EXACT elements=1
FIRST_DIVERGENCE_OBJECT row=1 layer=5 checkpoint=CP4 subobject=after_attn_hc result=MISMATCH elements=16384 mismatch_count=16235 first_index=0 actual_bits=0x3d895492 expected_bits=0x3d895443 max_abs=1.9595026969909668e-06 max_rel=0.074032807197224534 max_ulp=819061
FIRST_DIVERGENCE_OBJECT row=1 layer=5 checkpoint=CP5 subobject=layer_output result=MISMATCH elements=16384 mismatch_count=16275 first_index=0 actual_bits=0x3d84cf15 expected_bits=0x3d84cecd max_abs=2.8274953365325928e-06 max_rel=0.12341747065145457 max_ulp=1676721
FIRST_DIVERGENCE_OBJECT row=1 layer=6 checkpoint=CP1 subobject=attn_norm result=MISMATCH elements=4096 mismatch_count=4088 first_index=0 actual_bits=0x3c92bd9d expected_bits=0x3c92bd18 max_abs=1.4007091522216797e-05 max_rel=0.1191447057757077 max_ulp=1394536
FIRST_DIVERGENCE_OBJECT row=1 layer=6 checkpoint=CP2-Q subobject=qr result=MISMATCH elements=1024 mismatch_count=1022 first_index=0 actual_bits=0x3df40b46 expected_bits=0x3df40b57 max_abs=3.0994415283203125e-06 max_rel=0.0084731401457380107 max_ulp=102400
FIRST_DIVERGENCE_OBJECT row=1 layer=6 checkpoint=CP2-KV-P subobject=kv_raw result=MISMATCH elements=512 mismatch_count=510 first_index=0 actual_bits=0x3c574dfc expected_bits=0x3c575273 max_abs=3.4887343645095825e-06 max_rel=0.0031710447363157545 max_ulp=48704
FIRST_DIVERGENCE_OBJECT row=1 layer=6 checkpoint=CP2-KV-R subobject=raw_cache result=MISMATCH elements=512 mismatch_count=2 first_index=460 actual_bits=0xbb176000 expected_bits=0xbb174000 max_abs=1.9073486328125e-06 max_rel=0.00082576383154417832 max_ulp=8192
FIRST_DIVERGENCE_OBJECT row=1 layer=6 checkpoint=CP3-F subobject=attn_state_kv result=MISMATCH elements=8192 mismatch_count=2047 first_index=4096 actual_bits=0xbdbbb626 expected_bits=0xbdbbb762 max_abs=8.0242753028869629e-06 max_rel=0.0060916404660625112 max_ulp=67456
FIRST_DIVERGENCE_OBJECT row=1 layer=6 checkpoint=CP3-F subobject=attn_state_score result=MISMATCH elements=8192 mismatch_count=2045 first_index=4096 actual_bits=0xbfb32ffd expected_bits=0xbfb32f17 max_abs=3.7431716918945312e-05 max_rel=0.00095692173387502933 max_ulp=14592
FIRST_DIVERGENCE_OBJECT row=1 layer=6 checkpoint=CP3-F subobject=layer_n_comp result=EXACT elements=1
FIRST_DIVERGENCE_OBJECT row=1 layer=6 checkpoint=CP3-F subobject=index_state_kv result=MISMATCH elements=2048 mismatch_count=511 first_index=1024 actual_bits=0xbd86996c expected_bits=0xbd869aca max_abs=1.2874603271484375e-05 max_rel=0.006800561251139401 max_ulp=84992
FIRST_DIVERGENCE_OBJECT row=1 layer=6 checkpoint=CP3-F subobject=index_state_score result=MISMATCH elements=2048 mismatch_count=509 first_index=1024 actual_bits=0xbff5973c expected_bits=0xbff59642 max_abs=4.57763671875e-05 max_rel=0.00020000756405035548 max_ulp=2274
FIRST_DIVERGENCE_OBJECT row=1 layer=6 checkpoint=CP3-F subobject=layer_n_index_comp result=EXACT elements=1
FIRST_DIVERGENCE_OBJECT row=1 layer=6 checkpoint=CP4 subobject=after_attn_hc result=MISMATCH elements=16384 mismatch_count=16295 first_index=0 actual_bits=0x3d9ca9e9 expected_bits=0x3d9ca99a max_abs=4.4917687773704529e-06 max_rel=0.55519038743743998 max_ulp=9553907
FIRST_DIVERGENCE_OBJECT row=1 layer=6 checkpoint=CP5 subobject=layer_output result=MISMATCH elements=16384 mismatch_count=16318 first_index=0 actual_bits=0x3d99289e expected_bits=0x3d992852 max_abs=9.3877315521240234e-06 max_rel=0.12948678598964516 max_ulp=1334828
FIRST_DIVERGENCE_OBJECT row=1 layer=7 checkpoint=CP1 subobject=attn_norm result=MISMATCH elements=4096 mismatch_count=4086 first_index=0 actual_bits=0x3b608ef3 expected_bits=0x3b608e43 max_abs=1.9110739231109619e-06 max_rel=0.017715446674827804 max_ulp=240225
FIRST_DIVERGENCE_OBJECT row=1 layer=7 checkpoint=CP2-Q subobject=qr result=MISMATCH elements=1024 mismatch_count=1019 first_index=0 actual_bits=0x3d89a4e3 expected_bits=0x3d89a441 max_abs=3.6247074604034424e-06 max_rel=0.0035992603354906881 max_ulp=55808
FIRST_DIVERGENCE_OBJECT row=1 layer=7 checkpoint=CP2-KV-P subobject=kv_raw result=MISMATCH elements=512 mismatch_count=511 first_index=0 actual_bits=0x3d2b6b78 expected_bits=0x3d2b6a6e max_abs=3.9488077163696289e-06 max_rel=0.016173877661738778 max_ulp=244224
FIRST_DIVERGENCE_OBJECT row=1 layer=7 checkpoint=CP2-KV-R subobject=raw_cache result=MISMATCH elements=512 mismatch_count=5 first_index=482 actual_bits=0xbe28e000 expected_bits=0xbe28c000 max_abs=0.00048828125 max_rel=0.00074019245003700959 max_ulp=8192
FIRST_DIVERGENCE_OBJECT row=1 layer=7 checkpoint=CP3-F subobject=attn_state_kv result=MISMATCH elements=65536 mismatch_count=1021 first_index=8192 actual_bits=0xbd81f643 expected_bits=0xbd81f718 max_abs=5.2414834499359131e-06 max_rel=0.018432851754323534 max_ulp=265216
FIRST_DIVERGENCE_OBJECT row=1 layer=7 checkpoint=CP3-F subobject=attn_state_score result=MISMATCH elements=65536 mismatch_count=1021 first_index=8192 actual_bits=0xbd928106 expected_bits=0xbd928248 max_abs=3.3259391784667969e-05 max_rel=0.04222575168410099 max_ulp=394752
FIRST_DIVERGENCE_OBJECT row=1 layer=7 checkpoint=CP3-F subobject=layer_n_comp result=EXACT elements=1
FIRST_DIVERGENCE_OBJECT row=1 layer=7 checkpoint=CP4 subobject=after_attn_hc result=MISMATCH elements=16384 mismatch_count=16318 first_index=0 actual_bits=0x3d906ab8 expected_bits=0x3d906a68 max_abs=1.6629695892333984e-05 max_rel=0.14283513513936524 max_ulp=1998990
FIRST_DIVERGENCE_OBJECT row=1 layer=7 checkpoint=CP5 subobject=layer_output result=MISMATCH elements=16384 mismatch_count=16324 first_index=0 actual_bits=0x3d8c9511 expected_bits=0x3d8c94c3 max_abs=4.5359134674072266e-05 max_rel=0.079916305726650941 max_ulp=1251363
FIRST_DIVERGENCE_OBJECT row=1 layer=8 checkpoint=CP1 subobject=attn_norm result=MISMATCH elements=4096 mismatch_count=4093 first_index=0 actual_bits=0x3d15a341 expected_bits=0x3d15a2f8 max_abs=0.00015997886657714844 max_rel=0.39084660262615389 max_ulp=6442566
FIRST_DIVERGENCE_OBJECT row=1 layer=8 checkpoint=CP2-Q subobject=qr result=MISMATCH elements=1024 mismatch_count=1021 first_index=0 actual_bits=0xbec3f281 expected_bits=0xbec3f28e max_abs=1.0132789611816406e-05 max_rel=0.010064200389412198 max_ulp=97920
FIRST_DIVERGENCE_OBJECT row=1 layer=8 checkpoint=CP2-KV-P subobject=kv_raw result=MISMATCH elements=512 mismatch_count=511 first_index=0 actual_bits=0x3e541c4a expected_bits=0x3e541d3a max_abs=1.0907649993896484e-05 max_rel=0.02102612527541706 max_ulp=342016
FIRST_DIVERGENCE_OBJECT row=1 layer=8 checkpoint=CP2-KV-R subobject=raw_cache result=MISMATCH elements=512 mismatch_count=4 first_index=475 actual_bits=0x3ee7e000 expected_bits=0x3ee80000 max_abs=0.000244140625 max_rel=0.00066137566137566134 max_ulp=8192
FIRST_DIVERGENCE_OBJECT row=1 layer=8 checkpoint=CP3-F subobject=attn_state_kv result=MISMATCH elements=8192 mismatch_count=2047 first_index=4096 actual_bits=0xbd9ed2a6 expected_bits=0xbd9ed4e8 max_abs=3.1948089599609375e-05 max_rel=0.09756483238456673 max_ulp=1263616
FIRST_DIVERGENCE_OBJECT row=1 layer=8 checkpoint=CP3-F subobject=attn_state_score result=MISMATCH elements=8192 mismatch_count=2045 first_index=4096 actual_bits=0xbf05657d expected_bits=0xbf055fee max_abs=0.00018191337585449219 max_rel=0.0030226256737325027 max_ulp=39552
FIRST_DIVERGENCE_OBJECT row=1 layer=8 checkpoint=CP3-F subobject=layer_n_comp result=EXACT elements=1
FIRST_DIVERGENCE_OBJECT row=1 layer=8 checkpoint=CP3-F subobject=index_state_kv result=MISMATCH elements=2048 mismatch_count=510 first_index=1024 actual_bits=0xba82ec00 expected_bits=0xba834d60 max_abs=3.814697265625e-05 max_rel=0.005185746478456074 max_ulp=67232
FIRST_DIVERGENCE_OBJECT row=1 layer=8 checkpoint=CP3-F subobject=index_state_score result=MISMATCH elements=2048 mismatch_count=512 first_index=1024 actual_bits=0xbf30630e expected_bits=0xbf305e80 max_abs=0.00017786026000976562 max_rel=0.01305458982801096 max_ulp=217728
FIRST_DIVERGENCE_OBJECT row=1 layer=8 checkpoint=CP3-F subobject=layer_n_index_comp result=EXACT elements=1
FIRST_DIVERGENCE_OBJECT row=1 layer=8 checkpoint=CP4 subobject=after_attn_hc result=MISMATCH elements=16384 mismatch_count=16338 first_index=0 actual_bits=0x3d8795d3 expected_bits=0x3d879585 max_abs=4.0203332901000977e-05 max_rel=0.13680158617201144 max_ulp=1832011
FIRST_DIVERGENCE_OBJECT row=1 layer=8 checkpoint=CP5 subobject=layer_output result=MISMATCH elements=16384 mismatch_count=16334 first_index=0 actual_bits=0x3d847032 expected_bits=0x3d846fe3 max_abs=3.2305717468261719e-05 max_rel=0.17958789579899584 max_ulp=1980894
FIRST_DIVERGENCE_OBJECT row=1 layer=9 checkpoint=CP1 subobject=attn_norm result=MISMATCH elements=4096 mismatch_count=4092 first_index=0 actual_bits=0x3c4b4537 expected_bits=0x3c4b42bd max_abs=2.7269124984741211e-06 max_rel=0.050167320448860027 max_ulp=506649
FIRST_DIVERGENCE_OBJECT row=1 layer=9 checkpoint=CP2-Q subobject=qr result=MISMATCH elements=1024 mismatch_count=1023 first_index=0 actual_bits=0x3cdcb63e expected_bits=0x3cdcb662 max_abs=4.5597553253173828e-06 max_rel=0.0099353694081865413 max_ulp=150528
FIRST_DIVERGENCE_OBJECT row=1 layer=9 checkpoint=CP2-KV-P subobject=kv_raw result=MISMATCH elements=512 mismatch_count=511 first_index=0 actual_bits=0x3d3450fe expected_bits=0x3d34508c max_abs=4.1723251342773438e-06 max_rel=0.0040788429314754385 max_ulp=47360
FIRST_DIVERGENCE_OBJECT row=1 layer=9 checkpoint=CP2-KV-R subobject=raw_cache result=MISMATCH elements=512 mismatch_count=4 first_index=469 actual_bits=0xbddf4000 expected_bits=0xbddf2000 max_abs=0.000244140625 max_rel=0.00086730268863833475 max_ulp=8192
FIRST_DIVERGENCE_OBJECT row=1 layer=9 checkpoint=CP3-F subobject=attn_state_kv result=MISMATCH elements=65536 mismatch_count=1023 first_index=8192 actual_bits=0xbe10950c expected_bits=0xbe109536 max_abs=1.1209398508071899e-05 max_rel=0.41000660501981506 max_ulp=6156288
FIRST_DIVERGENCE_OBJECT row=1 layer=9 checkpoint=CP3-F subobject=attn_state_score result=MISMATCH elements=65536 mismatch_count=1022 first_index=8192 actual_bits=0x3d43fdf8 expected_bits=0x3d43fa20 max_abs=3.1113624572753906e-05 max_rel=0.014060849665532215 max_ulp=122688
FIRST_DIVERGENCE_OBJECT row=1 layer=9 checkpoint=CP3-F subobject=layer_n_comp result=EXACT elements=1
FIRST_DIVERGENCE_OBJECT row=1 layer=9 checkpoint=CP4 subobject=after_attn_hc result=MISMATCH elements=16384 mismatch_count=16359 first_index=0 actual_bits=0x3db56201 expected_bits=0x3db56105 max_abs=2.6911497116088867e-05 max_rel=0.1129011194169026 max_ulp=1135096
FIRST_DIVERGENCE_OBJECT row=1 layer=9 checkpoint=CP5 subobject=layer_output result=MISMATCH elements=16384 mismatch_count=16353 first_index=0 actual_bits=0x3db5dbe7 expected_bits=0x3db5daf0 max_abs=2.3111701011657715e-05 max_rel=0.41034184640186722 max_ulp=6364686
FIRST_DIVERGENCE_OBJECT row=1 layer=10 checkpoint=CP1 subobject=attn_norm result=MISMATCH elements=4096 mismatch_count=4094 first_index=0 actual_bits=0x3d3f1b61 expected_bits=0x3d3f19a8 max_abs=1.5020370483398438e-05 max_rel=0.13750706205757732 max_ulp=1456936
FIRST_DIVERGENCE_OBJECT row=1 layer=10 checkpoint=CP2-Q subobject=qr result=MISMATCH elements=1024 mismatch_count=1023 first_index=0 actual_bits=0xbd29c714 expected_bits=0xbd29c741 max_abs=1.1160969734191895e-05 max_rel=0.00517291458236322 max_ulp=71808
FIRST_DIVERGENCE_OBJECT row=1 layer=10 checkpoint=CP2-KV-P subobject=kv_raw result=MISMATCH elements=512 mismatch_count=512 first_index=0 actual_bits=0xbdb6e011 expected_bits=0xbdb6e2ee max_abs=1.2993812561035156e-05 max_rel=0.002874385276608498 max_ulp=27008
FIRST_DIVERGENCE_OBJECT row=1 layer=10 checkpoint=CP2-KV-R subobject=raw_cache result=MISMATCH elements=512 mismatch_count=8 first_index=458 actual_bits=0xbd15e000 expected_bits=0xbd15c000 max_abs=0.00048828125 max_rel=0.024060150375939851 max_ulp=262144
FIRST_DIVERGENCE_OBJECT row=1 layer=10 checkpoint=CP3-F subobject=attn_state_kv result=MISMATCH elements=8192 mismatch_count=2044 first_index=4096 actual_bits=0x3de9d7b6 expected_bits=0x3de9df76 max_abs=1.9554048776626587e-05 max_rel=0.033305448081146084 max_ulp=326144
FIRST_DIVERGENCE_OBJECT row=1 layer=10 checkpoint=CP3-F subobject=attn_state_score result=MISMATCH elements=8192 mismatch_count=2039 first_index=4096 actual_bits=0x3ee6f4b6 expected_bits=0x3ee6f61a max_abs=4.6819448471069336e-05 max_rel=0.1353829557713053 max_ulp=1413632
FIRST_DIVERGENCE_OBJECT row=1 layer=10 checkpoint=CP3-F subobject=layer_n_comp result=EXACT elements=1
FIRST_DIVERGENCE_OBJECT row=1 layer=10 checkpoint=CP3-F subobject=index_state_kv result=MISMATCH elements=2048 mismatch_count=512 first_index=1024 actual_bits=0x3d0a6e98 expected_bits=0x3d0a6a96 max_abs=2.5808811187744141e-05 max_rel=0.0050170485387663298 max_ulp=51752
FIRST_DIVERGENCE_OBJECT row=1 layer=10 checkpoint=CP3-F subobject=index_state_score result=MISMATCH elements=2048 mismatch_count=511 first_index=1024 actual_bits=0x3ebe9d7c expected_bits=0x3ebe9ec0 max_abs=6.9186091423034668e-05 max_rel=0.022726168299991901 max_ulp=359168
FIRST_DIVERGENCE_OBJECT row=1 layer=10 checkpoint=CP3-F subobject=layer_n_index_comp result=EXACT elements=1
FIRST_DIVERGENCE_OBJECT row=1 layer=10 checkpoint=CP4 subobject=after_attn_hc result=MISMATCH elements=16384 mismatch_count=16351 first_index=0 actual_bits=0x3d7172fc expected_bits=0x3d7175e0 max_abs=7.0899724960327148e-05 max_rel=1.5647759669212666 max_ulp=1845575038
FIRST_DIVERGENCE_OBJECT row=1 layer=10 checkpoint=CP5 subobject=layer_output result=MISMATCH elements=16384 mismatch_count=16356 first_index=0 actual_bits=0x3d9c974c expected_bits=0x3d9c9946 max_abs=8.6776912212371826e-05 max_rel=1.0636974934295986 max_ulp=1833328209
FIRST_DIVERGENCE_OBJECT row=1 layer=11 checkpoint=CP1 subobject=attn_norm result=MISMATCH elements=4096 mismatch_count=4094 first_index=0 actual_bits=0x3cb1428a expected_bits=0x3cb14562 max_abs=1.4800578355789185e-05 max_rel=0.24665732081890243 max_ulp=3484120
FIRST_DIVERGENCE_OBJECT row=1 layer=11 checkpoint=CP2-Q subobject=qr result=MISMATCH elements=1024 mismatch_count=1024 first_index=0 actual_bits=0x3e075d12 expected_bits=0x3e075d51 max_abs=2.2210180759429932e-05 max_rel=0.025572388861465199 max_ulp=339256
FIRST_DIVERGENCE_OBJECT row=1 layer=11 checkpoint=CP2-KV-P subobject=kv_raw result=MISMATCH elements=512 mismatch_count=512 first_index=0 actual_bits=0xbd2c1ed5 expected_bits=0xbd2c1526 max_abs=1.576542854309082e-05 max_rel=0.01455138082661683 max_ulp=136288
FIRST_DIVERGENCE_OBJECT row=1 layer=11 checkpoint=CP2-KV-R subobject=raw_cache result=MISMATCH elements=512 mismatch_count=5 first_index=105 actual_bits=0x3b600000 expected_bits=0x3b700000 max_abs=0.000244140625 max_rel=0.066666666666666666 max_ulp=1048576
FIRST_DIVERGENCE_OBJECT row=1 layer=11 checkpoint=CP3-F subobject=attn_state_kv result=MISMATCH elements=65536 mismatch_count=1023 first_index=8192 actual_bits=0xbbbb2574 expected_bits=0xbbbb2908 max_abs=4.501640796661377e-05 max_rel=0.22623110677718186 max_ulp=2638848
FIRST_DIVERGENCE_OBJECT row=1 layer=11 checkpoint=CP3-F subobject=attn_state_score result=MISMATCH elements=65536 mismatch_count=1023 first_index=8192 actual_bits=0xbd0a3da0 expected_bits=0xbd0a4529 max_abs=4.3272972106933594e-05 max_rel=0.01896270776106895 max_ulp=260672
FIRST_DIVERGENCE_OBJECT row=1 layer=11 checkpoint=CP3-F subobject=layer_n_comp result=EXACT elements=1
FIRST_DIVERGENCE_OBJECT row=1 layer=11 checkpoint=CP4 subobject=after_attn_hc result=MISMATCH elements=16384 mismatch_count=16360 first_index=0 actual_bits=0x3d90e7f0 expected_bits=0x3d90ea8a max_abs=7.214769721031189e-05 max_rel=0.3810532711739209 max_ulp=6146765
FIRST_DIVERGENCE_OBJECT row=1 layer=11 checkpoint=CP5 subobject=layer_output result=MISMATCH elements=16384 mismatch_count=16364 first_index=0 actual_bits=0x3d905ffa expected_bits=0x3d9062bc max_abs=0.0001068115234375 max_rel=0.76655310386428877 max_ulp=17540084
FIRST_DIVERGENCE_OBJECT row=1 layer=12 checkpoint=CP1 subobject=attn_norm result=MISMATCH elements=4096 mismatch_count=4096 first_index=0 actual_bits=0x3c9de95a expected_bits=0x3c9df6c2 max_abs=0.00027561187744140625 max_rel=1.8792425659364023 max_ulp=1844528048
FIRST_DIVERGENCE_OBJECT row=1 layer=12 checkpoint=CP2-Q subobject=qr result=MISMATCH elements=1024 mismatch_count=1022 first_index=0 actual_bits=0xbd1f29b8 expected_bits=0xbd1f266a max_abs=2.6270747184753418e-05 max_rel=0.016658795242797647 max_ulp=248320
FIRST_DIVERGENCE_OBJECT row=1 layer=12 checkpoint=CP2-KV-P subobject=kv_raw result=MISMATCH elements=512 mismatch_count=511 first_index=0 actual_bits=0xbe198c1a expected_bits=0xbe198938 max_abs=3.0040740966796875e-05 max_rel=0.01413319561986868 max_ulp=171648
FIRST_DIVERGENCE_OBJECT row=1 layer=12 checkpoint=CP2-KV-R subobject=raw_cache result=MISMATCH elements=512 mismatch_count=6 first_index=88 actual_bits=0xbcf00000 expected_bits=0xbce00000 max_abs=0.001953125 max_rel=0.066666666666666666 max_ulp=1048576
FIRST_DIVERGENCE_OBJECT row=1 layer=12 checkpoint=CP3-F subobject=attn_state_kv result=MISMATCH elements=8192 mismatch_count=2048 first_index=4096 actual_bits=0x3cd374ec expected_bits=0x3cd352f2 max_abs=5.6445598602294922e-05 max_rel=0.050855134713002736 max_ulp=833536
FIRST_DIVERGENCE_OBJECT row=1 layer=12 checkpoint=CP3-F subobject=attn_state_score result=MISMATCH elements=8192 mismatch_count=2048 first_index=4096 actual_bits=0xbcabb810 expected_bits=0xbcabf600 max_abs=0.00016999244689941406 max_rel=0.39504617968094041 max_ulp=6340608
FIRST_DIVERGENCE_OBJECT row=1 layer=12 checkpoint=CP3-F subobject=layer_n_comp result=EXACT elements=1
FIRST_DIVERGENCE_OBJECT row=1 layer=12 checkpoint=CP3-F subobject=index_state_kv result=MISMATCH elements=2048 mismatch_count=511 first_index=1024 actual_bits=0xbe1c6b34 expected_bits=0xbe1c5f64 max_abs=9.7513198852539062e-05 max_rel=0.029393916666098471 max_ulp=275904
FIRST_DIVERGENCE_OBJECT row=1 layer=12 checkpoint=CP3-F subobject=index_state_score result=MISMATCH elements=2048 mismatch_count=512 first_index=1024 actual_bits=0x3d4117a8 expected_bits=0x3d40e2e0 max_abs=0.00017791986465454102 max_rel=0.021299032366720764 max_ulp=356128
FIRST_DIVERGENCE_OBJECT row=1 layer=12 checkpoint=CP3-F subobject=layer_n_index_comp result=EXACT elements=1
FIRST_DIVERGENCE_OBJECT row=1 layer=12 checkpoint=CP4 subobject=after_attn_hc result=MISMATCH elements=16384 mismatch_count=16374 first_index=0 actual_bits=0x3d843b5a expected_bits=0x3d843e53 max_abs=0.00010812282562255859 max_rel=0.5279651569612217 max_ulp=9246187
FIRST_DIVERGENCE_OBJECT row=1 layer=12 checkpoint=CP5 subobject=layer_output result=MISMATCH elements=16384 mismatch_count=16374 first_index=0 actual_bits=0x3d84d2e2 expected_bits=0x3d84d5de max_abs=0.00010657310485839844 max_rel=1.0381962337343382 max_ulp=1771077528
FIRST_DIVERGENCE_OBJECT row=1 layer=13 checkpoint=CP1 subobject=attn_norm result=MISMATCH elements=4096 mismatch_count=4093 first_index=0 actual_bits=0x3caca996 expected_bits=0x3cacb498 max_abs=1.0464340448379517e-05 max_rel=0.77103235900355571 max_ulp=17658057
FIRST_DIVERGENCE_OBJECT row=1 layer=13 checkpoint=CP2-Q subobject=qr result=MISMATCH elements=1024 mismatch_count=1024 first_index=0 actual_bits=0x3ddfde24 expected_bits=0x3ddfdcf7 max_abs=1.6540288925170898e-05 max_rel=0.035762998790810158 max_ulp=473216
FIRST_DIVERGENCE_OBJECT row=1 layer=13 checkpoint=CP2-KV-P subobject=kv_raw result=MISMATCH elements=512 mismatch_count=512 first_index=0 actual_bits=0x3dae3620 expected_bits=0x3dae379a max_abs=1.4781951904296875e-05 max_rel=0.021043929096896237 max_ulp=240288
FIRST_DIVERGENCE_OBJECT row=1 layer=13 checkpoint=CP2-KV-R subobject=raw_cache result=MISMATCH elements=512 mismatch_count=13 first_index=340 actual_bits=0xbc000000 expected_bits=0xbbf00000 max_abs=0.0009765625 max_rel=0.0625 max_ulp=1048576
FIRST_DIVERGENCE_OBJECT row=1 layer=13 checkpoint=CP3-F subobject=attn_state_kv result=MISMATCH elements=65536 mismatch_count=1024 first_index=8192 actual_bits=0x3d406a04 expected_bits=0x3d406b01 max_abs=2.6911497116088867e-05 max_rel=0.036839024390243905 max_ulp=483328
FIRST_DIVERGENCE_OBJECT row=1 layer=13 checkpoint=CP3-F subobject=attn_state_score result=MISMATCH elements=65536 mismatch_count=1024 first_index=8192 actual_bits=0xbc612a62 expected_bits=0xbc610f5a max_abs=3.9428472518920898e-05 max_rel=0.051003555453607068 max_ulp=569216
FIRST_DIVERGENCE_OBJECT row=1 layer=13 checkpoint=CP3-F subobject=layer_n_comp result=EXACT elements=1
FIRST_DIVERGENCE_OBJECT row=1 layer=13 checkpoint=CP4 subobject=after_attn_hc result=MISMATCH elements=16384 mismatch_count=16374 first_index=0 actual_bits=0x3d84e7dc expected_bits=0x3d84eadb max_abs=0.0011473894119262695 max_rel=1.4386566643711813 max_ulp=1900592107
FIRST_DIVERGENCE_OBJECT row=1 layer=13 checkpoint=CP5 subobject=layer_output result=MISMATCH elements=16384 mismatch_count=16374 first_index=0 actual_bits=0x3d859df0 expected_bits=0x3d85a0d4 max_abs=0.0010159015655517578 max_rel=1.5690858750239318 max_ulp=1873482209
FIRST_DIVERGENCE_OBJECT row=1 layer=14 checkpoint=CP1 subobject=attn_norm result=MISMATCH elements=4096 mismatch_count=4096 first_index=0 actual_bits=0x3d8c8a3b expected_bits=0x3d8c826a max_abs=0.0010149478912353516 max_rel=0.85713082603245672 max_ulp=23552256
FIRST_DIVERGENCE_OBJECT row=1 layer=14 checkpoint=CP2-Q subobject=qr result=MISMATCH elements=1024 mismatch_count=1024 first_index=0 actual_bits=0xbd7284a1 expected_bits=0xbd7286ce max_abs=0.000147990882396698 max_rel=0.10372767098752793 max_ulp=1475200
FIRST_DIVERGENCE_OBJECT row=1 layer=14 checkpoint=CP2-KV-P subobject=kv_raw result=MISMATCH elements=512 mismatch_count=512 first_index=0 actual_bits=0xbd1864ec expected_bits=0xbd186098 max_abs=0.00019684433937072754 max_rel=0.017547980638021984 max_ulp=206784
FIRST_DIVERGENCE_OBJECT row=1 layer=14 checkpoint=CP2-KV-R subobject=raw_cache result=MISMATCH elements=512 mismatch_count=36 first_index=214 actual_bits=0xbec00000 expected_bits=0xbeb00000 max_abs=0.0625 max_rel=0.1111111111111111 max_ulp=1048576
FIRST_DIVERGENCE_OBJECT row=1 layer=14 checkpoint=CP3-F subobject=attn_state_kv result=MISMATCH elements=8192 mismatch_count=2048 first_index=4096 actual_bits=0x3e312858 expected_bits=0x3e311923 max_abs=0.00046370178461074829 max_rel=0.45347449666133494 max_ulp=7450368
FIRST_DIVERGENCE_OBJECT row=1 layer=14 checkpoint=CP3-F subobject=attn_state_score result=MISMATCH elements=8192 mismatch_count=2048 first_index=4096 actual_bits=0xbed661b4 expected_bits=0xbed62efa max_abs=0.0027345716953277588 max_rel=0.26841399458383858 max_ulp=4116880
FIRST_DIVERGENCE_OBJECT row=1 layer=14 checkpoint=CP3-F subobject=layer_n_comp result=EXACT elements=1
FIRST_DIVERGENCE_OBJECT row=1 layer=14 checkpoint=CP3-F subobject=index_state_kv result=MISMATCH elements=2048 mismatch_count=511 first_index=1024 actual_bits=0x3f0b03b6 expected_bits=0x3f0b1100 max_abs=0.00054791569709777832 max_rel=0.27302392128316472 max_ulp=3758848
FIRST_DIVERGENCE_OBJECT row=1 layer=14 checkpoint=CP3-F subobject=index_state_score result=MISMATCH elements=2048 mismatch_count=512 first_index=1024 actual_bits=0xbf4cd787 expected_bits=0xbf4cc603 max_abs=0.0036711692810058594 max_rel=0.069017376096152022 max_ulp=1081584
FIRST_DIVERGENCE_OBJECT row=1 layer=14 checkpoint=CP3-F subobject=layer_n_index_comp result=EXACT elements=1
FIRST_DIVERGENCE_OBJECT row=1 layer=14 checkpoint=CP4 subobject=after_attn_hc result=MISMATCH elements=16384 mismatch_count=16372 first_index=0 actual_bits=0x3d869ea1 expected_bits=0x3d86a226 max_abs=0.0014993846416473389 max_rel=1.179647988128516 max_ulp=1921026343
FIRST_DIVERGENCE_OBJECT row=1 layer=14 checkpoint=CP5 subobject=layer_output result=MISMATCH elements=16384 mismatch_count=16370 first_index=0 actual_bits=0x3d84138f expected_bits=0x3d84170c max_abs=0.0015243887901306152 max_rel=1.055936063461703 max_ulp=1915659726
FIRST_DIVERGENCE_OBJECT row=1 layer=15 checkpoint=CP1 subobject=attn_norm result=MISMATCH elements=4096 mismatch_count=4096 first_index=0 actual_bits=0x3d3d9b26 expected_bits=0x3d3d84ee max_abs=0.00012483447790145874 max_rel=1.2321457848623509 max_ulp=1852642640
FIRST_DIVERGENCE_OBJECT row=1 layer=15 checkpoint=CP2-Q subobject=qr result=MISMATCH elements=1024 mismatch_count=1024 first_index=0 actual_bits=0xbe3b9950 expected_bits=0xbe3b8bb4 max_abs=0.0002417340874671936 max_rel=0.32037963510382667 max_ulp=4917808
FIRST_DIVERGENCE_OBJECT row=1 layer=15 checkpoint=CP2-KV-P subobject=kv_raw result=MISMATCH elements=512 mismatch_count=512 first_index=0 actual_bits=0xbdc417fa expected_bits=0xbdc45e7a max_abs=0.00021545402705669403 max_rel=0.4701774564574433 max_ulp=7831040
FIRST_DIVERGENCE_OBJECT row=1 layer=15 checkpoint=CP2-KV-R subobject=raw_cache result=MISMATCH elements=512 mismatch_count=51 first_index=46 actual_bits=0x3a000000 expected_bits=0x39900000 max_abs=0.03125 max_rel=0.4375 max_ulp=7340032
FIRST_DIVERGENCE_OBJECT row=1 layer=15 checkpoint=CP3-F subobject=attn_state_kv result=MISMATCH elements=65536 mismatch_count=1024 first_index=8192 actual_bits=0xbd7ebd26 expected_bits=0xbd7edbdc max_abs=0.00035583972930908203 max_rel=1.6094958274673032 max_ulp=1881723649
FIRST_DIVERGENCE_OBJECT row=1 layer=15 checkpoint=CP3-F subobject=attn_state_score result=MISMATCH elements=65536 mismatch_count=1024 first_index=8192 actual_bits=0x3e78a250 expected_bits=0x3e787b90 max_abs=0.0012499690055847168 max_rel=0.57316070694615706 max_ulp=10393600
FIRST_DIVERGENCE_OBJECT row=1 layer=15 checkpoint=CP3-F subobject=layer_n_comp result=EXACT elements=1
FIRST_DIVERGENCE_OBJECT row=1 layer=15 checkpoint=CP4 subobject=after_attn_hc result=MISMATCH elements=16384 mismatch_count=16378 first_index=0 actual_bits=0x3d841d16 expected_bits=0x3d84209c max_abs=0.0023542642593383789 max_rel=1.8467798115058451 max_ulp=1926792115
FIRST_DIVERGENCE_OBJECT row=1 layer=15 checkpoint=CP5 subobject=layer_output result=MISMATCH elements=16384 mismatch_count=16376 first_index=0 actual_bits=0x3d8818a1 expected_bits=0x3d881b91 max_abs=0.0022834539413452148 max_rel=1.6411466283886125 max_ulp=1947954031
FIRST_DIVERGENCE_OBJECT row=1 layer=16 checkpoint=CP1 subobject=attn_norm result=MISMATCH elements=4096 mismatch_count=4096 first_index=0 actual_bits=0x3dc039ed expected_bits=0x3dc04a34 max_abs=0.0021180510520935059 max_rel=1.4264911247951624 max_ulp=1893395831
FIRST_DIVERGENCE_OBJECT row=1 layer=16 checkpoint=CP2-Q subobject=qr result=MISMATCH elements=1024 mismatch_count=1024 first_index=0 actual_bits=0xbea3c0f2 expected_bits=0xbea3bc27 max_abs=0.00052568316459655762 max_rel=0.28602209691468389 max_ulp=4249216
FIRST_DIVERGENCE_OBJECT row=1 layer=16 checkpoint=CP2-KV-P subobject=kv_raw result=MISMATCH elements=512 mismatch_count=511 first_index=0 actual_bits=0xbe846e67 expected_bits=0xbe847a4e max_abs=0.00044661760330200195 max_rel=0.33051388672069026 max_ulp=5331328
FIRST_DIVERGENCE_OBJECT row=1 layer=16 checkpoint=CP2-KV-R subobject=raw_cache result=MISMATCH elements=512 mismatch_count=42 first_index=119 actual_bits=0xbea00000 expected_bits=0xbeb00000 max_abs=0.03125 max_rel=0.34999999999999998 max_ulp=5242880
FIRST_DIVERGENCE_OBJECT row=1 layer=16 checkpoint=CP3-F subobject=attn_state_kv result=MISMATCH elements=8192 mismatch_count=2048 first_index=4096 actual_bits=0x3dba66cf expected_bits=0x3dba56ec max_abs=0.00061286985874176025 max_rel=1.1481501573179993 max_ulp=1874506753
FIRST_DIVERGENCE_OBJECT row=1 layer=16 checkpoint=CP3-F subobject=attn_state_score result=MISMATCH elements=8192 mismatch_count=2048 first_index=4096 actual_bits=0xbfcc5e40 expected_bits=0xbfcc7700 max_abs=0.0018693208694458008 max_rel=0.037346468781985671 max_ulp=373632
FIRST_DIVERGENCE_OBJECT row=1 layer=16 checkpoint=CP3-F subobject=layer_n_comp result=EXACT elements=1
FIRST_DIVERGENCE_OBJECT row=1 layer=16 checkpoint=CP3-F subobject=index_state_kv result=MISMATCH elements=2048 mismatch_count=512 first_index=1024 actual_bits=0x3e21f049 expected_bits=0x3e228174 max_abs=0.0010616593062877655 max_rel=0.7717486134479965 max_ulp=18206720
FIRST_DIVERGENCE_OBJECT row=1 layer=16 checkpoint=CP3-F subobject=index_state_score result=MISMATCH elements=2048 mismatch_count=512 first_index=1024 actual_bits=0xbfd32304 expected_bits=0xbfd34018 max_abs=0.0028057098388671875 max_rel=0.040291958538767145 max_ulp=376016
FIRST_DIVERGENCE_OBJECT row=1 layer=16 checkpoint=CP3-F subobject=layer_n_index_comp result=EXACT elements=1
FIRST_DIVERGENCE_OBJECT row=1 layer=16 checkpoint=CP4 subobject=after_attn_hc result=MISMATCH elements=16384 mismatch_count=16376 first_index=0 actual_bits=0x3d880fad expected_bits=0x3d881281 max_abs=0.0031775236129760742 max_rel=1.2379479042181611 max_ulp=1963117111
FIRST_DIVERGENCE_OBJECT row=1 layer=16 checkpoint=CP5 subobject=layer_output result=MISMATCH elements=16384 mismatch_count=16374 first_index=0 actual_bits=0x3d897691 expected_bits=0x3d89791c max_abs=0.0033544301986694336 max_rel=1.459870307661665 max_ulp=1941464237
FIRST_DIVERGENCE_OBJECT row=1 layer=17 checkpoint=CP1 subobject=attn_norm result=MISMATCH elements=4096 mismatch_count=4096 first_index=0 actual_bits=0x3d85953c expected_bits=0x3d858dd5 max_abs=0.00028655678033828735 max_rel=1.2005648129121032 max_ulp=1877482281
FIRST_DIVERGENCE_OBJECT row=1 layer=17 checkpoint=CP2-Q subobject=qr result=MISMATCH elements=1024 mismatch_count=1024 first_index=0 actual_bits=0x3e7a00f8 expected_bits=0x3e7a036b max_abs=0.00047221779823303223 max_rel=0.81844843897824027 max_ulp=20269056
FIRST_DIVERGENCE_OBJECT row=1 layer=17 checkpoint=CP2-KV-P subobject=kv_raw result=MISMATCH elements=512 mismatch_count=512 first_index=0 actual_bits=0x3bba0a78 expected_bits=0x3bb2a580 max_abs=0.00048489123582839966 max_rel=0.32291140811850871 max_ulp=4994432
FIRST_DIVERGENCE_OBJECT row=1 layer=17 checkpoint=CP2-KV-R subobject=raw_cache result=MISMATCH elements=512 mismatch_count=68 first_index=17 actual_bits=0x3b700000 expected_bits=0x3b800000 max_abs=0.0625 max_rel=0.33333333333333331 max_ulp=5242880
FIRST_DIVERGENCE_OBJECT row=1 layer=17 checkpoint=CP3-F subobject=attn_state_kv result=MISMATCH elements=65536 mismatch_count=1024 first_index=8192 actual_bits=0x3b8f8cb0 expected_bits=0x3b9e7080 max_abs=0.00087687373161315918 max_rel=0.76815553807729986 max_ulp=17450880
FIRST_DIVERGENCE_OBJECT row=1 layer=17 checkpoint=CP3-F subobject=attn_state_score result=MISMATCH elements=65536 mismatch_count=1024 first_index=8192 actual_bits=0x3e92df2e expected_bits=0x3e92ffcd max_abs=0.0014503151178359985 max_rel=0.21070639185223802 max_ulp=3389832
FIRST_DIVERGENCE_OBJECT row=1 layer=17 checkpoint=CP3-F subobject=layer_n_comp result=EXACT elements=1
FIRST_DIVERGENCE_OBJECT row=1 layer=17 checkpoint=CP4 subobject=after_attn_hc result=MISMATCH elements=16384 mismatch_count=16375 first_index=0 actual_bits=0x3d8931a0 expected_bits=0x3d893426 max_abs=0.0040279030799865723 max_rel=1.9120126534063382 max_ulp=1965527170
FIRST_DIVERGENCE_OBJECT row=1 layer=17 checkpoint=CP5 subobject=layer_output result=MISMATCH elements=16384 mismatch_count=16374 first_index=0 actual_bits=0x3d91a8c9 expected_bits=0x3d91a0e5 max_abs=0.0054715275764465332 max_rel=1.1543692656650979 max_ulp=1943901332
FIRST_DIVERGENCE_OBJECT row=1 layer=18 checkpoint=CP1 subobject=attn_norm result=MISMATCH elements=4096 mismatch_count=4096 first_index=0 actual_bits=0x3d1367fe expected_bits=0x3d132ef3 max_abs=0.0012683868408203125 max_rel=1.3586923072139123 max_ulp=1850640332
FIRST_DIVERGENCE_OBJECT row=1 layer=18 checkpoint=CP2-Q subobject=qr result=MISMATCH elements=1024 mismatch_count=1024 first_index=0 actual_bits=0xbd594a32 expected_bits=0xbd59e78d max_abs=0.00031612813472747803 max_rel=0.19666688437506805 max_ulp=2575872
FIRST_DIVERGENCE_OBJECT row=1 layer=18 checkpoint=CP2-KV-P subobject=kv_raw result=MISMATCH elements=512 mismatch_count=512 first_index=0 actual_bits=0x3cfd10cc expected_bits=0x3cfc4dd8 max_abs=0.00036849081516265869 max_rel=0.50391038343882866 max_ulp=8492672
FIRST_DIVERGENCE_OBJECT row=1 layer=18 checkpoint=CP2-KV-R subobject=raw_cache result=MISMATCH elements=512 mismatch_count=56 first_index=63 actual_bits=0x3d400000 expected_bits=0x3d500000 max_abs=0.03125 max_rel=0.5 max_ulp=8388608
FIRST_DIVERGENCE_OBJECT row=1 layer=18 checkpoint=CP3-F subobject=attn_state_kv result=MISMATCH elements=8192 mismatch_count=2048 first_index=4096 actual_bits=0xbc62e3ac expected_bits=0xbc63238c max_abs=0.00030899979174137115 max_rel=1.3062588599874725 max_ulp=1878925569
FIRST_DIVERGENCE_OBJECT row=1 layer=18 checkpoint=CP3-F subobject=attn_state_score result=MISMATCH elements=8192 mismatch_count=2048 first_index=4096 actual_bits=0x3f37e084 expected_bits=0x3f37d8ae max_abs=0.0016149282455444336 max_rel=0.19110449268796281 max_ulp=3065088
FIRST_DIVERGENCE_OBJECT row=1 layer=18 checkpoint=CP3-F subobject=layer_n_comp result=EXACT elements=1
FIRST_DIVERGENCE_OBJECT row=1 layer=18 checkpoint=CP3-F subobject=index_state_kv result=MISMATCH elements=2048 mismatch_count=512 first_index=1024 actual_bits=0x3d51f9de expected_bits=0x3d51dee0 max_abs=0.00049996376037597656 max_rel=0.3795905548903763 max_ulp=6032960
FIRST_DIVERGENCE_OBJECT row=1 layer=18 checkpoint=CP3-F subobject=index_state_score result=MISMATCH elements=2048 mismatch_count=512 first_index=1024 actual_bits=0x3f99757a expected_bits=0x3f997072 max_abs=0.001749873161315918 max_rel=0.026710607160811039 max_ulp=254240
FIRST_DIVERGENCE_OBJECT row=1 layer=18 checkpoint=CP3-F subobject=layer_n_index_comp result=EXACT elements=1
FIRST_DIVERGENCE_OBJECT row=1 layer=18 checkpoint=CP4 subobject=after_attn_hc result=MISMATCH elements=16384 mismatch_count=16379 first_index=0 actual_bits=0x3d986072 expected_bits=0x3d984320 max_abs=0.0058404207229614258 max_rel=1.7284718328884034 max_ulp=1968185084
FIRST_DIVERGENCE_OBJECT row=1 layer=18 checkpoint=CP5 subobject=layer_output result=MISMATCH elements=16384 mismatch_count=16380 first_index=0 actual_bits=0x3dc62d14 expected_bits=0x3dc5fcb6 max_abs=0.0063914060592651367 max_rel=1.6163277884129419 max_ulp=1964821617
FIRST_DIVERGENCE_OBJECT row=1 layer=19 checkpoint=CP1 subobject=attn_norm result=MISMATCH elements=4096 mismatch_count=4096 first_index=0 actual_bits=0x3cf55c7a expected_bits=0x3cf4df8e max_abs=0.00015644729137420654 max_rel=1.8719786167075323 max_ulp=1860767306
FIRST_DIVERGENCE_OBJECT row=1 layer=19 checkpoint=CP2-Q subobject=qr result=MISMATCH elements=1024 mismatch_count=1024 first_index=0 actual_bits=0x3c768e6c expected_bits=0x3c7558ca max_abs=0.00025118887424468994 max_rel=0.42765607101947306 max_ulp=6319104
FIRST_DIVERGENCE_OBJECT row=1 layer=19 checkpoint=CP2-KV-P subobject=kv_raw result=MISMATCH elements=512 mismatch_count=512 first_index=0 actual_bits=0xbd4b9e51 expected_bits=0xbd4b237f max_abs=0.0003069629892706871 max_rel=0.23121101858643386 max_ulp=3086656
FIRST_DIVERGENCE_OBJECT row=1 layer=19 checkpoint=CP2-KV-R subobject=raw_cache result=MISMATCH elements=512 mismatch_count=54 first_index=8 actual_bits=0x3a900000 expected_bits=0x3a600000 max_abs=0.015625 max_rel=0.22222222222222221 max_ulp=3145728
FIRST_DIVERGENCE_OBJECT row=1 layer=19 checkpoint=CP3-F subobject=attn_state_kv result=MISMATCH elements=65536 mismatch_count=1024 first_index=8192 actual_bits=0xbb7af8b8 expected_bits=0xbb802cc0 max_abs=0.00022181868553161621 max_rel=0.30755458515283846 max_ulp=4507520
FIRST_DIVERGENCE_OBJECT row=1 layer=19 checkpoint=CP3-F subobject=attn_state_score result=MISMATCH elements=65536 mismatch_count=1024 first_index=8192 actual_bits=0x3d3ee2cd expected_bits=0x3d3e9bde max_abs=0.00075566768646240234 max_rel=1.2512962962962964 max_ulp=1889063425
FIRST_DIVERGENCE_OBJECT row=1 layer=19 checkpoint=CP3-F subobject=layer_n_comp result=EXACT elements=1
FIRST_DIVERGENCE_OBJECT row=1 layer=19 checkpoint=CP4 subobject=after_attn_hc result=MISMATCH elements=16384 mismatch_count=16384 first_index=0 actual_bits=0x3dd512c0 expected_bits=0x3dd4c45e max_abs=0.0070969462394714355 max_rel=1.9067249429600908 max_ulp=1912577928
FIRST_DIVERGENCE_OBJECT row=1 layer=19 checkpoint=CP5 subobject=layer_output result=MISMATCH elements=16384 mismatch_count=16383 first_index=0 actual_bits=0x3dd1f710 expected_bits=0x3dd1a9c8 max_abs=0.0068015456199645996 max_rel=1.8282668770121921 max_ulp=1896351619
FIRST_DIVERGENCE_OBJECT row=1 layer=20 checkpoint=CP1 subobject=attn_norm result=MISMATCH elements=4096 mismatch_count=4096 first_index=0 actual_bits=0x3d809878 expected_bits=0x3d80539a max_abs=0.0010226964950561523 max_rel=0.8757481511710774 max_ulp=25218197
FIRST_DIVERGENCE_OBJECT row=1 layer=20 checkpoint=CP2-Q subobject=qr result=MISMATCH elements=1024 mismatch_count=1024 first_index=0 actual_bits=0xbc720990 expected_bits=0xbc7096ec max_abs=0.0004764460027217865 max_rel=0.16527203292111414 max_ulp=1999744
FIRST_DIVERGENCE_OBJECT row=1 layer=20 checkpoint=CP2-KV-P subobject=kv_raw result=MISMATCH elements=512 mismatch_count=512 first_index=0 actual_bits=0xb9b27b80 expected_bits=0xb99502c0 max_abs=0.00044584274291992188 max_rel=0.81765117441279356 max_ulp=20242688
FIRST_DIVERGENCE_OBJECT row=1 layer=20 checkpoint=CP2-KV-R subobject=raw_cache result=MISMATCH elements=512 mismatch_count=52 first_index=0 actual_bits=0xbb100000 expected_bits=0xbaf00000 max_abs=0.125 max_rel=0.81944444444444442 max_ulp=20971520
FIRST_DIVERGENCE_OBJECT row=1 layer=20 checkpoint=CP3-F subobject=attn_state_kv result=MISMATCH elements=8192 mismatch_count=2048 first_index=4096 actual_bits=0xbdc11ff6 expected_bits=0xbdc0f728 max_abs=0.00061044469475746155 max_rel=0.65743923768168389 max_ulp=13634048
FIRST_DIVERGENCE_OBJECT row=1 layer=20 checkpoint=CP3-F subobject=attn_state_score result=MISMATCH elements=8192 mismatch_count=2048 first_index=4096 actual_bits=0xbf847286 expected_bits=0xbf84a8dc max_abs=0.0043139457702636719 max_rel=0.13822496888832439 max_ulp=1985072
FIRST_DIVERGENCE_OBJECT row=1 layer=20 checkpoint=CP3-F subobject=layer_n_comp result=EXACT elements=1
FIRST_DIVERGENCE_OBJECT row=1 layer=20 checkpoint=CP3-F subobject=index_state_kv result=MISMATCH elements=2048 mismatch_count=512 first_index=1024 actual_bits=0xbb4bed78 expected_bits=0xbb595dc0 max_abs=0.00068808719515800476 max_rel=0.29521864951768489 max_ulp=4312640
FIRST_DIVERGENCE_OBJECT row=1 layer=20 checkpoint=CP3-F subobject=index_state_score result=MISMATCH elements=2048 mismatch_count=512 first_index=1024 actual_bits=0xbf6f0ef6 expected_bits=0xbf6f8a2d max_abs=0.0046148300170898438 max_rel=0.17894528799240692 max_ulp=1868760
FIRST_DIVERGENCE_OBJECT row=1 layer=20 checkpoint=CP3-F subobject=layer_n_index_comp result=EXACT elements=1
FIRST_DIVERGENCE_OBJECT row=1 layer=20 checkpoint=CP4 subobject=after_attn_hc result=MISMATCH elements=16384 mismatch_count=16383 first_index=0 actual_bits=0xbc90e1ff expected_bits=0xbc95efa7 max_abs=0.0081470012664794922 max_rel=1.9980847273115896 max_ulp=1981644512
FIRST_DIVERGENCE_OBJECT row=1 layer=20 checkpoint=CP5 subobject=layer_output result=MISMATCH elements=16384 mismatch_count=16383 first_index=0 actual_bits=0x3e4290c2 expected_bits=0x3e41ffec max_abs=0.0097186565399169922 max_rel=1.8303865705315396 max_ulp=1988442176
FIRST_DIVERGENCE_OBJECT row=1 layer=21 checkpoint=CP1 subobject=attn_norm result=MISMATCH elements=4096 mismatch_count=4095 first_index=0 actual_bits=0x3d835595 expected_bits=0x3d833970 max_abs=0.00022768229246139526 max_rel=0.99117087540294058 max_ulp=57356779
FIRST_DIVERGENCE_OBJECT row=1 layer=21 checkpoint=CP2-Q subobject=qr result=MISMATCH elements=1024 mismatch_count=1024 first_index=0 actual_bits=0xbd5d0540 expected_bits=0xbd5c5d4f max_abs=0.00038281828165054321 max_rel=1.305393952452776 max_ulp=1886025985
FIRST_DIVERGENCE_OBJECT row=1 layer=21 checkpoint=CP2-KV-P subobject=kv_raw result=MISMATCH elements=512 mismatch_count=512 first_index=0 actual_bits=0xbd62dc3e expected_bits=0xbd62a491 max_abs=0.00040537118911743164 max_rel=0.34512867177195905 max_ulp=4510848
FIRST_DIVERGENCE_OBJECT row=1 layer=21 checkpoint=CP2-KV-R subobject=raw_cache result=MISMATCH elements=512 mismatch_count=66 first_index=3 actual_bits=0xbb400000 expected_bits=0xbb000000 max_abs=0.0625 max_rel=0.33333333333333331 max_ulp=4194304
FIRST_DIVERGENCE_OBJECT row=1 layer=21 checkpoint=CP3-F subobject=attn_state_kv result=MISMATCH elements=65536 mismatch_count=1024 first_index=8192 actual_bits=0x3b9e9866 expected_bits=0x3b9baa58 max_abs=0.0002673417329788208 max_rel=0.64627676175020288 max_ulp=13188096
FIRST_DIVERGENCE_OBJECT row=1 layer=21 checkpoint=CP3-F subobject=attn_state_score result=MISMATCH elements=65536 mismatch_count=1024 first_index=8192 actual_bits=0x3e8002c2 expected_bits=0x3e80048c max_abs=0.00085458904504776001 max_rel=0.36425244901236553 max_ulp=5806592
FIRST_DIVERGENCE_OBJECT row=1 layer=21 checkpoint=CP3-F subobject=layer_n_comp result=EXACT elements=1
FIRST_DIVERGENCE_OBJECT row=1 layer=21 checkpoint=CP4 subobject=after_attn_hc result=MISMATCH elements=16384 mismatch_count=16384 first_index=0 actual_bits=0x3e3fc041 expected_bits=0x3e3e2e6f max_abs=0.010017871856689453 max_rel=1.7799660975289415 max_ulp=1982748041
FIRST_DIVERGENCE_OBJECT row=1 layer=21 checkpoint=CP5 subobject=layer_output result=MISMATCH elements=16384 mismatch_count=16384 first_index=0 actual_bits=0x3d92ecb9 expected_bits=0x3d902c14 max_abs=0.010924816131591797 max_rel=1.9366725114833303 max_ulp=1992444559
FIRST_DIVERGENCE_OBJECT row=1 layer=22 checkpoint=CP1 subobject=attn_norm result=MISMATCH elements=4096 mismatch_count=4096 first_index=0 actual_bits=0x3da8c5bd expected_bits=0x3da874fd max_abs=0.0019869804382324219 max_rel=1.8130341620484101 max_ulp=1907015366
FIRST_DIVERGENCE_OBJECT row=1 layer=22 checkpoint=CP2-Q subobject=qr result=MISMATCH elements=1024 mismatch_count=1024 first_index=0 actual_bits=0xbda2cd09 expected_bits=0xbda32b38 max_abs=0.0012496709823608398 max_rel=0.73551666048025588 max_ulp=16257792
FIRST_DIVERGENCE_OBJECT row=1 layer=22 checkpoint=CP2-KV-P subobject=kv_raw result=MISMATCH elements=512 mismatch_count=512 first_index=0 actual_bits=0xbe1d8b54 expected_bits=0xbe1dbfd2 max_abs=0.0013694465160369873 max_rel=0.69875942971831961 max_ulp=14270208
FIRST_DIVERGENCE_OBJECT row=1 layer=22 checkpoint=CP2-KV-R subobject=raw_cache result=MISMATCH elements=512 mismatch_count=80 first_index=26 actual_bits=0x3bd00000 expected_bits=0x3c000000 max_abs=0.125 max_rel=0.69444444444444442 max_ulp=14680064
FIRST_DIVERGENCE_OBJECT row=1 layer=22 checkpoint=CP3-F subobject=attn_state_kv result=MISMATCH elements=8192 mismatch_count=2048 first_index=4096 actual_bits=0xbde78725 expected_bits=0xbde7ff4b max_abs=0.00079265236854553223 max_rel=0.94467227858119285 max_ulp=35187712
FIRST_DIVERGENCE_OBJECT row=1 layer=22 checkpoint=CP3-F subobject=attn_state_score result=MISMATCH elements=8192 mismatch_count=2048 first_index=4096 actual_bits=0xbfe49bc9 expected_bits=0xbfe499dc max_abs=0.0026897788047790527 max_rel=0.34634849584643923 max_ulp=4486912
FIRST_DIVERGENCE_OBJECT row=1 layer=22 checkpoint=CP3-F subobject=layer_n_comp result=EXACT elements=1
FIRST_DIVERGENCE_OBJECT row=1 layer=22 checkpoint=CP3-F subobject=index_state_kv result=MISMATCH elements=2048 mismatch_count=512 first_index=1024 actual_bits=0x3e33b66e expected_bits=0x3e3322b1 max_abs=0.0010962784290313721 max_rel=0.19831910575415818 max_ulp=3015112
FIRST_DIVERGENCE_OBJECT row=1 layer=22 checkpoint=CP3-F subobject=index_state_score result=MISMATCH elements=2048 mismatch_count=512 first_index=1024 actual_bits=0xc0095c8c expected_bits=0xc0095a52 max_abs=0.0026348233222961426 max_rel=0.39776666227896978 max_ulp=6002688
FIRST_DIVERGENCE_OBJECT row=1 layer=22 checkpoint=CP3-F subobject=layer_n_index_comp result=EXACT elements=1
FIRST_DIVERGENCE_OBJECT row=1 layer=22 checkpoint=CP4 subobject=after_attn_hc result=MISMATCH elements=16384 mismatch_count=16384 first_index=0 actual_bits=0xbc510480 expected_bits=0xbc65a20a max_abs=0.010138034820556641 max_rel=1.7781536289801951 max_ulp=1989999129
FIRST_DIVERGENCE_OBJECT row=1 layer=22 checkpoint=CP5 subobject=layer_output result=MISMATCH elements=16384 mismatch_count=16384 first_index=0 actual_bits=0xbd1aeb34 expected_bits=0xbd20083c max_abs=0.011615514755249023 max_rel=1.9520547172382583 max_ulp=1974890065
FIRST_DIVERGENCE_OBJECT row=1 layer=23 checkpoint=CP1 subobject=attn_norm result=MISMATCH elements=4096 mismatch_count=4096 first_index=0 actual_bits=0x3d193680 expected_bits=0x3d18d48b max_abs=0.00036096666008234024 max_rel=1.1874469092333577 max_ulp=1892820102
FIRST_DIVERGENCE_OBJECT row=1 layer=23 checkpoint=CP2-Q subobject=qr result=MISMATCH elements=1024 mismatch_count=1024 first_index=0 actual_bits=0x3c6a4ee0 expected_bits=0x3c6833e0 max_abs=0.00056827813386917114 max_rel=1.3440187910843739 max_ulp=1913009409
FIRST_DIVERGENCE_OBJECT row=1 layer=23 checkpoint=CP2-KV-P subobject=kv_raw result=MISMATCH elements=512 mismatch_count=512 first_index=0 actual_bits=0xbd84966c expected_bits=0xbd84592c max_abs=0.00070627033710479736 max_rel=1.1074406670942911 max_ulp=1916093953
FIRST_DIVERGENCE_OBJECT row=1 layer=23 checkpoint=CP2-KV-R subobject=raw_cache result=MISMATCH elements=512 mismatch_count=63 first_index=20 actual_bits=0x38000000 expected_bits=0xb9600000 max_abs=0.125 max_rel=1.1428571428571428 max_ulp=1951399937
FIRST_DIVERGENCE_OBJECT row=1 layer=23 checkpoint=CP3-F subobject=attn_state_kv result=MISMATCH elements=65536 mismatch_count=1024 first_index=8192 actual_bits=0x3e4b3155 expected_bits=0x3e4b3152 max_abs=0.0025519132614135742 max_rel=0.22315091150983424 max_ulp=3460960
FIRST_DIVERGENCE_OBJECT row=1 layer=23 checkpoint=CP3-F subobject=attn_state_score result=MISMATCH elements=65536 mismatch_count=1024 first_index=8192 actual_bits=0xbdb58245 expected_bits=0xbdb54478 max_abs=0.001178741455078125 max_rel=0.92557811949759361 max_ulp=31890432
FIRST_DIVERGENCE_OBJECT row=1 layer=23 checkpoint=CP3-F subobject=layer_n_comp result=EXACT elements=1
FIRST_DIVERGENCE_OBJECT row=1 layer=23 checkpoint=CP4 subobject=after_attn_hc result=MISMATCH elements=16384 mismatch_count=16384 first_index=0 actual_bits=0xbc64d83d expected_bits=0xbc77ecd9 max_abs=0.011247873306274414 max_rel=1.9945971582475874 max_ulp=1987289401
FIRST_DIVERGENCE_OBJECT row=1 layer=23 checkpoint=CP5 subobject=layer_output result=MISMATCH elements=16384 mismatch_count=16384 first_index=0 actual_bits=0xb9ba3076 expected_bits=0xbac1687b max_abs=0.011007785797119141 max_rel=1.7761645906490415 max_ulp=1980239058
FIRST_DIVERGENCE_OBJECT row=1 layer=24 checkpoint=CP1 subobject=attn_norm result=MISMATCH elements=4096 mismatch_count=4096 first_index=0 actual_bits=0x3d07ce96 expected_bits=0x3d07357f max_abs=0.0029581785202026367 max_rel=1.5914431022087674 max_ulp=1910464574
FIRST_DIVERGENCE_OBJECT row=1 layer=24 checkpoint=CP2-Q subobject=qr result=MISMATCH elements=1024 mismatch_count=1024 first_index=0 actual_bits=0xbea88b3b expected_bits=0xbea8a1b4 max_abs=0.00083124637603759766 max_rel=1.7837673570526906 max_ulp=1898582529
FIRST_DIVERGENCE_OBJECT row=1 layer=24 checkpoint=CP2-KV-P subobject=kv_raw result=MISMATCH elements=512 mismatch_count=512 first_index=0 actual_bits=0xbe6078e8 expected_bits=0xbe6018a8 max_abs=0.0010298192501068115 max_rel=1.236194770669987 max_ulp=1908638209
FIRST_DIVERGENCE_OBJECT row=1 layer=24 checkpoint=CP2-KV-R subobject=raw_cache result=MISMATCH elements=512 mismatch_count=78 first_index=2 actual_bits=0xbac00000 expected_bits=0xb8400000 max_abs=0.015625 max_rel=1.2321428571428572 max_ulp=1940914177
FIRST_DIVERGENCE_OBJECT row=1 layer=24 checkpoint=CP3-F subobject=attn_state_kv result=MISMATCH elements=8192 mismatch_count=2048 first_index=4096 actual_bits=0xbe5a8abe expected_bits=0xbe5a5cb7 max_abs=0.0010599754750728607 max_rel=0.77535821085899748 max_ulp=17966464
FIRST_DIVERGENCE_OBJECT row=1 layer=24 checkpoint=CP3-F subobject=attn_state_score result=MISMATCH elements=8192 mismatch_count=2048 first_index=4096 actual_bits=0xc011a4d8 expected_bits=0xc011a085 max_abs=0.0066418647766113281 max_rel=0.89733495877143965 max_ulp=27867392
FIRST_DIVERGENCE_OBJECT row=1 layer=24 checkpoint=CP3-F subobject=layer_n_comp result=EXACT elements=1
FIRST_DIVERGENCE_OBJECT row=1 layer=24 checkpoint=CP3-F subobject=index_state_kv result=MISMATCH elements=2048 mismatch_count=512 first_index=1024 actual_bits=0xbdb2b2ac expected_bits=0xbdb330f4 max_abs=0.0012556910514831543 max_rel=0.11250708580262819 max_ulp=1170080
FIRST_DIVERGENCE_OBJECT row=1 layer=24 checkpoint=CP3-F subobject=index_state_score result=MISMATCH elements=2048 mismatch_count=512 first_index=1024 actual_bits=0xc0083139 expected_bits=0xc008399b max_abs=0.0056557655334472656 max_rel=0.014896569502030364 max_ulp=173350
FIRST_DIVERGENCE_OBJECT row=1 layer=24 checkpoint=CP3-F subobject=layer_n_index_comp result=EXACT elements=1
FIRST_DIVERGENCE_OBJECT row=1 layer=24 checkpoint=CP4 subobject=after_attn_hc result=MISMATCH elements=16384 mismatch_count=16384 first_index=0 actual_bits=0x3f51167a expected_bits=0x3f51a59e max_abs=0.012229681015014648 max_rel=1.9032500012646276 max_ulp=1993538037
FIRST_DIVERGENCE_OBJECT row=1 layer=24 checkpoint=CP5 subobject=layer_output result=MISMATCH elements=16384 mismatch_count=16384 first_index=0 actual_bits=0x3f127e30 expected_bits=0x3f132fc3 max_abs=0.011566042900085449 max_rel=1.0917971460190388 max_ulp=1968596672
FIRST_DIVERGENCE_OBJECT row=1 layer=25 checkpoint=CP1 subobject=attn_norm result=MISMATCH elements=4096 mismatch_count=4095 first_index=0 actual_bits=0x3bb1cb7b expected_bits=0x3bb193cf max_abs=8.6616724729537964e-05 max_rel=1.3431741550942897 max_ulp=1874246120
FIRST_DIVERGENCE_OBJECT row=1 layer=25 checkpoint=CP2-Q subobject=qr result=MISMATCH elements=1024 mismatch_count=1024 first_index=0 actual_bits=0xbcf07f12 expected_bits=0xbcf0714f max_abs=0.00014222320169210434 max_rel=0.33786608763864123 max_ulp=5347712
FIRST_DIVERGENCE_OBJECT row=1 layer=25 checkpoint=CP2-KV-P subobject=kv_raw result=MISMATCH elements=512 mismatch_count=512 first_index=0 actual_bits=0xbc1dc456 expected_bits=0xbc1ec7d8 max_abs=0.00015325471758842468 max_rel=0.51902872401487365 max_ulp=8779008
FIRST_DIVERGENCE_OBJECT row=1 layer=25 checkpoint=CP2-KV-R subobject=raw_cache result=MISMATCH elements=512 mismatch_count=79 first_index=10 actual_bits=0x3a500000 expected_bits=0x3ad00000 max_abs=0.03125 max_rel=0.5 max_ulp=8388608
FIRST_DIVERGENCE_OBJECT row=1 layer=25 checkpoint=CP3-F subobject=attn_state_kv result=MISMATCH elements=65536 mismatch_count=1024 first_index=8192 actual_bits=0x3d929bd2 expected_bits=0x3d92b538 max_abs=0.00019443035125732422 max_rel=0.6690647482014388 max_ulp=13828096
FIRST_DIVERGENCE_OBJECT row=1 layer=25 checkpoint=CP3-F subobject=attn_state_score result=MISMATCH elements=65536 mismatch_count=1024 first_index=8192 actual_bits=0xbd082088 expected_bits=0xbd07f85b max_abs=0.00039494782686233521 max_rel=1.0133278612835377 max_ulp=1868610689
FIRST_DIVERGENCE_OBJECT row=1 layer=25 checkpoint=CP3-F subobject=layer_n_comp result=EXACT elements=1
FIRST_DIVERGENCE_OBJECT row=1 layer=25 checkpoint=CP4 subobject=after_attn_hc result=MISMATCH elements=16384 mismatch_count=16384 first_index=0 actual_bits=0x3f1a8804 expected_bits=0x3f1b2e3b max_abs=0.030153483152389526 max_rel=1.4630640762005931 max_ulp=1987950985
FIRST_DIVERGENCE_OBJECT row=1 layer=25 checkpoint=CP5 subobject=layer_output result=MISMATCH elements=16384 mismatch_count=16384 first_index=0 actual_bits=0x3f20a0b6 expected_bits=0x3f212fbf max_abs=0.029864639043807983 max_rel=1.9340459825194198 max_ulp=1996662710
FIRST_DIVERGENCE_OBJECT row=1 layer=26 checkpoint=CP1 subobject=attn_norm result=MISMATCH elements=4096 mismatch_count=4096 first_index=0 actual_bits=0x3c9685cc expected_bits=0x3c95cc0a max_abs=0.001862797886133194 max_rel=1.3778622514017977 max_ulp=1898437099
FIRST_DIVERGENCE_OBJECT row=1 layer=26 checkpoint=CP2-Q subobject=qr result=MISMATCH elements=1024 mismatch_count=1024 first_index=0 actual_bits=0xbb6e93e0 expected_bits=0xbb72c750 max_abs=0.00045723468065261841 max_rel=0.55130071587064122 max_ulp=9696640
FIRST_DIVERGENCE_OBJECT row=1 layer=26 checkpoint=CP2-KV-P subobject=kv_raw result=MISMATCH elements=512 mismatch_count=512 first_index=0 actual_bits=0x3df30b5e expected_bits=0x3df2ae22 max_abs=0.00054913759231567383 max_rel=0.58390048226438906 max_ulp=10294784
FIRST_DIVERGENCE_OBJECT row=1 layer=26 checkpoint=CP2-KV-R subobject=raw_cache result=MISMATCH elements=512 mismatch_count=58 first_index=35 actual_bits=0x3d700000 expected_bits=0x3d600000 max_abs=0.0625 max_rel=0.58333333333333337 max_ulp=10485760
FIRST_DIVERGENCE_OBJECT row=1 layer=26 checkpoint=CP3-F subobject=attn_state_kv result=MISMATCH elements=8192 mismatch_count=2048 first_index=4096 actual_bits=0xbe8c723a expected_bits=0xbe8c7bee max_abs=0.00055730342864990234 max_rel=1.0038742895011852 max_ulp=1848721665
FIRST_DIVERGENCE_OBJECT row=1 layer=26 checkpoint=CP3-F subobject=attn_state_score result=MISMATCH elements=8192 mismatch_count=2048 first_index=4096 actual_bits=0x3e1b0fe6 expected_bits=0x3e1b5d1c max_abs=0.0022402107715606689 max_rel=1.3902466351505689 max_ulp=1952054529
FIRST_DIVERGENCE_OBJECT row=1 layer=26 checkpoint=CP3-F subobject=layer_n_comp result=EXACT elements=1
FIRST_DIVERGENCE_OBJECT row=1 layer=26 checkpoint=CP3-F subobject=index_state_kv result=MISMATCH elements=2048 mismatch_count=512 first_index=1024 actual_bits=0x3de7730d expected_bits=0x3de78c8e max_abs=0.00070452690124511719 max_rel=0.12447992320275664 max_ulp=1738632
FIRST_DIVERGENCE_OBJECT row=1 layer=26 checkpoint=CP3-F subobject=index_state_score result=MISMATCH elements=2048 mismatch_count=512 first_index=1024 actual_bits=0x3e4baf82 expected_bits=0x3e4bf380 max_abs=0.0021396875381469727 max_rel=0.94446016762519569 max_ulp=34908016
FIRST_DIVERGENCE_OBJECT row=1 layer=26 checkpoint=CP3-F subobject=layer_n_index_comp result=EXACT elements=1
FIRST_DIVERGENCE_OBJECT row=1 layer=26 checkpoint=CP4 subobject=after_attn_hc result=MISMATCH elements=16384 mismatch_count=16384 first_index=0 actual_bits=0x3f183fb8 expected_bits=0x3f18d31c max_abs=0.029699116945266724 max_rel=1.8738693236322153 max_ulp=1979864023
FIRST_DIVERGENCE_OBJECT row=1 layer=26 checkpoint=CP5 subobject=layer_output result=MISMATCH elements=16384 mismatch_count=16384 first_index=0 actual_bits=0x3fa5e8d8 expected_bits=0x3fa64a6c max_abs=0.029366344213485718 max_rel=1.9095419795620905 max_ulp=1987037428
FIRST_DIVERGENCE_OBJECT row=1 layer=27 checkpoint=CP1 subobject=attn_norm result=MISMATCH elements=4096 mismatch_count=4096 first_index=0 actual_bits=0x3d11bc9a expected_bits=0x3d11a2e1 max_abs=0.00025574304163455963 max_rel=1.825937584231442 max_ulp=1890386108
FIRST_DIVERGENCE_OBJECT row=1 layer=27 checkpoint=CP2-Q subobject=qr result=MISMATCH elements=1024 mismatch_count=1024 first_index=0 actual_bits=0x3a102800 expected_bits=0x39ee7f00 max_abs=0.00031232833862304688 max_rel=1.8482206830666348 max_ulp=1893781505
FIRST_DIVERGENCE_OBJECT row=1 layer=27 checkpoint=CP2-KV-P subobject=kv_raw result=MISMATCH elements=512 mismatch_count=512 first_index=0 actual_bits=0x3b9847b8 expected_bits=0x3b943888 max_abs=0.00029041804373264313 max_rel=0.17752072271621333 max_ulp=2318432
FIRST_DIVERGENCE_OBJECT row=1 layer=27 checkpoint=CP2-KV-R subobject=raw_cache result=MISMATCH elements=512 mismatch_count=62 first_index=12 actual_bits=0xbff00000 expected_bits=0xc0000000 max_abs=0.25 max_rel=0.18181818181818182 max_ulp=2097152
FIRST_DIVERGENCE_OBJECT row=1 layer=27 checkpoint=CP3-F subobject=attn_state_kv result=MISMATCH elements=65536 mismatch_count=1024 first_index=8192 actual_bits=0xbc93f4eb expected_bits=0xbc92c48a max_abs=0.00040619820356369019 max_rel=0.57352497979424377 max_ulp=10181376
FIRST_DIVERGENCE_OBJECT row=1 layer=27 checkpoint=CP3-F subobject=attn_state_score result=MISMATCH elements=65536 mismatch_count=1024 first_index=8192 actual_bits=0xbde7f2fc expected_bits=0xbde81cc7 max_abs=0.0011247098445892334 max_rel=0.35169907680219997 max_ulp=5682688
FIRST_DIVERGENCE_OBJECT row=1 layer=27 checkpoint=CP3-F subobject=layer_n_comp result=EXACT elements=1
FIRST_DIVERGENCE_OBJECT row=1 layer=27 checkpoint=CP4 subobject=after_attn_hc result=MISMATCH elements=16384 mismatch_count=16383 first_index=0 actual_bits=0x3fd19426 expected_bits=0x3fd1a69c max_abs=0.029290586709976196 max_rel=1.7418233975625625 max_ulp=1992233501
FIRST_DIVERGENCE_OBJECT row=1 layer=27 checkpoint=CP5 subobject=layer_output result=MISMATCH elements=16384 mismatch_count=16384 first_index=0 actual_bits=0x3feca02f expected_bits=0x3fec8612 max_abs=0.029122412204742432 max_rel=1.5835461044970529 max_ulp=1987581129
FIRST_DIVERGENCE_OBJECT row=1 layer=28 checkpoint=CP1 subobject=attn_norm result=MISMATCH elements=4096 mismatch_count=4096 first_index=0 actual_bits=0x3d062b2b expected_bits=0x3d05d75f max_abs=0.0028085708618164062 max_rel=1.5142639579644341 max_ulp=1903071970
FIRST_DIVERGENCE_OBJECT row=1 layer=28 checkpoint=CP2-Q subobject=qr result=MISMATCH elements=1024 mismatch_count=1024 first_index=0 actual_bits=0x3e47da34 expected_bits=0x3e47dd7a max_abs=0.00041937828063964844 max_rel=0.30746374562064838 max_ulp=5054336
FIRST_DIVERGENCE_OBJECT row=1 layer=28 checkpoint=CP2-KV-P subobject=kv_raw result=MISMATCH elements=512 mismatch_count=512 first_index=0 actual_bits=0x3dd8dcc4 expected_bits=0x3dd8f1d5 max_abs=0.00044545531272888184 max_rel=0.14773130905142232 max_ulp=1975712
FIRST_DIVERGENCE_OBJECT row=1 layer=28 checkpoint=CP2-KV-R subobject=raw_cache result=MISMATCH elements=512 mismatch_count=68 first_index=18 actual_bits=0x3db00000 expected_bits=0x3dc00000 max_abs=0.0625 max_rel=0.18181818181818182 max_ulp=2097152
FIRST_DIVERGENCE_OBJECT row=1 layer=28 checkpoint=CP3-F subobject=attn_state_kv result=MISMATCH elements=8192 mismatch_count=2048 first_index=4096 actual_bits=0x3d88a902 expected_bits=0x3d889c58 max_abs=0.00064318999648094177 max_rel=1.2642899300826296 max_ulp=1902247425
FIRST_DIVERGENCE_OBJECT row=1 layer=28 checkpoint=CP3-F subobject=attn_state_score result=MISMATCH elements=8192 mismatch_count=2048 first_index=4096 actual_bits=0x3fbea1b2 expected_bits=0x3fbeed46 max_abs=0.004367828369140625 max_rel=0.22488156300557904 max_ulp=3534656
FIRST_DIVERGENCE_OBJECT row=1 layer=28 checkpoint=CP3-F subobject=layer_n_comp result=EXACT elements=1
FIRST_DIVERGENCE_OBJECT row=1 layer=28 checkpoint=CP3-F subobject=index_state_kv result=MISMATCH elements=2048 mismatch_count=512 first_index=1024 actual_bits=0xbe6069b2 expected_bits=0xbe60a306 max_abs=0.001081317663192749 max_rel=0.56188589899478136 max_ulp=10400768
FIRST_DIVERGENCE_OBJECT row=1 layer=28 checkpoint=CP3-F subobject=index_state_score result=MISMATCH elements=2048 mismatch_count=512 first_index=1024 actual_bits=0x3fc0cd41 expected_bits=0x3fc119af max_abs=0.0039840936660766602 max_rel=0.0072057756130365132 max_ulp=79825
FIRST_DIVERGENCE_OBJECT row=1 layer=28 checkpoint=CP3-F subobject=layer_n_index_comp result=EXACT elements=1
FIRST_DIVERGENCE_OBJECT row=1 layer=28 checkpoint=CP4 subobject=after_attn_hc result=MISMATCH elements=16384 mismatch_count=16384 first_index=0 actual_bits=0x3fe8d5a7 expected_bits=0x3fe8bc2e max_abs=0.033487319946289062 max_rel=1.908913094832893 max_ulp=2003448047
FIRST_DIVERGENCE_OBJECT row=1 layer=28 checkpoint=CP5 subobject=layer_output result=MISMATCH elements=16384 mismatch_count=16384 first_index=0 actual_bits=0x3fc07e06 expected_bits=0x3fc040fb max_abs=0.033407211303710938 max_rel=1.1514773232798023 max_ulp=1969913824
FIRST_DIVERGENCE_OBJECT row=1 layer=29 checkpoint=CP1 subobject=attn_norm result=MISMATCH elements=4096 mismatch_count=4096 first_index=0 actual_bits=0x3d068560 expected_bits=0x3d06418c max_abs=0.0003362949937582016 max_rel=1.0846248286307516 max_ulp=1871732010
FIRST_DIVERGENCE_OBJECT row=1 layer=29 checkpoint=CP2-Q subobject=qr result=MISMATCH elements=1024 mismatch_count=1024 first_index=0 actual_bits=0xbe1666e5 expected_bits=0xbe167a43 max_abs=0.00053344666957855225 max_rel=1.7191076303670407 max_ulp=1926848769
FIRST_DIVERGENCE_OBJECT row=1 layer=29 checkpoint=CP2-KV-P subobject=kv_raw result=MISMATCH elements=512 mismatch_count=512 first_index=0 actual_bits=0xbcc76a08 expected_bits=0xbcc71ddc max_abs=0.0004134252667427063 max_rel=0.98575210589651019 max_ulp=51503488
FIRST_DIVERGENCE_OBJECT row=1 layer=29 checkpoint=CP2-KV-R subobject=raw_cache result=MISMATCH elements=512 mismatch_count=85 first_index=2 actual_bits=0x3bf00000 expected_bits=0x3bd00000 max_abs=0.125 max_rel=0.98750000000000004 max_ulp=52428800
FIRST_DIVERGENCE_OBJECT row=1 layer=29 checkpoint=CP3-F subobject=attn_state_kv result=MISMATCH elements=65536 mismatch_count=1024 first_index=8192 actual_bits=0x3e11ebcc expected_bits=0x3e11cda8 max_abs=0.0015663299709558487 max_rel=0.90804008449688289 max_ulp=28449152
FIRST_DIVERGENCE_OBJECT row=1 layer=29 checkpoint=CP3-F subobject=attn_state_score result=MISMATCH elements=65536 mismatch_count=1024 first_index=8192 actual_bits=0x3dc3cb1d expected_bits=0x3dc44ab8 max_abs=0.0025160312652587891 max_rel=0.67770445679801017 max_ulp=14053888
FIRST_DIVERGENCE_OBJECT row=1 layer=29 checkpoint=CP3-F subobject=layer_n_comp result=EXACT elements=1
FIRST_DIVERGENCE_OBJECT row=1 layer=29 checkpoint=CP4 subobject=after_attn_hc result=MISMATCH elements=16384 mismatch_count=16384 first_index=0 actual_bits=0x3fbfa095 expected_bits=0x3fbf6356 max_abs=0.051727771759033203 max_rel=1.9336298527329543 max_ulp=1982299960
FIRST_DIVERGENCE_OBJECT row=1 layer=29 checkpoint=CP5 subobject=layer_output result=MISMATCH elements=16384 mismatch_count=16384 first_index=0 actual_bits=0x3f88488e expected_bits=0x3f881aef max_abs=0.051120281219482422 max_rel=1.9774923783523863 max_ulp=2003242972
FIRST_DIVERGENCE_OBJECT row=1 layer=30 checkpoint=CP1 subobject=attn_norm result=MISMATCH elements=4096 mismatch_count=4096 first_index=0 actual_bits=0x3d3f6cb0 expected_bits=0x3d3e6a04 max_abs=0.0053794384002685547 max_rel=1.697895803106876 max_ulp=1904879028
FIRST_DIVERGENCE_OBJECT row=1 layer=30 checkpoint=CP2-Q subobject=qr result=MISMATCH elements=1024 mismatch_count=1024 first_index=0 actual_bits=0x3b936b50 expected_bits=0x3bab6008 max_abs=0.00091958045959472656 max_rel=1.8364927795286703 max_ulp=1915814913
FIRST_DIVERGENCE_OBJECT row=1 layer=30 checkpoint=CP2-KV-P subobject=kv_raw result=MISMATCH elements=512 mismatch_count=512 first_index=0 actual_bits=0xbcddc72c expected_bits=0xbcdbfe03 max_abs=0.0012044906616210938 max_rel=1.9052962466655814 max_ulp=1932076033
FIRST_DIVERGENCE_OBJECT row=1 layer=30 checkpoint=CP2-KV-R subobject=raw_cache result=MISMATCH elements=512 mismatch_count=81 first_index=0 actual_bits=0xbdf00000 expected_bits=0xbde00000 max_abs=0.03125 max_rel=1.909016393442623 max_ulp=1965236225
FIRST_DIVERGENCE_OBJECT row=1 layer=30 checkpoint=CP3-F subobject=attn_state_kv result=MISMATCH elements=8192 mismatch_count=2048 first_index=4096 actual_bits=0xbca1f690 expected_bits=0xbca1f6da max_abs=0.0009651482105255127 max_rel=0.91983088598140816 max_ulp=30841216
FIRST_DIVERGENCE_OBJECT row=1 layer=30 checkpoint=CP3-F subobject=attn_state_score result=MISMATCH elements=8192 mismatch_count=2048 first_index=4096 actual_bits=0x3f3fcbc0 expected_bits=0x3f3fe71c max_abs=0.0034356117248535156 max_rel=1.4275562629139442 max_ulp=1937451009
FIRST_DIVERGENCE_OBJECT row=1 layer=30 checkpoint=CP3-F subobject=layer_n_comp result=EXACT elements=1
FIRST_DIVERGENCE_OBJECT row=1 layer=30 checkpoint=CP3-F subobject=index_state_kv result=MISMATCH elements=2048 mismatch_count=512 first_index=1024 actual_bits=0x3bae80c8 expected_bits=0x3bb260e0 max_abs=0.0012041330337524414 max_rel=0.25111627622484556 max_ulp=3679776
FIRST_DIVERGENCE_OBJECT row=1 layer=30 checkpoint=CP3-F subobject=index_state_score result=MISMATCH elements=2048 mismatch_count=512 first_index=1024 actual_bits=0x3eec62c2 expected_bits=0x3eebd89c max_abs=0.0050406455993652344 max_rel=0.89050938337801611 max_ulp=26375168
FIRST_DIVERGENCE_OBJECT row=1 layer=30 checkpoint=CP3-F subobject=layer_n_index_comp result=EXACT elements=1
FIRST_DIVERGENCE_OBJECT row=1 layer=30 checkpoint=CP4 subobject=after_attn_hc result=MISMATCH elements=16384 mismatch_count=16384 first_index=0 actual_bits=0x3f8b5d88 expected_bits=0x3f8b4e7a max_abs=0.069025993347167969 max_rel=1.9137627726801865 max_ulp=2034641780
FIRST_DIVERGENCE_OBJECT row=1 layer=30 checkpoint=CP5 subobject=layer_output result=MISMATCH elements=16384 mismatch_count=16384 first_index=0 actual_bits=0x3f57f7d3 expected_bits=0x3f5876d1 max_abs=0.068654060363769531 max_rel=1.8498008955927978 max_ulp=2036383682
FIRST_DIVERGENCE_OBJECT row=1 layer=31 checkpoint=CP1 subobject=attn_norm result=MISMATCH elements=4096 mismatch_count=4096 first_index=0 actual_bits=0x3c32acb8 expected_bits=0x3c3380ac max_abs=0.0006777103990316391 max_rel=1.5457432550115451 max_ulp=1907751753
FIRST_DIVERGENCE_OBJECT row=1 layer=31 checkpoint=CP2-Q subobject=qr result=MISMATCH elements=1024 mismatch_count=1024 first_index=0 actual_bits=0xbc496d40 expected_bits=0xbc4539c4 max_abs=0.00076659023761749268 max_rel=0.8096267234118012 max_ulp=20635776
FIRST_DIVERGENCE_OBJECT row=1 layer=31 checkpoint=CP2-KV-P subobject=kv_raw result=MISMATCH elements=512 mismatch_count=512 first_index=0 actual_bits=0xbd961f80 expected_bits=0xbd96f8be max_abs=0.00061941146850585938 max_rel=0.87884580446922966 max_ulp=25664384
FIRST_DIVERGENCE_OBJECT row=1 layer=31 checkpoint=CP2-KV-R subobject=raw_cache result=MISMATCH elements=512 mismatch_count=99 first_index=7 actual_bits=0x3e000000 expected_bits=0x3e100000 max_abs=0.0625 max_rel=0.88461538461538458 max_ulp=26214400
FIRST_DIVERGENCE_OBJECT row=1 layer=31 checkpoint=CP3-F subobject=attn_state_kv result=MISMATCH elements=65536 mismatch_count=1024 first_index=8192 actual_bits=0x3c0cc878 expected_bits=0x3c0fee84 max_abs=0.00092098116874694824 max_rel=1.2190821934293394 max_ulp=1902996993
FIRST_DIVERGENCE_OBJECT row=1 layer=31 checkpoint=CP3-F subobject=attn_state_score result=MISMATCH elements=65536 mismatch_count=1024 first_index=8192 actual_bits=0xbd93313e expected_bits=0xbd9281ba max_abs=0.0027201473712921143 max_rel=1.416537119375564 max_ulp=1925797249
FIRST_DIVERGENCE_OBJECT row=1 layer=31 checkpoint=CP3-F subobject=layer_n_comp result=EXACT elements=1
FIRST_DIVERGENCE_OBJECT row=1 layer=31 checkpoint=CP4 subobject=after_attn_hc result=MISMATCH elements=16384 mismatch_count=16384 first_index=0 actual_bits=0x3f3c42b1 expected_bits=0x3f3d234d max_abs=0.068435430526733398 max_rel=1.7518930025554915 max_ulp=2027531240
FIRST_DIVERGENCE_OBJECT row=1 layer=31 checkpoint=CP5 subobject=layer_output result=MISMATCH elements=16384 mismatch_count=16384 first_index=0 actual_bits=0x3f640789 expected_bits=0x3f65253e max_abs=0.068655490875244141 max_rel=1.9263714405754833 max_ulp=2043825825
FIRST_DIVERGENCE_OBJECT row=1 layer=32 checkpoint=CP1 subobject=attn_norm result=MISMATCH elements=4096 mismatch_count=4096 first_index=0 actual_bits=0x3cb8ee78 expected_bits=0x3cb980db max_abs=0.013323068618774414 max_rel=1.953636780044284 max_ulp=1928946114
FIRST_DIVERGENCE_OBJECT row=1 layer=32 checkpoint=CP2-Q subobject=qr result=MISMATCH elements=1024 mismatch_count=1024 first_index=0 actual_bits=0x3db4d729 expected_bits=0x3db4e986 max_abs=0.0010684803128242493 max_rel=0.30551945416655663 max_ulp=4998704
FIRST_DIVERGENCE_OBJECT row=1 layer=32 checkpoint=CP2-KV-P subobject=kv_raw result=MISMATCH elements=512 mismatch_count=512 first_index=0 actual_bits=0xbadb34c0 expected_bits=0xbaa10be0 max_abs=0.0016911029815673828 max_rel=0.46040861053452325 max_ulp=7426688
FIRST_DIVERGENCE_OBJECT row=1 layer=32 checkpoint=CP2-KV-R subobject=raw_cache result=MISMATCH elements=512 mismatch_count=113 first_index=0 actual_bits=0xbc300000 expected_bits=0xbbf00000 max_abs=0.125 max_rel=0.5 max_ulp=8388608
FIRST_DIVERGENCE_OBJECT row=1 layer=32 checkpoint=CP3-F subobject=attn_state_kv result=MISMATCH elements=8192 mismatch_count=2048 first_index=4096 actual_bits=0xbccaf4ee expected_bits=0xbccdaaea max_abs=0.0016073882579803467 max_rel=1.5256111092979994 max_ulp=1919616769
FIRST_DIVERGENCE_OBJECT row=1 layer=32 checkpoint=CP3-F subobject=attn_state_score result=MISMATCH elements=8192 mismatch_count=2048 first_index=4096 actual_bits=0xbfdbaacc expected_bits=0xbfdd2a83 max_abs=0.017345905303955078 max_rel=0.59343350179228538 max_ulp=10884544
FIRST_DIVERGENCE_OBJECT row=1 layer=32 checkpoint=CP3-F subobject=layer_n_comp result=EXACT elements=1
FIRST_DIVERGENCE_OBJECT row=1 layer=32 checkpoint=CP3-F subobject=index_state_kv result=MISMATCH elements=2048 mismatch_count=512 first_index=1024 actual_bits=0x3e1107d4 expected_bits=0x3e1129ba max_abs=0.0025786161422729492 max_rel=0.38050277620965595 max_ulp=5875568
FIRST_DIVERGENCE_OBJECT row=1 layer=32 checkpoint=CP3-F subobject=index_state_score result=MISMATCH elements=2048 mismatch_count=512 first_index=1024 actual_bits=0xbfebe143 expected_bits=0xbfed51b2 max_abs=0.015313148498535156 max_rel=0.40122131986053988 max_ulp=6149792
FIRST_DIVERGENCE_OBJECT row=1 layer=32 checkpoint=CP3-F subobject=layer_n_index_comp result=EXACT elements=1
FIRST_DIVERGENCE_OBJECT row=1 layer=32 checkpoint=CP4 subobject=after_attn_hc result=MISMATCH elements=16384 mismatch_count=16384 first_index=0 actual_bits=0x3f6ecaef expected_bits=0x3f6feb46 max_abs=0.068414211273193359 max_rel=1.7981593978768882 max_ulp=2038699082
FIRST_DIVERGENCE_OBJECT row=1 layer=32 checkpoint=CP5 subobject=layer_output result=MISMATCH elements=16384 mismatch_count=16384 first_index=0 actual_bits=0x3fa19edf expected_bits=0x3fa23ac6 max_abs=0.068407058715820312 max_rel=1.8361994863533564 max_ulp=2027376165
FIRST_DIVERGENCE_OBJECT row=1 layer=33 checkpoint=CP1 subobject=attn_norm result=MISMATCH elements=4096 mismatch_count=4096 first_index=0 actual_bits=0x3ceabf3a expected_bits=0x3ceb1396 max_abs=0.00076274573802947998 max_rel=1.4925889031733972 max_ulp=1924840010
FIRST_DIVERGENCE_OBJECT row=1 layer=33 checkpoint=CP2-Q subobject=qr result=MISMATCH elements=1024 mismatch_count=1024 first_index=0 actual_bits=0xbdee809f expected_bits=0xbdee61fa max_abs=0.00087532773613929749 max_rel=1.0475972882257154 max_ulp=1889410561
FIRST_DIVERGENCE_OBJECT row=1 layer=33 checkpoint=CP2-KV-P subobject=kv_raw result=MISMATCH elements=512 mismatch_count=512 first_index=0 actual_bits=0x3c9be9ae expected_bits=0x3c9dd450 max_abs=0.00085805356502532959 max_rel=0.57770979719664872 max_ulp=10319232
FIRST_DIVERGENCE_OBJECT row=1 layer=33 checkpoint=CP2-KV-R subobject=raw_cache result=MISMATCH elements=512 mismatch_count=100 first_index=0 actual_bits=0x3e500000 expected_bits=0x3e600000 max_abs=0.25 max_rel=0.58333333333333337 max_ulp=10485760
FIRST_DIVERGENCE_OBJECT row=1 layer=33 checkpoint=CP3-F subobject=attn_state_kv result=MISMATCH elements=65536 mismatch_count=1024 first_index=8192 actual_bits=0x3d1c3a3f expected_bits=0x3d1c2876 max_abs=0.00079106166958808899 max_rel=1.1193847823525058 max_ulp=1927041761
FIRST_DIVERGENCE_OBJECT row=1 layer=33 checkpoint=CP3-F subobject=attn_state_score result=MISMATCH elements=65536 mismatch_count=1024 first_index=8192 actual_bits=0xbda60510 expected_bits=0xbda66587 max_abs=0.0024958252906799316 max_rel=1.4255238155661649 max_ulp=1947132705
FIRST_DIVERGENCE_OBJECT row=1 layer=33 checkpoint=CP3-F subobject=layer_n_comp result=EXACT elements=1
FIRST_DIVERGENCE_OBJECT row=1 layer=33 checkpoint=CP4 subobject=after_attn_hc result=MISMATCH elements=16384 mismatch_count=16384 first_index=0 actual_bits=0x3f9f2f62 expected_bits=0x3f9fcac2 max_abs=0.3010406494140625 max_rel=1.9847407426971406 max_ulp=2038516888
FIRST_DIVERGENCE_OBJECT row=1 layer=33 checkpoint=CP5 subobject=layer_output result=MISMATCH elements=16384 mismatch_count=16384 first_index=0 actual_bits=0x40171a98 expected_bits=0x40172781 max_abs=0.29809284210205078 max_rel=1.896999470765993 max_ulp=2049714460
FIRST_DIVERGENCE_OBJECT row=1 layer=34 checkpoint=CP1 subobject=attn_norm result=MISMATCH elements=4096 mismatch_count=4096 first_index=0 actual_bits=0x3d5a22d9 expected_bits=0x3d5a5601 max_abs=0.069939613342285156 max_rel=1.9637958026535509 max_ulp=1926659558
FIRST_DIVERGENCE_OBJECT row=1 layer=34 checkpoint=CP2-Q subobject=qr result=MISMATCH elements=1024 mismatch_count=1024 first_index=0 actual_bits=0x3e9ef788 expected_bits=0x3e9ef995 max_abs=0.0011422038078308105 max_rel=1.2395459648930636 max_ulp=1930908417
FIRST_DIVERGENCE_OBJECT row=1 layer=34 checkpoint=CP2-KV-P subobject=kv_raw result=MISMATCH elements=512 mismatch_count=512 first_index=0 actual_bits=0x3ea7950e expected_bits=0x3ea7ac90 max_abs=0.0012867078185081482 max_rel=1.7324090638044127 max_ulp=1929610241
FIRST_DIVERGENCE_OBJECT row=1 layer=34 checkpoint=CP2-KV-R subobject=raw_cache result=MISMATCH elements=512 mismatch_count=93 first_index=4 actual_bits=0xbcd00000 expected_bits=0xbcc00000 max_abs=0.125 max_rel=1.7333333333333334 max_ulp=1973420033
FIRST_DIVERGENCE_OBJECT row=1 layer=34 checkpoint=CP3-F subobject=attn_state_kv result=MISMATCH elements=8192 mismatch_count=2048 first_index=4096 actual_bits=0x3e012112 expected_bits=0x3e00d8be max_abs=0.0051023960113525391 max_rel=1.8595033071259204 max_ulp=1915970305
FIRST_DIVERGENCE_OBJECT row=1 layer=34 checkpoint=CP3-F subobject=attn_state_score result=MISMATCH elements=8192 mismatch_count=2048 first_index=4096 actual_bits=0x402130df expected_bits=0x4023161c max_abs=0.097504615783691406 max_rel=0.62166643636866104 max_ulp=11093504
FIRST_DIVERGENCE_OBJECT row=1 layer=34 checkpoint=CP3-F subobject=layer_n_comp result=EXACT elements=1
FIRST_DIVERGENCE_OBJECT row=1 layer=34 checkpoint=CP3-F subobject=index_state_kv result=MISMATCH elements=2048 mismatch_count=512 first_index=1024 actual_bits=0x3e6dfce2 expected_bits=0x3e6d339a max_abs=0.0031708478927612305 max_rel=0.50924362718257588 max_ulp=8672640
FIRST_DIVERGENCE_OBJECT row=1 layer=34 checkpoint=CP3-F subobject=index_state_score result=MISMATCH elements=2048 mismatch_count=512 first_index=1024 actual_bits=0x4016dc63 expected_bits=0x40189e2b max_abs=0.098888397216796875 max_rel=0.37582033525338165 max_ulp=5932672
FIRST_DIVERGENCE_OBJECT row=1 layer=34 checkpoint=CP3-F subobject=layer_n_index_comp result=EXACT elements=1
FIRST_DIVERGENCE_OBJECT row=1 layer=34 checkpoint=CP4 subobject=after_attn_hc result=MISMATCH elements=16384 mismatch_count=16383 first_index=0 actual_bits=0x40226c45 expected_bits=0x4022a264 max_abs=0.29419803619384766 max_rel=1.9494729960746473 max_ulp=2049612237
FIRST_DIVERGENCE_OBJECT row=1 layer=34 checkpoint=CP5 subobject=layer_output result=MISMATCH elements=16384 mismatch_count=16383 first_index=0 actual_bits=0x3ffb9d6a expected_bits=0x3ffc2d66 max_abs=0.29379558563232422 max_rel=1.7319942161410835 max_ulp=2051379766
FIRST_DIVERGENCE_OBJECT row=1 layer=35 checkpoint=CP1 subobject=attn_norm result=MISMATCH elements=4096 mismatch_count=4096 first_index=0 actual_bits=0x3d1da0f5 expected_bits=0x3d1e4c3b max_abs=0.0013021007180213928 max_rel=1.5107539540717139 max_ulp=1926393483
FIRST_DIVERGENCE_OBJECT row=1 layer=35 checkpoint=CP2-Q subobject=qr result=MISMATCH elements=1024 mismatch_count=1024 first_index=0 actual_bits=0x3cd76bc4 expected_bits=0x3cd66796 max_abs=0.0015228390693664551 max_rel=1.4996256284094556 max_ulp=1944915713
FIRST_DIVERGENCE_OBJECT row=1 layer=35 checkpoint=CP2-KV-P subobject=kv_raw result=MISMATCH elements=512 mismatch_count=512 first_index=0 actual_bits=0x3beeb744 expected_bits=0x3bee1f40 max_abs=0.0010262914001941681 max_rel=0.63271682216850866 max_ulp=11865776
FIRST_DIVERGENCE_OBJECT row=1 layer=35 checkpoint=CP2-KV-R subobject=raw_cache result=MISMATCH elements=512 mismatch_count=90 first_index=25 actual_bits=0xbd200000 expected_bits=0xbd100000 max_abs=0.125 max_rel=0.61538461538461542 max_ulp=11534336
FIRST_DIVERGENCE_OBJECT row=1 layer=35 checkpoint=CP3-F subobject=attn_state_kv result=MISMATCH elements=65536 mismatch_count=1024 first_index=8192 actual_bits=0xbce6575e expected_bits=0xbce72835 max_abs=0.0025560259819030762 max_rel=0.89758760246380465 max_ulp=27640448
FIRST_DIVERGENCE_OBJECT row=1 layer=35 checkpoint=CP3-F subobject=attn_state_score result=MISMATCH elements=65536 mismatch_count=1024 first_index=8192 actual_bits=0xbe6eec86 expected_bits=0xbe6de46c max_abs=0.0041526556015014648 max_rel=0.83382799425994614 max_ulp=21816896
FIRST_DIVERGENCE_OBJECT row=1 layer=35 checkpoint=CP3-F subobject=layer_n_comp result=EXACT elements=1
FIRST_DIVERGENCE_OBJECT row=1 layer=35 checkpoint=CP4 subobject=after_attn_hc result=MISMATCH elements=16384 mismatch_count=16384 first_index=0 actual_bits=0x3ffd9e26 expected_bits=0x3ffd9489 max_abs=0.29006290435791016 max_rel=1.9934567100594436 max_ulp=2045261345
FIRST_DIVERGENCE_OBJECT row=1 layer=35 checkpoint=CP5 subobject=layer_output result=MISMATCH elements=16384 mismatch_count=16384 first_index=0 actual_bits=0x400ac222 expected_bits=0x400acec4 max_abs=0.26515483856201172 max_rel=1.9363979582099242 max_ulp=2043598442
FIRST_DIVERGENCE_OBJECT row=1 layer=36 checkpoint=CP1 subobject=attn_norm result=MISMATCH elements=4096 mismatch_count=4096 first_index=0 actual_bits=0x3d92c04e expected_bits=0x3d928def max_abs=0.0074176788330078125 max_rel=1.8348580553698519 max_ulp=1945003506
FIRST_DIVERGENCE_OBJECT row=1 layer=36 checkpoint=CP2-Q subobject=qr result=MISMATCH elements=1024 mismatch_count=1024 first_index=0 actual_bits=0x3c546850 expected_bits=0x3c4f4698 max_abs=0.0024161338806152344 max_rel=1.7328521778499808 max_ulp=1952379361
FIRST_DIVERGENCE_OBJECT row=1 layer=36 checkpoint=CP2-KV-P subobject=kv_raw result=MISMATCH elements=512 mismatch_count=512 first_index=0 actual_bits=0x3d5c75f5 expected_bits=0x3d5ec09a max_abs=0.0020884200930595398 max_rel=0.52407569228914941 max_ulp=8899968
FIRST_DIVERGENCE_OBJECT row=1 layer=36 checkpoint=CP2-KV-R subobject=raw_cache result=MISMATCH elements=512 mismatch_count=132 first_index=3 actual_bits=0xbe800000 expected_bits=0xbe900000 max_abs=0.125 max_rel=0.55555555555555558 max_ulp=9437184
FIRST_DIVERGENCE_OBJECT row=1 layer=36 checkpoint=CP3-F subobject=attn_state_kv result=MISMATCH elements=8192 mismatch_count=2048 first_index=4096 actual_bits=0x3ce52d4e expected_bits=0x3ce19d62 max_abs=0.0034673959016799927 max_rel=1.9867419663665637 max_ulp=1968019617
FIRST_DIVERGENCE_OBJECT row=1 layer=36 checkpoint=CP3-F subobject=attn_state_score result=MISMATCH elements=8192 mismatch_count=2048 first_index=4096 actual_bits=0x3e442e8c expected_bits=0x3e47359a max_abs=0.015642762184143066 max_rel=1.8510237336167199 max_ulp=1978954881
FIRST_DIVERGENCE_OBJECT row=1 layer=36 checkpoint=CP3-F subobject=layer_n_comp result=EXACT elements=1
FIRST_DIVERGENCE_OBJECT row=1 layer=36 checkpoint=CP3-F subobject=index_state_kv result=MISMATCH elements=2048 mismatch_count=512 first_index=1024 actual_bits=0xbc8d75f2 expected_bits=0xbc8d2a02 max_abs=0.0034254193305969238 max_rel=1.2512858838528158 max_ulp=1935955457
FIRST_DIVERGENCE_OBJECT row=1 layer=36 checkpoint=CP3-F subobject=index_state_score result=MISMATCH elements=2048 mismatch_count=512 first_index=1024 actual_bits=0xbe0617c2 expected_bits=0xbe020a3b max_abs=0.015439510345458984 max_rel=0.96246938615751076 max_ulp=40217760
FIRST_DIVERGENCE_OBJECT row=1 layer=36 checkpoint=CP3-F subobject=layer_n_index_comp result=EXACT elements=1
FIRST_DIVERGENCE_OBJECT row=1 layer=36 checkpoint=CP4 subobject=after_attn_hc result=MISMATCH elements=16384 mismatch_count=16384 first_index=0 actual_bits=0x40166fe8 expected_bits=0x4016932f max_abs=0.2324545755982399 max_rel=1.9443886311808025 max_ulp=2039386380
FIRST_DIVERGENCE_OBJECT row=1 layer=36 checkpoint=CP5 subobject=layer_output result=MISMATCH elements=16384 mismatch_count=16384 first_index=0 actual_bits=0x3f301edf expected_bits=0x3f31143c max_abs=0.23052263259887695 max_rel=1.9842202483431002 max_ulp=2044566174
FIRST_DIVERGENCE_OBJECT row=1 layer=37 checkpoint=CP1 subobject=attn_norm result=MISMATCH elements=4096 mismatch_count=4096 first_index=0 actual_bits=0x3d6be004 expected_bits=0x3d6c8061 max_abs=0.001138634979724884 max_rel=1.7955270587216694 max_ulp=1934709454
FIRST_DIVERGENCE_OBJECT row=1 layer=37 checkpoint=CP2-Q subobject=qr result=MISMATCH elements=1024 mismatch_count=1024 first_index=0 actual_bits=0x3de6bf06 expected_bits=0x3de5e69e max_abs=0.0015696734189987183 max_rel=0.89313511938621193 max_ulp=27005568
FIRST_DIVERGENCE_OBJECT row=1 layer=37 checkpoint=CP2-KV-P subobject=kv_raw result=MISMATCH elements=512 mismatch_count=512 first_index=0 actual_bits=0x3cf950d8 expected_bits=0x3cfeb8bc max_abs=0.0015184059739112854 max_rel=1.5211505166154706 max_ulp=1927617153
FIRST_DIVERGENCE_OBJECT row=1 layer=37 checkpoint=CP2-KV-R subobject=raw_cache result=MISMATCH elements=512 mismatch_count=105 first_index=0 actual_bits=0x3e300000 expected_bits=0x3e400000 max_abs=0.0625 max_rel=1.5 max_ulp=1973420033
FIRST_DIVERGENCE_OBJECT row=1 layer=37 checkpoint=CP3-F subobject=attn_state_kv result=MISMATCH elements=65536 mismatch_count=1024 first_index=8192 actual_bits=0xbbd1ac1a expected_bits=0xbbd25e3e max_abs=0.0014932751655578613 max_rel=1.8753340033829333 max_ulp=1898632321
FIRST_DIVERGENCE_OBJECT row=1 layer=37 checkpoint=CP3-F subobject=attn_state_score result=MISMATCH elements=65536 mismatch_count=1024 first_index=8192 actual_bits=0xbe604304 expected_bits=0xbe605df8 max_abs=0.0030693560838699341 max_rel=0.60615183149778928 max_ulp=10697232
FIRST_DIVERGENCE_OBJECT row=1 layer=37 checkpoint=CP3-F subobject=layer_n_comp result=EXACT elements=1
FIRST_DIVERGENCE_OBJECT row=1 layer=37 checkpoint=CP4 subobject=after_attn_hc result=MISMATCH elements=16384 mismatch_count=16384 first_index=0 actual_bits=0x3f2beb4b expected_bits=0x3f2cd20c max_abs=0.2374994158744812 max_rel=1.9895315123648192 max_ulp=2053630280
FIRST_DIVERGENCE_OBJECT row=1 layer=37 checkpoint=CP5 subobject=layer_output result=MISMATCH elements=16384 mismatch_count=16384 first_index=0 actual_bits=0x3f55171a expected_bits=0x3f56618e max_abs=0.23623639345169067 max_rel=1.9878404606712594 max_ulp=2053487668
FIRST_DIVERGENCE_OBJECT row=1 layer=38 checkpoint=CP1 subobject=attn_norm result=MISMATCH elements=4096 mismatch_count=4096 first_index=0 actual_bits=0x3d781742 expected_bits=0x3d78820d max_abs=0.022281527519226074 max_rel=1.7309620530556571 max_ulp=1937216983
FIRST_DIVERGENCE_OBJECT row=1 layer=38 checkpoint=CP2-Q subobject=qr result=MISMATCH elements=1024 mismatch_count=1024 first_index=0 actual_bits=0xbe3eb4ec expected_bits=0xbe3f85ba max_abs=0.0028805434703826904 max_rel=1.0134123705167355 max_ulp=1919661825
FIRST_DIVERGENCE_OBJECT row=1 layer=38 checkpoint=CP2-KV-P subobject=kv_raw result=MISMATCH elements=512 mismatch_count=512 first_index=0 actual_bits=0xbdcf6d9a expected_bits=0xbdd1e278 max_abs=0.0036869049072265625 max_rel=1.9864553193273786 max_ulp=1936856577
FIRST_DIVERGENCE_OBJECT row=1 layer=38 checkpoint=CP2-KV-R subobject=raw_cache result=MISMATCH elements=512 mismatch_count=127 first_index=3 actual_bits=0xbe600000 expected_bits=0xbe700000 max_abs=0.125 max_rel=2 max_ulp=1969225729
FIRST_DIVERGENCE_OBJECT row=1 layer=38 checkpoint=CP3-F subobject=attn_state_kv result=MISMATCH elements=8192 mismatch_count=2048 first_index=4096 actual_bits=0xbd96de2b expected_bits=0xbd991790 max_abs=0.0049725770950317383 max_rel=0.90002330459100444 max_ulp=27296896
FIRST_DIVERGENCE_OBJECT row=1 layer=38 checkpoint=CP3-F subobject=attn_state_score result=MISMATCH elements=8192 mismatch_count=2048 first_index=4096 actual_bits=0xc02fbdb1 expected_bits=0xc0302421 max_abs=0.023067474365234375 max_rel=0.35151225390671048 max_ulp=5152416
FIRST_DIVERGENCE_OBJECT row=1 layer=38 checkpoint=CP3-F subobject=layer_n_comp result=EXACT elements=1
FIRST_DIVERGENCE_OBJECT row=1 layer=38 checkpoint=CP3-F subobject=index_state_kv result=MISMATCH elements=2048 mismatch_count=512 first_index=1024 actual_bits=0x3db960fc expected_bits=0x3dbb3282 max_abs=0.0064338445663452148 max_rel=0.93538659973506244 max_ulp=33057792
FIRST_DIVERGENCE_OBJECT row=1 layer=38 checkpoint=CP3-F subobject=index_state_score result=MISMATCH elements=2048 mismatch_count=512 first_index=1024 actual_bits=0xc02f6414 expected_bits=0xc02fb062 max_abs=0.021928310394287109 max_rel=0.15089300646174691 max_ulp=2114920
FIRST_DIVERGENCE_OBJECT row=1 layer=38 checkpoint=CP3-F subobject=layer_n_index_comp result=EXACT elements=1
FIRST_DIVERGENCE_OBJECT row=1 layer=38 checkpoint=CP4 subobject=after_attn_hc result=MISMATCH elements=16384 mismatch_count=16384 first_index=0 actual_bits=0x3efcc6af expected_bits=0x3effb6ca max_abs=0.2160639762878418 max_rel=1.9685268525662667 max_ulp=2067685045
FIRST_DIVERGENCE_OBJECT row=1 layer=38 checkpoint=CP5 subobject=layer_output result=MISMATCH elements=16384 mismatch_count=16384 first_index=0 actual_bits=0x3f09df9b expected_bits=0x3f0ac795 max_abs=0.2135014533996582 max_rel=1.9510118470451019 max_ulp=2059534802
FIRST_DIVERGENCE_OBJECT row=1 layer=39 checkpoint=CP1 subobject=attn_norm result=MISMATCH elements=4096 mismatch_count=4096 first_index=0 actual_bits=0x3cef3164 expected_bits=0x3cf03ace max_abs=0.0012079030275344849 max_rel=1.4604094748604486 max_ulp=1919534919
FIRST_DIVERGENCE_OBJECT row=1 layer=39 checkpoint=CP2-Q subobject=qr result=MISMATCH elements=1024 mismatch_count=1024 first_index=0 actual_bits=0x3e3884ed expected_bits=0x3e3874e0 max_abs=0.0016746670007705688 max_rel=0.41133291696544916 max_ulp=6828416
FIRST_DIVERGENCE_OBJECT row=1 layer=39 checkpoint=CP2-KV-P subobject=kv_raw result=MISMATCH elements=512 mismatch_count=512 first_index=0 actual_bits=0x3ecb7d67 expected_bits=0x3ecb82b6 max_abs=0.0017896592617034912 max_rel=0.76168585607242767 max_ulp=17202816
FIRST_DIVERGENCE_OBJECT row=1 layer=39 checkpoint=CP2-KV-R subobject=raw_cache result=MISMATCH elements=512 mismatch_count=111 first_index=1 actual_bits=0xbee00000 expected_bits=0xbed00000 max_abs=0.125 max_rel=0.76923076923076927 max_ulp=17825792
FIRST_DIVERGENCE_OBJECT row=1 layer=39 checkpoint=CP3-F subobject=attn_state_kv result=MISMATCH elements=65536 mismatch_count=1024 first_index=8192 actual_bits=0x3ca4fe24 expected_bits=0x3ca53e4c max_abs=0.0015437155961990356 max_rel=1.8771513228402714 max_ulp=1918693377
FIRST_DIVERGENCE_OBJECT row=1 layer=39 checkpoint=CP3-F subobject=attn_state_score result=MISMATCH elements=65536 mismatch_count=1024 first_index=8192 actual_bits=0x3e52b16f expected_bits=0x3e52acf1 max_abs=0.004571080207824707 max_rel=1.3940908051097438 max_ulp=1923215489
FIRST_DIVERGENCE_OBJECT row=1 layer=39 checkpoint=CP3-F subobject=layer_n_comp result=EXACT elements=1
FIRST_DIVERGENCE_OBJECT row=1 layer=39 checkpoint=CP4 subobject=after_attn_hc result=MISMATCH elements=16384 mismatch_count=16383 first_index=0 actual_bits=0x3f0a161c expected_bits=0x3f0ade4a max_abs=0.20913171768188477 max_rel=1.9459852598585858 max_ulp=2061526085
FIRST_DIVERGENCE_OBJECT row=1 layer=39 checkpoint=CP5 subobject=layer_output result=MISMATCH elements=16384 mismatch_count=16384 first_index=0 actual_bits=0x3ebf1e8b expected_bits=0x3ec0b6be max_abs=0.21151256561279297 max_rel=1.9496707579275674 max_ulp=2054052112
FIRST_DIVERGENCE_OBJECT row=1 layer=40 checkpoint=CP1 subobject=attn_norm result=MISMATCH elements=4096 mismatch_count=4096 first_index=0 actual_bits=0x3c9834ba expected_bits=0x3c98e50f max_abs=0.017133235931396484 max_rel=1.5407361463583866 max_ulp=1924553824
FIRST_DIVERGENCE_OBJECT row=1 layer=40 checkpoint=CP2-Q subobject=qr result=MISMATCH elements=1024 mismatch_count=1024 first_index=0 actual_bits=0xbebc9bc6 expected_bits=0xbebc7eb6 max_abs=0.0020679011940956116 max_rel=0.50580171517671513 max_ulp=8502912
FIRST_DIVERGENCE_OBJECT row=1 layer=40 checkpoint=CP2-KV-P subobject=kv_raw result=MISMATCH elements=512 mismatch_count=512 first_index=0 actual_bits=0xbdf228fe expected_bits=0xbdf4543e max_abs=0.0018974766135215759 max_rel=0.82183945937036429 max_ulp=21240320
FIRST_DIVERGENCE_OBJECT row=1 layer=40 checkpoint=CP2-KV-R subobject=raw_cache result=MISMATCH elements=512 mismatch_count=117 first_index=18 actual_bits=0x3d100000 expected_bits=0x3d200000 max_abs=0.125 max_rel=0.83333333333333337 max_ulp=20971520
FIRST_DIVERGENCE_OBJECT row=1 layer=40 checkpoint=CP3-F subobject=attn_state_kv result=MISMATCH elements=8192 mismatch_count=2048 first_index=4096 actual_bits=0xbdf9df3c expected_bits=0xbdf8b5fb max_abs=0.0030657500028610229 max_rel=1.4558692932784585 max_ulp=1929840001
FIRST_DIVERGENCE_OBJECT row=1 layer=40 checkpoint=CP3-F subobject=attn_state_score result=MISMATCH elements=8192 mismatch_count=2048 first_index=4096 actual_bits=0x3f0ea095 expected_bits=0x3f0d8400 max_abs=0.02277374267578125 max_rel=1.3530711192926963 max_ulp=1975603009
FIRST_DIVERGENCE_OBJECT row=1 layer=40 checkpoint=CP3-F subobject=layer_n_comp result=EXACT elements=1
FIRST_DIVERGENCE_OBJECT row=1 layer=40 checkpoint=CP3-F subobject=index_state_kv result=MISMATCH elements=2048 mismatch_count=512 first_index=1024 actual_bits=0x3e63869f expected_bits=0x3e63d51e max_abs=0.0024388283491134644 max_rel=0.40958137615458373 max_ulp=6481536
FIRST_DIVERGENCE_OBJECT row=1 layer=40 checkpoint=CP3-F subobject=index_state_score result=MISMATCH elements=2048 mismatch_count=512 first_index=1024 actual_bits=0x3f4a4ae5 expected_bits=0x3f495b50 max_abs=0.023396968841552734 max_rel=0.091777843791890024 max_ulp=993584
FIRST_DIVERGENCE_OBJECT row=1 layer=40 checkpoint=CP3-F subobject=layer_n_index_comp result=EXACT elements=1
FIRST_DIVERGENCE_OBJECT row=1 layer=40 checkpoint=CP4 subobject=after_attn_hc result=MISMATCH elements=16384 mismatch_count=16384 first_index=0 actual_bits=0x3eb284a3 expected_bits=0x3eb423ea max_abs=0.20682001113891602 max_rel=1.9999395766138588 max_ulp=2065852144
FIRST_DIVERGENCE_OBJECT row=1 layer=40 checkpoint=CP5 subobject=layer_output result=MISMATCH elements=16384 mismatch_count=16384 first_index=0 actual_bits=0x401fa3c0 expected_bits=0x401f9a06 max_abs=0.19631814956665039 max_rel=1.992708234408135 max_ulp=2054921605
FIRST_DIVERGENCE_OBJECT row=1 layer=41 checkpoint=CP1 subobject=attn_norm result=MISMATCH elements=4096 mismatch_count=4096 first_index=0 actual_bits=0x3d4625fe expected_bits=0x3d460d41 max_abs=0.0013093594461679459 max_rel=1.7825139462550621 max_ulp=1922478227
FIRST_DIVERGENCE_OBJECT row=1 layer=41 checkpoint=CP2-Q subobject=qr result=MISMATCH elements=1024 mismatch_count=1024 first_index=0 actual_bits=0xbe9fc8ff expected_bits=0xbea0036f max_abs=0.0019794255495071411 max_rel=1.9376379610273802 max_ulp=1946167425
FIRST_DIVERGENCE_OBJECT row=1 layer=41 checkpoint=CP2-KV-P subobject=kv_raw result=MISMATCH elements=512 mismatch_count=512 first_index=0 actual_bits=0xbe8c016a expected_bits=0xbe8c7dc6 max_abs=0.0017881616950035095 max_rel=1.370140702059762 max_ulp=1895230465
FIRST_DIVERGENCE_OBJECT row=1 layer=41 checkpoint=CP2-KV-R subobject=raw_cache result=MISMATCH elements=512 mismatch_count=112 first_index=3 actual_bits=0x3a500000 expected_bits=0xb9900000 max_abs=0.125 max_rel=1.3461538461538463 max_ulp=1944059905
FIRST_DIVERGENCE_OBJECT row=1 layer=41 checkpoint=CP3-F subobject=attn_state_kv result=MISMATCH elements=65536 mismatch_count=1024 first_index=8192 actual_bits=0xbbbca8c0 expected_bits=0xbbb40648 max_abs=0.0014003217220306396 max_rel=0.67989057878066017 max_ulp=14034688
FIRST_DIVERGENCE_OBJECT row=1 layer=41 checkpoint=CP3-F subobject=attn_state_score result=MISMATCH elements=65536 mismatch_count=1024 first_index=8192 actual_bits=0x3b2c2ad0 expected_bits=0x3b4d5f70 max_abs=0.0050612390041351318 max_rel=1.4128525081108061 max_ulp=1960101057
FIRST_DIVERGENCE_OBJECT row=1 layer=41 checkpoint=CP3-F subobject=layer_n_comp result=EXACT elements=1
FIRST_DIVERGENCE_OBJECT row=1 layer=41 checkpoint=CP4 subobject=after_attn_hc result=MISMATCH elements=16384 mismatch_count=16384 first_index=0 actual_bits=0x400e1ef6 expected_bits=0x400e0121 max_abs=0.21011543273925781 max_rel=1.8650073914069727 max_ulp=2060172900
FIRST_DIVERGENCE_OBJECT row=1 layer=41 checkpoint=CP5 subobject=layer_output result=MISMATCH elements=16384 mismatch_count=16384 first_index=0 actual_bits=0x4007aa96 expected_bits=0x40000a1f max_abs=0.45763921737670898 max_rel=1.9938860484452217 max_ulp=2089024642
FIRST_DIVERGENCE_OBJECT row=1 layer=42 checkpoint=CP1 subobject=attn_norm result=MISMATCH elements=4096 mismatch_count=4096 first_index=0 actual_bits=0x3d095263 expected_bits=0x3d079fd4 max_abs=0.0066576600074768066 max_rel=1.9284239485534775 max_ulp=1954088410
FIRST_DIVERGENCE_OBJECT row=1 layer=42 checkpoint=CP2-Q subobject=qr result=MISMATCH elements=1024 mismatch_count=1024 first_index=0 actual_bits=0x3d547506 expected_bits=0x3d50a3d1 max_abs=0.0032405070960521698 max_rel=1.3072182297825889 max_ulp=1940573569
FIRST_DIVERGENCE_OBJECT row=1 layer=42 checkpoint=CP2-KV-P subobject=kv_raw result=MISMATCH elements=512 mismatch_count=512 first_index=0 actual_bits=0xbe62f532 expected_bits=0xbe62a15e max_abs=0.004109896719455719 max_rel=0.90505752421643126 max_ulp=28940672
FIRST_DIVERGENCE_OBJECT row=1 layer=42 checkpoint=CP2-KV-R subobject=raw_cache result=MISMATCH elements=512 mismatch_count=183 first_index=9 actual_bits=0xbed00000 expected_bits=0xbec00000 max_abs=0.125 max_rel=0.90625 max_ulp=29360128
FIRST_DIVERGENCE_OBJECT row=1 layer=42 checkpoint=CP3-F subobject=attn_state_kv result=MISMATCH elements=8192 mismatch_count=2048 first_index=4096 actual_bits=0x3e99cae0 expected_bits=0x3e99ff63 max_abs=0.00524158775806427 max_rel=1.7209872150475898 max_ulp=1951776849
FIRST_DIVERGENCE_OBJECT row=1 layer=42 checkpoint=CP3-F subobject=attn_state_score result=MISMATCH elements=8192 mismatch_count=2048 first_index=4096 actual_bits=0x3f4ade7d expected_bits=0x3f4b2aae max_abs=0.024518966674804688 max_rel=1.095853726105827 max_ulp=1890251777
FIRST_DIVERGENCE_OBJECT row=1 layer=42 checkpoint=CP3-F subobject=layer_n_comp result=EXACT elements=1
FIRST_DIVERGENCE_OBJECT row=1 layer=42 checkpoint=CP3-F subobject=index_state_kv result=MISMATCH elements=2048 mismatch_count=512 first_index=1024 actual_bits=0xbdac9631 expected_bits=0xbdad898a max_abs=0.0033798553049564362 max_rel=1.8727483816493105 max_ulp=1970046465
FIRST_DIVERGENCE_OBJECT row=1 layer=42 checkpoint=CP3-F subobject=index_state_score result=MISMATCH elements=2048 mismatch_count=512 first_index=1024 actual_bits=0xbef57194 expected_bits=0xbef3d140 max_abs=0.0186920166015625 max_rel=1.6267056530214425 max_ulp=1969977025
FIRST_DIVERGENCE_OBJECT row=1 layer=42 checkpoint=CP3-F subobject=layer_n_index_comp result=EXACT elements=1
FIRST_DIVERGENCE_OBJECT row=1 layer=42 checkpoint=CP4 subobject=after_attn_hc result=MISMATCH elements=16384 mismatch_count=16384 first_index=0 actual_bits=0x3fc99a7c expected_bits=0x3fba9d7a max_abs=0.44846343994140625 max_rel=1.994213734741463 max_ulp=2091678326
FIRST_DIVERGENCE_OBJECT row=1 layer=42 checkpoint=CP5 subobject=layer_output result=MISMATCH elements=16384 mismatch_count=16384 first_index=0 actual_bits=0x3f209bf4 expected_bits=0x3f03b8f3 max_abs=0.46774721145629883 max_rel=1.992353930907216 max_ulp=2084065372
FIRST_DIVERGENCE_OBJECT row=2 layer=0 checkpoint=CP1 subobject=attn_norm result=EXACT elements=4096
FIRST_DIVERGENCE_OBJECT row=2 layer=0 checkpoint=CP2-Q subobject=qr result=EXACT elements=1024
FIRST_DIVERGENCE_OBJECT row=2 layer=0 checkpoint=CP2-KV-P subobject=kv_raw result=MISMATCH elements=512 mismatch_count=415 first_index=0 actual_bits=0x3cd8fd57 expected_bits=0x3cd8fd54 max_abs=5.2154064178466797e-08 max_rel=4.5352159518662414e-05 max_ulp=384
FIRST_DIVERGENCE_OBJECT row=2 layer=0 checkpoint=CP2-KV-R subobject=raw_cache result=EXACT elements=512
FIRST_DIVERGENCE_OBJECT row=2 layer=0 checkpoint=CP4 subobject=after_attn_hc result=MISMATCH elements=16384 mismatch_count=5518 first_index=0 actual_bits=0xbca8566d expected_bits=0xbca85698 max_abs=4.8428773880004883e-07 max_rel=0.0046737302214247276 max_ulp=41581
FIRST_DIVERGENCE_OBJECT row=2 layer=0 checkpoint=CP5 subobject=layer_output result=MISMATCH elements=16384 mismatch_count=12857 first_index=0 actual_bits=0x3c0d4c43 expected_bits=0x3c0d4c1f max_abs=8.0466270446777344e-07 max_rel=0.0067699903011836657 max_ulp=106944
FIRST_DIVERGENCE_OBJECT row=2 layer=1 checkpoint=CP1 subobject=attn_norm result=MISMATCH elements=4096 mismatch_count=3888 first_index=0 actual_bits=0x3cbbd32e expected_bits=0x3cbbd31b max_abs=9.6857547760009766e-08 max_rel=0.0015739038558733845 max_ulp=14004
FIRST_DIVERGENCE_OBJECT row=2 layer=1 checkpoint=CP2-Q subobject=qr result=MISMATCH elements=1024 mismatch_count=985 first_index=0 actual_bits=0x3e52f0ac expected_bits=0x3e52f0af max_abs=2.0489096641540527e-07 max_rel=0.00027748432046430146 max_ulp=2656
FIRST_DIVERGENCE_OBJECT row=2 layer=1 checkpoint=CP2-KV-P subobject=kv_raw result=MISMATCH elements=512 mismatch_count=474 first_index=0 actual_bits=0xbd18d266 expected_bits=0xbd18d268 max_abs=1.6391277313232422e-07 max_rel=0.0030926448836896599 max_ulp=47104
FIRST_DIVERGENCE_OBJECT row=2 layer=1 checkpoint=CP2-KV-R subobject=raw_cache result=EXACT elements=512
FIRST_DIVERGENCE_OBJECT row=2 layer=1 checkpoint=CP4 subobject=after_attn_hc result=MISMATCH elements=16384 mismatch_count=12618 first_index=0 actual_bits=0x3cc4d76a expected_bits=0x3cc4d763 max_abs=1.0952353477478027e-06 max_rel=0.0078520502627915292 max_ulp=116930
FIRST_DIVERGENCE_OBJECT row=2 layer=1 checkpoint=CP5 subobject=layer_output result=MISMATCH elements=16384 mismatch_count=14413 first_index=0 actual_bits=0x3cbdb0b6 expected_bits=0x3cbdb0b1 max_abs=9.3504786491394043e-07 max_rel=0.012347985430266209 max_ulp=156118
FIRST_DIVERGENCE_OBJECT row=2 layer=2 checkpoint=CP1 subobject=attn_norm result=MISMATCH elements=4096 mismatch_count=4040 first_index=0 actual_bits=0x3d5959df expected_bits=0x3d5959f4 max_abs=1.3113021850585938e-06 max_rel=0.0069752196089057803 max_ulp=97611
FIRST_DIVERGENCE_OBJECT row=2 layer=2 checkpoint=CP2-Q subobject=qr result=MISMATCH elements=1024 mismatch_count=999 first_index=0 actual_bits=0xbe2f5347 expected_bits=0xbe2f533e max_abs=7.674098014831543e-07 max_rel=0.0013482187024122445 max_ulp=17792
FIRST_DIVERGENCE_OBJECT row=2 layer=2 checkpoint=CP2-KV-P subobject=kv_raw result=MISMATCH elements=512 mismatch_count=506 first_index=0 actual_bits=0x3dbb6c86 expected_bits=0x3dbb6c60 max_abs=9.3877315521240234e-07 max_rel=0.00093725216889764724 max_ulp=9984
FIRST_DIVERGENCE_OBJECT row=2 layer=2 checkpoint=CP2-KV-R subobject=raw_cache result=EXACT elements=512
FIRST_DIVERGENCE_OBJECT row=2 layer=2 checkpoint=CP3-F subobject=attn_state_kv result=MISMATCH elements=8192 mismatch_count=3014 first_index=4096 actual_bits=0x3e18ecaa expected_bits=0x3e18ecbc max_abs=1.0430812835693359e-06 max_rel=0.0043259557344064387 max_ulp=54784
FIRST_DIVERGENCE_OBJECT row=2 layer=2 checkpoint=CP3-F subobject=attn_state_score result=MISMATCH elements=8192 mismatch_count=2887 first_index=4096 actual_bits=0x3f080f5b expected_bits=0x3f080f64 max_abs=1.9073486328125e-06 max_rel=0.010917674830333431 max_ulp=151552
FIRST_DIVERGENCE_OBJECT row=2 layer=2 checkpoint=CP3-F subobject=layer_n_comp result=EXACT elements=1
FIRST_DIVERGENCE_OBJECT row=2 layer=2 checkpoint=CP3-F subobject=index_state_kv result=MISMATCH elements=2048 mismatch_count=739 first_index=1024 actual_bits=0xbe43b7b2 expected_bits=0xbe43b798 max_abs=1.1622905731201172e-06 max_rel=0.0013633593173579699 max_ulp=21760
FIRST_DIVERGENCE_OBJECT row=2 layer=2 checkpoint=CP3-F subobject=index_state_score result=MISMATCH elements=2048 mismatch_count=733 first_index=1024 actual_bits=0xbef764b7 expected_bits=0xbef764ab max_abs=3.1143426895141602e-06 max_rel=0.0002849395151120194 max_ulp=3344
FIRST_DIVERGENCE_OBJECT row=2 layer=2 checkpoint=CP3-F subobject=layer_n_index_comp result=EXACT elements=1
FIRST_DIVERGENCE_OBJECT row=2 layer=2 checkpoint=CP4 subobject=after_attn_hc result=MISMATCH elements=16384 mismatch_count=14554 first_index=0 actual_bits=0x3cc96d6f expected_bits=0x3cc96c90 max_abs=1.6279518604278564e-06 max_rel=0.19212384774978536 max_ulp=2886505
FIRST_DIVERGENCE_OBJECT row=2 layer=2 checkpoint=CP5 subobject=layer_output result=MISMATCH elements=16384 mismatch_count=15770 first_index=0 actual_bits=0xbca25ff1 expected_bits=0xbca26037 max_abs=1.5953555703163147e-06 max_rel=0.052149182766326213 max_ulp=504222
FIRST_DIVERGENCE_OBJECT row=2 layer=3 checkpoint=CP1 subobject=attn_norm result=MISMATCH elements=4096 mismatch_count=4065 first_index=0 actual_bits=0x3bf9d32e expected_bits=0x3bf9d2dc max_abs=1.1175870895385742e-06 max_rel=0.02189012472877163 max_ulp=286612
FIRST_DIVERGENCE_OBJECT row=2 layer=3 checkpoint=CP2-Q subobject=qr result=MISMATCH elements=1024 mismatch_count=1015 first_index=0 actual_bits=0xbdca4a91 expected_bits=0xbdca4adf max_abs=1.3113021850585938e-06 max_rel=0.003191106849643435 max_ulp=27264
FIRST_DIVERGENCE_OBJECT row=2 layer=3 checkpoint=CP2-KV-P subobject=kv_raw result=MISMATCH elements=512 mismatch_count=505 first_index=0 actual_bits=0xbe43668a expected_bits=0xbe436684 max_abs=1.7881393432617188e-06 max_rel=0.0006500097946681388 max_ulp=9632
FIRST_DIVERGENCE_OBJECT row=2 layer=3 checkpoint=CP2-KV-R subobject=raw_cache result=MISMATCH elements=512 mismatch_count=3 first_index=436 actual_bits=0x3ca00000 expected_bits=0x3c900000 max_abs=0.001953125 max_rel=0.10000000000000001 max_ulp=1048576
FIRST_DIVERGENCE_OBJECT row=2 layer=3 checkpoint=CP3-F subobject=attn_state_kv result=MISMATCH elements=65536 mismatch_count=1527 first_index=8192 actual_bits=0xbdab490e expected_bits=0xbdab48a6 max_abs=1.6633421182632446e-06 max_rel=0.0059840293127825239 max_ulp=76928
FIRST_DIVERGENCE_OBJECT row=2 layer=3 checkpoint=CP3-F subobject=attn_state_score result=MISMATCH elements=65536 mismatch_count=1519 first_index=8192 actual_bits=0x3c2eebec expected_bits=0x3c2eed4f max_abs=6.67572021484375e-06 max_rel=0.0023171482974910394 max_ulp=21184
FIRST_DIVERGENCE_OBJECT row=2 layer=3 checkpoint=CP3-F subobject=layer_n_comp result=EXACT elements=1
FIRST_DIVERGENCE_OBJECT row=2 layer=3 checkpoint=CP4 subobject=after_attn_hc result=MISMATCH elements=16384 mismatch_count=16156 first_index=0 actual_bits=0x3dab86c7 expected_bits=0x3dab83ff max_abs=1.9945204257965088e-05 max_rel=0.096676211222286493 max_ulp=1042369
FIRST_DIVERGENCE_OBJECT row=2 layer=3 checkpoint=CP5 subobject=layer_output result=MISMATCH elements=16384 mismatch_count=16259 first_index=0 actual_bits=0x3db48f4a expected_bits=0x3db48cd4 max_abs=1.8388032913208008e-05 max_rel=0.12004532570310666 max_ulp=1540688
FIRST_DIVERGENCE_OBJECT row=2 layer=4 checkpoint=CP1 subobject=attn_norm result=MISMATCH elements=4096 mismatch_count=4091 first_index=0 actual_bits=0x3d4093f0 expected_bits=0x3d40931d max_abs=4.9285590648651123e-06 max_rel=0.42071018612152172 max_ulp=6180789
FIRST_DIVERGENCE_OBJECT row=2 layer=4 checkpoint=CP2-Q subobject=qr result=MISMATCH elements=1024 mismatch_count=1023 first_index=0 actual_bits=0xbd2e3c33 expected_bits=0xbd2e3612 max_abs=8.2254409790039062e-06 max_rel=0.031721384205856254 max_ulp=292864
FIRST_DIVERGENCE_OBJECT row=2 layer=4 checkpoint=CP2-KV-P subobject=kv_raw result=MISMATCH elements=512 mismatch_count=510 first_index=0 actual_bits=0x3e375d30 expected_bits=0x3e375d9a max_abs=6.6608190536499023e-06 max_rel=0.007642583776719873 max_ulp=83840
FIRST_DIVERGENCE_OBJECT row=2 layer=4 checkpoint=CP2-KV-R subobject=raw_cache result=MISMATCH elements=512 mismatch_count=3 first_index=471 actual_bits=0xbbf60000 expected_bits=0xbbf62000 max_abs=0.0001220703125 max_rel=0.00076569678407350692 max_ulp=8192
FIRST_DIVERGENCE_OBJECT row=2 layer=4 checkpoint=CP3-F subobject=attn_state_kv result=MISMATCH elements=8192 mismatch_count=3060 first_index=4096 actual_bits=0x3d0046b5 expected_bits=0x3d00475d max_abs=9.5572322607040405e-06 max_rel=0.14536340852130325 max_ulp=2197504
FIRST_DIVERGENCE_OBJECT row=2 layer=4 checkpoint=CP3-F subobject=attn_state_score result=MISMATCH elements=8192 mismatch_count=3025 first_index=4096 actual_bits=0xbf9262e1 expected_bits=0xbf926313 max_abs=1.8596649169921875e-05 max_rel=0.0012996031746031747 max_ulp=16768
FIRST_DIVERGENCE_OBJECT row=2 layer=4 checkpoint=CP3-F subobject=layer_n_comp result=EXACT elements=1
FIRST_DIVERGENCE_OBJECT row=2 layer=4 checkpoint=CP3-F subobject=index_state_kv result=MISMATCH elements=2048 mismatch_count=763 first_index=1024 actual_bits=0x3ce92c53 expected_bits=0x3ce92ed0 max_abs=9.277835488319397e-06 max_rel=0.010182492421794458 max_ulp=169408
FIRST_DIVERGENCE_OBJECT row=2 layer=4 checkpoint=CP3-F subobject=index_state_score result=MISMATCH elements=2048 mismatch_count=755 first_index=1024 actual_bits=0xbf9e5cae expected_bits=0xbf9e5cf4 max_abs=3.3140182495117188e-05 max_rel=0.00016368078542750467 max_ulp=2616
FIRST_DIVERGENCE_OBJECT row=2 layer=4 checkpoint=CP3-F subobject=layer_n_index_comp result=EXACT elements=1
FIRST_DIVERGENCE_OBJECT row=2 layer=4 checkpoint=CP4 subobject=after_attn_hc result=MISMATCH elements=16384 mismatch_count=16288 first_index=0 actual_bits=0x3db6cac3 expected_bits=0x3db6c916 max_abs=1.7039477825164795e-05 max_rel=0.75831652339211686 max_ulp=17162073
FIRST_DIVERGENCE_OBJECT row=2 layer=4 checkpoint=CP5 subobject=layer_output result=MISMATCH elements=16384 mismatch_count=16304 first_index=0 actual_bits=0x3db5ff34 expected_bits=0x3db5feb8 max_abs=1.578405499458313e-05 max_rel=0.15923968187146612 max_ulp=1636743
FIRST_DIVERGENCE_OBJECT row=2 layer=5 checkpoint=CP1 subobject=attn_norm result=MISMATCH elements=4096 mismatch_count=4090 first_index=0 actual_bits=0x3cbb8ac9 expected_bits=0x3cbb8d5b max_abs=2.5164335966110229e-06 max_rel=0.086384126121109336 max_ulp=945028
FIRST_DIVERGENCE_OBJECT row=2 layer=5 checkpoint=CP2-Q subobject=qr result=MISMATCH elements=1024 mismatch_count=1019 first_index=0 actual_bits=0x3daebbd8 expected_bits=0x3daebbd9 max_abs=3.8743019104003906e-06 max_rel=0.030578034682080923 max_ulp=270848
FIRST_DIVERGENCE_OBJECT row=2 layer=5 checkpoint=CP2-KV-P subobject=kv_raw result=MISMATCH elements=512 mismatch_count=508 first_index=0 actual_bits=0xbdb3720c expected_bits=0xbdb372e0 max_abs=4.336237907409668e-06 max_rel=0.065217799298087575 max_ulp=889600
FIRST_DIVERGENCE_OBJECT row=2 layer=5 checkpoint=CP2-KV-R subobject=raw_cache result=MISMATCH elements=512 mismatch_count=4 first_index=467 actual_bits=0xbf95e000 expected_bits=0xbf960000 max_abs=0.0009765625 max_rel=0.0074224021592442643 max_ulp=90112
FIRST_DIVERGENCE_OBJECT row=2 layer=5 checkpoint=CP3-F subobject=attn_state_kv result=MISMATCH elements=65536 mismatch_count=1535 first_index=8192 actual_bits=0xbd9a4834 expected_bits=0xbd9a476d max_abs=3.9711594581604004e-06 max_rel=0.0046853335094036806 max_ulp=59104
FIRST_DIVERGENCE_OBJECT row=2 layer=5 checkpoint=CP3-F subobject=attn_state_score result=MISMATCH elements=65536 mismatch_count=1531 first_index=8192 actual_bits=0x3ec41dbe expected_bits=0x3ec41d7b max_abs=1.0117888450622559e-05 max_rel=0.005230715805009333 max_ulp=61696
FIRST_DIVERGENCE_OBJECT row=2 layer=5 checkpoint=CP3-F subobject=layer_n_comp result=EXACT elements=1
FIRST_DIVERGENCE_OBJECT row=2 layer=5 checkpoint=CP4 subobject=after_attn_hc result=MISMATCH elements=16384 mismatch_count=16319 first_index=0 actual_bits=0x3dafee95 expected_bits=0x3dafee47 max_abs=1.4768913388252258e-05 max_rel=1.5155899098831425 max_ulp=1732912384
FIRST_DIVERGENCE_OBJECT row=2 layer=5 checkpoint=CP5 subobject=layer_output result=MISMATCH elements=16384 mismatch_count=16333 first_index=0 actual_bits=0x3db9df23 expected_bits=0x3db9dedf max_abs=1.4357268810272217e-05 max_rel=0.10263797845566577 max_ulp=1537240
FIRST_DIVERGENCE_OBJECT row=2 layer=6 checkpoint=CP1 subobject=attn_norm result=MISMATCH elements=4096 mismatch_count=4090 first_index=0 actual_bits=0x3d8aff3a expected_bits=0x3d8affc0 max_abs=2.288818359375e-05 max_rel=0.20111918137619408 max_ulp=3095799
FIRST_DIVERGENCE_OBJECT row=2 layer=6 checkpoint=CP2-Q subobject=qr result=MISMATCH elements=1024 mismatch_count=1023 first_index=0 actual_bits=0x3e1f3582 expected_bits=0x3e1f3522 max_abs=6.6608190536499023e-06 max_rel=0.002704416332728026 max_ulp=33584
FIRST_DIVERGENCE_OBJECT row=2 layer=6 checkpoint=CP2-KV-P subobject=kv_raw result=MISMATCH elements=512 mismatch_count=512 first_index=0 actual_bits=0x3cc29334 expected_bits=0x3cc294c2 max_abs=6.5714120864868164e-06 max_rel=0.14908988553199476 max_ulp=1627136
FIRST_DIVERGENCE_OBJECT row=2 layer=6 checkpoint=CP2-KV-R subobject=raw_cache result=MISMATCH elements=512 mismatch_count=4 first_index=52 actual_bits=0xb8200000 expected_bits=0xb8400000 max_abs=0.001953125 max_rel=0.16666666666666666 max_ulp=2097152
FIRST_DIVERGENCE_OBJECT row=2 layer=6 checkpoint=CP3-F subobject=attn_state_kv result=MISMATCH elements=8192 mismatch_count=3068 first_index=4096 actual_bits=0xbdbbb626 expected_bits=0xbdbbb762 max_abs=9.3579292297363281e-06 max_rel=0.15384615384615385 max_ulp=1703936
FIRST_DIVERGENCE_OBJECT row=2 layer=6 checkpoint=CP3-F subobject=attn_state_score result=MISMATCH elements=8192 mismatch_count=3068 first_index=4096 actual_bits=0xbfb32ffd expected_bits=0xbfb32f17 max_abs=3.7431716918945312e-05 max_rel=0.00095692173387502933 max_ulp=14592
FIRST_DIVERGENCE_OBJECT row=2 layer=6 checkpoint=CP3-F subobject=layer_n_comp result=EXACT elements=1
FIRST_DIVERGENCE_OBJECT row=2 layer=6 checkpoint=CP3-F subobject=index_state_kv result=MISMATCH elements=2048 mismatch_count=767 first_index=1024 actual_bits=0xbd86996c expected_bits=0xbd869aca max_abs=1.9073486328125e-05 max_rel=0.006800561251139401 max_ulp=84992
FIRST_DIVERGENCE_OBJECT row=2 layer=6 checkpoint=CP3-F subobject=index_state_score result=MISMATCH elements=2048 mismatch_count=762 first_index=1024 actual_bits=0xbff5973c expected_bits=0xbff59642 max_abs=4.57763671875e-05 max_rel=0.00058017928286852591 max_ulp=7456
FIRST_DIVERGENCE_OBJECT row=2 layer=6 checkpoint=CP3-F subobject=layer_n_index_comp result=EXACT elements=1
FIRST_DIVERGENCE_OBJECT row=2 layer=6 checkpoint=CP4 subobject=after_attn_hc result=MISMATCH elements=16384 mismatch_count=16319 first_index=0 actual_bits=0x3dcfdd03 expected_bits=0x3dcfdca8 max_abs=1.6410835087299347e-05 max_rel=0.24900698954789613 max_ulp=3955835
FIRST_DIVERGENCE_OBJECT row=2 layer=6 checkpoint=CP5 subobject=layer_output result=MISMATCH elements=16384 mismatch_count=16343 first_index=0 actual_bits=0x3dd7ab38 expected_bits=0x3dd7aaea max_abs=1.6923993825912476e-05 max_rel=1.1069128219775484 max_ulp=1816861394
FIRST_DIVERGENCE_OBJECT row=2 layer=7 checkpoint=CP1 subobject=attn_norm result=MISMATCH elements=4096 mismatch_count=4090 first_index=0 actual_bits=0x3ce1ef7c expected_bits=0x3ce1f076 max_abs=2.3036263883113861e-06 max_rel=0.22790682649251029 max_ulp=3774447
FIRST_DIVERGENCE_OBJECT row=2 layer=7 checkpoint=CP2-Q subobject=qr result=MISMATCH elements=1024 mismatch_count=1023 first_index=0 actual_bits=0x3d9569a7 expected_bits=0x3d9568da max_abs=4.7115609049797058e-06 max_rel=0.27204253433761633 max_ulp=4173824
FIRST_DIVERGENCE_OBJECT row=2 layer=7 checkpoint=CP2-KV-P subobject=kv_raw result=MISMATCH elements=512 mismatch_count=510 first_index=0 actual_bits=0x3b7e74a6 expected_bits=0x3b7e6014 max_abs=5.1800161600112915e-06 max_rel=0.0031439193328971827 max_ulp=38752
FIRST_DIVERGENCE_OBJECT row=2 layer=7 checkpoint=CP2-KV-R subobject=raw_cache result=MISMATCH elements=512 mismatch_count=10 first_index=84 actual_bits=0xbde00000 expected_bits=0xbdf00000 max_abs=0.0078125 max_rel=0.076923076923076927 max_ulp=1048576
FIRST_DIVERGENCE_OBJECT row=2 layer=7 checkpoint=CP3-F subobject=attn_state_kv result=MISMATCH elements=65536 mismatch_count=1533 first_index=8192 actual_bits=0xbd81f643 expected_bits=0xbd81f718 max_abs=5.2414834499359131e-06 max_rel=0.018432851754323534 max_ulp=265216
FIRST_DIVERGENCE_OBJECT row=2 layer=7 checkpoint=CP3-F subobject=attn_state_score result=MISMATCH elements=65536 mismatch_count=1532 first_index=8192 actual_bits=0xbd928106 expected_bits=0xbd928248 max_abs=3.3259391784667969e-05 max_rel=0.04222575168410099 max_ulp=394752
FIRST_DIVERGENCE_OBJECT row=2 layer=7 checkpoint=CP3-F subobject=layer_n_comp result=EXACT elements=1
FIRST_DIVERGENCE_OBJECT row=2 layer=7 checkpoint=CP4 subobject=after_attn_hc result=MISMATCH elements=16384 mismatch_count=16357 first_index=0 actual_bits=0x3ddcfd15 expected_bits=0x3ddcfc98 max_abs=7.5474381446838379e-05 max_rel=0.28580106855835563 max_ulp=3972550
FIRST_DIVERGENCE_OBJECT row=2 layer=7 checkpoint=CP5 subobject=layer_output result=MISMATCH elements=16384 mismatch_count=16358 first_index=0 actual_bits=0x3ddd8786 expected_bits=0x3ddd86f8 max_abs=0.00010275840759277344 max_rel=0.85464786437240858 max_ulp=23547204
FIRST_DIVERGENCE_OBJECT row=2 layer=8 checkpoint=CP1 subobject=attn_norm result=MISMATCH elements=4096 mismatch_count=4095 first_index=0 actual_bits=0x3da6fa40 expected_bits=0x3da6f84f max_abs=0.0001468658447265625 max_rel=0.78175763098926165 max_ulp=18726092
FIRST_DIVERGENCE_OBJECT row=2 layer=8 checkpoint=CP2-Q subobject=qr result=MISMATCH elements=1024 mismatch_count=1024 first_index=0 actual_bits=0xbeb63550 expected_bits=0xbeb63300 max_abs=3.0346214771270752e-05 max_rel=0.24503311258278146 max_ulp=3342336
FIRST_DIVERGENCE_OBJECT row=2 layer=8 checkpoint=CP2-KV-P subobject=kv_raw result=MISMATCH elements=512 mismatch_count=512 first_index=0 actual_bits=0x3e06b106 expected_bits=0x3e06b1a4 max_abs=3.8966536521911621e-05 max_rel=0.0061931247104592283 max_ulp=83584
FIRST_DIVERGENCE_OBJECT row=2 layer=8 checkpoint=CP2-KV-R subobject=raw_cache result=MISMATCH elements=512 mismatch_count=11 first_index=455 actual_bits=0x3f218000 expected_bits=0x3f21a000 max_abs=0.00048828125 max_rel=0.0023183925811437402 max_ulp=24576
FIRST_DIVERGENCE_OBJECT row=2 layer=8 checkpoint=CP3-F subobject=attn_state_kv result=MISMATCH elements=8192 mismatch_count=3071 first_index=4096 actual_bits=0xbd9ed2a6 expected_bits=0xbd9ed4e8 max_abs=3.9339065551757812e-05 max_rel=0.09756483238456673 max_ulp=1263616
FIRST_DIVERGENCE_OBJECT row=2 layer=8 checkpoint=CP3-F subobject=attn_state_score result=MISMATCH elements=8192 mismatch_count=3069 first_index=4096 actual_bits=0xbf05657d expected_bits=0xbf055fee max_abs=0.00018191337585449219 max_rel=0.0030226256737325027 max_ulp=39552
FIRST_DIVERGENCE_OBJECT row=2 layer=8 checkpoint=CP3-F subobject=layer_n_comp result=EXACT elements=1
FIRST_DIVERGENCE_OBJECT row=2 layer=8 checkpoint=CP3-F subobject=index_state_kv result=MISMATCH elements=2048 mismatch_count=766 first_index=1024 actual_bits=0xba82ec00 expected_bits=0xba834d60 max_abs=4.1637569665908813e-05 max_rel=0.005185746478456074 max_ulp=67232
FIRST_DIVERGENCE_OBJECT row=2 layer=8 checkpoint=CP3-F subobject=index_state_score result=MISMATCH elements=2048 mismatch_count=768 first_index=1024 actual_bits=0xbf30630e expected_bits=0xbf305e80 max_abs=0.00017786026000976562 max_rel=0.01305458982801096 max_ulp=217728
FIRST_DIVERGENCE_OBJECT row=2 layer=8 checkpoint=CP3-F subobject=layer_n_index_comp result=EXACT elements=1
FIRST_DIVERGENCE_OBJECT row=2 layer=8 checkpoint=CP4 subobject=after_attn_hc result=MISMATCH elements=16384 mismatch_count=16345 first_index=0 actual_bits=0x3ddad46c expected_bits=0x3ddad3dd max_abs=7.4923038482666016e-05 max_rel=0.48686066040411319 max_ulp=8126099
FIRST_DIVERGENCE_OBJECT row=2 layer=8 checkpoint=CP5 subobject=layer_output result=MISMATCH elements=16384 mismatch_count=16365 first_index=0 actual_bits=0x3dd4c054 expected_bits=0x3dd4bfde max_abs=0.00011375546455383301 max_rel=0.41040454397183157 max_ulp=6469403
FIRST_DIVERGENCE_OBJECT row=2 layer=9 checkpoint=CP1 subobject=attn_norm result=MISMATCH elements=4096 mismatch_count=4093 first_index=0 actual_bits=0x3c8e322b expected_bits=0x3c8e2f47 max_abs=6.0200691223144531e-06 max_rel=0.20348610577089063 max_ulp=2758338
FIRST_DIVERGENCE_OBJECT row=2 layer=9 checkpoint=CP2-Q subobject=qr result=MISMATCH elements=1024 mismatch_count=1023 first_index=0 actual_bits=0x3d7f04f9 expected_bits=0x3d7f0684 max_abs=1.0207295417785645e-05 max_rel=0.020173018122156761 max_ulp=276992
FIRST_DIVERGENCE_OBJECT row=2 layer=9 checkpoint=CP2-KV-P subobject=kv_raw result=MISMATCH elements=512 mismatch_count=512 first_index=0 actual_bits=0x3d87d77f expected_bits=0x3d87d617 max_abs=1.0706484317779541e-05 max_rel=0.014395625357665162 max_ulp=144896
FIRST_DIVERGENCE_OBJECT row=2 layer=9 checkpoint=CP2-KV-R subobject=raw_cache result=MISMATCH elements=512 mismatch_count=12 first_index=455 actual_bits=0x3deec000 expected_bits=0x3deea000 max_abs=0.00390625 max_rel=0.003041825095057034 max_ulp=32768
FIRST_DIVERGENCE_OBJECT row=2 layer=9 checkpoint=CP3-F subobject=attn_state_kv result=MISMATCH elements=65536 mismatch_count=1535 first_index=8192 actual_bits=0xbe10950c expected_bits=0xbe109536 max_abs=1.1209398508071899e-05 max_rel=0.41000660501981506 max_ulp=6156288
FIRST_DIVERGENCE_OBJECT row=2 layer=9 checkpoint=CP3-F subobject=attn_state_score result=MISMATCH elements=65536 mismatch_count=1534 first_index=8192 actual_bits=0x3d43fdf8 expected_bits=0x3d43fa20 max_abs=3.1113624572753906e-05 max_rel=0.014060849665532215 max_ulp=122688
FIRST_DIVERGENCE_OBJECT row=2 layer=9 checkpoint=CP3-F subobject=layer_n_comp result=EXACT elements=1
FIRST_DIVERGENCE_OBJECT row=2 layer=9 checkpoint=CP4 subobject=after_attn_hc result=MISMATCH elements=16384 mismatch_count=16361 first_index=0 actual_bits=0x3e18d378 expected_bits=0x3e18cea5 max_abs=8.4936618804931641e-05 max_rel=0.36212560252892745 max_ulp=4958103
FIRST_DIVERGENCE_OBJECT row=2 layer=9 checkpoint=CP5 subobject=layer_output result=MISMATCH elements=16384 mismatch_count=16371 first_index=0 actual_bits=0x3e1d229a expected_bits=0x3e1d1ddf max_abs=9.2864036560058594e-05 max_rel=1.8886110768190127 max_ulp=1819073510
FIRST_DIVERGENCE_OBJECT row=2 layer=10 checkpoint=CP1 subobject=attn_norm result=MISMATCH elements=4096 mismatch_count=4095 first_index=0 actual_bits=0x3d8bc8ab expected_bits=0x3d8bc3ea max_abs=4.1127204895019531e-05 max_rel=0.19036192103483043 max_ulp=2863689
FIRST_DIVERGENCE_OBJECT row=2 layer=10 checkpoint=CP2-Q subobject=qr result=MISMATCH elements=1024 mismatch_count=1024 first_index=0 actual_bits=0x3da636ec expected_bits=0x3da6285c max_abs=4.6871602535247803e-05 max_rel=0.16283132359467806 max_ulp=2207232
FIRST_DIVERGENCE_OBJECT row=2 layer=10 checkpoint=CP2-KV-P subobject=kv_raw result=MISMATCH elements=512 mismatch_count=512 first_index=0 actual_bits=0xbc960625 expected_bits=0xbc96161a max_abs=4.2796134948730469e-05 max_rel=0.093701996927803385 max_ulp=1561600
FIRST_DIVERGENCE_OBJECT row=2 layer=10 checkpoint=CP2-KV-R subobject=raw_cache result=MISMATCH elements=512 mismatch_count=16 first_index=179 actual_bits=0x3ad00000 expected_bits=0x3ae00000 max_abs=0.000244140625 max_rel=0.071428571428571425 max_ulp=1048576
FIRST_DIVERGENCE_OBJECT row=2 layer=10 checkpoint=CP3-F subobject=attn_state_kv result=MISMATCH elements=8192 mismatch_count=3067 first_index=4096 actual_bits=0x3de9d7b6 expected_bits=0x3de9df76 max_abs=6.7472457885742188e-05 max_rel=0.045555811630944153 max_ulp=455424
FIRST_DIVERGENCE_OBJECT row=2 layer=10 checkpoint=CP3-F subobject=attn_state_score result=MISMATCH elements=8192 mismatch_count=3062 first_index=4096 actual_bits=0x3ee6f4b6 expected_bits=0x3ee6f61a max_abs=9.9420547485351562e-05 max_rel=0.1353829557713053 max_ulp=1413632
FIRST_DIVERGENCE_OBJECT row=2 layer=10 checkpoint=CP3-F subobject=layer_n_comp result=EXACT elements=1
FIRST_DIVERGENCE_OBJECT row=2 layer=10 checkpoint=CP3-F subobject=index_state_kv result=MISMATCH elements=2048 mismatch_count=768 first_index=1024 actual_bits=0x3d0a6e98 expected_bits=0x3d0a6a96 max_abs=5.868077278137207e-05 max_rel=0.080157687253613663 max_ulp=1085312
FIRST_DIVERGENCE_OBJECT row=2 layer=10 checkpoint=CP3-F subobject=index_state_score result=MISMATCH elements=2048 mismatch_count=767 first_index=1024 actual_bits=0x3ebe9d7c expected_bits=0x3ebe9ec0 max_abs=0.00010818243026733398 max_rel=0.022726168299991901 max_ulp=359168
FIRST_DIVERGENCE_OBJECT row=2 layer=10 checkpoint=CP3-F subobject=layer_n_index_comp result=EXACT elements=1
FIRST_DIVERGENCE_OBJECT row=2 layer=10 checkpoint=CP4 subobject=after_attn_hc result=MISMATCH elements=16384 mismatch_count=16373 first_index=0 actual_bits=0x3e1bb7f6 expected_bits=0x3e1bb727 max_abs=0.00014212727546691895 max_rel=1.1899867069154588 max_ulp=1852624555
FIRST_DIVERGENCE_OBJECT row=2 layer=10 checkpoint=CP5 subobject=layer_output result=MISMATCH elements=16384 mismatch_count=16370 first_index=0 actual_bits=0x3e418d32 expected_bits=0x3e418b8e max_abs=0.0001437067985534668 max_rel=0.40878944806764139 max_ulp=6433647
FIRST_DIVERGENCE_OBJECT row=2 layer=11 checkpoint=CP1 subobject=attn_norm result=MISMATCH elements=4096 mismatch_count=4095 first_index=0 actual_bits=0x3d05714a expected_bits=0x3d056fef max_abs=1.3310462236404419e-05 max_rel=0.2201494581300264 max_ulp=3688573
FIRST_DIVERGENCE_OBJECT row=2 layer=11 checkpoint=CP2-Q subobject=qr result=MISMATCH elements=1024 mismatch_count=1024 first_index=0 actual_bits=0x3e3cd8aa expected_bits=0x3e3cd863 max_abs=1.993030309677124e-05 max_rel=0.12139261744966443 max_ulp=1481728
FIRST_DIVERGENCE_OBJECT row=2 layer=11 checkpoint=CP2-KV-P subobject=kv_raw result=MISMATCH elements=512 mismatch_count=512 first_index=0 actual_bits=0x3d75b028 expected_bits=0x3d75aea5 max_abs=1.9460916519165039e-05 max_rel=0.0059623572020266235 max_ulp=79232
FIRST_DIVERGENCE_OBJECT row=2 layer=11 checkpoint=CP2-KV-R subobject=raw_cache result=MISMATCH elements=512 mismatch_count=7 first_index=434 actual_bits=0x3f200000 expected_bits=0x3f100000 max_abs=0.0625 max_rel=0.10000000000000001 max_ulp=1048576
FIRST_DIVERGENCE_OBJECT row=2 layer=11 checkpoint=CP3-F subobject=attn_state_kv result=MISMATCH elements=65536 mismatch_count=1535 first_index=8192 actual_bits=0xbbbb2574 expected_bits=0xbbbb2908 max_abs=4.501640796661377e-05 max_rel=0.22623110677718186 max_ulp=2638848
FIRST_DIVERGENCE_OBJECT row=2 layer=11 checkpoint=CP3-F subobject=attn_state_score result=MISMATCH elements=65536 mismatch_count=1535 first_index=8192 actual_bits=0xbd0a3da0 expected_bits=0xbd0a4529 max_abs=4.4047832489013672e-05 max_rel=0.32416976020868865 max_ulp=4799488
FIRST_DIVERGENCE_OBJECT row=2 layer=11 checkpoint=CP3-F subobject=layer_n_comp result=EXACT elements=1
FIRST_DIVERGENCE_OBJECT row=2 layer=11 checkpoint=CP4 subobject=after_attn_hc result=MISMATCH elements=16384 mismatch_count=16377 first_index=0 actual_bits=0x3e41f62d expected_bits=0x3e41f243 max_abs=0.00092787574976682663 max_rel=1.1715714019005894 max_ulp=1907057230
FIRST_DIVERGENCE_OBJECT row=2 layer=11 checkpoint=CP5 subobject=layer_output result=MISMATCH elements=16384 mismatch_count=16372 first_index=0 actual_bits=0x3e44caf4 expected_bits=0x3e44c642 max_abs=0.00099219381809234619 max_rel=1.3211427553253929 max_ulp=1916289056
FIRST_DIVERGENCE_OBJECT row=2 layer=12 checkpoint=CP1 subobject=attn_norm result=MISMATCH elements=4096 mismatch_count=4096 first_index=0 actual_bits=0x3d1657b1 expected_bits=0x3d161cc1 max_abs=0.00083518028259277344 max_rel=0.63801593675039991 max_ulp=12299880
FIRST_DIVERGENCE_OBJECT row=2 layer=12 checkpoint=CP2-Q subobject=qr result=MISMATCH elements=1024 mismatch_count=1024 first_index=0 actual_bits=0xbdc0cc53 expected_bits=0xbdc0be38 max_abs=0.00022711604833602905 max_rel=0.34082660987972768 max_ulp=5671424
FIRST_DIVERGENCE_OBJECT row=2 layer=12 checkpoint=CP2-KV-P subobject=kv_raw result=MISMATCH elements=512 mismatch_count=512 first_index=0 actual_bits=0xbe162e43 expected_bits=0xbe164120 max_abs=0.00034233927726745605 max_rel=1.9858961600494149 max_ulp=1891900929
FIRST_DIVERGENCE_OBJECT row=2 layer=12 checkpoint=CP2-KV-R subobject=raw_cache result=MISMATCH elements=512 mismatch_count=49 first_index=14 actual_bits=0xbf200000 expected_bits=0xbf300000 max_abs=0.0625 max_rel=2 max_ulp=1929379841
FIRST_DIVERGENCE_OBJECT row=2 layer=12 checkpoint=CP3-F subobject=attn_state_kv result=MISMATCH elements=8192 mismatch_count=3072 first_index=4096 actual_bits=0x3cd374ec expected_bits=0x3cd352f2 max_abs=0.00021135807037353516 max_rel=1.3017758172152472 max_ulp=1865475073
FIRST_DIVERGENCE_OBJECT row=2 layer=12 checkpoint=CP3-F subobject=attn_state_score result=MISMATCH elements=8192 mismatch_count=3072 first_index=4096 actual_bits=0xbcabb810 expected_bits=0xbcabf600 max_abs=0.00058019161224365234 max_rel=0.39504617968094041 max_ulp=6340608
FIRST_DIVERGENCE_OBJECT row=2 layer=12 checkpoint=CP3-F subobject=layer_n_comp result=EXACT elements=1
FIRST_DIVERGENCE_OBJECT row=2 layer=12 checkpoint=CP3-F subobject=index_state_kv result=MISMATCH elements=2048 mismatch_count=767 first_index=1024 actual_bits=0xbe1c6b34 expected_bits=0xbe1c5f64 max_abs=0.00023025274276733398 max_rel=0.066997863701860852 max_ulp=1109952
FIRST_DIVERGENCE_OBJECT row=2 layer=12 checkpoint=CP3-F subobject=index_state_score result=MISMATCH elements=2048 mismatch_count=768 first_index=1024 actual_bits=0x3d4117a8 expected_bits=0x3d40e2e0 max_abs=0.0006351470947265625 max_rel=0.021299032366720764 max_ulp=356128
FIRST_DIVERGENCE_OBJECT row=2 layer=12 checkpoint=CP3-F subobject=layer_n_index_comp result=EXACT elements=1
FIRST_DIVERGENCE_OBJECT row=2 layer=12 checkpoint=CP4 subobject=after_attn_hc result=MISMATCH elements=16384 mismatch_count=16369 first_index=0 actual_bits=0x3e445d6e expected_bits=0x3e445850 max_abs=0.0022707674652338028 max_rel=1.8548429077566639 max_ulp=1949661324
FIRST_DIVERGENCE_OBJECT row=2 layer=12 checkpoint=CP5 subobject=layer_output result=MISMATCH elements=16384 mismatch_count=16370 first_index=0 actual_bits=0x3e44f3b1 expected_bits=0x3e44eead max_abs=0.00212898850440979 max_rel=1.1692569777399069 max_ulp=1922032891
FIRST_DIVERGENCE_OBJECT row=2 layer=13 checkpoint=CP1 subobject=attn_norm result=MISMATCH elements=4096 mismatch_count=4096 first_index=0 actual_bits=0x3cbdd888 expected_bits=0x3cbddbcb max_abs=0.00014864467084407806 max_rel=1.3073028288872841 max_ulp=1882564464
FIRST_DIVERGENCE_OBJECT row=2 layer=13 checkpoint=CP2-Q subobject=qr result=MISMATCH elements=1024 mismatch_count=1024 first_index=0 actual_bits=0x3d6d7946 expected_bits=0x3d6d884c max_abs=0.00024814531207084656 max_rel=0.75187883435582825 max_ulp=16852480
FIRST_DIVERGENCE_OBJECT row=2 layer=13 checkpoint=CP2-KV-P subobject=kv_raw result=MISMATCH elements=512 mismatch_count=512 first_index=0 actual_bits=0x3d06fa10 expected_bits=0x3d06d753 max_abs=0.00026462599635124207 max_rel=0.3090389359981755 max_ulp=3815904
FIRST_DIVERGENCE_OBJECT row=2 layer=13 checkpoint=CP2-KV-R subobject=raw_cache result=MISMATCH elements=512 mismatch_count=58 first_index=10 actual_bits=0xbd300000 expected_bits=0xbd200000 max_abs=0.125 max_rel=0.30769230769230771 max_ulp=4194304
FIRST_DIVERGENCE_OBJECT row=2 layer=13 checkpoint=CP3-F subobject=attn_state_kv result=MISMATCH elements=65536 mismatch_count=1536 first_index=8192 actual_bits=0x3d406a04 expected_bits=0x3d406b01 max_abs=0.00027969479560852051 max_rel=0.47585307284100681 max_ulp=7971584
FIRST_DIVERGENCE_OBJECT row=2 layer=13 checkpoint=CP3-F subobject=attn_state_score result=MISMATCH elements=65536 mismatch_count=1536 first_index=8192 actual_bits=0xbc612a62 expected_bits=0xbc610f5a max_abs=0.00027120113372802734 max_rel=0.27488164264056597 max_ulp=4055040
FIRST_DIVERGENCE_OBJECT row=2 layer=13 checkpoint=CP3-F subobject=layer_n_comp result=EXACT elements=1
FIRST_DIVERGENCE_OBJECT row=2 layer=13 checkpoint=CP4 subobject=after_attn_hc result=MISMATCH elements=16384 mismatch_count=16380 first_index=0 actual_bits=0x3e4516fb expected_bits=0x3e4511fa max_abs=0.0043783485889434814 max_rel=1.0754736839373209 max_ulp=1908879686
FIRST_DIVERGENCE_OBJECT row=2 layer=13 checkpoint=CP5 subobject=layer_output result=MISMATCH elements=16384 mismatch_count=16381 first_index=0 actual_bits=0x3e451472 expected_bits=0x3e450f9f max_abs=0.0032470226287841797 max_rel=1.6709320316763014 max_ulp=1960686189
FIRST_DIVERGENCE_OBJECT row=2 layer=14 checkpoint=CP1 subobject=attn_norm result=MISMATCH elements=4096 mismatch_count=4095 first_index=0 actual_bits=0x3d98218f expected_bits=0x3d982e90 max_abs=0.0032029151916503906 max_rel=1.2946291429189045 max_ulp=1898283908
FIRST_DIVERGENCE_OBJECT row=2 layer=14 checkpoint=CP2-Q subobject=qr result=MISMATCH elements=1024 mismatch_count=1024 first_index=0 actual_bits=0x3dca9ebe expected_bits=0x3dcb5533 max_abs=0.0005841478705406189 max_rel=0.66889803227663247 max_ulp=12881664
FIRST_DIVERGENCE_OBJECT row=2 layer=14 checkpoint=CP2-KV-P subobject=kv_raw result=MISMATCH elements=512 mismatch_count=512 first_index=0 actual_bits=0x3e4fa094 expected_bits=0x3e501d32 max_abs=0.00099587440490722656 max_rel=0.22679151313497264 max_ulp=2592208
FIRST_DIVERGENCE_OBJECT row=2 layer=14 checkpoint=CP2-KV-R subobject=raw_cache result=MISMATCH elements=512 mismatch_count=83 first_index=9 actual_bits=0x3e900000 expected_bits=0x3ea00000 max_abs=0.0625 max_rel=0.2260061919504644 max_ulp=2990080
FIRST_DIVERGENCE_OBJECT row=2 layer=14 checkpoint=CP3-F subobject=attn_state_kv result=MISMATCH elements=8192 mismatch_count=3072 first_index=4096 actual_bits=0x3e312858 expected_bits=0x3e311923 max_abs=0.00091576576232910156 max_rel=1.011221835822204 max_ulp=1841670913
FIRST_DIVERGENCE_OBJECT row=2 layer=14 checkpoint=CP3-F subobject=attn_state_score result=MISMATCH elements=8192 mismatch_count=3072 first_index=4096 actual_bits=0xbed661b4 expected_bits=0xbed62efa max_abs=0.0035390853881835938 max_rel=0.26841399458383858 max_ulp=4116880
FIRST_DIVERGENCE_OBJECT row=2 layer=14 checkpoint=CP3-F subobject=layer_n_comp result=EXACT elements=1
FIRST_DIVERGENCE_OBJECT row=2 layer=14 checkpoint=CP3-F subobject=index_state_kv result=MISMATCH elements=2048 mismatch_count=767 first_index=1024 actual_bits=0x3f0b03b6 expected_bits=0x3f0b1100 max_abs=0.00096464157104492188 max_rel=0.27302392128316472 max_ulp=3758848
FIRST_DIVERGENCE_OBJECT row=2 layer=14 checkpoint=CP3-F subobject=index_state_score result=MISMATCH elements=2048 mismatch_count=768 first_index=1024 actual_bits=0xbf4cd787 expected_bits=0xbf4cc603 max_abs=0.0053453445434570312 max_rel=0.069017376096152022 max_ulp=1081584
FIRST_DIVERGENCE_OBJECT row=2 layer=14 checkpoint=CP3-F subobject=layer_n_index_comp result=EXACT elements=1
FIRST_DIVERGENCE_OBJECT row=2 layer=14 checkpoint=CP4 subobject=after_attn_hc result=MISMATCH elements=16384 mismatch_count=16379 first_index=0 actual_bits=0x3e458e3d expected_bits=0x3e458996 max_abs=0.0049692094326019287 max_rel=1.3275226533921398 max_ulp=1940529121
FIRST_DIVERGENCE_OBJECT row=2 layer=14 checkpoint=CP5 subobject=layer_output result=MISMATCH elements=16384 mismatch_count=16381 first_index=0 actual_bits=0x3e47aec0 expected_bits=0x3e47a889 max_abs=0.0052812099456787109 max_rel=1.5764289828806044 max_ulp=1957819533
FIRST_DIVERGENCE_OBJECT row=2 layer=15 checkpoint=CP1 subobject=attn_norm result=MISMATCH elements=4096 mismatch_count=4096 first_index=0 actual_bits=0x3d33c244 expected_bits=0x3d33341a max_abs=0.00032195844687521458 max_rel=0.54188997330673194 max_ulp=9756229
FIRST_DIVERGENCE_OBJECT row=2 layer=15 checkpoint=CP2-Q subobject=qr result=MISMATCH elements=1024 mismatch_count=1024 first_index=0 actual_bits=0xbd871ad0 expected_bits=0xbd874ae2 max_abs=0.00066717900335788727 max_rel=1.5184636144211947 max_ulp=1898096897
FIRST_DIVERGENCE_OBJECT row=2 layer=15 checkpoint=CP2-KV-P subobject=kv_raw result=MISMATCH elements=512 mismatch_count=512 first_index=0 actual_bits=0x3d826e90 expected_bits=0x3d820f58 max_abs=0.00064988434314727783 max_rel=0.77138989169675087 max_ulp=18112512
FIRST_DIVERGENCE_OBJECT row=2 layer=15 checkpoint=CP2-KV-R subobject=raw_cache result=MISMATCH elements=512 mismatch_count=79 first_index=9 actual_bits=0xbdc00000 expected_bits=0xbdb00000 max_abs=0.25 max_rel=0.7678571428571429 max_ulp=17825792
FIRST_DIVERGENCE_OBJECT row=2 layer=15 checkpoint=CP3-F subobject=attn_state_kv result=MISMATCH elements=65536 mismatch_count=1536 first_index=8192 actual_bits=0xbd7ebd26 expected_bits=0xbd7edbdc max_abs=0.00065469369292259216 max_rel=1.6094958274673032 max_ulp=1907852545
FIRST_DIVERGENCE_OBJECT row=2 layer=15 checkpoint=CP3-F subobject=attn_state_score result=MISMATCH elements=65536 mismatch_count=1536 first_index=8192 actual_bits=0x3e78a250 expected_bits=0x3e787b90 max_abs=0.0023871064186096191 max_rel=1.5118251713187365 max_ulp=1945787393
FIRST_DIVERGENCE_OBJECT row=2 layer=15 checkpoint=CP3-F subobject=layer_n_comp result=EXACT elements=1
FIRST_DIVERGENCE_OBJECT row=2 layer=15 checkpoint=CP4 subobject=after_attn_hc result=MISMATCH elements=16384 mismatch_count=16381 first_index=0 actual_bits=0x3e4a1418 expected_bits=0x3e4a0b26 max_abs=0.01420140266418457 max_rel=1.4619658402918625 max_ulp=1970584387
FIRST_DIVERGENCE_OBJECT row=2 layer=15 checkpoint=CP5 subobject=layer_output result=MISMATCH elements=16384 mismatch_count=16380 first_index=0 actual_bits=0x3e4a8845 expected_bits=0x3e4a7898 max_abs=0.0093315839767456055 max_rel=1.8460642466364061 max_ulp=1981279050
FIRST_DIVERGENCE_OBJECT row=2 layer=16 checkpoint=CP1 subobject=attn_norm result=MISMATCH elements=4096 mismatch_count=4096 first_index=0 actual_bits=0x3d4b468e expected_bits=0x3d4a289c max_abs=0.00716400146484375 max_rel=1.6515250558749583 max_ulp=1924214985
FIRST_DIVERGENCE_OBJECT row=2 layer=16 checkpoint=CP2-Q subobject=qr result=MISMATCH elements=1024 mismatch_count=1024 first_index=0 actual_bits=0xbd9aef34 expected_bits=0xbd9a8cd2 max_abs=0.0016037672758102417 max_rel=1.626948989412897 max_ulp=1907390721
FIRST_DIVERGENCE_OBJECT row=2 layer=16 checkpoint=CP2-KV-P subobject=kv_raw result=MISMATCH elements=512 mismatch_count=512 first_index=0 actual_bits=0x3dd71cd2 expected_bits=0x3dd6068e max_abs=0.001766495406627655 max_rel=0.50794449064138503 max_ulp=8592832
FIRST_DIVERGENCE_OBJECT row=2 layer=16 checkpoint=CP2-KV-R subobject=raw_cache result=MISMATCH elements=512 mismatch_count=102 first_index=6 actual_bits=0xbe900000 expected_bits=0xbea00000 max_abs=0.25 max_rel=0.5 max_ulp=8388608
FIRST_DIVERGENCE_OBJECT row=2 layer=16 checkpoint=CP3-F subobject=attn_state_kv result=MISMATCH elements=8192 mismatch_count=3072 first_index=4096 actual_bits=0x3dba66cf expected_bits=0x3dba56ec max_abs=0.0015215575695037842 max_rel=1.394014817119412 max_ulp=1917409889
FIRST_DIVERGENCE_OBJECT row=2 layer=16 checkpoint=CP3-F subobject=attn_state_score result=MISMATCH elements=8192 mismatch_count=3072 first_index=4096 actual_bits=0xbfcc5e40 expected_bits=0xbfcc7700 max_abs=0.0061206817626953125 max_rel=0.42055300824630831 max_ulp=6638720
FIRST_DIVERGENCE_OBJECT row=2 layer=16 checkpoint=CP3-F subobject=layer_n_comp result=EXACT elements=1
FIRST_DIVERGENCE_OBJECT row=2 layer=16 checkpoint=CP3-F subobject=index_state_kv result=MISMATCH elements=2048 mismatch_count=768 first_index=1024 actual_bits=0x3e21f049 expected_bits=0x3e228174 max_abs=0.002583622932434082 max_rel=1.1847671693378472 max_ulp=1914234625
FIRST_DIVERGENCE_OBJECT row=2 layer=16 checkpoint=CP3-F subobject=index_state_score result=MISMATCH elements=2048 mismatch_count=768 first_index=1024 actual_bits=0xbfd32304 expected_bits=0xbfd34018 max_abs=0.0092236995697021484 max_rel=1.9741457467096009 max_ulp=1970405505
FIRST_DIVERGENCE_OBJECT row=2 layer=16 checkpoint=CP3-F subobject=layer_n_index_comp result=EXACT elements=1
FIRST_DIVERGENCE_OBJECT row=2 layer=16 checkpoint=CP4 subobject=after_attn_hc result=MISMATCH elements=16384 mismatch_count=16379 first_index=0 actual_bits=0x3e4b190a expected_bits=0x3e4b088f max_abs=0.057042837142944336 max_rel=1.6005110945442458 max_ulp=1987864412
FIRST_DIVERGENCE_OBJECT row=2 layer=16 checkpoint=CP5 subobject=layer_output result=MISMATCH elements=16384 mismatch_count=16383 first_index=0 actual_bits=0x3e381713 expected_bits=0x3e3803c0 max_abs=0.021489858627319336 max_rel=1.9833310247915559 max_ulp=1991374387
FIRST_DIVERGENCE_OBJECT row=2 layer=17 checkpoint=CP1 subobject=attn_norm result=MISMATCH elements=4096 mismatch_count=4096 first_index=0 actual_bits=0xbd0b2389 expected_bits=0xbd0bd510 max_abs=0.0042099356651306152 max_rel=1.6814174143858966 max_ulp=1939052355
FIRST_DIVERGENCE_OBJECT row=2 layer=17 checkpoint=CP2-Q subobject=qr result=MISMATCH elements=1024 mismatch_count=1024 first_index=0 actual_bits=0x3e159fea expected_bits=0x3e1618ec max_abs=0.0018708780407905579 max_rel=1.1320224719101124 max_ulp=1924827137
FIRST_DIVERGENCE_OBJECT row=2 layer=17 checkpoint=CP2-KV-P subobject=kv_raw result=MISMATCH elements=512 mismatch_count=512 first_index=0 actual_bits=0x3df341df expected_bits=0x3df3f7f7 max_abs=0.002386629581451416 max_rel=1.2672078978080776 max_ulp=1950141377
FIRST_DIVERGENCE_OBJECT row=2 layer=17 checkpoint=CP2-KV-R subobject=raw_cache result=MISMATCH elements=512 mismatch_count=123 first_index=0 actual_bits=0x3f100000 expected_bits=0x3f200000 max_abs=0.125 max_rel=1.2708333333333333 max_ulp=1989148673
FIRST_DIVERGENCE_OBJECT row=2 layer=17 checkpoint=CP3-F subobject=attn_state_kv result=MISMATCH elements=65536 mismatch_count=1536 first_index=8192 actual_bits=0x3b8f8cb0 expected_bits=0x3b9e7080 max_abs=0.0023814067244529724 max_rel=1.848002073930924 max_ulp=1934097025
FIRST_DIVERGENCE_OBJECT row=2 layer=17 checkpoint=CP3-F subobject=attn_state_score result=MISMATCH elements=65536 mismatch_count=1536 first_index=8192 actual_bits=0x3e92df2e expected_bits=0x3e92ffcd max_abs=0.0056586265563964844 max_rel=1.2983138368511769 max_ulp=1949250945
FIRST_DIVERGENCE_OBJECT row=2 layer=17 checkpoint=CP3-F subobject=layer_n_comp result=EXACT elements=1
FIRST_DIVERGENCE_OBJECT row=2 layer=17 checkpoint=CP4 subobject=after_attn_hc result=MISMATCH elements=16384 mismatch_count=16376 first_index=0 actual_bits=0x3e37e751 expected_bits=0x3e37d437 max_abs=0.024889469146728516 max_rel=1.9731349020282787 max_ulp=1997802202
FIRST_DIVERGENCE_OBJECT row=2 layer=17 checkpoint=CP5 subobject=layer_output result=MISMATCH elements=16384 mismatch_count=16382 first_index=0 actual_bits=0x3e3c2e90 expected_bits=0x3e3c2513 max_abs=0.025345325469970703 max_rel=1.8228012249877081 max_ulp=2003046955
FIRST_DIVERGENCE_OBJECT row=2 layer=18 checkpoint=CP1 subobject=attn_norm result=MISMATCH elements=4096 mismatch_count=4096 first_index=0 actual_bits=0x3b246733 expected_bits=0x3b24d2d3 max_abs=0.011026859283447266 max_rel=1.5726926463939592 max_ulp=1931681224
FIRST_DIVERGENCE_OBJECT row=2 layer=18 checkpoint=CP2-Q subobject=qr result=MISMATCH elements=1024 mismatch_count=1024 first_index=0 actual_bits=0x3d85a271 expected_bits=0x3d85d030 max_abs=0.0013674646615982056 max_rel=0.48195798152413677 max_ulp=8057248
FIRST_DIVERGENCE_OBJECT row=2 layer=18 checkpoint=CP2-KV-P subobject=kv_raw result=MISMATCH elements=512 mismatch_count=512 first_index=0 actual_bits=0xbc58c55c expected_bits=0xbc5cb7a4 max_abs=0.0012972503900527954 max_rel=1.6165312663039428 max_ulp=1884480513
FIRST_DIVERGENCE_OBJECT row=2 layer=18 checkpoint=CP2-KV-R subobject=raw_cache result=MISMATCH elements=512 mismatch_count=93 first_index=0 actual_bits=0xbd600000 expected_bits=0xbd700000 max_abs=0.125 max_rel=1.6111111111111112 max_ulp=1925185537
FIRST_DIVERGENCE_OBJECT row=2 layer=18 checkpoint=CP3-F subobject=attn_state_kv result=MISMATCH elements=8192 mismatch_count=3072 first_index=4096 actual_bits=0xbc62e3ac expected_bits=0xbc63238c max_abs=0.0013635605573654175 max_rel=1.994024402440244 max_ulp=1917941761
FIRST_DIVERGENCE_OBJECT row=2 layer=18 checkpoint=CP3-F subobject=attn_state_score result=MISMATCH elements=8192 mismatch_count=3072 first_index=4096 actual_bits=0x3f37e084 expected_bits=0x3f37d8ae max_abs=0.010999441146850586 max_rel=0.19110449268796281 max_ulp=3065088
FIRST_DIVERGENCE_OBJECT row=2 layer=18 checkpoint=CP3-F subobject=layer_n_comp result=EXACT elements=1
FIRST_DIVERGENCE_OBJECT row=2 layer=18 checkpoint=CP3-F subobject=index_state_kv result=MISMATCH elements=2048 mismatch_count=768 first_index=1024 actual_bits=0x3d51f9de expected_bits=0x3d51dee0 max_abs=0.0031390190124511719 max_rel=0.3795905548903763 max_ulp=6032960
FIRST_DIVERGENCE_OBJECT row=2 layer=18 checkpoint=CP3-F subobject=index_state_score result=MISMATCH elements=2048 mismatch_count=768 first_index=1024 actual_bits=0x3f99757a expected_bits=0x3f997072 max_abs=0.011626243591308594 max_rel=0.026710607160811039 max_ulp=254240
FIRST_DIVERGENCE_OBJECT row=2 layer=18 checkpoint=CP3-F subobject=layer_n_index_comp result=EXACT elements=1
FIRST_DIVERGENCE_OBJECT row=2 layer=18 checkpoint=CP4 subobject=after_attn_hc result=MISMATCH elements=16384 mismatch_count=16382 first_index=0 actual_bits=0x3e2f6132 expected_bits=0x3e2f4749 max_abs=0.027699708938598633 max_rel=1.8361882732493491 max_ulp=2004629332
FIRST_DIVERGENCE_OBJECT row=2 layer=18 checkpoint=CP5 subobject=layer_output result=MISMATCH elements=16384 mismatch_count=16382 first_index=0 actual_bits=0x3df6a958 expected_bits=0x3df5da13 max_abs=0.030878067016601562 max_rel=1.8944240846289477 max_ulp=2017973543
FIRST_DIVERGENCE_OBJECT row=2 layer=19 checkpoint=CP1 subobject=attn_norm result=MISMATCH elements=4096 mismatch_count=4096 first_index=0 actual_bits=0xbc4b3b74 expected_bits=0xbc4c4a06 max_abs=0.00061445590108633041 max_rel=1.9930799639815695 max_ulp=1919156228
FIRST_DIVERGENCE_OBJECT row=2 layer=19 checkpoint=CP2-Q subobject=qr result=MISMATCH elements=1024 mismatch_count=1024 first_index=0 actual_bits=0x3d97ff8f expected_bits=0x3d9859e9 max_abs=0.00089799612760543823 max_rel=0.51686070041364662 max_ulp=8901872
FIRST_DIVERGENCE_OBJECT row=2 layer=19 checkpoint=CP2-KV-P subobject=kv_raw result=MISMATCH elements=512 mismatch_count=512 first_index=0 actual_bits=0x3c0269da expected_bits=0x3c04d78c max_abs=0.0010954290628433228 max_rel=0.76308219694414803 max_ulp=17621312
FIRST_DIVERGENCE_OBJECT row=2 layer=19 checkpoint=CP2-KV-R subobject=raw_cache result=MISMATCH elements=512 mismatch_count=118 first_index=3 actual_bits=0xbec00000 expected_bits=0xbeb00000 max_abs=0.125 max_rel=0.75 max_ulp=16777216
FIRST_DIVERGENCE_OBJECT row=2 layer=19 checkpoint=CP3-F subobject=attn_state_kv result=MISMATCH elements=65536 mismatch_count=1536 first_index=8192 actual_bits=0xbb7af8b8 expected_bits=0xbb802cc0 max_abs=0.00075807422399520874 max_rel=1.5058806042251165 max_ulp=1898377985
FIRST_DIVERGENCE_OBJECT row=2 layer=19 checkpoint=CP3-F subobject=attn_state_score result=MISMATCH elements=65536 mismatch_count=1536 first_index=8192 actual_bits=0x3d3ee2cd expected_bits=0x3d3e9bde max_abs=0.0018951594829559326 max_rel=1.2512962962962964 max_ulp=1889063425
FIRST_DIVERGENCE_OBJECT row=2 layer=19 checkpoint=CP3-F subobject=layer_n_comp result=EXACT elements=1
FIRST_DIVERGENCE_OBJECT row=2 layer=19 checkpoint=CP4 subobject=after_attn_hc result=MISMATCH elements=16384 mismatch_count=16384 first_index=0 actual_bits=0x3e0feb87 expected_bits=0x3e0f59be max_abs=0.053777694702148438 max_rel=1.8703483599841093 max_ulp=2017260547
FIRST_DIVERGENCE_OBJECT row=2 layer=19 checkpoint=CP5 subobject=layer_output result=MISMATCH elements=16384 mismatch_count=16384 first_index=0 actual_bits=0x3d83d806 expected_bits=0x3d82d6d0 max_abs=0.052278518676757812 max_rel=1.8915398400825072 max_ulp=2015627341
FIRST_DIVERGENCE_OBJECT row=2 layer=20 checkpoint=CP1 subobject=attn_norm result=MISMATCH elements=4096 mismatch_count=4096 first_index=0 actual_bits=0xbc078fec expected_bits=0xbc0a38fc max_abs=0.018391132354736328 max_rel=1.9187678536591157 max_ulp=1918830307
FIRST_DIVERGENCE_OBJECT row=2 layer=20 checkpoint=CP2-Q subobject=qr result=MISMATCH elements=1024 mismatch_count=1024 first_index=0 actual_bits=0xbcd043d9 expected_bits=0xbcd1c2d2 max_abs=0.0018153637647628784 max_rel=0.85898620172045492 max_ulp=23461632
FIRST_DIVERGENCE_OBJECT row=2 layer=20 checkpoint=CP2-KV-P subobject=kv_raw result=MISMATCH elements=512 mismatch_count=512 first_index=0 actual_bits=0x3e1ef18c expected_bits=0x3e1e9581 max_abs=0.0020688176155090332 max_rel=0.6371204579392733 max_ulp=11562080
FIRST_DIVERGENCE_OBJECT row=2 layer=20 checkpoint=CP2-KV-R subobject=raw_cache result=MISMATCH elements=512 mismatch_count=105 first_index=38 actual_bits=0xbe300000 expected_bits=0xbe400000 max_abs=0.125 max_rel=0.625 max_ulp=12582912
FIRST_DIVERGENCE_OBJECT row=2 layer=20 checkpoint=CP3-F subobject=attn_state_kv result=MISMATCH elements=8192 mismatch_count=3072 first_index=4096 actual_bits=0xbdc11ff6 expected_bits=0xbdc0f728 max_abs=0.0023524388670921326 max_rel=1.7231982147074874 max_ulp=1956461569
FIRST_DIVERGENCE_OBJECT row=2 layer=20 checkpoint=CP3-F subobject=attn_state_score result=MISMATCH elements=8192 mismatch_count=3072 first_index=4096 actual_bits=0xbf847286 expected_bits=0xbf84a8dc max_abs=0.014388203620910645 max_rel=0.58790048227713432 max_ulp=10760528
FIRST_DIVERGENCE_OBJECT row=2 layer=20 checkpoint=CP3-F subobject=layer_n_comp result=EXACT elements=1
FIRST_DIVERGENCE_OBJECT row=2 layer=20 checkpoint=CP3-F subobject=index_state_kv result=MISMATCH elements=2048 mismatch_count=768 first_index=1024 actual_bits=0xbb4bed78 expected_bits=0xbb595dc0 max_abs=0.0035963654518127441 max_rel=1.3728852522611188 max_ulp=1951576641
FIRST_DIVERGENCE_OBJECT row=2 layer=20 checkpoint=CP3-F subobject=index_state_score result=MISMATCH elements=2048 mismatch_count=768 first_index=1024 actual_bits=0xbf6f0ef6 expected_bits=0xbf6f8a2d max_abs=0.017409801483154297 max_rel=0.17894528799240692 max_ulp=1868760
FIRST_DIVERGENCE_OBJECT row=2 layer=20 checkpoint=CP3-F subobject=layer_n_index_comp result=EXACT elements=1
FIRST_DIVERGENCE_OBJECT row=2 layer=20 checkpoint=CP4 subobject=after_attn_hc result=MISMATCH elements=16384 mismatch_count=16384 first_index=0 actual_bits=0xbdf74de4 expected_bits=0xbdfc9140 max_abs=0.050423145294189453 max_rel=1.9927265537501884 max_ulp=2004467453
FIRST_DIVERGENCE_OBJECT row=2 layer=20 checkpoint=CP5 subobject=layer_output result=MISMATCH elements=16384 mismatch_count=16384 first_index=0 actual_bits=0xbe0a41c6 expected_bits=0xbe0c94a0 max_abs=0.041998147964477539 max_rel=1.9977569509106032 max_ulp=2019648369
FIRST_DIVERGENCE_OBJECT row=2 layer=21 checkpoint=CP1 subobject=attn_norm result=MISMATCH elements=4096 mismatch_count=4096 first_index=0 actual_bits=0xbc6cb956 expected_bits=0xbc6ec991 max_abs=0.00071921758353710175 max_rel=1.7234219629986396 max_ulp=1928485155
FIRST_DIVERGENCE_OBJECT row=2 layer=21 checkpoint=CP2-Q subobject=qr result=MISMATCH elements=1024 mismatch_count=1024 first_index=0 actual_bits=0x3e0b1f24 expected_bits=0x3e0a995c max_abs=0.0015837103128433228 max_rel=1.902044604232433 max_ulp=1911995777
FIRST_DIVERGENCE_OBJECT row=2 layer=21 checkpoint=CP2-KV-P subobject=kv_raw result=MISMATCH elements=512 mismatch_count=512 first_index=0 actual_bits=0x3e4d6a49 expected_bits=0x3e4d796b max_abs=0.0016397535800933838 max_rel=1.1061191815057794 max_ulp=1928456193
FIRST_DIVERGENCE_OBJECT row=2 layer=21 checkpoint=CP2-KV-R subobject=raw_cache result=MISMATCH elements=512 mismatch_count=106 first_index=9 actual_bits=0xbbd00000 expected_bits=0xbb600000 max_abs=0.125 max_rel=1.1145833333333333 max_ulp=1978662913
FIRST_DIVERGENCE_OBJECT row=2 layer=21 checkpoint=CP3-F subobject=attn_state_kv result=MISMATCH elements=65536 mismatch_count=1536 first_index=8192 actual_bits=0x3b9e9866 expected_bits=0x3b9baa58 max_abs=0.0021306872367858887 max_rel=0.95133785505604962 max_ulp=36306912
FIRST_DIVERGENCE_OBJECT row=2 layer=21 checkpoint=CP3-F subobject=attn_state_score result=MISMATCH elements=65536 mismatch_count=1536 first_index=8192 actual_bits=0x3e8002c2 expected_bits=0x3e80048c max_abs=0.0026377886533737183 max_rel=1.9868617065298353 max_ulp=1931040193
FIRST_DIVERGENCE_OBJECT row=2 layer=21 checkpoint=CP3-F subobject=layer_n_comp result=EXACT elements=1
FIRST_DIVERGENCE_OBJECT row=2 layer=21 checkpoint=CP4 subobject=after_attn_hc result=MISMATCH elements=16384 mismatch_count=16384 first_index=0 actual_bits=0x3ec2da4e expected_bits=0x3ec1e89b max_abs=0.040815353393554688 max_rel=1.849249472819849 max_ulp=2008868172
FIRST_DIVERGENCE_OBJECT row=2 layer=21 checkpoint=CP5 subobject=layer_output result=MISMATCH elements=16384 mismatch_count=16382 first_index=0 actual_bits=0x3ecd567d expected_bits=0x3ecc21fa max_abs=0.065903663635253906 max_rel=1.9385949480262359 max_ulp=2027043175
FIRST_DIVERGENCE_OBJECT row=2 layer=22 checkpoint=CP1 subobject=attn_norm result=MISMATCH elements=4096 mismatch_count=4096 first_index=0 actual_bits=0x3caacd9a expected_bits=0x3ca837c0 max_abs=0.029591560363769531 max_rel=1.893256226759763 max_ulp=1940848942
FIRST_DIVERGENCE_OBJECT row=2 layer=22 checkpoint=CP2-Q subobject=qr result=MISMATCH elements=1024 mismatch_count=1024 first_index=0 actual_bits=0xbdcf441c expected_bits=0xbdce5701 max_abs=0.0020814388990402222 max_rel=0.92211784511784511 max_ulp=31215360
FIRST_DIVERGENCE_OBJECT row=2 layer=22 checkpoint=CP2-KV-P subobject=kv_raw result=MISMATCH elements=512 mismatch_count=512 first_index=0 actual_bits=0xbdf97ab0 expected_bits=0xbdf84055 max_abs=0.0024555698037147522 max_rel=0.2453664459107221 max_ulp=3214112
FIRST_DIVERGENCE_OBJECT row=2 layer=22 checkpoint=CP2-KV-R subobject=raw_cache result=MISMATCH elements=512 mismatch_count=93 first_index=29 actual_bits=0x3dc00000 expected_bits=0x3db00000 max_abs=0.125 max_rel=0.27272727272727271 max_ulp=3145728
FIRST_DIVERGENCE_OBJECT row=2 layer=22 checkpoint=CP3-F subobject=attn_state_kv result=MISMATCH elements=8192 mismatch_count=3072 first_index=4096 actual_bits=0xbde78725 expected_bits=0xbde7ff4b max_abs=0.002830207347869873 max_rel=0.94467227858119285 max_ulp=35187712
FIRST_DIVERGENCE_OBJECT row=2 layer=22 checkpoint=CP3-F subobject=attn_state_score result=MISMATCH elements=8192 mismatch_count=3072 first_index=4096 actual_bits=0xbfe49bc9 expected_bits=0xbfe499dc max_abs=0.019680380821228027 max_rel=0.85868291634194194 max_ulp=23611456
FIRST_DIVERGENCE_OBJECT row=2 layer=22 checkpoint=CP3-F subobject=layer_n_comp result=EXACT elements=1
FIRST_DIVERGENCE_OBJECT row=2 layer=22 checkpoint=CP3-F subobject=index_state_kv result=MISMATCH elements=2048 mismatch_count=768 first_index=1024 actual_bits=0x3e33b66e expected_bits=0x3e3322b1 max_abs=0.0079122781753540039 max_rel=0.91381031248971711 max_ulp=29131136
FIRST_DIVERGENCE_OBJECT row=2 layer=22 checkpoint=CP3-F subobject=index_state_score result=MISMATCH elements=2048 mismatch_count=768 first_index=1024 actual_bits=0xc0095c8c expected_bits=0xc0095a52 max_abs=0.02350306510925293 max_rel=0.39776666227896978 max_ulp=6002688
FIRST_DIVERGENCE_OBJECT row=2 layer=22 checkpoint=CP3-F subobject=layer_n_index_comp result=EXACT elements=1
FIRST_DIVERGENCE_OBJECT row=2 layer=22 checkpoint=CP4 subobject=after_attn_hc result=MISMATCH elements=16384 mismatch_count=16384 first_index=0 actual_bits=0x3f02f5c8 expected_bits=0x3f00bcf6 max_abs=0.060324668884277344 max_rel=1.9908754864052565 max_ulp=2022726929
FIRST_DIVERGENCE_OBJECT row=2 layer=22 checkpoint=CP5 subobject=layer_output result=MISMATCH elements=16384 mismatch_count=16384 first_index=0 actual_bits=0x3efe6827 expected_bits=0x3efa2d80 max_abs=0.034301638603210449 max_rel=1.5931966728368094 max_ulp=2026482711
FIRST_DIVERGENCE_OBJECT row=2 layer=23 checkpoint=CP1 subobject=attn_norm result=MISMATCH elements=4096 mismatch_count=4096 first_index=0 actual_bits=0x3bed069b expected_bits=0x3be41fbb max_abs=0.00059400498867034912 max_rel=1.7297044431738295 max_ulp=1895099828
FIRST_DIVERGENCE_OBJECT row=2 layer=23 checkpoint=CP2-Q subobject=qr result=MISMATCH elements=1024 mismatch_count=1024 first_index=0 actual_bits=0x3e3fb8f6 expected_bits=0x3e3f6cbe max_abs=0.0010228902101516724 max_rel=0.71647704760287545 max_ulp=15564288
FIRST_DIVERGENCE_OBJECT row=2 layer=23 checkpoint=CP2-KV-P subobject=kv_raw result=MISMATCH elements=512 mismatch_count=512 first_index=0 actual_bits=0xbe93245e expected_bits=0xbe92fb0c max_abs=0.0012747794389724731 max_rel=0.17161978752281556 max_ulp=2816256
FIRST_DIVERGENCE_OBJECT row=2 layer=23 checkpoint=CP2-KV-R subobject=raw_cache result=MISMATCH elements=512 mismatch_count=62 first_index=10 actual_bits=0x3e200000 expected_bits=0x3e100000 max_abs=0.0625 max_rel=0.13640552995391705 max_ulp=1925120
FIRST_DIVERGENCE_OBJECT row=2 layer=23 checkpoint=CP3-F subobject=attn_state_kv result=MISMATCH elements=65536 mismatch_count=1536 first_index=8192 actual_bits=0x3e4b3155 expected_bits=0x3e4b3152 max_abs=0.0025519132614135742 max_rel=0.89051035343234874 max_ulp=26820672
FIRST_DIVERGENCE_OBJECT row=2 layer=23 checkpoint=CP3-F subobject=attn_state_score result=MISMATCH elements=65536 mismatch_count=1536 first_index=8192 actual_bits=0xbdb58245 expected_bits=0xbdb54478 max_abs=0.0012589842081069946 max_rel=0.92557811949759361 max_ulp=31890432
FIRST_DIVERGENCE_OBJECT row=2 layer=23 checkpoint=CP3-F subobject=layer_n_comp result=EXACT elements=1
FIRST_DIVERGENCE_OBJECT row=2 layer=23 checkpoint=CP4 subobject=after_attn_hc result=MISMATCH elements=16384 mismatch_count=16384 first_index=0 actual_bits=0x3ef94fd2 expected_bits=0x3ef537a5 max_abs=0.032953381538391113 max_rel=1.9973922525023899 max_ulp=2003686761
FIRST_DIVERGENCE_OBJECT row=2 layer=23 checkpoint=CP5 subobject=layer_output result=MISMATCH elements=16384 mismatch_count=16384 first_index=0 actual_bits=0x3eeab7fd expected_bits=0x3ee6cc77 max_abs=0.031750917434692383 max_rel=1.9117228504339343 max_ulp=2001503508
FIRST_DIVERGENCE_OBJECT row=2 layer=24 checkpoint=CP1 subobject=attn_norm result=MISMATCH elements=4096 mismatch_count=4096 first_index=0 actual_bits=0x3c478613 expected_bits=0x3c3dcd85 max_abs=0.0055031776428222656 max_rel=1.9858951422374909 max_ulp=1924296435
FIRST_DIVERGENCE_OBJECT row=2 layer=24 checkpoint=CP2-Q subobject=qr result=MISMATCH elements=1024 mismatch_count=1024 first_index=0 actual_bits=0xbed360c0 expected_bits=0xbed371b4 max_abs=0.0017750412225723267 max_rel=1.0699442157229677 max_ulp=1909486849
FIRST_DIVERGENCE_OBJECT row=2 layer=24 checkpoint=CP2-KV-P subobject=kv_raw result=MISMATCH elements=512 mismatch_count=512 first_index=0 actual_bits=0xbddabd89 expected_bits=0xbddb865c max_abs=0.0018305927515029907 max_rel=0.73178425655976675 max_ulp=15977472
FIRST_DIVERGENCE_OBJECT row=2 layer=24 checkpoint=CP2-KV-R subobject=raw_cache result=MISMATCH elements=512 mismatch_count=101 first_index=8 actual_bits=0x3cf00000 expected_bits=0x3ce00000 max_abs=0.0625 max_rel=1.4595435684647302 max_ulp=1977278465
FIRST_DIVERGENCE_OBJECT row=2 layer=24 checkpoint=CP3-F subobject=attn_state_kv result=MISMATCH elements=8192 mismatch_count=3072 first_index=4096 actual_bits=0xbe5a8abe expected_bits=0xbe5a5cb7 max_abs=0.0023538172245025635 max_rel=0.77535821085899748 max_ulp=17966464
FIRST_DIVERGENCE_OBJECT row=2 layer=24 checkpoint=CP3-F subobject=attn_state_score result=MISMATCH elements=8192 mismatch_count=3072 first_index=4096 actual_bits=0xc011a4d8 expected_bits=0xc011a085 max_abs=0.0066418647766113281 max_rel=0.89733495877143965 max_ulp=27867392
FIRST_DIVERGENCE_OBJECT row=2 layer=24 checkpoint=CP3-F subobject=layer_n_comp result=EXACT elements=1
FIRST_DIVERGENCE_OBJECT row=2 layer=24 checkpoint=CP3-F subobject=index_state_kv result=MISMATCH elements=2048 mismatch_count=768 first_index=1024 actual_bits=0xbdb2b2ac expected_bits=0xbdb330f4 max_abs=0.0017715990543365479 max_rel=0.26751599608352117 max_ulp=3161088
FIRST_DIVERGENCE_OBJECT row=2 layer=24 checkpoint=CP3-F subobject=index_state_score result=MISMATCH elements=2048 mismatch_count=768 first_index=1024 actual_bits=0xc0083139 expected_bits=0xc008399b max_abs=0.0056557655334472656 max_rel=0.17336336768888758 max_ulp=2365648
FIRST_DIVERGENCE_OBJECT row=2 layer=24 checkpoint=CP3-F subobject=layer_n_index_comp result=EXACT elements=1
FIRST_DIVERGENCE_OBJECT row=2 layer=24 checkpoint=CP4 subobject=after_attn_hc result=MISMATCH elements=16384 mismatch_count=16384 first_index=0 actual_bits=0xbecf7fcc expected_bits=0xbecdfb9d max_abs=0.035739660263061523 max_rel=1.7715625877346486 max_ulp=2020337857
FIRST_DIVERGENCE_OBJECT row=2 layer=24 checkpoint=CP5 subobject=layer_output result=MISMATCH elements=16384 mismatch_count=16384 first_index=0 actual_bits=0xbee55403 expected_bits=0xbee41954 max_abs=0.033842563629150391 max_rel=1.9823893457177271 max_ulp=2018804546
FIRST_DIVERGENCE_OBJECT row=2 layer=25 checkpoint=CP1 subobject=attn_norm result=MISMATCH elements=4096 mismatch_count=4096 first_index=0 actual_bits=0xbbc287ad expected_bits=0xbbc4205f max_abs=0.00021901726722717285 max_rel=1.7312496900100558 max_ulp=1896526597
FIRST_DIVERGENCE_OBJECT row=2 layer=25 checkpoint=CP2-Q subobject=qr result=MISMATCH elements=1024 mismatch_count=1024 first_index=0 actual_bits=0x3d37a38f expected_bits=0x3d378874 max_abs=0.00036676041781902313 max_rel=1.4635273751864606 max_ulp=1897447681
FIRST_DIVERGENCE_OBJECT row=2 layer=25 checkpoint=CP2-KV-P subobject=kv_raw result=MISMATCH elements=512 mismatch_count=512 first_index=0 actual_bits=0x3cd3dbe9 expected_bits=0x3cd24c88 max_abs=0.0003940388560295105 max_rel=0.4887268727937133 max_ulp=8063232
FIRST_DIVERGENCE_OBJECT row=2 layer=25 checkpoint=CP2-KV-R subobject=raw_cache result=MISMATCH elements=512 mismatch_count=91 first_index=2 actual_bits=0xbc800000 expected_bits=0xbc600000 max_abs=0.0625 max_rel=0.5 max_ulp=8388608
FIRST_DIVERGENCE_OBJECT row=2 layer=25 checkpoint=CP3-F subobject=attn_state_kv result=MISMATCH elements=65536 mismatch_count=1536 first_index=8192 actual_bits=0x3d929bd2 expected_bits=0x3d92b538 max_abs=0.00070688128471374512 max_rel=0.6690647482014388 max_ulp=13828096
FIRST_DIVERGENCE_OBJECT row=2 layer=25 checkpoint=CP3-F subobject=attn_state_score result=MISMATCH elements=65536 mismatch_count=1536 first_index=8192 actual_bits=0xbd082088 expected_bits=0xbd07f85b max_abs=0.0011643767356872559 max_rel=1.1158893256166631 max_ulp=1919317505
FIRST_DIVERGENCE_OBJECT row=2 layer=25 checkpoint=CP3-F subobject=layer_n_comp result=EXACT elements=1
FIRST_DIVERGENCE_OBJECT row=2 layer=25 checkpoint=CP4 subobject=after_attn_hc result=MISMATCH elements=16384 mismatch_count=16384 first_index=0 actual_bits=0xbed71af4 expected_bits=0xbed591b0 max_abs=0.051875114440917969 max_rel=1.9883683909105911 max_ulp=2010558616
FIRST_DIVERGENCE_OBJECT row=2 layer=25 checkpoint=CP5 subobject=layer_output result=MISMATCH elements=16384 mismatch_count=16384 first_index=0 actual_bits=0xbe6a33cf expected_bits=0xbe66e320 max_abs=0.052095413208007812 max_rel=1.970866096410774 max_ulp=2012871487
FIRST_DIVERGENCE_OBJECT row=2 layer=26 checkpoint=CP1 subobject=attn_norm result=MISMATCH elements=4096 mismatch_count=4096 first_index=0 actual_bits=0xba1ca249 expected_bits=0xba2c25c3 max_abs=0.001384735107421875 max_rel=1.489184047863167 max_ulp=1913705897
FIRST_DIVERGENCE_OBJECT row=2 layer=26 checkpoint=CP2-Q subobject=qr result=MISMATCH elements=1024 mismatch_count=1024 first_index=0 actual_bits=0x3de455e2 expected_bits=0x3de3d7eb max_abs=0.0010704696178436279 max_rel=1.1314330809267019 max_ulp=1881832705
FIRST_DIVERGENCE_OBJECT row=2 layer=26 checkpoint=CP2-KV-P subobject=kv_raw result=MISMATCH elements=512 mismatch_count=512 first_index=0 actual_bits=0x3d82e4bc expected_bits=0x3d825a0a max_abs=0.00094266235828399658 max_rel=0.4860225612705481 max_ulp=8020576
FIRST_DIVERGENCE_OBJECT row=2 layer=26 checkpoint=CP2-KV-R subobject=raw_cache result=MISMATCH elements=512 mismatch_count=103 first_index=2 actual_bits=0xbd800000 expected_bits=0xbd700000 max_abs=0.0625 max_rel=0.5 max_ulp=8388608
FIRST_DIVERGENCE_OBJECT row=2 layer=26 checkpoint=CP3-F subobject=attn_state_kv result=MISMATCH elements=8192 mismatch_count=3072 first_index=4096 actual_bits=0xbe8c723a expected_bits=0xbe8c7bee max_abs=0.0012606382369995117 max_rel=1.0038742895011852 max_ulp=1848721665
FIRST_DIVERGENCE_OBJECT row=2 layer=26 checkpoint=CP3-F subobject=attn_state_score result=MISMATCH elements=8192 mismatch_count=3072 first_index=4096 actual_bits=0x3e1b0fe6 expected_bits=0x3e1b5d1c max_abs=0.0034149885177612305 max_rel=1.3902466351505689 max_ulp=1952054529
FIRST_DIVERGENCE_OBJECT row=2 layer=26 checkpoint=CP3-F subobject=layer_n_comp result=EXACT elements=1
FIRST_DIVERGENCE_OBJECT row=2 layer=26 checkpoint=CP3-F subobject=index_state_kv result=MISMATCH elements=2048 mismatch_count=768 first_index=1024 actual_bits=0x3de7730d expected_bits=0x3de78c8e max_abs=0.0014113783836364746 max_rel=0.47157812722903203 max_ulp=7891328
FIRST_DIVERGENCE_OBJECT row=2 layer=26 checkpoint=CP3-F subobject=index_state_score result=MISMATCH elements=2048 mismatch_count=768 first_index=1024 actual_bits=0x3e4baf82 expected_bits=0x3e4bf380 max_abs=0.0040793418884277344 max_rel=0.94446016762519569 max_ulp=34908016
FIRST_DIVERGENCE_OBJECT row=2 layer=26 checkpoint=CP3-F subobject=layer_n_index_comp result=EXACT elements=1
FIRST_DIVERGENCE_OBJECT row=2 layer=26 checkpoint=CP4 subobject=after_attn_hc result=MISMATCH elements=16384 mismatch_count=16384 first_index=0 actual_bits=0xbe747206 expected_bits=0xbe711f31 max_abs=0.052193641662597656 max_rel=1.9669660666276705 max_ulp=2024176246
FIRST_DIVERGENCE_OBJECT row=2 layer=26 checkpoint=CP5 subobject=layer_output result=MISMATCH elements=16384 mismatch_count=16384 first_index=0 actual_bits=0xbe277dbe expected_bits=0xbe23d65e max_abs=0.051218032836914062 max_rel=1.8208385200897297 max_ulp=2011336019
FIRST_DIVERGENCE_OBJECT row=2 layer=27 checkpoint=CP1 subobject=attn_norm result=MISMATCH elements=4096 mismatch_count=4096 first_index=0 actual_bits=0xbb04bba5 expected_bits=0xbb060bec max_abs=0.00037859752774238586 max_rel=1.9787438088429499 max_ulp=1888144849
FIRST_DIVERGENCE_OBJECT row=2 layer=27 checkpoint=CP2-Q subobject=qr result=MISMATCH elements=1024 mismatch_count=1024 first_index=0 actual_bits=0x3b85709c expected_bits=0x3b8b738a max_abs=0.00052913278341293335 max_rel=1.9467009687003709 max_ulp=1900308161
FIRST_DIVERGENCE_OBJECT row=2 layer=27 checkpoint=CP2-KV-P subobject=kv_raw result=MISMATCH elements=512 mismatch_count=512 first_index=0 actual_bits=0xbe8e86d7 expected_bits=0xbe8e870f max_abs=0.00053655728697776794 max_rel=0.66774057079631621 max_ulp=13666816
FIRST_DIVERGENCE_OBJECT row=2 layer=27 checkpoint=CP2-KV-R subobject=raw_cache result=MISMATCH elements=512 mismatch_count=72 first_index=7 actual_bits=0xbff00000 expected_bits=0xc0000000 max_abs=0.125 max_rel=0.66666666666666663 max_ulp=13631488
FIRST_DIVERGENCE_OBJECT row=2 layer=27 checkpoint=CP3-F subobject=attn_state_kv result=MISMATCH elements=65536 mismatch_count=1536 first_index=8192 actual_bits=0xbc93f4eb expected_bits=0xbc92c48a max_abs=0.00050588697195053101 max_rel=1.0474069802762662 max_ulp=1867353665
FIRST_DIVERGENCE_OBJECT row=2 layer=27 checkpoint=CP3-F subobject=attn_state_score result=MISMATCH elements=65536 mismatch_count=1536 first_index=8192 actual_bits=0xbde7f2fc expected_bits=0xbde81cc7 max_abs=0.0011247098445892334 max_rel=0.35169907680219997 max_ulp=5682688
FIRST_DIVERGENCE_OBJECT row=2 layer=27 checkpoint=CP3-F subobject=layer_n_comp result=EXACT elements=1
FIRST_DIVERGENCE_OBJECT row=2 layer=27 checkpoint=CP4 subobject=after_attn_hc result=MISMATCH elements=16384 mismatch_count=16382 first_index=0 actual_bits=0x3ef95a6f expected_bits=0x3ef8f405 max_abs=0.062470912933349609 max_rel=1.9949016296145701 max_ulp=2038521573
FIRST_DIVERGENCE_OBJECT row=2 layer=27 checkpoint=CP5 subobject=layer_output result=MISMATCH elements=16384 mismatch_count=16384 first_index=0 actual_bits=0x3f3363de expected_bits=0x3f333f0b max_abs=0.061496168375015259 max_rel=1.8257704244174104 max_ulp=2023079905
FIRST_DIVERGENCE_OBJECT row=2 layer=28 checkpoint=CP1 subobject=attn_norm result=MISMATCH elements=4096 mismatch_count=4096 first_index=0 actual_bits=0x3d2792c8 expected_bits=0x3d27caa9 max_abs=0.010197877883911133 max_rel=1.6009224666561288 max_ulp=1911075326
FIRST_DIVERGENCE_OBJECT row=2 layer=28 checkpoint=CP2-Q subobject=qr result=MISMATCH elements=1024 mismatch_count=1024 first_index=0 actual_bits=0x3e16dea1 expected_bits=0x3e167a4c max_abs=0.0012672543525695801 max_rel=0.61262737619927299 max_ulp=12056064
FIRST_DIVERGENCE_OBJECT row=2 layer=28 checkpoint=CP2-KV-P subobject=kv_raw result=MISMATCH elements=512 mismatch_count=512 first_index=0 actual_bits=0x3cf7adaf expected_bits=0x3cf701a0 max_abs=0.0012305937707424164 max_rel=0.90080485199877935 max_ulp=27936768
FIRST_DIVERGENCE_OBJECT row=2 layer=28 checkpoint=CP2-KV-R subobject=raw_cache result=MISMATCH elements=512 mismatch_count=98 first_index=10 actual_bits=0x3cd00000 expected_bits=0x3cc00000 max_abs=0.25 max_rel=0.90625 max_ulp=28311552
FIRST_DIVERGENCE_OBJECT row=2 layer=28 checkpoint=CP3-F subobject=attn_state_kv result=MISMATCH elements=8192 mismatch_count=3072 first_index=4096 actual_bits=0x3d88a902 expected_bits=0x3d889c58 max_abs=0.001519620418548584 max_rel=1.2642899300826296 max_ulp=1902247425
FIRST_DIVERGENCE_OBJECT row=2 layer=28 checkpoint=CP3-F subobject=attn_state_score result=MISMATCH elements=8192 mismatch_count=3072 first_index=4096 actual_bits=0x3fbea1b2 expected_bits=0x3fbeed46 max_abs=0.012485980987548828 max_rel=0.22488156300557904 max_ulp=3534656
FIRST_DIVERGENCE_OBJECT row=2 layer=28 checkpoint=CP3-F subobject=layer_n_comp result=EXACT elements=1
FIRST_DIVERGENCE_OBJECT row=2 layer=28 checkpoint=CP3-F subobject=index_state_kv result=MISMATCH elements=2048 mismatch_count=768 first_index=1024 actual_bits=0xbe6069b2 expected_bits=0xbe60a306 max_abs=0.0023664236068725586 max_rel=0.8848097960401764 max_ulp=26242944
FIRST_DIVERGENCE_OBJECT row=2 layer=28 checkpoint=CP3-F subobject=index_state_score result=MISMATCH elements=2048 mismatch_count=768 first_index=1024 actual_bits=0x3fc0cd41 expected_bits=0x3fc119af max_abs=0.010651350021362305 max_rel=0.016976249194543516 max_ulp=194642
FIRST_DIVERGENCE_OBJECT row=2 layer=28 checkpoint=CP3-F subobject=layer_n_index_comp result=EXACT elements=1
FIRST_DIVERGENCE_OBJECT row=2 layer=28 checkpoint=CP4 subobject=after_attn_hc result=MISMATCH elements=16384 mismatch_count=16383 first_index=0 actual_bits=0x3f326a33 expected_bits=0x3f32439a max_abs=0.061103910207748413 max_rel=1.9950317922182956 max_ulp=2031250564
FIRST_DIVERGENCE_OBJECT row=2 layer=28 checkpoint=CP5 subobject=layer_output result=MISMATCH elements=16384 mismatch_count=16384 first_index=0 actual_bits=0x3f2f8c7d expected_bits=0x3f2fa6ff max_abs=0.061694175004959106 max_rel=1.9301403141638065 max_ulp=2035517139
FIRST_DIVERGENCE_OBJECT row=2 layer=29 checkpoint=CP1 subobject=attn_norm result=MISMATCH elements=4096 mismatch_count=4096 first_index=0 actual_bits=0xbac77885 expected_bits=0xbacb648f max_abs=0.00080425664782524109 max_rel=1.9255437993421725 max_ulp=1911080315
FIRST_DIVERGENCE_OBJECT row=2 layer=29 checkpoint=CP2-Q subobject=qr result=MISMATCH elements=1024 mismatch_count=1024 first_index=0 actual_bits=0xbe339552 expected_bits=0xbe33201a max_abs=0.0010027177631855011 max_rel=0.8677964934036031 max_ulp=24630464
FIRST_DIVERGENCE_OBJECT row=2 layer=29 checkpoint=CP2-KV-P subobject=kv_raw result=MISMATCH elements=512 mismatch_count=512 first_index=0 actual_bits=0xbd211b30 expected_bits=0xbd20a66c max_abs=0.0011150501668453217 max_rel=1.1705696602248326 max_ulp=1877844225
FIRST_DIVERGENCE_OBJECT row=2 layer=29 checkpoint=CP2-KV-R subobject=raw_cache result=MISMATCH elements=512 mismatch_count=112 first_index=1 actual_bits=0xbcd00000 expected_bits=0xbce00000 max_abs=0.125 max_rel=1.1818181818181819 max_ulp=1932525569
FIRST_DIVERGENCE_OBJECT row=2 layer=29 checkpoint=CP3-F subobject=attn_state_kv result=MISMATCH elements=65536 mismatch_count=1536 first_index=8192 actual_bits=0x3e11ebcc expected_bits=0x3e11cda8 max_abs=0.0015663299709558487 max_rel=1.9215247819949606 max_ulp=1914469057
FIRST_DIVERGENCE_OBJECT row=2 layer=29 checkpoint=CP3-F subobject=attn_state_score result=MISMATCH elements=65536 mismatch_count=1536 first_index=8192 actual_bits=0x3dc3cb1d expected_bits=0x3dc44ab8 max_abs=0.0047695040702819824 max_rel=1.4183335378574058 max_ulp=1927203329
FIRST_DIVERGENCE_OBJECT row=2 layer=29 checkpoint=CP3-F subobject=layer_n_comp result=EXACT elements=1
FIRST_DIVERGENCE_OBJECT row=2 layer=29 checkpoint=CP4 subobject=after_attn_hc result=MISMATCH elements=16384 mismatch_count=16384 first_index=0 actual_bits=0x3f2f48ad expected_bits=0x3f2f62be max_abs=0.06490325927734375 max_rel=1.9290378909833048 max_ulp=2035107201
FIRST_DIVERGENCE_OBJECT row=2 layer=29 checkpoint=CP5 subobject=layer_output result=MISMATCH elements=16384 mismatch_count=16384 first_index=0 actual_bits=0x3f1787e1 expected_bits=0x3f178fe8 max_abs=0.066312789916992188 max_rel=1.9256105024388475 max_ulp=2023641123
FIRST_DIVERGENCE_OBJECT row=2 layer=30 checkpoint=CP1 subobject=attn_norm result=MISMATCH elements=4096 mismatch_count=4096 first_index=0 actual_bits=0xbcf13636 expected_bits=0xbcf40f99 max_abs=0.018095016479492188 max_rel=1.8398437055476662 max_ulp=1920561885
FIRST_DIVERGENCE_OBJECT row=2 layer=30 checkpoint=CP2-Q subobject=qr result=MISMATCH elements=1024 mismatch_count=1024 first_index=0 actual_bits=0xbe06cb11 expected_bits=0xbe067928 max_abs=0.0018401890993118286 max_rel=0.94863607205764044 max_ulp=36131424
FIRST_DIVERGENCE_OBJECT row=2 layer=30 checkpoint=CP2-KV-P subobject=kv_raw result=MISMATCH elements=512 mismatch_count=512 first_index=0 actual_bits=0xbcbd30e0 expected_bits=0xbcbd63ea max_abs=0.0025164783000946045 max_rel=0.83334236528839034 max_ulp=21501696
FIRST_DIVERGENCE_OBJECT row=2 layer=30 checkpoint=CP2-KV-R subobject=raw_cache result=MISMATCH elements=512 mismatch_count=133 first_index=3 actual_bits=0x3be00000 expected_bits=0x3c100000 max_abs=0.0625 max_rel=0.83333333333333337 max_ulp=20971520
FIRST_DIVERGENCE_OBJECT row=2 layer=30 checkpoint=CP3-F subobject=attn_state_kv result=MISMATCH elements=8192 mismatch_count=3072 first_index=4096 actual_bits=0xbca1f690 expected_bits=0xbca1f6da max_abs=0.0024751126766204834 max_rel=1.0113399256100879 max_ulp=1881553921
FIRST_DIVERGENCE_OBJECT row=2 layer=30 checkpoint=CP3-F subobject=attn_state_score result=MISMATCH elements=8192 mismatch_count=3072 first_index=4096 actual_bits=0x3f3fcbc0 expected_bits=0x3f3fe71c max_abs=0.015585899353027344 max_rel=1.4275562629139442 max_ulp=1937451009
FIRST_DIVERGENCE_OBJECT row=2 layer=30 checkpoint=CP3-F subobject=layer_n_comp result=EXACT elements=1
FIRST_DIVERGENCE_OBJECT row=2 layer=30 checkpoint=CP3-F subobject=index_state_kv result=MISMATCH elements=2048 mismatch_count=768 first_index=1024 actual_bits=0x3bae80c8 expected_bits=0x3bb260e0 max_abs=0.0030338149517774582 max_rel=0.33301233902135252 max_ulp=5059200
FIRST_DIVERGENCE_OBJECT row=2 layer=30 checkpoint=CP3-F subobject=index_state_score result=MISMATCH elements=2048 mismatch_count=768 first_index=1024 actual_bits=0x3eec62c2 expected_bits=0x3eebd89c max_abs=0.020082473754882812 max_rel=0.89050938337801611 max_ulp=26375168
FIRST_DIVERGENCE_OBJECT row=2 layer=30 checkpoint=CP3-F subobject=layer_n_index_comp result=EXACT elements=1
FIRST_DIVERGENCE_OBJECT row=2 layer=30 checkpoint=CP4 subobject=after_attn_hc result=MISMATCH elements=16384 mismatch_count=16384 first_index=0 actual_bits=0x3f05e38c expected_bits=0x3f059699 max_abs=0.11771774291992188 max_rel=1.6916101178974876 max_ulp=2025548681
FIRST_DIVERGENCE_OBJECT row=2 layer=30 checkpoint=CP5 subobject=layer_output result=MISMATCH elements=16384 mismatch_count=16384 first_index=0 actual_bits=0x3f4bfb0c expected_bits=0x3f4b8a59 max_abs=0.11565017700195312 max_rel=1.9692957120482555 max_ulp=2024704435
FIRST_DIVERGENCE_OBJECT row=2 layer=31 checkpoint=CP1 subobject=attn_norm result=MISMATCH elements=4096 mismatch_count=4096 first_index=0 actual_bits=0x3c8db89d expected_bits=0x3c8c8b07 max_abs=0.00082364282570779324 max_rel=1.5003972685934568 max_ulp=1915710082
FIRST_DIVERGENCE_OBJECT row=2 layer=31 checkpoint=CP2-Q subobject=qr result=MISMATCH elements=1024 mismatch_count=1024 first_index=0 actual_bits=0xbc37e338 expected_bits=0xbc2da930 max_abs=0.0010983794927597046 max_rel=1.530323220657694 max_ulp=1932303553
FIRST_DIVERGENCE_OBJECT row=2 layer=31 checkpoint=CP2-KV-P subobject=kv_raw result=MISMATCH elements=512 mismatch_count=512 first_index=0 actual_bits=0xbe273304 expected_bits=0xbe27b5f6 max_abs=0.00090636312961578369 max_rel=0.65737025115148962 max_ulp=12600128
FIRST_DIVERGENCE_OBJECT row=2 layer=31 checkpoint=CP2-KV-R subobject=raw_cache result=MISMATCH elements=512 mismatch_count=107 first_index=5 actual_bits=0x3f100000 expected_bits=0x3f000000 max_abs=0.125 max_rel=0.625 max_ulp=12582912
FIRST_DIVERGENCE_OBJECT row=2 layer=31 checkpoint=CP3-F subobject=attn_state_kv result=MISMATCH elements=65536 mismatch_count=1536 first_index=8192 actual_bits=0x3c0cc878 expected_bits=0x3c0fee84 max_abs=0.0013126134872436523 max_rel=1.2190821934293394 max_ulp=1902996993
FIRST_DIVERGENCE_OBJECT row=2 layer=31 checkpoint=CP3-F subobject=attn_state_score result=MISMATCH elements=65536 mismatch_count=1536 first_index=8192 actual_bits=0xbd93313e expected_bits=0xbd9281ba max_abs=0.0027201473712921143 max_rel=1.416537119375564 max_ulp=1925797249
FIRST_DIVERGENCE_OBJECT row=2 layer=31 checkpoint=CP3-F subobject=layer_n_comp result=EXACT elements=1
FIRST_DIVERGENCE_OBJECT row=2 layer=31 checkpoint=CP4 subobject=after_attn_hc result=MISMATCH elements=16384 mismatch_count=16384 first_index=0 actual_bits=0x3f0c74ea expected_bits=0x3f0bcd95 max_abs=0.11451435089111328 max_rel=1.8718190576053697 max_ulp=2036328240
FIRST_DIVERGENCE_OBJECT row=2 layer=31 checkpoint=CP5 subobject=layer_output result=MISMATCH elements=16384 mismatch_count=16384 first_index=0 actual_bits=0x3f6a8b18 expected_bits=0x3f69fdbd max_abs=0.11319541931152344 max_rel=1.7901076622808909 max_ulp=2032639610
FIRST_DIVERGENCE_OBJECT row=2 layer=32 checkpoint=CP1 subobject=attn_norm result=MISMATCH elements=4096 mismatch_count=4096 first_index=0 actual_bits=0x3d0ca066 expected_bits=0x3d0b9f54 max_abs=0.0046064853668212891 max_rel=1.6765779461403809 max_ulp=1940804714
FIRST_DIVERGENCE_OBJECT row=2 layer=32 checkpoint=CP2-Q subobject=qr result=MISMATCH elements=1024 mismatch_count=1024 first_index=0 actual_bits=0x3dfb924e expected_bits=0x3dfbf4f3 max_abs=0.0019346699118614197 max_rel=1.7071713359204721 max_ulp=1933333505
FIRST_DIVERGENCE_OBJECT row=2 layer=32 checkpoint=CP2-KV-P subobject=kv_raw result=MISMATCH elements=512 mismatch_count=512 first_index=0 actual_bits=0x3e549ba7 expected_bits=0x3e5444d7 max_abs=0.0021596997976303101 max_rel=1.0354204547072983 max_ulp=1916197953
FIRST_DIVERGENCE_OBJECT row=2 layer=32 checkpoint=CP2-KV-R subobject=raw_cache result=MISMATCH elements=512 mismatch_count=145 first_index=2 actual_bits=0x3dc00000 expected_bits=0x3db00000 max_abs=0.0625 max_rel=1.0375000000000001 max_ulp=1960837121
FIRST_DIVERGENCE_OBJECT row=2 layer=32 checkpoint=CP3-F subobject=attn_state_kv result=MISMATCH elements=8192 mismatch_count=3072 first_index=4096 actual_bits=0xbccaf4ee expected_bits=0xbccdaaea max_abs=0.0021772682666778564 max_rel=1.5256111092979994 max_ulp=1953239817
FIRST_DIVERGENCE_OBJECT row=2 layer=32 checkpoint=CP3-F subobject=attn_state_score result=MISMATCH elements=8192 mismatch_count=3072 first_index=4096 actual_bits=0xbfdbaacc expected_bits=0xbfdd2a83 max_abs=0.017345905303955078 max_rel=0.59343350179228538 max_ulp=10884544
FIRST_DIVERGENCE_OBJECT row=2 layer=32 checkpoint=CP3-F subobject=layer_n_comp result=EXACT elements=1
FIRST_DIVERGENCE_OBJECT row=2 layer=32 checkpoint=CP3-F subobject=index_state_kv result=MISMATCH elements=2048 mismatch_count=768 first_index=1024 actual_bits=0x3e1107d4 expected_bits=0x3e1129ba max_abs=0.0025786161422729492 max_rel=0.38050277620965595 max_ulp=5875568
FIRST_DIVERGENCE_OBJECT row=2 layer=32 checkpoint=CP3-F subobject=index_state_score result=MISMATCH elements=2048 mismatch_count=768 first_index=1024 actual_bits=0xbfebe143 expected_bits=0xbfed51b2 max_abs=0.015313148498535156 max_rel=0.40122131986053988 max_ulp=6149792
FIRST_DIVERGENCE_OBJECT row=2 layer=32 checkpoint=CP3-F subobject=layer_n_index_comp result=EXACT elements=1
FIRST_DIVERGENCE_OBJECT row=2 layer=32 checkpoint=CP4 subobject=after_attn_hc result=MISMATCH elements=16384 mismatch_count=16384 first_index=0 actual_bits=0x3f6d5612 expected_bits=0x3f6cb7e6 max_abs=0.10961532592773438 max_rel=1.9066956511317126 max_ulp=2042348841
FIRST_DIVERGENCE_OBJECT row=2 layer=32 checkpoint=CP5 subobject=layer_output result=MISMATCH elements=16384 mismatch_count=16384 first_index=0 actual_bits=0x3f5f59f4 expected_bits=0x3f5e9809 max_abs=0.11243343353271484 max_rel=1.9209016825877248 max_ulp=2032785142
FIRST_DIVERGENCE_OBJECT row=2 layer=33 checkpoint=CP1 subobject=attn_norm result=MISMATCH elements=4096 mismatch_count=4096 first_index=0 actual_bits=0x3c1d3480 expected_bits=0x3c19a7f4 max_abs=0.0011037606745958328 max_rel=1.7123513275538971 max_ulp=1937294523
FIRST_DIVERGENCE_OBJECT row=2 layer=33 checkpoint=CP2-Q subobject=qr result=MISMATCH elements=1024 mismatch_count=1024 first_index=0 actual_bits=0xbcda2092 expected_bits=0xbcd9ac92 max_abs=0.0013526063412427902 max_rel=0.52301015479523361 max_ulp=8957232
FIRST_DIVERGENCE_OBJECT row=2 layer=33 checkpoint=CP2-KV-P subobject=kv_raw result=MISMATCH elements=512 mismatch_count=512 first_index=0 actual_bits=0x3d143f10 expected_bits=0x3d14bea2 max_abs=0.0012300889939069748 max_rel=1.3234860972680109 max_ulp=1935581121
FIRST_DIVERGENCE_OBJECT row=2 layer=33 checkpoint=CP2-KV-R subobject=raw_cache result=MISMATCH elements=512 mismatch_count=132 first_index=6 actual_bits=0xbbc00000 expected_bits=0x3b000000 max_abs=0.125 max_rel=1.3333333333333333 max_ulp=1992294401
FIRST_DIVERGENCE_OBJECT row=2 layer=33 checkpoint=CP3-F subobject=attn_state_kv result=MISMATCH elements=65536 mismatch_count=1536 first_index=8192 actual_bits=0x3d1c3a3f expected_bits=0x3d1c2876 max_abs=0.0013112165033817291 max_rel=1.7511554096420343 max_ulp=1943722785
FIRST_DIVERGENCE_OBJECT row=2 layer=33 checkpoint=CP3-F subobject=attn_state_score result=MISMATCH elements=65536 mismatch_count=1536 first_index=8192 actual_bits=0xbda60510 expected_bits=0xbda66587 max_abs=0.0038666576147079468 max_rel=1.4255238155661649 max_ulp=1948072097
FIRST_DIVERGENCE_OBJECT row=2 layer=33 checkpoint=CP3-F subobject=layer_n_comp result=EXACT elements=1
FIRST_DIVERGENCE_OBJECT row=2 layer=33 checkpoint=CP4 subobject=after_attn_hc result=MISMATCH elements=16384 mismatch_count=16384 first_index=0 actual_bits=0x3f5e0b45 expected_bits=0x3f5d57d4 max_abs=0.11679816246032715 max_rel=1.9109610546252664 max_ulp=2042852781
FIRST_DIVERGENCE_OBJECT row=2 layer=33 checkpoint=CP5 subobject=layer_output result=MISMATCH elements=16384 mismatch_count=16384 first_index=0 actual_bits=0x3f91a673 expected_bits=0x3f9125df max_abs=0.11355209350585938 max_rel=1.9870887965694533 max_ulp=2043514575
FIRST_DIVERGENCE_OBJECT row=2 layer=34 checkpoint=CP1 subobject=attn_norm result=MISMATCH elements=4096 mismatch_count=4096 first_index=0 actual_bits=0x3d189206 expected_bits=0x3d19e69b max_abs=0.015989184379577637 max_rel=1.9441531739203604 max_ulp=1949111837
FIRST_DIVERGENCE_OBJECT row=2 layer=34 checkpoint=CP2-Q subobject=qr result=MISMATCH elements=1024 mismatch_count=1024 first_index=0 actual_bits=0x3e480328 expected_bits=0x3e4852d6 max_abs=0.0019276887178421021 max_rel=1.7723062996146883 max_ulp=1932149377
FIRST_DIVERGENCE_OBJECT row=2 layer=34 checkpoint=CP2-KV-P subobject=kv_raw result=MISMATCH elements=512 mismatch_count=512 first_index=0 actual_bits=0x3e89c5b2 expected_bits=0x3e89db36 max_abs=0.0020545404404401779 max_rel=1.945451763445796 max_ulp=1905087489
FIRST_DIVERGENCE_OBJECT row=2 layer=34 checkpoint=CP2-KV-R subobject=raw_cache result=MISMATCH elements=512 mismatch_count=124 first_index=4 actual_bits=0xbeb00000 expected_bits=0xbea00000 max_abs=0.125 max_rel=1.9166666666666667 max_ulp=1953497089
FIRST_DIVERGENCE_OBJECT row=2 layer=34 checkpoint=CP3-F subobject=attn_state_kv result=MISMATCH elements=8192 mismatch_count=3072 first_index=4096 actual_bits=0x3e012112 expected_bits=0x3e00d8be max_abs=0.0051023960113525391 max_rel=1.8595033071259204 max_ulp=1915970305
FIRST_DIVERGENCE_OBJECT row=2 layer=34 checkpoint=CP3-F subobject=attn_state_score result=MISMATCH elements=8192 mismatch_count=3072 first_index=4096 actual_bits=0x402130df expected_bits=0x4023161c max_abs=0.097504615783691406 max_rel=0.62166643636866104 max_ulp=11093504
FIRST_DIVERGENCE_OBJECT row=2 layer=34 checkpoint=CP3-F subobject=layer_n_comp result=EXACT elements=1
FIRST_DIVERGENCE_OBJECT row=2 layer=34 checkpoint=CP3-F subobject=index_state_kv result=MISMATCH elements=2048 mismatch_count=768 first_index=1024 actual_bits=0x3e6dfce2 expected_bits=0x3e6d339a max_abs=0.0033771991729736328 max_rel=0.99137684073306054 max_ulp=57456864
FIRST_DIVERGENCE_OBJECT row=2 layer=34 checkpoint=CP3-F subobject=index_state_score result=MISMATCH elements=2048 mismatch_count=768 first_index=1024 actual_bits=0x4016dc63 expected_bits=0x40189e2b max_abs=0.098888397216796875 max_rel=0.37582033525338165 max_ulp=5932672
FIRST_DIVERGENCE_OBJECT row=2 layer=34 checkpoint=CP3-F subobject=layer_n_index_comp result=EXACT elements=1
FIRST_DIVERGENCE_OBJECT row=2 layer=34 checkpoint=CP4 subobject=after_attn_hc result=MISMATCH elements=16384 mismatch_count=16384 first_index=0 actual_bits=0x3fabf93c expected_bits=0x3fabae3e max_abs=0.11133933067321777 max_rel=1.8641074888724196 max_ulp=2044570516
FIRST_DIVERGENCE_OBJECT row=2 layer=34 checkpoint=CP5 subobject=layer_output result=MISMATCH elements=16384 mismatch_count=16384 first_index=0 actual_bits=0x3f82dfd7 expected_bits=0x3f82ddac max_abs=0.11136865615844727 max_rel=1.9536155123345984 max_ulp=2042880094
FIRST_DIVERGENCE_OBJECT row=2 layer=35 checkpoint=CP1 subobject=attn_norm result=MISMATCH elements=4096 mismatch_count=4096 first_index=0 actual_bits=0x3cf6a431 expected_bits=0x3cfa0761 max_abs=0.0012638699263334274 max_rel=1.9137278533077211 max_ulp=1936976606
FIRST_DIVERGENCE_OBJECT row=2 layer=35 checkpoint=CP2-Q subobject=qr result=MISMATCH elements=1024 mismatch_count=1024 first_index=0 actual_bits=0x3e4ead09 expected_bits=0x3e4f4f82 max_abs=0.0019279122352600098 max_rel=1.9585516509327432 max_ulp=1934803137
FIRST_DIVERGENCE_OBJECT row=2 layer=35 checkpoint=CP2-KV-P subobject=kv_raw result=MISMATCH elements=512 mismatch_count=512 first_index=0 actual_bits=0xbd79a67c expected_bits=0xbd7e8814 max_abs=0.0022825896739959717 max_rel=1.1061355623791653 max_ulp=1903342593
FIRST_DIVERGENCE_OBJECT row=2 layer=35 checkpoint=CP2-KV-R subobject=raw_cache result=MISMATCH elements=512 mismatch_count=136 first_index=1 actual_bits=0x3fb00000 expected_bits=0x3fc00000 max_abs=0.125 max_rel=1.1022727272727273 max_ulp=1958739969
FIRST_DIVERGENCE_OBJECT row=2 layer=35 checkpoint=CP3-F subobject=attn_state_kv result=MISMATCH elements=65536 mismatch_count=1536 first_index=8192 actual_bits=0xbce6575e expected_bits=0xbce72835 max_abs=0.0028467178344726562 max_rel=1.5201045559435562 max_ulp=1929790209
FIRST_DIVERGENCE_OBJECT row=2 layer=35 checkpoint=CP3-F subobject=attn_state_score result=MISMATCH elements=65536 mismatch_count=1536 first_index=8192 actual_bits=0xbe6eec86 expected_bits=0xbe6de46c max_abs=0.0041526556015014648 max_rel=1.0249488948511563 max_ulp=1905063681
FIRST_DIVERGENCE_OBJECT row=2 layer=35 checkpoint=CP3-F subobject=layer_n_comp result=EXACT elements=1
FIRST_DIVERGENCE_OBJECT row=2 layer=35 checkpoint=CP4 subobject=after_attn_hc result=MISMATCH elements=16384 mismatch_count=16384 first_index=0 actual_bits=0x3fafbafa expected_bits=0x3faf6e1d max_abs=0.11416912078857422 max_rel=1.9801747428683818 max_ulp=2043433132
FIRST_DIVERGENCE_OBJECT row=2 layer=35 checkpoint=CP5 subobject=layer_output result=MISMATCH elements=16384 mismatch_count=16384 first_index=0 actual_bits=0x3fc7e76f expected_bits=0x3fc76f5a max_abs=0.11231613159179688 max_rel=1.9438209601344638 max_ulp=2047724896
FIRST_DIVERGENCE_OBJECT row=2 layer=36 checkpoint=CP1 subobject=attn_norm result=MISMATCH elements=4096 mismatch_count=4096 first_index=0 actual_bits=0x3ca1d8dc expected_bits=0x3ca4d21c max_abs=0.01448369026184082 max_rel=1.8541093536985516 max_ulp=1933009515
FIRST_DIVERGENCE_OBJECT row=2 layer=36 checkpoint=CP2-Q subobject=qr result=MISMATCH elements=1024 mismatch_count=1023 first_index=0 actual_bits=0xbbf579fc expected_bits=0xbc0a9fa6 max_abs=0.0028932765126228333 max_rel=1.2942196457547512 max_ulp=1944735681
FIRST_DIVERGENCE_OBJECT row=2 layer=36 checkpoint=CP2-KV-P subobject=kv_raw result=MISMATCH elements=512 mismatch_count=512 first_index=0 actual_bits=0x3c2720c4 expected_bits=0x3c24b3d6 max_abs=0.0028541851788759232 max_rel=0.7423597057789949 max_ulp=16292992
FIRST_DIVERGENCE_OBJECT row=2 layer=36 checkpoint=CP2-KV-R subobject=raw_cache result=MISMATCH elements=512 mismatch_count=129 first_index=3 actual_bits=0x3df00000 expected_bits=0x3de00000 max_abs=0.125 max_rel=0.72916666666666663 max_ulp=15728640
FIRST_DIVERGENCE_OBJECT row=2 layer=36 checkpoint=CP3-F subobject=attn_state_kv result=MISMATCH elements=8192 mismatch_count=3072 first_index=4096 actual_bits=0x3ce52d4e expected_bits=0x3ce19d62 max_abs=0.0034673959016799927 max_rel=1.9867419663665637 max_ulp=1968019617
FIRST_DIVERGENCE_OBJECT row=2 layer=36 checkpoint=CP3-F subobject=attn_state_score result=MISMATCH elements=8192 mismatch_count=3072 first_index=4096 actual_bits=0x3e442e8c expected_bits=0x3e47359a max_abs=0.015642762184143066 max_rel=1.8510237336167199 max_ulp=1993062753
FIRST_DIVERGENCE_OBJECT row=2 layer=36 checkpoint=CP3-F subobject=layer_n_comp result=EXACT elements=1
FIRST_DIVERGENCE_OBJECT row=2 layer=36 checkpoint=CP3-F subobject=index_state_kv result=MISMATCH elements=2048 mismatch_count=768 first_index=1024 actual_bits=0xbc8d75f2 expected_bits=0xbc8d2a02 max_abs=0.0038733482360839844 max_rel=1.2512858838528158 max_ulp=1935955457
FIRST_DIVERGENCE_OBJECT row=2 layer=36 checkpoint=CP3-F subobject=index_state_score result=MISMATCH elements=2048 mismatch_count=768 first_index=1024 actual_bits=0xbe0617c2 expected_bits=0xbe020a3b max_abs=0.015439510345458984 max_rel=0.96246938615751076 max_ulp=40217760
FIRST_DIVERGENCE_OBJECT row=2 layer=36 checkpoint=CP3-F subobject=layer_n_index_comp result=EXACT elements=1
FIRST_DIVERGENCE_OBJECT row=2 layer=36 checkpoint=CP4 subobject=after_attn_hc result=MISMATCH elements=16384 mismatch_count=16384 first_index=0 actual_bits=0x3fb6e8bf expected_bits=0x3fb6aa22 max_abs=0.20535540580749512 max_rel=1.9345010557505138 max_ulp=2050796522
FIRST_DIVERGENCE_OBJECT row=2 layer=36 checkpoint=CP5 subobject=layer_output result=MISMATCH elements=16384 mismatch_count=16384 first_index=0 actual_bits=0x3f0e66da expected_bits=0x3f0ef322 max_abs=0.20276832580566406 max_rel=1.9981282508562381 max_ulp=2050667609
FIRST_DIVERGENCE_OBJECT row=2 layer=37 checkpoint=CP1 subobject=attn_norm result=MISMATCH elements=4096 mismatch_count=4096 first_index=0 actual_bits=0x3dadbeae expected_bits=0x3dadded1 max_abs=0.0014134049415588379 max_rel=1.9127453874863949 max_ulp=1939492248
FIRST_DIVERGENCE_OBJECT row=2 layer=37 checkpoint=CP2-Q subobject=qr result=MISMATCH elements=1024 mismatch_count=1024 first_index=0 actual_bits=0x3e965ca6 expected_bits=0x3e96a474 max_abs=0.0023387223482131958 max_rel=1.360211419089177 max_ulp=1940561985
FIRST_DIVERGENCE_OBJECT row=2 layer=37 checkpoint=CP2-KV-P subobject=kv_raw result=MISMATCH elements=512 mismatch_count=512 first_index=0 actual_bits=0xbe9309df expected_bits=0xbe924ea2 max_abs=0.0018868446350097656 max_rel=1.2161576557985967 max_ulp=1938803457
FIRST_DIVERGENCE_OBJECT row=2 layer=37 checkpoint=CP2-KV-R subobject=raw_cache result=MISMATCH elements=512 mismatch_count=111 first_index=9 actual_bits=0x3d400000 expected_bits=0x3d600000 max_abs=0.125 max_rel=1.203125 max_ulp=1977614337
FIRST_DIVERGENCE_OBJECT row=2 layer=37 checkpoint=CP3-F subobject=attn_state_kv result=MISMATCH elements=65536 mismatch_count=1536 first_index=8192 actual_bits=0xbbd1ac1a expected_bits=0xbbd25e3e max_abs=0.0019617527723312378 max_rel=1.8753340033829333 max_ulp=1898632321
FIRST_DIVERGENCE_OBJECT row=2 layer=37 checkpoint=CP3-F subobject=attn_state_score result=MISMATCH elements=65536 mismatch_count=1536 first_index=8192 actual_bits=0xbe604304 expected_bits=0xbe605df8 max_abs=0.0041525363922119141 max_rel=0.60615183149778928 max_ulp=10697232
FIRST_DIVERGENCE_OBJECT row=2 layer=37 checkpoint=CP3-F subobject=layer_n_comp result=EXACT elements=1
FIRST_DIVERGENCE_OBJECT row=2 layer=37 checkpoint=CP4 subobject=after_attn_hc result=MISMATCH elements=16384 mismatch_count=16384 first_index=0 actual_bits=0x3ebf055e expected_bits=0x3ec081b5 max_abs=0.19423151016235352 max_rel=1.9786733126943408 max_ulp=2058274798
FIRST_DIVERGENCE_OBJECT row=2 layer=37 checkpoint=CP5 subobject=layer_output result=MISMATCH elements=16384 mismatch_count=16384 first_index=0 actual_bits=0x3f3576d3 expected_bits=0x3f3880cc max_abs=0.19089698791503906 max_rel=1.995420043845052 max_ulp=2058270659
FIRST_DIVERGENCE_OBJECT row=2 layer=38 checkpoint=CP1 subobject=attn_norm result=MISMATCH elements=4096 mismatch_count=4096 first_index=0 actual_bits=0x3d32d515 expected_bits=0x3d34c743 max_abs=0.022699832916259766 max_rel=1.8588984086030145 max_ulp=1950275824
FIRST_DIVERGENCE_OBJECT row=2 layer=38 checkpoint=CP2-Q subobject=qr result=MISMATCH elements=1024 mismatch_count=1024 first_index=0 actual_bits=0x3d5a05fc expected_bits=0x3d553db8 max_abs=0.0036716461181640625 max_rel=1.2565281496139371 max_ulp=1922561537
FIRST_DIVERGENCE_OBJECT row=2 layer=38 checkpoint=CP2-KV-P subobject=kv_raw result=MISMATCH elements=512 mismatch_count=512 first_index=0 actual_bits=0xbe085718 expected_bits=0xbe08af6e max_abs=0.0048296749591827393 max_rel=1.2745866034485298 max_ulp=1956740801
FIRST_DIVERGENCE_OBJECT row=2 layer=38 checkpoint=CP2-KV-R subobject=raw_cache result=MISMATCH elements=512 mismatch_count=133 first_index=3 actual_bits=0xbe200000 expected_bits=0xbe300000 max_abs=0.125 max_rel=1.2954545454545454 max_ulp=1988100097
FIRST_DIVERGENCE_OBJECT row=2 layer=38 checkpoint=CP3-F subobject=attn_state_kv result=MISMATCH elements=8192 mismatch_count=3072 first_index=4096 actual_bits=0xbd96de2b expected_bits=0xbd991790 max_abs=0.0056115388870239258 max_rel=1.9453830954019671 max_ulp=1951811073
FIRST_DIVERGENCE_OBJECT row=2 layer=38 checkpoint=CP3-F subobject=attn_state_score result=MISMATCH elements=8192 mismatch_count=3072 first_index=4096 actual_bits=0xc02fbdb1 expected_bits=0xc0302421 max_abs=0.029159069061279297 max_rel=0.35151225390671048 max_ulp=5152416
FIRST_DIVERGENCE_OBJECT row=2 layer=38 checkpoint=CP3-F subobject=layer_n_comp result=EXACT elements=1
FIRST_DIVERGENCE_OBJECT row=2 layer=38 checkpoint=CP3-F subobject=index_state_kv result=MISMATCH elements=2048 mismatch_count=768 first_index=1024 actual_bits=0x3db960fc expected_bits=0x3dbb3282 max_abs=0.0097968578338623047 max_rel=0.93538659973506244 max_ulp=33057792
FIRST_DIVERGENCE_OBJECT row=2 layer=38 checkpoint=CP3-F subobject=index_state_score result=MISMATCH elements=2048 mismatch_count=768 first_index=1024 actual_bits=0xc02f6414 expected_bits=0xc02fb062 max_abs=0.023509502410888672 max_rel=0.15089300646174691 max_ulp=2114920
FIRST_DIVERGENCE_OBJECT row=2 layer=38 checkpoint=CP3-F subobject=layer_n_index_comp result=EXACT elements=1
FIRST_DIVERGENCE_OBJECT row=2 layer=38 checkpoint=CP4 subobject=after_attn_hc result=MISMATCH elements=16384 mismatch_count=16384 first_index=0 actual_bits=0xbe24e8eb expected_bits=0xbde56b10 max_abs=0.26254940032958984 max_rel=1.842913406858846 max_ulp=2056545457
FIRST_DIVERGENCE_OBJECT row=2 layer=38 checkpoint=CP5 subobject=layer_output result=MISMATCH elements=16384 mismatch_count=16383 first_index=0 actual_bits=0x3f483026 expected_bits=0x3f52fe2b max_abs=0.26091289520263672 max_rel=1.9957577520449901 max_ulp=2054085955
FIRST_DIVERGENCE_OBJECT row=2 layer=39 checkpoint=CP1 subobject=attn_norm result=MISMATCH elements=4096 mismatch_count=4096 first_index=0 actual_bits=0x3d92ddb0 expected_bits=0x3d947994 max_abs=0.0017071794718503952 max_rel=1.7022042321275905 max_ulp=1934040340
FIRST_DIVERGENCE_OBJECT row=2 layer=39 checkpoint=CP2-Q subobject=qr result=MISMATCH elements=1024 mismatch_count=1024 first_index=0 actual_bits=0x3e6b98d5 expected_bits=0x3e6cbc95 max_abs=0.0025310292840003967 max_rel=1.1971328942270438 max_ulp=1927626945
FIRST_DIVERGENCE_OBJECT row=2 layer=39 checkpoint=CP2-KV-P subobject=kv_raw result=MISMATCH elements=512 mismatch_count=512 first_index=0 actual_bits=0x3e95f900 expected_bits=0x3e966e42 max_abs=0.002735331654548645 max_rel=1.4926162274099151 max_ulp=1955070401
FIRST_DIVERGENCE_OBJECT row=2 layer=39 checkpoint=CP2-KV-R subobject=raw_cache result=MISMATCH elements=512 mismatch_count=132 first_index=1 actual_bits=0x3ac00000 expected_bits=0x3c100000 max_abs=0.25 max_rel=1.4615384615384615 max_ulp=1997537281
FIRST_DIVERGENCE_OBJECT row=2 layer=39 checkpoint=CP3-F subobject=attn_state_kv result=MISMATCH elements=65536 mismatch_count=1536 first_index=8192 actual_bits=0x3ca4fe24 expected_bits=0x3ca53e4c max_abs=0.0018499195575714111 max_rel=1.8771513228402714 max_ulp=1918693377
FIRST_DIVERGENCE_OBJECT row=2 layer=39 checkpoint=CP3-F subobject=attn_state_score result=MISMATCH elements=65536 mismatch_count=1536 first_index=8192 actual_bits=0x3e52b16f expected_bits=0x3e52acf1 max_abs=0.0085023343563079834 max_rel=1.3940908051097438 max_ulp=1923215489
FIRST_DIVERGENCE_OBJECT row=2 layer=39 checkpoint=CP3-F subobject=layer_n_comp result=EXACT elements=1
FIRST_DIVERGENCE_OBJECT row=2 layer=39 checkpoint=CP4 subobject=after_attn_hc result=MISMATCH elements=16384 mismatch_count=16384 first_index=0 actual_bits=0x3f891620 expected_bits=0x3f8e4593 max_abs=0.25742006301879883 max_rel=1.8862726775748868 max_ulp=2051641775
FIRST_DIVERGENCE_OBJECT row=2 layer=39 checkpoint=CP5 subobject=layer_output result=MISMATCH elements=16384 mismatch_count=16384 first_index=0 actual_bits=0x3f846f14 expected_bits=0x3f89ae56 max_abs=0.25492763519287109 max_rel=1.9840063591148729 max_ulp=2047909476
FIRST_DIVERGENCE_OBJECT row=2 layer=40 checkpoint=CP1 subobject=attn_norm result=MISMATCH elements=4096 mismatch_count=4096 first_index=0 actual_bits=0x3cf9005c expected_bits=0x3d01e1e7 max_abs=0.025986194610595703 max_rel=1.9938570327257326 max_ulp=1960278785
FIRST_DIVERGENCE_OBJECT row=2 layer=40 checkpoint=CP2-Q subobject=qr result=MISMATCH elements=1024 mismatch_count=1024 first_index=0 actual_bits=0xbea5fac4 expected_bits=0xbea4bd7d max_abs=0.0039988011121749878 max_rel=1.3956598947557062 max_ulp=1932361985
FIRST_DIVERGENCE_OBJECT row=2 layer=40 checkpoint=CP2-KV-P subobject=kv_raw result=MISMATCH elements=512 mismatch_count=512 first_index=0 actual_bits=0xbe99ab4c expected_bits=0xbe992596 max_abs=0.0061032325029373169 max_rel=1.8228430222444254 max_ulp=1972311617
FIRST_DIVERGENCE_OBJECT row=2 layer=40 checkpoint=CP2-KV-R subobject=raw_cache result=MISMATCH elements=512 mismatch_count=147 first_index=14 actual_bits=0x3f400000 expected_bits=0x3f500000 max_abs=0.25 max_rel=1.8333333333333333 max_ulp=2013265921
FIRST_DIVERGENCE_OBJECT row=2 layer=40 checkpoint=CP3-F subobject=attn_state_kv result=MISMATCH elements=8192 mismatch_count=3072 first_index=4096 actual_bits=0xbdf9df3c expected_bits=0xbdf8b5fb max_abs=0.0050140097737312317 max_rel=1.4902067011168527 max_ulp=1951405313
FIRST_DIVERGENCE_OBJECT row=2 layer=40 checkpoint=CP3-F subobject=attn_state_score result=MISMATCH elements=8192 mismatch_count=3072 first_index=4096 actual_bits=0x3f0ea095 expected_bits=0x3f0d8400 max_abs=0.040094375610351562 max_rel=1.3530711192926963 max_ulp=1975603009
FIRST_DIVERGENCE_OBJECT row=2 layer=40 checkpoint=CP3-F subobject=layer_n_comp result=EXACT elements=1
FIRST_DIVERGENCE_OBJECT row=2 layer=40 checkpoint=CP3-F subobject=index_state_kv result=MISMATCH elements=2048 mismatch_count=768 first_index=1024 actual_bits=0x3e63869f expected_bits=0x3e63d51e max_abs=0.0050669163465499878 max_rel=0.40958137615458373 max_ulp=6481536
FIRST_DIVERGENCE_OBJECT row=2 layer=40 checkpoint=CP3-F subobject=index_state_score result=MISMATCH elements=2048 mismatch_count=768 first_index=1024 actual_bits=0x3f4a4ae5 expected_bits=0x3f495b50 max_abs=0.036869525909423828 max_rel=0.1194001981449485 max_ulp=1363300
FIRST_DIVERGENCE_OBJECT row=2 layer=40 checkpoint=CP3-F subobject=layer_n_index_comp result=EXACT elements=1
FIRST_DIVERGENCE_OBJECT row=2 layer=40 checkpoint=CP4 subobject=after_attn_hc result=MISMATCH elements=16384 mismatch_count=16384 first_index=0 actual_bits=0x3f91d617 expected_bits=0x3f978308 max_abs=0.25013303756713867 max_rel=1.9616569910858501 max_ulp=2054891756
FIRST_DIVERGENCE_OBJECT row=2 layer=40 checkpoint=CP5 subobject=layer_output result=MISMATCH elements=16384 mismatch_count=16383 first_index=0 actual_bits=0x40081bb2 expected_bits=0x400c3bed max_abs=0.25331258773803711 max_rel=1.9112749712246637 max_ulp=2066995522
FIRST_DIVERGENCE_OBJECT row=2 layer=41 checkpoint=CP1 subobject=attn_norm result=MISMATCH elements=4096 mismatch_count=4096 first_index=0 actual_bits=0x3d367953 expected_bits=0x3d3b64a4 max_abs=0.0021166577935218811 max_rel=1.9789416443392531 max_ulp=1948175657
FIRST_DIVERGENCE_OBJECT row=2 layer=41 checkpoint=CP2-Q subobject=qr result=MISMATCH elements=1024 mismatch_count=1024 first_index=0 actual_bits=0xbe348c98 expected_bits=0xbe3498ec max_abs=0.0027370154857635498 max_rel=1.3088251049970001 max_ulp=1922530561
FIRST_DIVERGENCE_OBJECT row=2 layer=41 checkpoint=CP2-KV-P subobject=kv_raw result=MISMATCH elements=512 mismatch_count=512 first_index=0 actual_bits=0xbe9e5135 expected_bits=0xbe9e229f max_abs=0.0023653991520404816 max_rel=0.78866008854328329 max_ulp=19200512
FIRST_DIVERGENCE_OBJECT row=2 layer=41 checkpoint=CP2-KV-R subobject=raw_cache result=MISMATCH elements=512 mismatch_count=138 first_index=2 actual_bits=0xbda00000 expected_bits=0xbd800000 max_abs=0.125 max_rel=0.76152213462704665 max_ulp=17399808
FIRST_DIVERGENCE_OBJECT row=2 layer=41 checkpoint=CP3-F subobject=attn_state_kv result=MISMATCH elements=65536 mismatch_count=1536 first_index=8192 actual_bits=0xbbbca8c0 expected_bits=0xbbb40648 max_abs=0.0016735866665840149 max_rel=1.8975933498692767 max_ulp=1897164289
FIRST_DIVERGENCE_OBJECT row=2 layer=41 checkpoint=CP3-F subobject=attn_state_score result=MISMATCH elements=65536 mismatch_count=1536 first_index=8192 actual_bits=0x3b2c2ad0 expected_bits=0x3b4d5f70 max_abs=0.0050612390041351318 max_rel=1.9873401037095617 max_ulp=1965938945
FIRST_DIVERGENCE_OBJECT row=2 layer=41 checkpoint=CP3-F subobject=layer_n_comp result=EXACT elements=1
FIRST_DIVERGENCE_OBJECT row=2 layer=41 checkpoint=CP4 subobject=after_attn_hc result=MISMATCH elements=16384 mismatch_count=16384 first_index=0 actual_bits=0x3f9d3d28 expected_bits=0x3fa5404b max_abs=0.24687480926513672 max_rel=1.9795789688310472 max_ulp=2063958595
FIRST_DIVERGENCE_OBJECT row=2 layer=41 checkpoint=CP5 subobject=layer_output result=MISMATCH elements=16384 mismatch_count=16384 first_index=0 actual_bits=0x3f98e616 expected_bits=0x3f9fdc08 max_abs=0.24431586265563965 max_rel=1.9731111410492583 max_ulp=2062908389
FIRST_DIVERGENCE_OBJECT row=2 layer=42 checkpoint=CP1 subobject=attn_norm result=MISMATCH elements=4096 mismatch_count=4096 first_index=0 actual_bits=0xbcb2b56e expected_bits=0xbcaad881 max_abs=0.0034233331680297852 max_rel=1.9139789018179059 max_ulp=1954776410
FIRST_DIVERGENCE_OBJECT row=2 layer=42 checkpoint=CP2-Q subobject=qr result=MISMATCH elements=1024 mismatch_count=1024 first_index=0 actual_bits=0xbcd05b10 expected_bits=0xbcd5bf30 max_abs=0.0026568025350570679 max_rel=1.6202932169016018 max_ulp=1950239841
FIRST_DIVERGENCE_OBJECT row=2 layer=42 checkpoint=CP2-KV-P subobject=kv_raw result=MISMATCH elements=512 mismatch_count=512 first_index=0 actual_bits=0xbe6f381f expected_bits=0xbe6e9bbc max_abs=0.0048471316695213318 max_rel=1.3866128681210133 max_ulp=1931327745
FIRST_DIVERGENCE_OBJECT row=2 layer=42 checkpoint=CP2-KV-R subobject=raw_cache result=MISMATCH elements=512 mismatch_count=148 first_index=3 actual_bits=0xbb900000 expected_bits=0xbbb00000 max_abs=0.125 max_rel=1.3888888888888888 max_ulp=1970274305
FIRST_DIVERGENCE_OBJECT row=2 layer=42 checkpoint=CP3-F subobject=attn_state_kv result=MISMATCH elements=8192 mismatch_count=3072 first_index=4096 actual_bits=0x3e99cae0 expected_bits=0x3e99ff63 max_abs=0.0095018446445465088 max_rel=1.8992777516093577 max_ulp=1951776849
FIRST_DIVERGENCE_OBJECT row=2 layer=42 checkpoint=CP3-F subobject=attn_state_score result=MISMATCH elements=8192 mismatch_count=3072 first_index=4096 actual_bits=0x3f4ade7d expected_bits=0x3f4b2aae max_abs=0.024518966674804688 max_rel=1.095853726105827 max_ulp=1890251777
FIRST_DIVERGENCE_OBJECT row=2 layer=42 checkpoint=CP3-F subobject=layer_n_comp result=EXACT elements=1
FIRST_DIVERGENCE_OBJECT row=2 layer=42 checkpoint=CP3-F subobject=index_state_kv result=MISMATCH elements=2048 mismatch_count=768 first_index=1024 actual_bits=0xbdac9631 expected_bits=0xbdad898a max_abs=0.0041287839412689209 max_rel=1.8727483816493105 max_ulp=1970046465
FIRST_DIVERGENCE_OBJECT row=2 layer=42 checkpoint=CP3-F subobject=index_state_score result=MISMATCH elements=2048 mismatch_count=768 first_index=1024 actual_bits=0xbef57194 expected_bits=0xbef3d140 max_abs=0.0186920166015625 max_rel=1.6267056530214425 max_ulp=1969977025
FIRST_DIVERGENCE_OBJECT row=2 layer=42 checkpoint=CP3-F subobject=layer_n_index_comp result=EXACT elements=1
FIRST_DIVERGENCE_OBJECT row=2 layer=42 checkpoint=CP4 subobject=after_attn_hc result=MISMATCH elements=16384 mismatch_count=16384 first_index=0 actual_bits=0x3f28e85a expected_bits=0x3f31457c max_abs=0.43497848510742188 max_rel=1.9519857434747661 max_ulp=2066329169
FIRST_DIVERGENCE_OBJECT row=2 layer=42 checkpoint=CP5 subobject=layer_output result=MISMATCH elements=16384 mismatch_count=16383 first_index=0 actual_bits=0x3f0963cc expected_bits=0x3f12ca21 max_abs=0.43928146362304688 max_rel=1.9873658098160223 max_ulp=2066306169
FIRST_DIVERGENCE_OBJECT row=3 layer=0 checkpoint=CP1 subobject=attn_norm result=EXACT elements=4096
FIRST_DIVERGENCE_OBJECT row=3 layer=0 checkpoint=CP2-Q subobject=qr result=EXACT elements=1024
FIRST_DIVERGENCE_OBJECT row=3 layer=0 checkpoint=CP2-KV-P subobject=kv_raw result=MISMATCH elements=512 mismatch_count=408 first_index=1 actual_bits=0xbc1b2fa2 expected_bits=0xbc1b2fb6 max_abs=3.7252902984619141e-08 max_rel=0.00010223903486351089 max_ulp=1536
FIRST_DIVERGENCE_OBJECT row=3 layer=0 checkpoint=CP2-KV-R subobject=raw_cache result=EXACT elements=512
FIRST_DIVERGENCE_OBJECT row=3 layer=0 checkpoint=CP4 subobject=after_attn_hc result=MISMATCH elements=16384 mismatch_count=5641 first_index=0 actual_bits=0xbc63683c expected_bits=0xbc636954 max_abs=7.9721212387084961e-07 max_rel=0.0070360346469791396 max_ulp=68131
FIRST_DIVERGENCE_OBJECT row=3 layer=0 checkpoint=CP5 subobject=layer_output result=MISMATCH elements=16384 mismatch_count=14434 first_index=0 actual_bits=0xbcd8af74 expected_bits=0xbcd8afa4 max_abs=7.7486038208007812e-07 max_rel=0.0040370038261363242 max_ulp=53701
FIRST_DIVERGENCE_OBJECT row=3 layer=1 checkpoint=CP1 subobject=attn_norm result=MISMATCH elements=4096 mismatch_count=3936 first_index=0 actual_bits=0x3cdce18d expected_bits=0x3cdce171 max_abs=1.1175870895385742e-07 max_rel=0.00035096808863395012 max_ulp=3532
FIRST_DIVERGENCE_OBJECT row=3 layer=1 checkpoint=CP2-Q subobject=qr result=MISMATCH elements=1024 mismatch_count=973 first_index=0 actual_bits=0x3e19ce39 expected_bits=0x3e19ce42 max_abs=2.8312206268310547e-07 max_rel=0.0022887599937294247 max_ulp=28032
FIRST_DIVERGENCE_OBJECT row=3 layer=1 checkpoint=CP2-KV-P subobject=kv_raw result=MISMATCH elements=512 mismatch_count=477 first_index=0 actual_bits=0x3e39fcd5 expected_bits=0x3e39fcd4 max_abs=2.6822090148925781e-07 max_rel=0.00046796069130193064 max_ulp=7488
FIRST_DIVERGENCE_OBJECT row=3 layer=1 checkpoint=CP2-KV-R subobject=raw_cache result=EXACT elements=512
FIRST_DIVERGENCE_OBJECT row=3 layer=1 checkpoint=CP4 subobject=after_attn_hc result=MISMATCH elements=16384 mismatch_count=13957 first_index=0 actual_bits=0xbdb19d57 expected_bits=0xbdb19d4a max_abs=1.8477439880371094e-06 max_rel=0.0024943490936650816 max_ulp=36628
FIRST_DIVERGENCE_OBJECT row=3 layer=1 checkpoint=CP5 subobject=layer_output result=MISMATCH elements=16384 mismatch_count=15283 first_index=0 actual_bits=0xbd39b000 expected_bits=0xbd39affd max_abs=1.8030405044555664e-06 max_rel=0.35311350498472538 max_ulp=5020226
FIRST_DIVERGENCE_OBJECT row=3 layer=2 checkpoint=CP1 subobject=attn_norm result=MISMATCH elements=4096 mismatch_count=4034 first_index=0 actual_bits=0x3c13a671 expected_bits=0x3c13a6b2 max_abs=5.159527063369751e-07 max_rel=0.0060678674759335575 max_ulp=92826
FIRST_DIVERGENCE_OBJECT row=3 layer=2 checkpoint=CP2-Q subobject=qr result=MISMATCH elements=1024 mismatch_count=1008 first_index=0 actual_bits=0x3cd4d9b4 expected_bits=0x3cd4d954 max_abs=7.8231096267700195e-07 max_rel=0.0023278285312719606 max_ulp=27136
FIRST_DIVERGENCE_OBJECT row=3 layer=2 checkpoint=CP2-KV-P subobject=kv_raw result=MISMATCH elements=512 mismatch_count=506 first_index=0 actual_bits=0xb9f66b00 expected_bits=0xb9f68280 max_abs=7.9721212387084961e-07 max_rel=0.067761806981519512 max_ulp=1081344
FIRST_DIVERGENCE_OBJECT row=3 layer=2 checkpoint=CP2-KV-R subobject=raw_cache result=EXACT elements=512
FIRST_DIVERGENCE_OBJECT row=3 layer=2 checkpoint=CP3-F subobject=attn_state_kv result=MISMATCH elements=8192 mismatch_count=8046 first_index=0 actual_bits=0x3e18ecaa expected_bits=0x3e18ecbc max_abs=1.0430812835693359e-06 max_rel=0.0043259557344064387 max_ulp=54784
FIRST_DIVERGENCE_OBJECT row=3 layer=2 checkpoint=CP3-F subobject=attn_state_score result=MISMATCH elements=8192 mismatch_count=7728 first_index=0 actual_bits=0x3f080f5b expected_bits=0x3f080f64 max_abs=1.9073486328125e-06 max_rel=0.010917674830333431 max_ulp=151552
FIRST_DIVERGENCE_OBJECT row=3 layer=2 checkpoint=CP3-F subobject=layer_n_comp result=EXACT elements=1
FIRST_DIVERGENCE_OBJECT row=3 layer=2 checkpoint=CP3-F subobject=attn_cache result=EXACT elements=512
FIRST_DIVERGENCE_OBJECT row=3 layer=2 checkpoint=CP3-F subobject=index_state_kv result=MISMATCH elements=2048 mismatch_count=1968 first_index=0 actual_bits=0xbe43b7b2 expected_bits=0xbe43b798 max_abs=1.1771917343139648e-06 max_rel=0.0013633593173579699 max_ulp=21760
FIRST_DIVERGENCE_OBJECT row=3 layer=2 checkpoint=CP3-F subobject=index_state_score result=MISMATCH elements=2048 mismatch_count=1954 first_index=0 actual_bits=0xbef764b7 expected_bits=0xbef764ab max_abs=3.1143426895141602e-06 max_rel=0.00042731390479446203 max_ulp=5120
FIRST_DIVERGENCE_OBJECT row=3 layer=2 checkpoint=CP3-F subobject=layer_n_index_comp result=EXACT elements=1
FIRST_DIVERGENCE_OBJECT row=3 layer=2 checkpoint=CP3-F subobject=index_cache result=EXACT elements=128
FIRST_DIVERGENCE_OBJECT row=3 layer=2 checkpoint=CP4 subobject=after_attn_hc result=MISMATCH elements=16384 mismatch_count=15239 first_index=0 actual_bits=0xbe104aa3 expected_bits=0xbe104b04 max_abs=2.212822437286377e-06 max_rel=0.014035565700777054 max_ulp=235017
FIRST_DIVERGENCE_OBJECT row=3 layer=2 checkpoint=CP5 subobject=layer_output result=MISMATCH elements=16384 mismatch_count=15523 first_index=0 actual_bits=0xbdedc1c9 expected_bits=0xbdedc2a2 max_abs=1.9893050193786621e-06 max_rel=0.045352407557923947 max_ulp=535219
FIRST_DIVERGENCE_OBJECT row=3 layer=3 checkpoint=CP1 subobject=attn_norm result=MISMATCH elements=4096 mismatch_count=4061 first_index=0 actual_bits=0xbbfc43e2 expected_bits=0xbbfc4716 max_abs=5.9697777032852173e-07 max_rel=0.03105518804184304 max_ulp=316110
FIRST_DIVERGENCE_OBJECT row=3 layer=3 checkpoint=CP2-Q subobject=qr result=MISMATCH elements=1024 mismatch_count=1009 first_index=0 actual_bits=0xbe1a66c4 expected_bits=0xbe1a66c5 max_abs=1.0952353477478027e-06 max_rel=0.00067605593920451934 max_ulp=6112
FIRST_DIVERGENCE_OBJECT row=3 layer=3 checkpoint=CP2-KV-P subobject=kv_raw result=MISMATCH elements=512 mismatch_count=508 first_index=0 actual_bits=0xbcde945b expected_bits=0xbcde95d1 max_abs=1.1324882507324219e-06 max_rel=0.0042030682398150653 max_ulp=35840
FIRST_DIVERGENCE_OBJECT row=3 layer=3 checkpoint=CP2-KV-R subobject=raw_cache result=EXACT elements=512
FIRST_DIVERGENCE_OBJECT row=3 layer=3 checkpoint=CP3-F subobject=attn_state_kv result=MISMATCH elements=65536 mismatch_count=2037 first_index=8192 actual_bits=0xbdab490e expected_bits=0xbdab48a6 max_abs=1.6633421182632446e-06 max_rel=0.0059840293127825239 max_ulp=76928
FIRST_DIVERGENCE_OBJECT row=3 layer=3 checkpoint=CP3-F subobject=attn_state_score result=MISMATCH elements=65536 mismatch_count=2025 first_index=8192 actual_bits=0x3c2eebec expected_bits=0x3c2eed4f max_abs=6.67572021484375e-06 max_rel=0.0023171482974910394 max_ulp=21184
FIRST_DIVERGENCE_OBJECT row=3 layer=3 checkpoint=CP3-F subobject=layer_n_comp result=EXACT elements=1
FIRST_DIVERGENCE_OBJECT row=3 layer=3 checkpoint=CP4 subobject=after_attn_hc result=MISMATCH elements=16384 mismatch_count=16175 first_index=0 actual_bits=0x3ccd03fb expected_bits=0x3ccd01f7 max_abs=1.5120953321456909e-05 max_rel=0.4250987725613275 max_ulp=6821236
FIRST_DIVERGENCE_OBJECT row=3 layer=3 checkpoint=CP5 subobject=layer_output result=MISMATCH elements=16384 mismatch_count=16269 first_index=0 actual_bits=0xbb40f1df expected_bits=0xbb40fb59 max_abs=1.4722347259521484e-05 max_rel=0.049864565377985719 max_ulp=626920
FIRST_DIVERGENCE_OBJECT row=3 layer=4 checkpoint=CP1 subobject=attn_norm result=MISMATCH elements=4096 mismatch_count=4091 first_index=0 actual_bits=0xbd587e4f expected_bits=0xbd587e32 max_abs=6.0796737670898438e-06 max_rel=0.88377239598780588 max_ulp=26248371
FIRST_DIVERGENCE_OBJECT row=3 layer=4 checkpoint=CP2-Q subobject=qr result=MISMATCH elements=1024 mismatch_count=1020 first_index=0 actual_bits=0x3b8bf690 expected_bits=0x3b8bf788 max_abs=3.7327408790588379e-06 max_rel=0.062099933123148945 max_ulp=665600
FIRST_DIVERGENCE_OBJECT row=3 layer=4 checkpoint=CP2-KV-P subobject=kv_raw result=MISMATCH elements=512 mismatch_count=507 first_index=0 actual_bits=0xba9c6000 expected_bits=0xba9c51c0 max_abs=3.3974647521972656e-06 max_rel=0.0070422535211267607 max_ulp=65408
FIRST_DIVERGENCE_OBJECT row=3 layer=4 checkpoint=CP2-KV-R subobject=raw_cache result=MISMATCH elements=512 mismatch_count=1 first_index=474 actual_bits=0xbb988000 expected_bits=0xbb986000 max_abs=3.814697265625e-06 max_rel=0.00081967213114754098 max_ulp=8192
FIRST_DIVERGENCE_OBJECT row=3 layer=4 checkpoint=CP3-F subobject=attn_state_kv result=MISMATCH elements=8192 mismatch_count=8166 first_index=0 actual_bits=0x3d0046b5 expected_bits=0x3d00475d max_abs=9.5572322607040405e-06 max_rel=0.65357561547479481 max_ulp=12681216
FIRST_DIVERGENCE_OBJECT row=3 layer=4 checkpoint=CP3-F subobject=attn_state_score result=MISMATCH elements=8192 mismatch_count=8078 first_index=0 actual_bits=0xbf9262e1 expected_bits=0xbf926313 max_abs=1.8596649169921875e-05 max_rel=0.0012996031746031747 max_ulp=16768
FIRST_DIVERGENCE_OBJECT row=3 layer=4 checkpoint=CP3-F subobject=layer_n_comp result=EXACT elements=1
FIRST_DIVERGENCE_OBJECT row=3 layer=4 checkpoint=CP3-F subobject=attn_cache result=MISMATCH elements=512 mismatch_count=3 first_index=454 actual_raw=0x9293 expected_raw=0x9292 max_abs=undefined max_rel=undefined max_ulp=undefined
FIRST_DIVERGENCE_OBJECT row=3 layer=4 checkpoint=CP3-F subobject=index_state_kv result=MISMATCH elements=2048 mismatch_count=2032 first_index=0 actual_bits=0x3ce92c53 expected_bits=0x3ce92ed0 max_abs=9.277835488319397e-06 max_rel=0.010182492421794458 max_ulp=169408
FIRST_DIVERGENCE_OBJECT row=3 layer=4 checkpoint=CP3-F subobject=index_state_score result=MISMATCH elements=2048 mismatch_count=2016 first_index=0 actual_bits=0xbf9e5cae expected_bits=0xbf9e5cf4 max_abs=3.3140182495117188e-05 max_rel=0.000520857627065939 max_ulp=8576
FIRST_DIVERGENCE_OBJECT row=3 layer=4 checkpoint=CP3-F subobject=layer_n_index_comp result=EXACT elements=1
FIRST_DIVERGENCE_OBJECT row=3 layer=4 checkpoint=CP3-F subobject=index_cache result=EXACT elements=128
FIRST_DIVERGENCE_OBJECT row=3 layer=4 checkpoint=CP4 subobject=after_attn_hc result=MISMATCH elements=16384 mismatch_count=16285 first_index=0 actual_bits=0x3caa0fa5 expected_bits=0x3caa0e5e max_abs=1.5266239643096924e-05 max_rel=0.1340849213064273 max_ulp=1920868
FIRST_DIVERGENCE_OBJECT row=3 layer=4 checkpoint=CP5 subobject=layer_output result=MISMATCH elements=16384 mismatch_count=16292 first_index=0 actual_bits=0x3dd1819e expected_bits=0x3dd1811f max_abs=1.5115365386009216e-05 max_rel=1.1289060574450289 max_ulp=1809725664
FIRST_DIVERGENCE_OBJECT row=3 layer=5 checkpoint=CP1 subobject=attn_norm result=MISMATCH elements=4096 mismatch_count=4087 first_index=0 actual_bits=0xbc11fe82 expected_bits=0xbc11fec7 max_abs=1.1753290891647339e-06 max_rel=0.083560106678954152 max_ulp=812424
FIRST_DIVERGENCE_OBJECT row=3 layer=5 checkpoint=CP2-Q subobject=qr result=MISMATCH elements=1024 mismatch_count=1021 first_index=0 actual_bits=0x3dac0cfc expected_bits=0x3dac0d12 max_abs=2.1904706954956055e-06 max_rel=0.0088004190675746458 max_ulp=86016
FIRST_DIVERGENCE_OBJECT row=3 layer=5 checkpoint=CP2-KV-P subobject=kv_raw result=MISMATCH elements=512 mismatch_count=510 first_index=0 actual_bits=0xbde6ea11 expected_bits=0xbde6ea24 max_abs=1.8784776329994202e-06 max_rel=0.0037597013722910008 max_ulp=35840
FIRST_DIVERGENCE_OBJECT row=3 layer=5 checkpoint=CP2-KV-R subobject=raw_cache result=MISMATCH elements=512 mismatch_count=1 first_index=477 actual_bits=0xbeaee000 expected_bits=0xbeaf0000 max_abs=0.000244140625 max_rel=0.00071428571428571429 max_ulp=8192
FIRST_DIVERGENCE_OBJECT row=3 layer=5 checkpoint=CP3-F subobject=attn_state_kv result=MISMATCH elements=65536 mismatch_count=2045 first_index=8192 actual_bits=0xbd9a4834 expected_bits=0xbd9a476d max_abs=3.9711594581604004e-06 max_rel=0.0099224305106658042 max_ulp=157184
FIRST_DIVERGENCE_OBJECT row=3 layer=5 checkpoint=CP3-F subobject=attn_state_score result=MISMATCH elements=65536 mismatch_count=2042 first_index=8192 actual_bits=0x3ec41dbe expected_bits=0x3ec41d7b max_abs=1.0117888450622559e-05 max_rel=0.005230715805009333 max_ulp=61696
FIRST_DIVERGENCE_OBJECT row=3 layer=5 checkpoint=CP3-F subobject=layer_n_comp result=EXACT elements=1
FIRST_DIVERGENCE_OBJECT row=3 layer=5 checkpoint=CP4 subobject=after_attn_hc result=MISMATCH elements=16384 mismatch_count=16279 first_index=0 actual_bits=0x3db1f229 expected_bits=0x3db1f1bc max_abs=1.4146789908409119e-05 max_rel=0.15387671567339359 max_ulp=2248678
FIRST_DIVERGENCE_OBJECT row=3 layer=5 checkpoint=CP5 subobject=layer_output result=MISMATCH elements=16384 mismatch_count=16301 first_index=0 actual_bits=0x3db54dec expected_bits=0x3db54d8c max_abs=1.3509765267372131e-05 max_rel=0.20739322912350469 max_ulp=2477578
FIRST_DIVERGENCE_OBJECT row=3 layer=6 checkpoint=CP1 subobject=attn_norm result=MISMATCH elements=4096 mismatch_count=4089 first_index=0 actual_bits=0x3d75871e expected_bits=0x3d758742 max_abs=1.4424324035644531e-05 max_rel=0.18138486057051612 max_ulp=2063545
FIRST_DIVERGENCE_OBJECT row=3 layer=6 checkpoint=CP2-Q subobject=qr result=MISMATCH elements=1024 mismatch_count=1022 first_index=0 actual_bits=0x3e03ab78 expected_bits=0x3e03ab0b max_abs=4.37907874584198e-06 max_rel=0.18783783783783783 max_ulp=2277376
FIRST_DIVERGENCE_OBJECT row=3 layer=6 checkpoint=CP2-KV-P subobject=kv_raw result=MISMATCH elements=512 mismatch_count=511 first_index=0 actual_bits=0xbd002aeb expected_bits=0xbd002c0d max_abs=4.3660402297973633e-06 max_rel=0.0080183654425790892 max_ulp=124288
FIRST_DIVERGENCE_OBJECT row=3 layer=6 checkpoint=CP2-KV-R subobject=raw_cache result=MISMATCH elements=512 mismatch_count=6 first_index=475 actual_bits=0xbdfa0000 expected_bits=0xbdfa2000 max_abs=0.00048828125 max_rel=0.002206287920573635 max_ulp=32768
FIRST_DIVERGENCE_OBJECT row=3 layer=6 checkpoint=CP3-F subobject=attn_state_kv result=MISMATCH elements=8192 mismatch_count=8178 first_index=0 actual_bits=0xbdbbb626 expected_bits=0xbdbbb762 max_abs=9.3579292297363281e-06 max_rel=0.15384615384615385 max_ulp=1703936
FIRST_DIVERGENCE_OBJECT row=3 layer=6 checkpoint=CP3-F subobject=attn_state_score result=MISMATCH elements=8192 mismatch_count=8184 first_index=0 actual_bits=0xbfb32ffd expected_bits=0xbfb32f17 max_abs=3.7431716918945312e-05 max_rel=0.054875283446712018 max_ulp=495616
FIRST_DIVERGENCE_OBJECT row=3 layer=6 checkpoint=CP3-F subobject=layer_n_comp result=EXACT elements=1
FIRST_DIVERGENCE_OBJECT row=3 layer=6 checkpoint=CP3-F subobject=attn_cache result=MISMATCH elements=512 mismatch_count=2 first_index=467 actual_raw=0x1fb2 expected_raw=0x1fb1 max_abs=undefined max_rel=undefined max_ulp=undefined
FIRST_DIVERGENCE_OBJECT row=3 layer=6 checkpoint=CP3-F subobject=index_state_kv result=MISMATCH elements=2048 mismatch_count=2046 first_index=0 actual_bits=0xbd86996c expected_bits=0xbd869aca max_abs=1.9073486328125e-05 max_rel=0.006800561251139401 max_ulp=84992
FIRST_DIVERGENCE_OBJECT row=3 layer=6 checkpoint=CP3-F subobject=index_state_score result=MISMATCH elements=2048 mismatch_count=2036 first_index=0 actual_bits=0xbff5973c expected_bits=0xbff59642 max_abs=4.57763671875e-05 max_rel=0.0007603763337246176 max_ulp=7456
FIRST_DIVERGENCE_OBJECT row=3 layer=6 checkpoint=CP3-F subobject=layer_n_index_comp result=EXACT elements=1
FIRST_DIVERGENCE_OBJECT row=3 layer=6 checkpoint=CP3-F subobject=index_cache result=EXACT elements=128
FIRST_DIVERGENCE_OBJECT row=3 layer=6 checkpoint=CP4 subobject=after_attn_hc result=MISMATCH elements=16384 mismatch_count=16316 first_index=0 actual_bits=0x3df20424 expected_bits=0x3df203ea max_abs=1.5690922737121582e-05 max_rel=0.60844281855964777 max_ulp=12002024
FIRST_DIVERGENCE_OBJECT row=3 layer=6 checkpoint=CP5 subobject=layer_output result=MISMATCH elements=16384 mismatch_count=16314 first_index=0 actual_bits=0x3e0daeca expected_bits=0x3e0daebd max_abs=1.6108155250549316e-05 max_rel=0.10478065516258601 max_ulp=1556974
FIRST_DIVERGENCE_OBJECT row=3 layer=7 checkpoint=CP1 subobject=attn_norm result=MISMATCH elements=4096 mismatch_count=4091 first_index=0 actual_bits=0x3ce5efa0 expected_bits=0x3ce5f146 max_abs=1.7024576663970947e-06 max_rel=0.30950882434767762 max_ulp=4247531
FIRST_DIVERGENCE_OBJECT row=3 layer=7 checkpoint=CP2-Q subobject=qr result=MISMATCH elements=1024 mismatch_count=1022 first_index=0 actual_bits=0x3c997d11 expected_bits=0x3c997ccb max_abs=2.3134052753448486e-06 max_rel=0.0068189392191545543 max_ulp=68096
FIRST_DIVERGENCE_OBJECT row=3 layer=7 checkpoint=CP2-KV-P subobject=kv_raw result=MISMATCH elements=512 mismatch_count=508 first_index=0 actual_bits=0xbc374351 expected_bits=0xbc3744cc max_abs=2.8908252716064453e-06 max_rel=0.0038582161954829539 max_ulp=43776
FIRST_DIVERGENCE_OBJECT row=3 layer=7 checkpoint=CP2-KV-R subobject=raw_cache result=MISMATCH elements=512 mismatch_count=3 first_index=488 actual_bits=0x3d79c000 expected_bits=0x3d79a000 max_abs=0.000244140625 max_rel=0.00068965517241379305 max_ulp=8192
FIRST_DIVERGENCE_OBJECT row=3 layer=7 checkpoint=CP3-F subobject=attn_state_kv result=MISMATCH elements=65536 mismatch_count=2044 first_index=8192 actual_bits=0xbd81f643 expected_bits=0xbd81f718 max_abs=5.2414834499359131e-06 max_rel=0.018432851754323534 max_ulp=277248
FIRST_DIVERGENCE_OBJECT row=3 layer=7 checkpoint=CP3-F subobject=attn_state_score result=MISMATCH elements=65536 mismatch_count=2039 first_index=8192 actual_bits=0xbd928106 expected_bits=0xbd928248 max_abs=3.3259391784667969e-05 max_rel=0.04222575168410099 max_ulp=394752
FIRST_DIVERGENCE_OBJECT row=3 layer=7 checkpoint=CP3-F subobject=layer_n_comp result=EXACT elements=1
FIRST_DIVERGENCE_OBJECT row=3 layer=7 checkpoint=CP4 subobject=after_attn_hc result=MISMATCH elements=16384 mismatch_count=16331 first_index=0 actual_bits=0x3e133b20 expected_bits=0x3e133b36 max_abs=6.1064958572387695e-05 max_rel=0.19998404825687457 max_ulp=2320989
FIRST_DIVERGENCE_OBJECT row=3 layer=7 checkpoint=CP5 subobject=layer_output result=MISMATCH elements=16384 mismatch_count=16326 first_index=0 actual_bits=0x3e16cdce expected_bits=0x3e16ce46 max_abs=9.3340873718261719e-05 max_rel=0.25018505647754175 max_ulp=3852012
FIRST_DIVERGENCE_OBJECT row=3 layer=8 checkpoint=CP1 subobject=attn_norm result=MISMATCH elements=4096 mismatch_count=4091 first_index=0 actual_bits=0x3d94a349 expected_bits=0x3d94a3a1 max_abs=0.00013852119445800781 max_rel=0.032782575095660765 max_ulp=454132
FIRST_DIVERGENCE_OBJECT row=3 layer=8 checkpoint=CP2-Q subobject=qr result=MISMATCH elements=1024 mismatch_count=1022 first_index=0 actual_bits=0xbedcb408 expected_bits=0xbedcb426 max_abs=2.0466744899749756e-05 max_rel=1.0626618332470223 max_ulp=1810063361
FIRST_DIVERGENCE_OBJECT row=3 layer=8 checkpoint=CP2-KV-P subobject=kv_raw result=MISMATCH elements=512 mismatch_count=510 first_index=0 actual_bits=0x3d106481 expected_bits=0x3d105e1c max_abs=2.3961067199707031e-05 max_rel=0.006873252562907735 max_ulp=67968
FIRST_DIVERGENCE_OBJECT row=3 layer=8 checkpoint=CP2-KV-R subobject=raw_cache result=MISMATCH elements=512 mismatch_count=7 first_index=471 actual_bits=0xbe26c000 expected_bits=0xbe26e000 max_abs=0.0001220703125 max_rel=0.0015564202334630351 max_ulp=16384
FIRST_DIVERGENCE_OBJECT row=3 layer=8 checkpoint=CP3-F subobject=attn_state_kv result=MISMATCH elements=8192 mismatch_count=8190 first_index=0 actual_bits=0xbd9ed2a6 expected_bits=0xbd9ed4e8 max_abs=3.9339065551757812e-05 max_rel=0.09756483238456673 max_ulp=1263616
FIRST_DIVERGENCE_OBJECT row=3 layer=8 checkpoint=CP3-F subobject=attn_state_score result=MISMATCH elements=8192 mismatch_count=8184 first_index=0 actual_bits=0xbf05657d expected_bits=0xbf055fee max_abs=0.00018191337585449219 max_rel=0.055098211892636979 max_ulp=736768
FIRST_DIVERGENCE_OBJECT row=3 layer=8 checkpoint=CP3-F subobject=layer_n_comp result=EXACT elements=1
FIRST_DIVERGENCE_OBJECT row=3 layer=8 checkpoint=CP3-F subobject=attn_cache result=MISMATCH elements=512 mismatch_count=3 first_index=152 actual_raw=0xab80 expected_raw=0xab00 max_abs=undefined max_rel=undefined max_ulp=undefined
FIRST_DIVERGENCE_OBJECT row=3 layer=8 checkpoint=CP3-F subobject=index_state_kv result=MISMATCH elements=2048 mismatch_count=2044 first_index=0 actual_bits=0xba82ec00 expected_bits=0xba834d60 max_abs=4.1637569665908813e-05 max_rel=0.005185746478456074 max_ulp=67232
FIRST_DIVERGENCE_OBJECT row=3 layer=8 checkpoint=CP3-F subobject=index_state_score result=MISMATCH elements=2048 mismatch_count=2048 first_index=0 actual_bits=0xbf30630e expected_bits=0xbf305e80 max_abs=0.00017786026000976562 max_rel=0.01305458982801096 max_ulp=217728
FIRST_DIVERGENCE_OBJECT row=3 layer=8 checkpoint=CP3-F subobject=layer_n_index_comp result=EXACT elements=1
FIRST_DIVERGENCE_OBJECT row=3 layer=8 checkpoint=CP3-F subobject=index_cache result=EXACT elements=128
FIRST_DIVERGENCE_OBJECT row=3 layer=8 checkpoint=CP4 subobject=after_attn_hc result=MISMATCH elements=16384 mismatch_count=16331 first_index=0 actual_bits=0x3e0f7060 expected_bits=0x3e0f70dc max_abs=7.6234340667724609e-05 max_rel=0.30645378810653207 max_ulp=5028690
FIRST_DIVERGENCE_OBJECT row=3 layer=8 checkpoint=CP5 subobject=layer_output result=MISMATCH elements=16384 mismatch_count=16341 first_index=0 actual_bits=0x3e02a407 expected_bits=0x3e02a484 max_abs=8.3029270172119141e-05 max_rel=1.3118300716247833 max_ulp=1800891113
FIRST_DIVERGENCE_OBJECT row=3 layer=9 checkpoint=CP1 subobject=attn_norm result=MISMATCH elements=4096 mismatch_count=4089 first_index=0 actual_bits=0x3c8546d8 expected_bits=0x3c8546f9 max_abs=3.7327408790588379e-06 max_rel=0.29441858297404749 max_ulp=4857934
FIRST_DIVERGENCE_OBJECT row=3 layer=9 checkpoint=CP2-Q subobject=qr result=MISMATCH elements=1024 mismatch_count=1022 first_index=0 actual_bits=0x3cf585a8 expected_bits=0x3cf58661 max_abs=5.7369470596313477e-06 max_rel=0.076296443473077694 max_ulp=1085440
FIRST_DIVERGENCE_OBJECT row=3 layer=9 checkpoint=CP2-KV-P subobject=kv_raw result=MISMATCH elements=512 mismatch_count=512 first_index=0 actual_bits=0x3db34472 expected_bits=0x3db344e6 max_abs=6.6980719566345215e-06 max_rel=0.020086669037552192 max_ulp=195200
FIRST_DIVERGENCE_OBJECT row=3 layer=9 checkpoint=CP2-KV-R subobject=raw_cache result=MISMATCH elements=512 mismatch_count=5 first_index=472 actual_bits=0x3ee98000 expected_bits=0x3ee9a000 max_abs=0.000244140625 max_rel=0.00088183421516754845 max_ulp=8192
FIRST_DIVERGENCE_OBJECT row=3 layer=9 checkpoint=CP3-F subobject=attn_state_kv result=MISMATCH elements=65536 mismatch_count=2047 first_index=8192 actual_bits=0xbe10950c expected_bits=0xbe109536 max_abs=1.1209398508071899e-05 max_rel=0.41000660501981506 max_ulp=6156288
FIRST_DIVERGENCE_OBJECT row=3 layer=9 checkpoint=CP3-F subobject=attn_state_score result=MISMATCH elements=65536 mismatch_count=2044 first_index=8192 actual_bits=0x3d43fdf8 expected_bits=0x3d43fa20 max_abs=3.1113624572753906e-05 max_rel=0.014060849665532215 max_ulp=122688
FIRST_DIVERGENCE_OBJECT row=3 layer=9 checkpoint=CP3-F subobject=layer_n_comp result=EXACT elements=1
FIRST_DIVERGENCE_OBJECT row=3 layer=9 checkpoint=CP4 subobject=after_attn_hc result=MISMATCH elements=16384 mismatch_count=16354 first_index=0 actual_bits=0x3e2cdf9a expected_bits=0x3e2cddad max_abs=6.2897801399230957e-05 max_rel=0.14159763141090323 max_ulp=2119337
FIRST_DIVERGENCE_OBJECT row=3 layer=9 checkpoint=CP5 subobject=layer_output result=MISMATCH elements=16384 mismatch_count=16344 first_index=0 actual_bits=0x3e28d64f expected_bits=0x3e28d43f max_abs=6.7293643951416016e-05 max_rel=0.80709544532975197 max_ulp=19695274
FIRST_DIVERGENCE_OBJECT row=3 layer=10 checkpoint=CP1 subobject=attn_norm result=MISMATCH elements=4096 mismatch_count=4096 first_index=0 actual_bits=0x3cee955e expected_bits=0x3cee8d49 max_abs=4.5299530029296875e-05 max_rel=0.34433124517767255 max_ulp=5332420
FIRST_DIVERGENCE_OBJECT row=3 layer=10 checkpoint=CP2-Q subobject=qr result=MISMATCH elements=1024 mismatch_count=1022 first_index=0 actual_bits=0x3dfba47a expected_bits=0x3dfba3e6 max_abs=3.1203031539916992e-05 max_rel=0.23582629674306393 max_ulp=3002880
FIRST_DIVERGENCE_OBJECT row=3 layer=10 checkpoint=CP2-KV-P subobject=kv_raw result=MISMATCH elements=512 mismatch_count=511 first_index=0 actual_bits=0xbd61aa98 expected_bits=0xbd61a1f6 max_abs=4.5999884605407715e-05 max_rel=0.018202216685831097 max_ulp=291776
FIRST_DIVERGENCE_OBJECT row=3 layer=10 checkpoint=CP2-KV-R subobject=raw_cache result=MISMATCH elements=512 mismatch_count=11 first_index=207 actual_bits=0x3b800000 expected_bits=0x3b700000 max_abs=0.0009765625 max_rel=0.0625 max_ulp=1048576
FIRST_DIVERGENCE_OBJECT row=3 layer=10 checkpoint=CP3-F subobject=attn_state_kv result=MISMATCH elements=8192 mismatch_count=8180 first_index=0 actual_bits=0x3de9d7b6 expected_bits=0x3de9df76 max_abs=6.7472457885742188e-05 max_rel=0.42310756972111552 max_ulp=6609920
FIRST_DIVERGENCE_OBJECT row=3 layer=10 checkpoint=CP3-F subobject=attn_state_score result=MISMATCH elements=8192 mismatch_count=8168 first_index=0 actual_bits=0x3ee6f4b6 expected_bits=0x3ee6f61a max_abs=9.9420547485351562e-05 max_rel=0.1353829557713053 max_ulp=1413632
FIRST_DIVERGENCE_OBJECT row=3 layer=10 checkpoint=CP3-F subobject=layer_n_comp result=EXACT elements=1
FIRST_DIVERGENCE_OBJECT row=3 layer=10 checkpoint=CP3-F subobject=attn_cache result=MISMATCH elements=512 mismatch_count=4 first_index=328 actual_raw=0x3c00 expected_raw=0x3c80 max_abs=undefined max_rel=undefined max_ulp=undefined
FIRST_DIVERGENCE_OBJECT row=3 layer=10 checkpoint=CP3-F subobject=index_state_kv result=MISMATCH elements=2048 mismatch_count=2048 first_index=0 actual_bits=0x3d0a6e98 expected_bits=0x3d0a6a96 max_abs=6.2644481658935547e-05 max_rel=0.080157687253613663 max_ulp=1085312
FIRST_DIVERGENCE_OBJECT row=3 layer=10 checkpoint=CP3-F subobject=index_state_score result=MISMATCH elements=2048 mismatch_count=2046 first_index=0 actual_bits=0x3ebe9d7c expected_bits=0x3ebe9ec0 max_abs=0.00010818243026733398 max_rel=0.022726168299991901 max_ulp=359168
FIRST_DIVERGENCE_OBJECT row=3 layer=10 checkpoint=CP3-F subobject=layer_n_index_comp result=EXACT elements=1
FIRST_DIVERGENCE_OBJECT row=3 layer=10 checkpoint=CP3-F subobject=index_cache result=EXACT elements=128
FIRST_DIVERGENCE_OBJECT row=3 layer=10 checkpoint=CP4 subobject=after_attn_hc result=MISMATCH elements=16384 mismatch_count=16360 first_index=0 actual_bits=0x3daa0f9e expected_bits=0x3daa1947 max_abs=0.00012385845184326172 max_rel=0.36302505353791448 max_ulp=6041599
FIRST_DIVERGENCE_OBJECT row=3 layer=10 checkpoint=CP5 subobject=layer_output result=MISMATCH elements=16384 mismatch_count=16363 first_index=0 actual_bits=0x3df72b38 expected_bits=0x3df735ba max_abs=0.00014409422874450684 max_rel=0.38280843762072031 max_ulp=5779666
FIRST_DIVERGENCE_OBJECT row=3 layer=11 checkpoint=CP1 subobject=attn_norm result=MISMATCH elements=4096 mismatch_count=4094 first_index=0 actual_bits=0x3c774842 expected_bits=0x3c774e7e max_abs=1.1065974831581116e-05 max_rel=0.26990961383977446 max_ulp=4267793
FIRST_DIVERGENCE_OBJECT row=3 layer=11 checkpoint=CP2-Q subobject=qr result=MISMATCH elements=1024 mismatch_count=1024 first_index=0 actual_bits=0x3e489fc4 expected_bits=0x3e48a06e max_abs=1.305900514125824e-05 max_rel=0.028014504035727455 max_ulp=350080
FIRST_DIVERGENCE_OBJECT row=3 layer=11 checkpoint=CP2-KV-P subobject=kv_raw result=MISMATCH elements=512 mismatch_count=512 first_index=0 actual_bits=0xba11c700 expected_bits=0xba110e80 max_abs=1.8894672393798828e-05 max_rel=0.48309178743961351 max_ulp=7929856
FIRST_DIVERGENCE_OBJECT row=3 layer=11 checkpoint=CP2-KV-R subobject=raw_cache result=MISMATCH elements=512 mismatch_count=14 first_index=90 actual_bits=0xbc500000 expected_bits=0xbc400000 max_abs=0.0009765625 max_rel=0.5 max_ulp=8388608
FIRST_DIVERGENCE_OBJECT row=3 layer=11 checkpoint=CP3-F subobject=attn_state_kv result=MISMATCH elements=65536 mismatch_count=2047 first_index=8192 actual_bits=0xbbbb2574 expected_bits=0xbbbb2908 max_abs=4.501640796661377e-05 max_rel=0.22623110677718186 max_ulp=2638848
FIRST_DIVERGENCE_OBJECT row=3 layer=11 checkpoint=CP3-F subobject=attn_state_score result=MISMATCH elements=65536 mismatch_count=2047 first_index=8192 actual_bits=0xbd0a3da0 expected_bits=0xbd0a4529 max_abs=4.4047832489013672e-05 max_rel=0.32416976020868865 max_ulp=4799488
FIRST_DIVERGENCE_OBJECT row=3 layer=11 checkpoint=CP3-F subobject=layer_n_comp result=EXACT elements=1
FIRST_DIVERGENCE_OBJECT row=3 layer=11 checkpoint=CP4 subobject=after_attn_hc result=MISMATCH elements=16384 mismatch_count=16367 first_index=0 actual_bits=0x3df2b61d expected_bits=0x3df2bea9 max_abs=0.00068145990371704102 max_rel=1.5271592203750888 max_ulp=1909370192
FIRST_DIVERGENCE_OBJECT row=3 layer=11 checkpoint=CP5 subobject=layer_output result=MISMATCH elements=16384 mismatch_count=16366 first_index=0 actual_bits=0x3df8778c expected_bits=0x3df87fb7 max_abs=0.00068256258964538574 max_rel=1.7663433402309099 max_ulp=1923406265
FIRST_DIVERGENCE_OBJECT row=3 layer=12 checkpoint=CP1 subobject=attn_norm result=MISMATCH elements=4096 mismatch_count=4094 first_index=0 actual_bits=0x3ce626cf expected_bits=0x3ce5f132 max_abs=0.00023412704467773438 max_rel=0.86662587011118064 max_ulp=24157313
FIRST_DIVERGENCE_OBJECT row=3 layer=12 checkpoint=CP2-Q subobject=qr result=MISMATCH elements=1024 mismatch_count=1023 first_index=0 actual_bits=0xbe380991 expected_bits=0xbe380541 max_abs=0.00013548135757446289 max_rel=0.062425908221797326 max_ulp=835808
FIRST_DIVERGENCE_OBJECT row=3 layer=12 checkpoint=CP2-KV-P subobject=kv_raw result=MISMATCH elements=512 mismatch_count=512 first_index=0 actual_bits=0xbdbcd6fc expected_bits=0xbdbcdf28 max_abs=0.00013261288404464722 max_rel=0.072962082177302157 max_ulp=1131008
FIRST_DIVERGENCE_OBJECT row=3 layer=12 checkpoint=CP2-KV-R subobject=raw_cache result=MISMATCH elements=512 mismatch_count=26 first_index=36 actual_bits=0x3c200000 expected_bits=0x3c100000 max_abs=0.00390625 max_rel=0.1111111111111111 max_ulp=1048576
FIRST_DIVERGENCE_OBJECT row=3 layer=12 checkpoint=CP3-F subobject=attn_state_kv result=MISMATCH elements=8192 mismatch_count=8192 first_index=0 actual_bits=0x3cd374ec expected_bits=0x3cd352f2 max_abs=0.00021135807037353516 max_rel=1.3017758172152472 max_ulp=1865475073
FIRST_DIVERGENCE_OBJECT row=3 layer=12 checkpoint=CP3-F subobject=attn_state_score result=MISMATCH elements=8192 mismatch_count=8192 first_index=0 actual_bits=0xbcabb810 expected_bits=0xbcabf600 max_abs=0.00058019161224365234 max_rel=0.39504617968094041 max_ulp=6340608
FIRST_DIVERGENCE_OBJECT row=3 layer=12 checkpoint=CP3-F subobject=layer_n_comp result=EXACT elements=1
FIRST_DIVERGENCE_OBJECT row=3 layer=12 checkpoint=CP3-F subobject=attn_cache result=MISMATCH elements=512 mismatch_count=13 first_index=237 actual_raw=0x2780 expected_raw=0x2800 max_abs=undefined max_rel=undefined max_ulp=undefined
FIRST_DIVERGENCE_OBJECT row=3 layer=12 checkpoint=CP3-F subobject=index_state_kv result=MISMATCH elements=2048 mismatch_count=2046 first_index=0 actual_bits=0xbe1c6b34 expected_bits=0xbe1c5f64 max_abs=0.00023025274276733398 max_rel=0.066997863701860852 max_ulp=1109952
FIRST_DIVERGENCE_OBJECT row=3 layer=12 checkpoint=CP3-F subobject=index_state_score result=MISMATCH elements=2048 mismatch_count=2048 first_index=0 actual_bits=0x3d4117a8 expected_bits=0x3d40e2e0 max_abs=0.0006351470947265625 max_rel=0.021299032366720764 max_ulp=356128
FIRST_DIVERGENCE_OBJECT row=3 layer=12 checkpoint=CP3-F subobject=layer_n_index_comp result=EXACT elements=1
FIRST_DIVERGENCE_OBJECT row=3 layer=12 checkpoint=CP3-F subobject=index_cache result=EXACT elements=128
FIRST_DIVERGENCE_OBJECT row=3 layer=12 checkpoint=CP4 subobject=after_attn_hc result=MISMATCH elements=16384 mismatch_count=16363 first_index=0 actual_bits=0x3df8b16f expected_bits=0x3df8b8b0 max_abs=0.0010209381580352783 max_rel=1.1037760372345438 max_ulp=1878938466
FIRST_DIVERGENCE_OBJECT row=3 layer=12 checkpoint=CP5 subobject=layer_output result=MISMATCH elements=16384 mismatch_count=16367 first_index=0 actual_bits=0x3df9176c expected_bits=0x3df91eab max_abs=0.00097244977951049805 max_rel=0.3713357572438048 max_ulp=6174836
FIRST_DIVERGENCE_OBJECT row=3 layer=13 checkpoint=CP1 subobject=attn_norm result=MISMATCH elements=4096 mismatch_count=4096 first_index=0 actual_bits=0x3ce88a78 expected_bits=0x3ce87874 max_abs=5.9504061937332153e-05 max_rel=0.5675832762335371 max_ulp=9765923
FIRST_DIVERGENCE_OBJECT row=3 layer=13 checkpoint=CP2-Q subobject=qr result=MISMATCH elements=1024 mismatch_count=1024 first_index=0 actual_bits=0xbcba7ae5 expected_bits=0xbcba6621 max_abs=0.00012089312076568604 max_rel=0.42308010022854309 max_ulp=6958336
FIRST_DIVERGENCE_OBJECT row=3 layer=13 checkpoint=CP2-KV-P subobject=kv_raw result=MISMATCH elements=512 mismatch_count=512 first_index=0 actual_bits=0x3a8c52f0 expected_bits=0x3a86c8b0 max_abs=0.00011635199189186096 max_rel=0.072332668363486272 max_ulp=807552
FIRST_DIVERGENCE_OBJECT row=3 layer=13 checkpoint=CP2-KV-R subobject=raw_cache result=MISMATCH elements=512 mismatch_count=39 first_index=39 actual_bits=0xbdf00000 expected_bits=0xbe000000 max_abs=0.125 max_rel=0.1295143212951432 max_ulp=1703936
FIRST_DIVERGENCE_OBJECT row=3 layer=13 checkpoint=CP3-F subobject=attn_state_kv result=MISMATCH elements=65536 mismatch_count=2048 first_index=8192 actual_bits=0x3d406a04 expected_bits=0x3d406b01 max_abs=0.00027969479560852051 max_rel=0.47585307284100681 max_ulp=7971584
FIRST_DIVERGENCE_OBJECT row=3 layer=13 checkpoint=CP3-F subobject=attn_state_score result=MISMATCH elements=65536 mismatch_count=2048 first_index=8192 actual_bits=0xbc612a62 expected_bits=0xbc610f5a max_abs=0.00027120113372802734 max_rel=0.62016685078663669 max_ulp=11618816
FIRST_DIVERGENCE_OBJECT row=3 layer=13 checkpoint=CP3-F subobject=layer_n_comp result=EXACT elements=1
FIRST_DIVERGENCE_OBJECT row=3 layer=13 checkpoint=CP4 subobject=after_attn_hc result=MISMATCH elements=16384 mismatch_count=16370 first_index=0 actual_bits=0x3dfa185f expected_bits=0x3dfa1f6f max_abs=0.0045416951179504395 max_rel=0.5823028733436999 max_ulp=10277649
FIRST_DIVERGENCE_OBJECT row=3 layer=13 checkpoint=CP5 subobject=layer_output result=MISMATCH elements=16384 mismatch_count=16367 first_index=0 actual_bits=0x3dfd8d70 expected_bits=0x3dfd965c max_abs=0.0077338218688964844 max_rel=1.4252048288333852 max_ulp=1931845200
FIRST_DIVERGENCE_OBJECT row=3 layer=14 checkpoint=CP1 subobject=attn_norm result=MISMATCH elements=4096 mismatch_count=4096 first_index=0 actual_bits=0x3d2fd6af expected_bits=0x3d2fbe01 max_abs=0.0085582733154296875 max_rel=1.8628880322393755 max_ulp=1904681659
FIRST_DIVERGENCE_OBJECT row=3 layer=14 checkpoint=CP2-Q subobject=qr result=MISMATCH elements=1024 mismatch_count=1024 first_index=0 actual_bits=0xbca44a91 expected_bits=0xbca21e10 max_abs=0.00081613659858703613 max_rel=0.4974739417145288 max_ulp=8339968
FIRST_DIVERGENCE_OBJECT row=3 layer=14 checkpoint=CP2-KV-P subobject=kv_raw result=MISMATCH elements=512 mismatch_count=512 first_index=0 actual_bits=0x3df9b008 expected_bits=0x3df9dbee max_abs=0.0010237842798233032 max_rel=0.25431423646735341 max_ulp=3172800
FIRST_DIVERGENCE_OBJECT row=3 layer=14 checkpoint=CP2-KV-R subobject=raw_cache result=MISMATCH elements=512 mismatch_count=79 first_index=10 actual_bits=0xbe300000 expected_bits=0xbe400000 max_abs=0.0625 max_rel=0.27777777777777779 max_ulp=4194304
FIRST_DIVERGENCE_OBJECT row=3 layer=14 checkpoint=CP3-F subobject=attn_state_kv result=MISMATCH elements=8192 mismatch_count=8192 first_index=0 actual_bits=0x3e312858 expected_bits=0x3e311923 max_abs=0.0015707015991210938 max_rel=1.011221835822204 max_ulp=1841670913
FIRST_DIVERGENCE_OBJECT row=3 layer=14 checkpoint=CP3-F subobject=attn_state_score result=MISMATCH elements=8192 mismatch_count=8192 first_index=0 actual_bits=0xbed661b4 expected_bits=0xbed62efa max_abs=0.0074617862701416016 max_rel=0.26841399458383858 max_ulp=4116880
FIRST_DIVERGENCE_OBJECT row=3 layer=14 checkpoint=CP3-F subobject=layer_n_comp result=EXACT elements=1
FIRST_DIVERGENCE_OBJECT row=3 layer=14 checkpoint=CP3-F subobject=attn_cache result=MISMATCH elements=512 mismatch_count=56 first_index=39 actual_raw=0x9d00 expected_raw=0x9d80 max_abs=undefined max_rel=undefined max_ulp=undefined
FIRST_DIVERGENCE_OBJECT row=3 layer=14 checkpoint=CP3-F subobject=index_state_kv result=MISMATCH elements=2048 mismatch_count=2046 first_index=0 actual_bits=0x3f0b03b6 expected_bits=0x3f0b1100 max_abs=0.0012897253036499023 max_rel=0.94784363177805797 max_ulp=35234304
FIRST_DIVERGENCE_OBJECT row=3 layer=14 checkpoint=CP3-F subobject=index_state_score result=MISMATCH elements=2048 mismatch_count=2048 first_index=0 actual_bits=0xbf4cd787 expected_bits=0xbf4cc603 max_abs=0.0095200538635253906 max_rel=0.069017376096152022 max_ulp=1081584
FIRST_DIVERGENCE_OBJECT row=3 layer=14 checkpoint=CP3-F subobject=layer_n_index_comp result=EXACT elements=1
FIRST_DIVERGENCE_OBJECT row=3 layer=14 checkpoint=CP3-F subobject=index_cache result=MISMATCH elements=128 mismatch_count=1 first_index=113 actual_bits=0x3e000000 expected_bits=0x00000000 max_abs=0.125 max_rel=1 max_ulp=1040187392
FIRST_DIVERGENCE_OBJECT row=3 layer=14 checkpoint=CP4 subobject=after_attn_hc result=MISMATCH elements=16384 mismatch_count=16369 first_index=0 actual_bits=0x3dff561b expected_bits=0x3dff6334 max_abs=0.006916046142578125 max_rel=1.2304954549665876 max_ulp=1958837326
FIRST_DIVERGENCE_OBJECT row=3 layer=14 checkpoint=CP5 subobject=layer_output result=MISMATCH elements=16384 mismatch_count=16374 first_index=0 actual_bits=0x3e01175b expected_bits=0x3e011bdd max_abs=0.0047893375158309937 max_rel=1.497694014686102 max_ulp=1950219270
FIRST_DIVERGENCE_OBJECT row=3 layer=15 checkpoint=CP1 subobject=attn_norm result=MISMATCH elements=4096 mismatch_count=4096 first_index=0 actual_bits=0x3c54240c expected_bits=0x3c518df4 max_abs=0.00032162666320800781 max_rel=1.5544604444649974 max_ulp=1906043171
FIRST_DIVERGENCE_OBJECT row=3 layer=15 checkpoint=CP2-Q subobject=qr result=MISMATCH elements=1024 mismatch_count=1024 first_index=0 actual_bits=0xbd69f1b0 expected_bits=0xbd6a95f8 max_abs=0.00039115920662879944 max_rel=0.95612435460837086 max_ulp=37235456
FIRST_DIVERGENCE_OBJECT row=3 layer=15 checkpoint=CP2-KV-P subobject=kv_raw result=MISMATCH elements=512 mismatch_count=512 first_index=0 actual_bits=0xbdd761af expected_bits=0xbdd78fc8 max_abs=0.00049241818487644196 max_rel=1.6303327209634619 max_ulp=1910257537
FIRST_DIVERGENCE_OBJECT row=3 layer=15 checkpoint=CP2-KV-R subobject=raw_cache result=MISMATCH elements=512 mismatch_count=78 first_index=4 actual_bits=0x3c900000 expected_bits=0x3c800000 max_abs=0.125 max_rel=1.6666666666666667 max_ulp=1909456897
FIRST_DIVERGENCE_OBJECT row=3 layer=15 checkpoint=CP3-F subobject=attn_state_kv result=MISMATCH elements=65536 mismatch_count=2048 first_index=8192 actual_bits=0xbd7ebd26 expected_bits=0xbd7edbdc max_abs=0.00065469369292259216 max_rel=1.6094958274673032 max_ulp=1907852545
FIRST_DIVERGENCE_OBJECT row=3 layer=15 checkpoint=CP3-F subobject=attn_state_score result=MISMATCH elements=65536 mismatch_count=2048 first_index=8192 actual_bits=0x3e78a250 expected_bits=0x3e787b90 max_abs=0.0028805136680603027 max_rel=1.5118251713187365 max_ulp=1945787393
FIRST_DIVERGENCE_OBJECT row=3 layer=15 checkpoint=CP3-F subobject=layer_n_comp result=EXACT elements=1
FIRST_DIVERGENCE_OBJECT row=3 layer=15 checkpoint=CP4 subobject=after_attn_hc result=MISMATCH elements=16384 mismatch_count=16372 first_index=0 actual_bits=0x3e018ce3 expected_bits=0x3e019016 max_abs=0.0084822475910186768 max_rel=1.6305425483421738 max_ulp=1986357886
FIRST_DIVERGENCE_OBJECT row=3 layer=15 checkpoint=CP5 subobject=layer_output result=MISMATCH elements=16384 mismatch_count=16378 first_index=0 actual_bits=0x3e08378c expected_bits=0x3e083ee8 max_abs=0.0089233517646789551 max_rel=1.8372802295965549 max_ulp=1987024131
FIRST_DIVERGENCE_OBJECT row=3 layer=16 checkpoint=CP1 subobject=attn_norm result=MISMATCH elements=4096 mismatch_count=4096 first_index=0 actual_bits=0x3d505437 expected_bits=0x3d4fc088 max_abs=0.0057070255279541016 max_rel=1.767152832998333 max_ulp=1929346797
FIRST_DIVERGENCE_OBJECT row=3 layer=16 checkpoint=CP2-Q subobject=qr result=MISMATCH elements=1024 mismatch_count=1024 first_index=0 actual_bits=0xbcf4d596 expected_bits=0xbcf3e534 max_abs=0.0018575713038444519 max_rel=1.5529346265420341 max_ulp=1922611969
FIRST_DIVERGENCE_OBJECT row=3 layer=16 checkpoint=CP2-KV-P subobject=kv_raw result=MISMATCH elements=512 mismatch_count=512 first_index=0 actual_bits=0xbcc2c9ea expected_bits=0xbcc46dc8 max_abs=0.0015891790390014648 max_rel=1.3270908524205272 max_ulp=1937960865
FIRST_DIVERGENCE_OBJECT row=3 layer=16 checkpoint=CP2-KV-R subobject=raw_cache result=MISMATCH elements=512 mismatch_count=105 first_index=2 actual_bits=0x3e800000 expected_bits=0x3e700000 max_abs=0.125 max_rel=1.34375 max_ulp=1982857217
FIRST_DIVERGENCE_OBJECT row=3 layer=16 checkpoint=CP3-F subobject=attn_state_kv result=MISMATCH elements=8192 mismatch_count=8192 first_index=0 actual_bits=0x3dba66cf expected_bits=0x3dba56ec max_abs=0.0015215575695037842 max_rel=1.394014817119412 max_ulp=1917409889
FIRST_DIVERGENCE_OBJECT row=3 layer=16 checkpoint=CP3-F subobject=attn_state_score result=MISMATCH elements=8192 mismatch_count=8192 first_index=0 actual_bits=0xbfcc5e40 expected_bits=0xbfcc7700 max_abs=0.0061206817626953125 max_rel=0.42055300824630831 max_ulp=6638720
FIRST_DIVERGENCE_OBJECT row=3 layer=16 checkpoint=CP3-F subobject=layer_n_comp result=EXACT elements=1
FIRST_DIVERGENCE_OBJECT row=3 layer=16 checkpoint=CP3-F subobject=attn_cache result=MISMATCH elements=512 mismatch_count=49 first_index=175 actual_raw=0x1500 expected_raw=0x1480 max_abs=undefined max_rel=undefined max_ulp=undefined
FIRST_DIVERGENCE_OBJECT row=3 layer=16 checkpoint=CP3-F subobject=index_state_kv result=MISMATCH elements=2048 mismatch_count=2048 first_index=0 actual_bits=0x3e21f049 expected_bits=0x3e228174 max_abs=0.002718508243560791 max_rel=1.1847671693378472 max_ulp=1914234625
FIRST_DIVERGENCE_OBJECT row=3 layer=16 checkpoint=CP3-F subobject=index_state_score result=MISMATCH elements=2048 mismatch_count=2048 first_index=0 actual_bits=0xbfd32304 expected_bits=0xbfd34018 max_abs=0.0092236995697021484 max_rel=1.9741457467096009 max_ulp=1970405505
FIRST_DIVERGENCE_OBJECT row=3 layer=16 checkpoint=CP3-F subobject=layer_n_index_comp result=EXACT elements=1
FIRST_DIVERGENCE_OBJECT row=3 layer=16 checkpoint=CP3-F subobject=index_cache result=EXACT elements=128
FIRST_DIVERGENCE_OBJECT row=3 layer=16 checkpoint=CP4 subobject=after_attn_hc result=MISMATCH elements=16384 mismatch_count=16380 first_index=0 actual_bits=0x3e08352d expected_bits=0x3e083bcd max_abs=0.019647836685180664 max_rel=1.7243289740747629 max_ulp=1981121206
FIRST_DIVERGENCE_OBJECT row=3 layer=16 checkpoint=CP5 subobject=layer_output result=MISMATCH elements=16384 mismatch_count=16377 first_index=0 actual_bits=0x3e049197 expected_bits=0x3e0494a7 max_abs=0.01490175724029541 max_rel=1.7338198649013998 max_ulp=1991144982
FIRST_DIVERGENCE_OBJECT row=3 layer=17 checkpoint=CP1 subobject=attn_norm result=MISMATCH elements=4096 mismatch_count=4096 first_index=0 actual_bits=0xbc046100 expected_bits=0xbc06e195 max_abs=0.00119762122631073 max_rel=1.9220722787090014 max_ulp=1942193686
FIRST_DIVERGENCE_OBJECT row=3 layer=17 checkpoint=CP2-Q subobject=qr result=MISMATCH elements=1024 mismatch_count=1023 first_index=0 actual_bits=0x3d658a5a expected_bits=0x3d62d8fe max_abs=0.0021777097135782242 max_rel=0.44703876192017455 max_ulp=7257600
FIRST_DIVERGENCE_OBJECT row=3 layer=17 checkpoint=CP2-KV-P subobject=kv_raw result=MISMATCH elements=512 mismatch_count=512 first_index=0 actual_bits=0x3c1069de expected_bits=0x3c1ade24 max_abs=0.0021194219589233398 max_rel=1.4157866371864851 max_ulp=1942197921
FIRST_DIVERGENCE_OBJECT row=3 layer=17 checkpoint=CP2-KV-R subobject=raw_cache result=MISMATCH elements=512 mismatch_count=116 first_index=0 actual_bits=0x3d700000 expected_bits=0x3d800000 max_abs=0.25 max_rel=1.4166666666666667 max_ulp=1988100097
FIRST_DIVERGENCE_OBJECT row=3 layer=17 checkpoint=CP3-F subobject=attn_state_kv result=MISMATCH elements=65536 mismatch_count=2048 first_index=8192 actual_bits=0x3b8f8cb0 expected_bits=0x3b9e7080 max_abs=0.002559274435043335 max_rel=1.848002073930924 max_ulp=1934097025
FIRST_DIVERGENCE_OBJECT row=3 layer=17 checkpoint=CP3-F subobject=attn_state_score result=MISMATCH elements=65536 mismatch_count=2048 first_index=8192 actual_bits=0x3e92df2e expected_bits=0x3e92ffcd max_abs=0.0056586265563964844 max_rel=1.869440477992222 max_ulp=1964339265
FIRST_DIVERGENCE_OBJECT row=3 layer=17 checkpoint=CP3-F subobject=layer_n_comp result=EXACT elements=1
FIRST_DIVERGENCE_OBJECT row=3 layer=17 checkpoint=CP4 subobject=after_attn_hc result=MISMATCH elements=16384 mismatch_count=16381 first_index=0 actual_bits=0x3e047e63 expected_bits=0x3e048227 max_abs=0.017619132995605469 max_rel=1.9890351693465473 max_ulp=2000656704
FIRST_DIVERGENCE_OBJECT row=3 layer=17 checkpoint=CP5 subobject=layer_output result=MISMATCH elements=16384 mismatch_count=16381 first_index=0 actual_bits=0x3deedd1f expected_bits=0x3deeead5 max_abs=0.019625067710876465 max_rel=1.8550085726581715 max_ulp=2002871094
FIRST_DIVERGENCE_OBJECT row=3 layer=18 checkpoint=CP1 subobject=attn_norm result=MISMATCH elements=4096 mismatch_count=4096 first_index=0 actual_bits=0xbcb902a7 expected_bits=0xbcb8547f max_abs=0.0076808929443359375 max_rel=1.6959849566769885 max_ulp=1911809788
FIRST_DIVERGENCE_OBJECT row=3 layer=18 checkpoint=CP2-Q subobject=qr result=MISMATCH elements=1024 mismatch_count=1024 first_index=0 actual_bits=0x3db39965 expected_bits=0x3db337fc max_abs=0.0010966192930936813 max_rel=0.56132075471698117 max_ulp=9852928
FIRST_DIVERGENCE_OBJECT row=3 layer=18 checkpoint=CP2-KV-P subobject=kv_raw result=MISMATCH elements=512 mismatch_count=512 first_index=0 actual_bits=0x3e432e08 expected_bits=0x3e4308f8 max_abs=0.0014137700200080872 max_rel=0.52023298366344217 max_ulp=8743872
FIRST_DIVERGENCE_OBJECT row=3 layer=18 checkpoint=CP2-KV-R subobject=raw_cache result=MISMATCH elements=512 mismatch_count=95 first_index=10 actual_bits=0x3da00000 expected_bits=0x3d900000 max_abs=0.0625 max_rel=0.5 max_ulp=8388608
FIRST_DIVERGENCE_OBJECT row=3 layer=18 checkpoint=CP3-F subobject=attn_state_kv result=MISMATCH elements=8192 mismatch_count=8192 first_index=0 actual_bits=0xbc62e3ac expected_bits=0xbc63238c max_abs=0.0013635605573654175 max_rel=1.994024402440244 max_ulp=1919317249
FIRST_DIVERGENCE_OBJECT row=3 layer=18 checkpoint=CP3-F subobject=attn_state_score result=MISMATCH elements=8192 mismatch_count=8192 first_index=0 actual_bits=0x3f37e084 expected_bits=0x3f37d8ae max_abs=0.010999441146850586 max_rel=0.19110449268796281 max_ulp=3065088
FIRST_DIVERGENCE_OBJECT row=3 layer=18 checkpoint=CP3-F subobject=layer_n_comp result=EXACT elements=1
FIRST_DIVERGENCE_OBJECT row=3 layer=18 checkpoint=CP3-F subobject=attn_cache result=MISMATCH elements=512 mismatch_count=50 first_index=5 actual_raw=0x3600 expected_raw=0x3680 max_abs=undefined max_rel=undefined max_ulp=undefined
FIRST_DIVERGENCE_OBJECT row=3 layer=18 checkpoint=CP3-F subobject=index_state_kv result=MISMATCH elements=2048 mismatch_count=2048 first_index=0 actual_bits=0x3d51f9de expected_bits=0x3d51dee0 max_abs=0.0031390190124511719 max_rel=1.9272054753157868 max_ulp=1932209921
FIRST_DIVERGENCE_OBJECT row=3 layer=18 checkpoint=CP3-F subobject=index_state_score result=MISMATCH elements=2048 mismatch_count=2048 first_index=0 actual_bits=0x3f99757a expected_bits=0x3f997072 max_abs=0.011626243591308594 max_rel=0.026710607160811039 max_ulp=254240
FIRST_DIVERGENCE_OBJECT row=3 layer=18 checkpoint=CP3-F subobject=layer_n_index_comp result=EXACT elements=1
FIRST_DIVERGENCE_OBJECT row=3 layer=18 checkpoint=CP3-F subobject=index_cache result=MISMATCH elements=128 mismatch_count=1 first_index=121 actual_bits=0xbe800000 expected_bits=0xbe000000 max_abs=0.125 max_rel=0.5 max_ulp=8388608
FIRST_DIVERGENCE_OBJECT row=3 layer=18 checkpoint=CP4 subobject=after_attn_hc result=MISMATCH elements=16384 mismatch_count=16382 first_index=0 actual_bits=0x3e015b7e expected_bits=0x3e015659 max_abs=0.031607866287231445 max_rel=1.9118487585831572 max_ulp=2013131853
FIRST_DIVERGENCE_OBJECT row=3 layer=18 checkpoint=CP5 subobject=layer_output result=MISMATCH elements=16384 mismatch_count=16383 first_index=0 actual_bits=0xbc45d95d expected_bits=0xbc5079f0 max_abs=0.03774261474609375 max_rel=1.6519558508225232 max_ulp=2018262551
FIRST_DIVERGENCE_OBJECT row=3 layer=19 checkpoint=CP1 subobject=attn_norm result=MISMATCH elements=4096 mismatch_count=4096 first_index=0 actual_bits=0xbd0a014c expected_bits=0xbd0a58fb max_abs=0.00069761089980602264 max_rel=1.7048607711662402 max_ulp=1907607549
FIRST_DIVERGENCE_OBJECT row=3 layer=19 checkpoint=CP2-Q subobject=qr result=MISMATCH elements=1024 mismatch_count=1024 first_index=0 actual_bits=0xbbe638c8 expected_bits=0xbbf5e720 max_abs=0.00088731292635202408 max_rel=0.70624229804954741 max_ulp=14601088
FIRST_DIVERGENCE_OBJECT row=3 layer=19 checkpoint=CP2-KV-P subobject=kv_raw result=MISMATCH elements=512 mismatch_count=512 first_index=0 actual_bits=0xbc8d8c74 expected_bits=0xbc8adbdf max_abs=0.00090916454792022705 max_rel=0.69646996838777664 max_ulp=14436352
FIRST_DIVERGENCE_OBJECT row=3 layer=19 checkpoint=CP2-KV-R subobject=raw_cache result=MISMATCH elements=512 mismatch_count=117 first_index=17 actual_bits=0xbed00000 expected_bits=0xbee00000 max_abs=0.0625 max_rel=0.69999999999999996 max_ulp=14680064
FIRST_DIVERGENCE_OBJECT row=3 layer=19 checkpoint=CP3-F subobject=attn_state_kv result=MISMATCH elements=65536 mismatch_count=2048 first_index=8192 actual_bits=0xbb7af8b8 expected_bits=0xbb802cc0 max_abs=0.00091384677216410637 max_rel=1.5058806042251165 max_ulp=1898377985
FIRST_DIVERGENCE_OBJECT row=3 layer=19 checkpoint=CP3-F subobject=attn_state_score result=MISMATCH elements=65536 mismatch_count=2048 first_index=8192 actual_bits=0x3d3ee2cd expected_bits=0x3d3e9bde max_abs=0.002197563648223877 max_rel=1.4354796147248978 max_ulp=1922364417
FIRST_DIVERGENCE_OBJECT row=3 layer=19 checkpoint=CP3-F subobject=layer_n_comp result=EXACT elements=1
FIRST_DIVERGENCE_OBJECT row=3 layer=19 checkpoint=CP4 subobject=after_attn_hc result=MISMATCH elements=16384 mismatch_count=16382 first_index=0 actual_bits=0x3cad65d8 expected_bits=0x3cb0defa max_abs=0.04241633415222168 max_rel=1.9802120866941626 max_ulp=2023409477
FIRST_DIVERGENCE_OBJECT row=3 layer=19 checkpoint=CP5 subobject=layer_output result=MISMATCH elements=16384 mismatch_count=16384 first_index=0 actual_bits=0x3b0da830 expected_bits=0x3b28aa4b max_abs=0.041443109512329102 max_rel=1.9848505164869714 max_ulp=2019428144
FIRST_DIVERGENCE_OBJECT row=3 layer=20 checkpoint=CP1 subobject=attn_norm result=MISMATCH elements=4096 mismatch_count=4096 first_index=0 actual_bits=0xbcf51af9 expected_bits=0xbcf04039 max_abs=0.0076041221618652344 max_rel=1.8914753128620292 max_ulp=1925781179
FIRST_DIVERGENCE_OBJECT row=3 layer=20 checkpoint=CP2-Q subobject=qr result=MISMATCH elements=1024 mismatch_count=1024 first_index=0 actual_bits=0x3b985ed0 expected_bits=0x3baae060 max_abs=0.0019830316305160522 max_rel=0.79902282422437387 max_ulp=20052368
FIRST_DIVERGENCE_OBJECT row=3 layer=20 checkpoint=CP2-KV-P subobject=kv_raw result=MISMATCH elements=512 mismatch_count=512 first_index=0 actual_bits=0x3e096dcf expected_bits=0x3e092e5c max_abs=0.0015195831656455994 max_rel=1.7043579741654944 max_ulp=1939895041
FIRST_DIVERGENCE_OBJECT row=3 layer=20 checkpoint=CP2-KV-R subobject=raw_cache result=MISMATCH elements=512 mismatch_count=113 first_index=1 actual_bits=0xbe900000 expected_bits=0xbe800000 max_abs=0.25 max_rel=1.6875 max_ulp=1991245825
FIRST_DIVERGENCE_OBJECT row=3 layer=20 checkpoint=CP3-F subobject=attn_state_kv result=MISMATCH elements=8192 mismatch_count=8192 first_index=0 actual_bits=0xbdc11ff6 expected_bits=0xbdc0f728 max_abs=0.0023524388670921326 max_rel=1.8288256130042011 max_ulp=1956461569
FIRST_DIVERGENCE_OBJECT row=3 layer=20 checkpoint=CP3-F subobject=attn_state_score result=MISMATCH elements=8192 mismatch_count=8192 first_index=0 actual_bits=0xbf847286 expected_bits=0xbf84a8dc max_abs=0.014388203620910645 max_rel=0.58790048227713432 max_ulp=10760528
FIRST_DIVERGENCE_OBJECT row=3 layer=20 checkpoint=CP3-F subobject=layer_n_comp result=EXACT elements=1
FIRST_DIVERGENCE_OBJECT row=3 layer=20 checkpoint=CP3-F subobject=attn_cache result=MISMATCH elements=512 mismatch_count=65 first_index=9 actual_raw=0x2e00 expected_raw=0x2e80 max_abs=undefined max_rel=undefined max_ulp=undefined
FIRST_DIVERGENCE_OBJECT row=3 layer=20 checkpoint=CP3-F subobject=index_state_kv result=MISMATCH elements=2048 mismatch_count=2048 first_index=0 actual_bits=0xbb4bed78 expected_bits=0xbb595dc0 max_abs=0.0035963654518127441 max_rel=1.3728852522611188 max_ulp=1951576641
FIRST_DIVERGENCE_OBJECT row=3 layer=20 checkpoint=CP3-F subobject=index_state_score result=MISMATCH elements=2048 mismatch_count=2048 first_index=0 actual_bits=0xbf6f0ef6 expected_bits=0xbf6f8a2d max_abs=0.017409801483154297 max_rel=0.17894528799240692 max_ulp=1868760
FIRST_DIVERGENCE_OBJECT row=3 layer=20 checkpoint=CP3-F subobject=layer_n_index_comp result=EXACT elements=1
FIRST_DIVERGENCE_OBJECT row=3 layer=20 checkpoint=CP3-F subobject=index_cache result=EXACT elements=128
FIRST_DIVERGENCE_OBJECT row=3 layer=20 checkpoint=CP4 subobject=after_attn_hc result=MISMATCH elements=16384 mismatch_count=16384 first_index=0 actual_bits=0xbca80845 expected_bits=0xbca2cc41 max_abs=0.039021134376525879 max_rel=1.9890254425344298 max_ulp=2024539535
FIRST_DIVERGENCE_OBJECT row=3 layer=20 checkpoint=CP5 subobject=layer_output result=MISMATCH elements=16384 mismatch_count=16384 first_index=0 actual_bits=0xbe2edd6b expected_bits=0xbe2e09a7 max_abs=0.041622161865234375 max_rel=1.8959089807226062 max_ulp=2006987929
FIRST_DIVERGENCE_OBJECT row=3 layer=21 checkpoint=CP1 subobject=attn_norm result=MISMATCH elements=4096 mismatch_count=4096 first_index=0 actual_bits=0xbd181f04 expected_bits=0xbd16d982 max_abs=0.00079903006553649902 max_rel=1.8372983565012628 max_ulp=1904521541
FIRST_DIVERGENCE_OBJECT row=3 layer=21 checkpoint=CP2-Q subobject=qr result=MISMATCH elements=1024 mismatch_count=1024 first_index=0 actual_bits=0x3e2e4e38 expected_bits=0x3e2edfed max_abs=0.00109061598777771 max_rel=0.9703587568016232 max_ulp=42791504
FIRST_DIVERGENCE_OBJECT row=3 layer=21 checkpoint=CP2-KV-P subobject=kv_raw result=MISMATCH elements=512 mismatch_count=512 first_index=0 actual_bits=0x3d926078 expected_bits=0x3d934742 max_abs=0.0015722326934337616 max_rel=1.7269115296718398 max_ulp=1925241985
FIRST_DIVERGENCE_OBJECT row=3 layer=21 checkpoint=CP2-KV-R subobject=raw_cache result=MISMATCH elements=512 mismatch_count=97 first_index=6 actual_bits=0xbed00000 expected_bits=0xbee00000 max_abs=0.125 max_rel=1.75 max_ulp=1975517185
FIRST_DIVERGENCE_OBJECT row=3 layer=21 checkpoint=CP3-F subobject=attn_state_kv result=MISMATCH elements=65536 mismatch_count=2048 first_index=8192 actual_bits=0x3b9e9866 expected_bits=0x3b9baa58 max_abs=0.0021306872367858887 max_rel=1.4700284938042543 max_ulp=1922951553
FIRST_DIVERGENCE_OBJECT row=3 layer=21 checkpoint=CP3-F subobject=attn_state_score result=MISMATCH elements=65536 mismatch_count=2048 first_index=8192 actual_bits=0x3e8002c2 expected_bits=0x3e80048c max_abs=0.0041853189468383789 max_rel=1.9868617065298353 max_ulp=1931040193
FIRST_DIVERGENCE_OBJECT row=3 layer=21 checkpoint=CP3-F subobject=layer_n_comp result=EXACT elements=1
FIRST_DIVERGENCE_OBJECT row=3 layer=21 checkpoint=CP4 subobject=after_attn_hc result=MISMATCH elements=16384 mismatch_count=16384 first_index=0 actual_bits=0x3e067b74 expected_bits=0x3e089b46 max_abs=0.037790656089782715 max_rel=1.7764687871940816 max_ulp=2017792794
FIRST_DIVERGENCE_OBJECT row=3 layer=21 checkpoint=CP5 subobject=layer_output result=MISMATCH elements=16384 mismatch_count=16384 first_index=0 actual_bits=0xbb21a454 expected_bits=0xba9f76e1 max_abs=0.051640510559082031 max_rel=1.9356096077541682 max_ulp=2026084236
FIRST_DIVERGENCE_OBJECT row=3 layer=22 checkpoint=CP1 subobject=attn_norm result=MISMATCH elements=4096 mismatch_count=4096 first_index=0 actual_bits=0xbd5f474e expected_bits=0xbd5da6d2 max_abs=0.015460491180419922 max_rel=1.8468667069171527 max_ulp=1940047574
FIRST_DIVERGENCE_OBJECT row=3 layer=22 checkpoint=CP2-Q subobject=qr result=MISMATCH elements=1024 mismatch_count=1024 first_index=0 actual_bits=0xbd717db2 expected_bits=0xbd6e245e max_abs=0.0025640726089477539 max_rel=1.055234219023836 max_ulp=1914605377
FIRST_DIVERGENCE_OBJECT row=3 layer=22 checkpoint=CP2-KV-P subobject=kv_raw result=MISMATCH elements=512 mismatch_count=512 first_index=0 actual_bits=0xbe89418a expected_bits=0xbe895d18 max_abs=0.002437204122543335 max_rel=1.3503265845019223 max_ulp=1922248385
FIRST_DIVERGENCE_OBJECT row=3 layer=22 checkpoint=CP2-KV-R subobject=raw_cache result=MISMATCH elements=512 mismatch_count=109 first_index=1 actual_bits=0x3cb00000 expected_bits=0x3ca00000 max_abs=0.125 max_rel=1.3214285714285714 max_ulp=1961885697
FIRST_DIVERGENCE_OBJECT row=3 layer=22 checkpoint=CP3-F subobject=attn_state_kv result=MISMATCH elements=8192 mismatch_count=8192 first_index=0 actual_bits=0xbde78725 expected_bits=0xbde7ff4b max_abs=0.002830207347869873 max_rel=1.5100285691922355 max_ulp=1913864449
FIRST_DIVERGENCE_OBJECT row=3 layer=22 checkpoint=CP3-F subobject=attn_state_score result=MISMATCH elements=8192 mismatch_count=8192 first_index=0 actual_bits=0xbfe49bc9 expected_bits=0xbfe499dc max_abs=0.019680380821228027 max_rel=0.85868291634194194 max_ulp=23611456
FIRST_DIVERGENCE_OBJECT row=3 layer=22 checkpoint=CP3-F subobject=layer_n_comp result=EXACT elements=1
FIRST_DIVERGENCE_OBJECT row=3 layer=22 checkpoint=CP3-F subobject=attn_cache result=MISMATCH elements=512 mismatch_count=72 first_index=18 actual_raw=0xa900 expected_raw=0xa880 max_abs=undefined max_rel=undefined max_ulp=undefined
FIRST_DIVERGENCE_OBJECT row=3 layer=22 checkpoint=CP3-F subobject=index_state_kv result=MISMATCH elements=2048 mismatch_count=2048 first_index=0 actual_bits=0x3e33b66e expected_bits=0x3e3322b1 max_abs=0.0079122781753540039 max_rel=1.7828788741503054 max_ulp=1961128257
FIRST_DIVERGENCE_OBJECT row=3 layer=22 checkpoint=CP3-F subobject=index_state_score result=MISMATCH elements=2048 mismatch_count=2048 first_index=0 actual_bits=0xc0095c8c expected_bits=0xc0095a52 max_abs=0.02350306510925293 max_rel=0.40994087645236466 max_ulp=6834176
FIRST_DIVERGENCE_OBJECT row=3 layer=22 checkpoint=CP3-F subobject=layer_n_index_comp result=EXACT elements=1
FIRST_DIVERGENCE_OBJECT row=3 layer=22 checkpoint=CP3-F subobject=index_cache result=EXACT elements=128
FIRST_DIVERGENCE_OBJECT row=3 layer=22 checkpoint=CP4 subobject=after_attn_hc result=MISMATCH elements=16384 mismatch_count=16384 first_index=0 actual_bits=0xbd96f588 expected_bits=0xbd95c502 max_abs=0.051053047180175781 max_rel=1.9608500246207186 max_ulp=2010475152
FIRST_DIVERGENCE_OBJECT row=3 layer=22 checkpoint=CP5 subobject=layer_output result=MISMATCH elements=16384 mismatch_count=16384 first_index=0 actual_bits=0xbdb7eb48 expected_bits=0xbdb73c3f max_abs=0.034275293350219727 max_rel=1.9591405322389264 max_ulp=2015096518
FIRST_DIVERGENCE_OBJECT row=3 layer=23 checkpoint=CP1 subobject=attn_norm result=MISMATCH elements=4096 mismatch_count=4096 first_index=0 actual_bits=0xbce1e645 expected_bits=0xbce1ad36 max_abs=0.00068844854831695557 max_rel=1.7545856089053722 max_ulp=1923600347
FIRST_DIVERGENCE_OBJECT row=3 layer=23 checkpoint=CP2-Q subobject=qr result=MISMATCH elements=1024 mismatch_count=1024 first_index=0 actual_bits=0x3e1d1ad4 expected_bits=0x3e1d1190 max_abs=0.0011512637138366699 max_rel=0.91303316055704742 max_ulp=29542528
FIRST_DIVERGENCE_OBJECT row=3 layer=23 checkpoint=CP2-KV-P subobject=kv_raw result=MISMATCH elements=512 mismatch_count=512 first_index=0 actual_bits=0xbe1f4e4f expected_bits=0xbe1ea248 max_abs=0.0013549923896789551 max_rel=0.15662486098853476 max_ulp=2532832
FIRST_DIVERGENCE_OBJECT row=3 layer=23 checkpoint=CP2-KV-R subobject=raw_cache result=MISMATCH elements=512 mismatch_count=75 first_index=17 actual_bits=0x3f400000 expected_bits=0x3f300000 max_abs=0.125 max_rel=0.15598086124401914 max_ulp=2498560
FIRST_DIVERGENCE_OBJECT row=3 layer=23 checkpoint=CP3-F subobject=attn_state_kv result=MISMATCH elements=65536 mismatch_count=2048 first_index=8192 actual_bits=0x3e4b3155 expected_bits=0x3e4b3152 max_abs=0.0025519132614135742 max_rel=1.8445511745529186 max_ulp=1913093505
FIRST_DIVERGENCE_OBJECT row=3 layer=23 checkpoint=CP3-F subobject=attn_state_score result=MISMATCH elements=65536 mismatch_count=2048 first_index=8192 actual_bits=0xbdb58245 expected_bits=0xbdb54478 max_abs=0.0019207596778869629 max_rel=1.6007967098832598 max_ulp=1951551745
FIRST_DIVERGENCE_OBJECT row=3 layer=23 checkpoint=CP3-F subobject=layer_n_comp result=EXACT elements=1
FIRST_DIVERGENCE_OBJECT row=3 layer=23 checkpoint=CP4 subobject=after_attn_hc result=MISMATCH elements=16384 mismatch_count=16383 first_index=0 actual_bits=0xbdb0f42f expected_bits=0xbdb0607b max_abs=0.033036231994628906 max_rel=1.5987139644502428 max_ulp=2012397892
FIRST_DIVERGENCE_OBJECT row=3 layer=23 checkpoint=CP5 subobject=layer_output result=MISMATCH elements=16384 mismatch_count=16384 first_index=0 actual_bits=0xbdb32ee8 expected_bits=0xbdb230aa max_abs=0.032458066940307617 max_rel=1.8986064129413189 max_ulp=1997148973
FIRST_DIVERGENCE_OBJECT row=3 layer=24 checkpoint=CP1 subobject=attn_norm result=MISMATCH elements=4096 mismatch_count=4096 first_index=0 actual_bits=0xbd4b15b7 expected_bits=0xbd4a0d0f max_abs=0.010998010635375977 max_rel=1.6057929384415157 max_ulp=1924699932
FIRST_DIVERGENCE_OBJECT row=3 layer=24 checkpoint=CP2-Q subobject=qr result=MISMATCH elements=1024 mismatch_count=1024 first_index=0 actual_bits=0xbefd1f33 expected_bits=0xbefd9832 max_abs=0.0019499212503433228 max_rel=1.0871581424977597 max_ulp=1907435905
FIRST_DIVERGENCE_OBJECT row=3 layer=24 checkpoint=CP2-KV-P subobject=kv_raw result=MISMATCH elements=512 mismatch_count=512 first_index=0 actual_bits=0xbe8b244e expected_bits=0xbe8b7ba2 max_abs=0.0021942630410194397 max_rel=0.47380270801119978 max_ulp=7746688
FIRST_DIVERGENCE_OBJECT row=3 layer=24 checkpoint=CP2-KV-R subobject=raw_cache result=MISMATCH elements=512 mismatch_count=101 first_index=3 actual_bits=0xbde00000 expected_bits=0xbdd00000 max_abs=0.125 max_rel=0.5 max_ulp=8388608
FIRST_DIVERGENCE_OBJECT row=3 layer=24 checkpoint=CP3-F subobject=attn_state_kv result=MISMATCH elements=8192 mismatch_count=8192 first_index=0 actual_bits=0xbe5a8abe expected_bits=0xbe5a5cb7 max_abs=0.0023762434720993042 max_rel=0.77535821085899748 max_ulp=17966464
FIRST_DIVERGENCE_OBJECT row=3 layer=24 checkpoint=CP3-F subobject=attn_state_score result=MISMATCH elements=8192 mismatch_count=8190 first_index=0 actual_bits=0xc011a4d8 expected_bits=0xc011a085 max_abs=0.012504100799560547 max_rel=0.89733495877143965 max_ulp=27867392
FIRST_DIVERGENCE_OBJECT row=3 layer=24 checkpoint=CP3-F subobject=layer_n_comp result=EXACT elements=1
FIRST_DIVERGENCE_OBJECT row=3 layer=24 checkpoint=CP3-F subobject=attn_cache result=MISMATCH elements=512 mismatch_count=79 first_index=6 actual_raw=0xb700 expected_raw=0xb780 max_abs=undefined max_rel=undefined max_ulp=undefined
FIRST_DIVERGENCE_OBJECT row=3 layer=24 checkpoint=CP3-F subobject=index_state_kv result=MISMATCH elements=2048 mismatch_count=2048 first_index=0 actual_bits=0xbdb2b2ac expected_bits=0xbdb330f4 max_abs=0.0025973096489906311 max_rel=0.7866143559871519 max_ulp=19121728
FIRST_DIVERGENCE_OBJECT row=3 layer=24 checkpoint=CP3-F subobject=index_state_score result=MISMATCH elements=2048 mismatch_count=2048 first_index=0 actual_bits=0xc0083139 expected_bits=0xc008399b max_abs=0.0099012851715087891 max_rel=0.25890722434202179 max_ulp=3395968
FIRST_DIVERGENCE_OBJECT row=3 layer=24 checkpoint=CP3-F subobject=layer_n_index_comp result=EXACT elements=1
FIRST_DIVERGENCE_OBJECT row=3 layer=24 checkpoint=CP3-F subobject=index_cache result=EXACT elements=128
FIRST_DIVERGENCE_OBJECT row=3 layer=24 checkpoint=CP4 subobject=after_attn_hc result=MISMATCH elements=16384 mismatch_count=16384 first_index=0 actual_bits=0x3eb00436 expected_bits=0x3eb0151a max_abs=0.085091114044189453 max_rel=1.8993487412406065 max_ulp=2015284824
FIRST_DIVERGENCE_OBJECT row=3 layer=24 checkpoint=CP5 subobject=layer_output result=MISMATCH elements=16384 mismatch_count=16384 first_index=0 actual_bits=0x3decd743 expected_bits=0x3ded96c0 max_abs=0.083803176879882812 max_rel=1.772079123066898 max_ulp=2016743030
FIRST_DIVERGENCE_OBJECT row=3 layer=25 checkpoint=CP1 subobject=attn_norm result=MISMATCH elements=4096 mismatch_count=4096 first_index=0 actual_bits=0xbc76225d expected_bits=0xbc74db10 max_abs=0.00023860856890678406 max_rel=1.769569618117169 max_ulp=1862926348
FIRST_DIVERGENCE_OBJECT row=3 layer=25 checkpoint=CP2-Q subobject=qr result=MISMATCH elements=1024 mismatch_count=1024 first_index=0 actual_bits=0xbc998d10 expected_bits=0xbc984bfe max_abs=0.00035592168569564819 max_rel=1.7322392211404729 max_ulp=1910117889
FIRST_DIVERGENCE_OBJECT row=3 layer=25 checkpoint=CP2-KV-P subobject=kv_raw result=MISMATCH elements=512 mismatch_count=512 first_index=0 actual_bits=0x3cb125fa expected_bits=0x3cb0dc64 max_abs=0.00030074641108512878 max_rel=0.75466068541025511 max_ulp=17005952
FIRST_DIVERGENCE_OBJECT row=3 layer=25 checkpoint=CP2-KV-R subobject=raw_cache result=MISMATCH elements=512 mismatch_count=94 first_index=34 actual_bits=0x3df00000 expected_bits=0x3e000000 max_abs=0.0625 max_rel=0.75 max_ulp=16777216
FIRST_DIVERGENCE_OBJECT row=3 layer=25 checkpoint=CP3-F subobject=attn_state_kv result=MISMATCH elements=65536 mismatch_count=2048 first_index=8192 actual_bits=0x3d929bd2 expected_bits=0x3d92b538 max_abs=0.00070688128471374512 max_rel=0.93996116891521875 max_ulp=34060672
FIRST_DIVERGENCE_OBJECT row=3 layer=25 checkpoint=CP3-F subobject=attn_state_score result=MISMATCH elements=65536 mismatch_count=2048 first_index=8192 actual_bits=0xbd082088 expected_bits=0xbd07f85b max_abs=0.0012459158897399902 max_rel=1.1158893256166631 max_ulp=1919317505
FIRST_DIVERGENCE_OBJECT row=3 layer=25 checkpoint=CP3-F subobject=layer_n_comp result=EXACT elements=1
FIRST_DIVERGENCE_OBJECT row=3 layer=25 checkpoint=CP4 subobject=after_attn_hc result=MISMATCH elements=16384 mismatch_count=16384 first_index=0 actual_bits=0x3dfbe126 expected_bits=0x3dfc30c5 max_abs=0.081583499908447266 max_rel=1.9075052535955788 max_ulp=2028618961
FIRST_DIVERGENCE_OBJECT row=3 layer=25 checkpoint=CP5 subobject=layer_output result=MISMATCH elements=16384 mismatch_count=16384 first_index=0 actual_bits=0x3f014d22 expected_bits=0x3f016370 max_abs=0.078667163848876953 max_rel=1.9726344185768658 max_ulp=2029061369
FIRST_DIVERGENCE_OBJECT row=3 layer=26 checkpoint=CP1 subobject=attn_norm result=MISMATCH elements=4096 mismatch_count=4096 first_index=0 actual_bits=0xbd141ee9 expected_bits=0xbd13a0b4 max_abs=0.0044407844543457031 max_rel=1.395939880124031 max_ulp=1915583200
FIRST_DIVERGENCE_OBJECT row=3 layer=26 checkpoint=CP2-Q subobject=qr result=MISMATCH elements=1024 mismatch_count=1024 first_index=0 actual_bits=0x3d8db11e expected_bits=0x3d8cec81 max_abs=0.0010007396340370178 max_rel=1.7178764960430393 max_ulp=1935164033
FIRST_DIVERGENCE_OBJECT row=3 layer=26 checkpoint=CP2-KV-P subobject=kv_raw result=MISMATCH elements=512 mismatch_count=512 first_index=0 actual_bits=0x3ce33b34 expected_bits=0x3ce25680 max_abs=0.0010789930820465088 max_rel=1.4189486361236892 max_ulp=1943162273
FIRST_DIVERGENCE_OBJECT row=3 layer=26 checkpoint=CP2-KV-R subobject=raw_cache result=MISMATCH elements=512 mismatch_count=101 first_index=2 actual_bits=0x3d600000 expected_bits=0x3d700000 max_abs=0.0625 max_rel=1.45 max_ulp=1991245825
FIRST_DIVERGENCE_OBJECT row=3 layer=26 checkpoint=CP3-F subobject=attn_state_kv result=MISMATCH elements=8192 mismatch_count=8192 first_index=0 actual_bits=0xbe8c723a expected_bits=0xbe8c7bee max_abs=0.0012606382369995117 max_rel=1.2621052359824889 max_ulp=1922442273
FIRST_DIVERGENCE_OBJECT row=3 layer=26 checkpoint=CP3-F subobject=attn_state_score result=MISMATCH elements=8192 mismatch_count=8192 first_index=0 actual_bits=0x3e1b0fe6 expected_bits=0x3e1b5d1c max_abs=0.0042376518249511719 max_rel=1.7703996995211118 max_ulp=1958339841
FIRST_DIVERGENCE_OBJECT row=3 layer=26 checkpoint=CP3-F subobject=layer_n_comp result=EXACT elements=1
FIRST_DIVERGENCE_OBJECT row=3 layer=26 checkpoint=CP3-F subobject=attn_cache result=MISMATCH elements=512 mismatch_count=37 first_index=10 actual_raw=0x2700 expected_raw=0x2780 max_abs=undefined max_rel=undefined max_ulp=undefined
FIRST_DIVERGENCE_OBJECT row=3 layer=26 checkpoint=CP3-F subobject=index_state_kv result=MISMATCH elements=2048 mismatch_count=2048 first_index=0 actual_bits=0x3de7730d expected_bits=0x3de78c8e max_abs=0.0014113783836364746 max_rel=1.5221150648486863 max_ulp=1892690433
FIRST_DIVERGENCE_OBJECT row=3 layer=26 checkpoint=CP3-F subobject=index_state_score result=MISMATCH elements=2048 mismatch_count=2048 first_index=0 actual_bits=0x3e4baf82 expected_bits=0x3e4bf380 max_abs=0.0042860507965087891 max_rel=0.94446016762519569 max_ulp=34908016
FIRST_DIVERGENCE_OBJECT row=3 layer=26 checkpoint=CP3-F subobject=layer_n_index_comp result=EXACT elements=1
FIRST_DIVERGENCE_OBJECT row=3 layer=26 checkpoint=CP3-F subobject=index_cache result=EXACT elements=128
FIRST_DIVERGENCE_OBJECT row=3 layer=26 checkpoint=CP4 subobject=after_attn_hc result=MISMATCH elements=16384 mismatch_count=16383 first_index=0 actual_bits=0x3ee7888e expected_bits=0x3ee7c72f max_abs=0.076807022094726562 max_rel=1.9606277898459925 max_ulp=2015914662
FIRST_DIVERGENCE_OBJECT row=3 layer=26 checkpoint=CP5 subobject=layer_output result=MISMATCH elements=16384 mismatch_count=16383 first_index=0 actual_bits=0x3f88ec17 expected_bits=0x3f891c33 max_abs=0.073607921600341797 max_rel=1.9421501870144817 max_ulp=2021469966
FIRST_DIVERGENCE_OBJECT row=3 layer=27 checkpoint=CP1 subobject=attn_norm result=MISMATCH elements=4096 mismatch_count=4096 first_index=0 actual_bits=0x3bcf1171 expected_bits=0x3bd19f34 max_abs=0.00046144053339958191 max_rel=1.8014408834556532 max_ulp=1891393738
FIRST_DIVERGENCE_OBJECT row=3 layer=27 checkpoint=CP2-Q subobject=qr result=MISMATCH elements=1024 mismatch_count=1024 first_index=0 actual_bits=0x3bb66470 expected_bits=0x3bbf4c98 max_abs=0.00066131353378295898 max_rel=0.6825771212215257 max_ulp=13753904
FIRST_DIVERGENCE_OBJECT row=3 layer=27 checkpoint=CP2-KV-P subobject=kv_raw result=MISMATCH elements=512 mismatch_count=512 first_index=0 actual_bits=0xbe30188b expected_bits=0xbe2feadd max_abs=0.00058334413915872574 max_rel=1.0858638066933712 max_ulp=1900211585
FIRST_DIVERGENCE_OBJECT row=3 layer=27 checkpoint=CP2-KV-R subobject=raw_cache result=MISMATCH elements=512 mismatch_count=99 first_index=1 actual_bits=0x3e000000 expected_bits=0x3df00000 max_abs=0.125 max_rel=1.0892857142857142 max_ulp=1962934273
FIRST_DIVERGENCE_OBJECT row=3 layer=27 checkpoint=CP3-F subobject=attn_state_kv result=MISMATCH elements=65536 mismatch_count=2048 first_index=8192 actual_bits=0xbc93f4eb expected_bits=0xbc92c48a max_abs=0.00096879154443740845 max_rel=1.0474069802762662 max_ulp=1867353665
FIRST_DIVERGENCE_OBJECT row=3 layer=27 checkpoint=CP3-F subobject=attn_state_score result=MISMATCH elements=65536 mismatch_count=2048 first_index=8192 actual_bits=0xbde7f2fc expected_bits=0xbde81cc7 max_abs=0.0016449689865112305 max_rel=0.35169907680219997 max_ulp=5682688
FIRST_DIVERGENCE_OBJECT row=3 layer=27 checkpoint=CP3-F subobject=layer_n_comp result=EXACT elements=1
FIRST_DIVERGENCE_OBJECT row=3 layer=27 checkpoint=CP4 subobject=after_attn_hc result=MISMATCH elements=16384 mismatch_count=16383 first_index=0 actual_bits=0x3f97d616 expected_bits=0x3f968a05 max_abs=0.080665111541748047 max_rel=1.7492977008329913 max_ulp=2027486346
FIRST_DIVERGENCE_OBJECT row=3 layer=27 checkpoint=CP5 subobject=layer_output result=MISMATCH elements=16384 mismatch_count=16384 first_index=0 actual_bits=0x3fe13a44 expected_bits=0x3fdfef2a max_abs=0.080467700958251953 max_rel=1.9865476349498024 max_ulp=2026935361
FIRST_DIVERGENCE_OBJECT row=3 layer=28 checkpoint=CP1 subobject=attn_norm result=MISMATCH elements=4096 mismatch_count=4096 first_index=0 actual_bits=0x3d2ec8c1 expected_bits=0x3d2f3f94 max_abs=0.0086932182312011719 max_rel=1.9393865659873968 max_ulp=1916705858
FIRST_DIVERGENCE_OBJECT row=3 layer=28 checkpoint=CP2-Q subobject=qr result=MISMATCH elements=1024 mismatch_count=1024 first_index=0 actual_bits=0x3e017967 expected_bits=0x3e015a84 max_abs=0.00094065070152282715 max_rel=1.4133966508372906 max_ulp=1900597249
FIRST_DIVERGENCE_OBJECT row=3 layer=28 checkpoint=CP2-KV-P subobject=kv_raw result=MISMATCH elements=512 mismatch_count=512 first_index=0 actual_bits=0x3e0bf161 expected_bits=0x3e0be259 max_abs=0.00093947350978851318 max_rel=0.63156650037977957 max_ulp=11415008
FIRST_DIVERGENCE_OBJECT row=3 layer=28 checkpoint=CP2-KV-R subobject=raw_cache result=MISMATCH elements=512 mismatch_count=95 first_index=2 actual_bits=0xbd600000 expected_bits=0xbd700000 max_abs=0.125 max_rel=0.61111111111111116 max_ulp=11534336
FIRST_DIVERGENCE_OBJECT row=3 layer=28 checkpoint=CP3-F subobject=attn_state_kv result=MISMATCH elements=8192 mismatch_count=8192 first_index=0 actual_bits=0x3d88a902 expected_bits=0x3d889c58 max_abs=0.001519620418548584 max_rel=1.9595648751162957 max_ulp=1930784001
FIRST_DIVERGENCE_OBJECT row=3 layer=28 checkpoint=CP3-F subobject=attn_state_score result=MISMATCH elements=8192 mismatch_count=8192 first_index=0 actual_bits=0x3fbea1b2 expected_bits=0x3fbeed46 max_abs=0.012485980987548828 max_rel=0.22488156300557904 max_ulp=3534656
FIRST_DIVERGENCE_OBJECT row=3 layer=28 checkpoint=CP3-F subobject=layer_n_comp result=EXACT elements=1
FIRST_DIVERGENCE_OBJECT row=3 layer=28 checkpoint=CP3-F subobject=attn_cache result=MISMATCH elements=512 mismatch_count=59 first_index=47 actual_raw=0x9f00 expected_raw=0x9e00 max_abs=undefined max_rel=undefined max_ulp=undefined
FIRST_DIVERGENCE_OBJECT row=3 layer=28 checkpoint=CP3-F subobject=index_state_kv result=MISMATCH elements=2048 mismatch_count=2048 first_index=0 actual_bits=0xbe6069b2 expected_bits=0xbe60a306 max_abs=0.0023664236068725586 max_rel=0.8848097960401764 max_ulp=26242944
FIRST_DIVERGENCE_OBJECT row=3 layer=28 checkpoint=CP3-F subobject=index_state_score result=MISMATCH elements=2048 mismatch_count=2048 first_index=0 actual_bits=0x3fc0cd41 expected_bits=0x3fc119af max_abs=0.010876655578613281 max_rel=0.016976249194543516 max_ulp=194642
FIRST_DIVERGENCE_OBJECT row=3 layer=28 checkpoint=CP3-F subobject=layer_n_index_comp result=EXACT elements=1
FIRST_DIVERGENCE_OBJECT row=3 layer=28 checkpoint=CP3-F subobject=index_cache result=EXACT elements=128
FIRST_DIVERGENCE_OBJECT row=3 layer=28 checkpoint=CP4 subobject=after_attn_hc result=MISMATCH elements=16384 mismatch_count=16384 first_index=0 actual_bits=0x3fe026c3 expected_bits=0x3fdedfb5 max_abs=0.09104466438293457 max_rel=1.9191586718956206 max_ulp=2031980398
FIRST_DIVERGENCE_OBJECT row=3 layer=28 checkpoint=CP5 subobject=layer_output result=MISMATCH elements=16384 mismatch_count=16383 first_index=0 actual_bits=0x3fd9c241 expected_bits=0x3fd83ee8 max_abs=0.090859174728393555 max_rel=1.8442742120972384 max_ulp=2025277012
FIRST_DIVERGENCE_OBJECT row=3 layer=29 checkpoint=CP1 subobject=attn_norm result=MISMATCH elements=4096 mismatch_count=4096 first_index=0 actual_bits=0xbcaff69f expected_bits=0xbcaf9bc0 max_abs=0.00070779025554656982 max_rel=1.6962766782386696 max_ulp=1920494522
FIRST_DIVERGENCE_OBJECT row=3 layer=29 checkpoint=CP2-Q subobject=qr result=MISMATCH elements=1024 mismatch_count=1024 first_index=0 actual_bits=0xbe3091e4 expected_bits=0xbe3076b6 max_abs=0.0010570734739303589 max_rel=1.3864451161646338 max_ulp=1896485121
FIRST_DIVERGENCE_OBJECT row=3 layer=29 checkpoint=CP2-KV-P subobject=kv_raw result=MISMATCH elements=512 mismatch_count=512 first_index=0 actual_bits=0xbc5bfea0 expected_bits=0xbc60536e max_abs=0.0010411515831947327 max_rel=0.36254746773986335 max_ulp=5444256
FIRST_DIVERGENCE_OBJECT row=3 layer=29 checkpoint=CP2-KV-R subobject=raw_cache result=MISMATCH elements=512 mismatch_count=112 first_index=4 actual_bits=0xbe500000 expected_bits=0xbe600000 max_abs=0.125 max_rel=0.375 max_ulp=6291456
FIRST_DIVERGENCE_OBJECT row=3 layer=29 checkpoint=CP3-F subobject=attn_state_kv result=MISMATCH elements=65536 mismatch_count=2048 first_index=8192 actual_bits=0x3e11ebcc expected_bits=0x3e11cda8 max_abs=0.0015783905982971191 max_rel=1.9215247819949606 max_ulp=1927747265
FIRST_DIVERGENCE_OBJECT row=3 layer=29 checkpoint=CP3-F subobject=attn_state_score result=MISMATCH elements=65536 mismatch_count=2048 first_index=8192 actual_bits=0x3dc3cb1d expected_bits=0x3dc44ab8 max_abs=0.0047695040702819824 max_rel=1.821383017253597 max_ulp=1951587425
FIRST_DIVERGENCE_OBJECT row=3 layer=29 checkpoint=CP3-F subobject=layer_n_comp result=EXACT elements=1
FIRST_DIVERGENCE_OBJECT row=3 layer=29 checkpoint=CP4 subobject=after_attn_hc result=MISMATCH elements=16384 mismatch_count=16384 first_index=0 actual_bits=0x3fd95951 expected_bits=0x3fd7d735 max_abs=0.11969995498657227 max_rel=1.9889701509986675 max_ulp=2025180615
FIRST_DIVERGENCE_OBJECT row=3 layer=29 checkpoint=CP5 subobject=layer_output result=MISMATCH elements=16384 mismatch_count=16384 first_index=0 actual_bits=0x3facced5 expected_bits=0x3fab3e80 max_abs=0.11906290054321289 max_rel=1.9630527284635149 max_ulp=2019315136
FIRST_DIVERGENCE_OBJECT row=3 layer=30 checkpoint=CP1 subobject=attn_norm result=MISMATCH elements=4096 mismatch_count=4096 first_index=0 actual_bits=0xbd25a61a expected_bits=0xbd263b47 max_abs=0.014316082000732422 max_rel=1.5034362302520159 max_ulp=1927105369
FIRST_DIVERGENCE_OBJECT row=3 layer=30 checkpoint=CP2-Q subobject=qr result=MISMATCH elements=1024 mismatch_count=1024 first_index=0 actual_bits=0xbd536f96 expected_bits=0xbd53c412 max_abs=0.0016158223152160645 max_rel=0.65141107147098321 max_ulp=13004784
FIRST_DIVERGENCE_OBJECT row=3 layer=30 checkpoint=CP2-KV-P subobject=kv_raw result=MISMATCH elements=512 mismatch_count=512 first_index=0 actual_bits=0x3d81bc51 expected_bits=0x3d819db9 max_abs=0.0027127005159854889 max_rel=1.4376592036466014 max_ulp=1945788481
FIRST_DIVERGENCE_OBJECT row=3 layer=30 checkpoint=CP2-KV-R subobject=raw_cache result=MISMATCH elements=512 mismatch_count=123 first_index=4 actual_bits=0x3d900000 expected_bits=0x3d800000 max_abs=0.0625 max_rel=1.5426944971537002 max_ulp=1989328897
FIRST_DIVERGENCE_OBJECT row=3 layer=30 checkpoint=CP3-F subobject=attn_state_kv result=MISMATCH elements=8192 mismatch_count=8192 first_index=0 actual_bits=0xbca1f690 expected_bits=0xbca1f6da max_abs=0.0027022361755371094 max_rel=1.0113399256100879 max_ulp=1881553921
FIRST_DIVERGENCE_OBJECT row=3 layer=30 checkpoint=CP3-F subobject=attn_state_score result=MISMATCH elements=8192 mismatch_count=8192 first_index=0 actual_bits=0x3f3fcbc0 expected_bits=0x3f3fe71c max_abs=0.015585899353027344 max_rel=1.4275562629139442 max_ulp=1937451009
FIRST_DIVERGENCE_OBJECT row=3 layer=30 checkpoint=CP3-F subobject=layer_n_comp result=EXACT elements=1
FIRST_DIVERGENCE_OBJECT row=3 layer=30 checkpoint=CP3-F subobject=attn_cache result=MISMATCH elements=512 mismatch_count=52 first_index=57 actual_raw=0x1b00 expected_raw=0x1a00 max_abs=undefined max_rel=undefined max_ulp=undefined
FIRST_DIVERGENCE_OBJECT row=3 layer=30 checkpoint=CP3-F subobject=index_state_kv result=MISMATCH elements=2048 mismatch_count=2048 first_index=0 actual_bits=0x3bae80c8 expected_bits=0x3bb260e0 max_abs=0.0030338149517774582 max_rel=1.1888983603269319 max_ulp=1935010177
FIRST_DIVERGENCE_OBJECT row=3 layer=30 checkpoint=CP3-F subobject=index_state_score result=MISMATCH elements=2048 mismatch_count=2048 first_index=0 actual_bits=0x3eec62c2 expected_bits=0x3eebd89c max_abs=0.020082473754882812 max_rel=0.89050938337801611 max_ulp=26375168
FIRST_DIVERGENCE_OBJECT row=3 layer=30 checkpoint=CP3-F subobject=layer_n_index_comp result=EXACT elements=1
FIRST_DIVERGENCE_OBJECT row=3 layer=30 checkpoint=CP3-F subobject=index_cache result=EXACT elements=128
FIRST_DIVERGENCE_OBJECT row=3 layer=30 checkpoint=CP4 subobject=after_attn_hc result=MISMATCH elements=16384 mismatch_count=16384 first_index=0 actual_bits=0x3fa6560c expected_bits=0x3fa52c72 max_abs=0.13604450225830078 max_rel=1.726786702271909 max_ulp=2040749739
FIRST_DIVERGENCE_OBJECT row=3 layer=30 checkpoint=CP5 subobject=layer_output result=MISMATCH elements=16384 mismatch_count=16384 first_index=0 actual_bits=0x3fa0fcb1 expected_bits=0x3f9fa50c max_abs=0.13712787628173828 max_rel=1.9861843013481011 max_ulp=2046674919
FIRST_DIVERGENCE_OBJECT row=3 layer=31 checkpoint=CP1 subobject=attn_norm result=MISMATCH elements=4096 mismatch_count=4096 first_index=0 actual_bits=0x3be51e6d expected_bits=0x3be57572 max_abs=0.00078636407852172852 max_rel=1.297575677393652 max_ulp=1914155189
FIRST_DIVERGENCE_OBJECT row=3 layer=31 checkpoint=CP2-Q subobject=qr result=MISMATCH elements=1024 mismatch_count=1024 first_index=0 actual_bits=0xbd59c732 expected_bits=0xbd591a80 max_abs=0.00082887709140777588 max_rel=0.64155924127557773 max_ulp=11978496
FIRST_DIVERGENCE_OBJECT row=3 layer=31 checkpoint=CP2-KV-P subobject=kv_raw result=MISMATCH elements=512 mismatch_count=512 first_index=0 actual_bits=0x3c219bef expected_bits=0x3c21b193 max_abs=0.00069788470864295959 max_rel=1.5830117345403645 max_ulp=1908630145
FIRST_DIVERGENCE_OBJECT row=3 layer=31 checkpoint=CP2-KV-R subobject=raw_cache result=MISMATCH elements=512 mismatch_count=105 first_index=24 actual_bits=0x3eb00000 expected_bits=0x3ea00000 max_abs=0.125 max_rel=1.5714285714285714 max_ulp=1969225729
FIRST_DIVERGENCE_OBJECT row=3 layer=31 checkpoint=CP3-F subobject=attn_state_kv result=MISMATCH elements=65536 mismatch_count=2048 first_index=8192 actual_bits=0x3c0cc878 expected_bits=0x3c0fee84 max_abs=0.0013126134872436523 max_rel=1.2190821934293394 max_ulp=1902996993
FIRST_DIVERGENCE_OBJECT row=3 layer=31 checkpoint=CP3-F subobject=attn_state_score result=MISMATCH elements=65536 mismatch_count=2048 first_index=8192 actual_bits=0xbd93313e expected_bits=0xbd9281ba max_abs=0.0036284923553466797 max_rel=1.8068109543941038 max_ulp=1937329281
FIRST_DIVERGENCE_OBJECT row=3 layer=31 checkpoint=CP3-F subobject=layer_n_comp result=EXACT elements=1
FIRST_DIVERGENCE_OBJECT row=3 layer=31 checkpoint=CP4 subobject=after_attn_hc result=MISMATCH elements=16384 mismatch_count=16384 first_index=0 actual_bits=0x3f868a21 expected_bits=0x3f84fd6a max_abs=0.13704681396484375 max_rel=1.9969511867084475 max_ulp=2044167203
FIRST_DIVERGENCE_OBJECT row=3 layer=31 checkpoint=CP5 subobject=layer_output result=MISMATCH elements=16384 mismatch_count=16384 first_index=0 actual_bits=0x3faaa6d6 expected_bits=0x3fa91abe max_abs=0.14020919799804688 max_rel=1.9660266037503846 max_ulp=2024504570
FIRST_DIVERGENCE_OBJECT row=3 layer=32 checkpoint=CP1 subobject=attn_norm result=MISMATCH elements=4096 mismatch_count=4096 first_index=0 actual_bits=0x3c872e06 expected_bits=0x3c87be4d max_abs=0.010329723358154297 max_rel=1.933813858728421 max_ulp=1934572487
FIRST_DIVERGENCE_OBJECT row=3 layer=32 checkpoint=CP2-Q subobject=qr result=MISMATCH elements=1024 mismatch_count=1024 first_index=0 actual_bits=0x3de46868 expected_bits=0x3de476e0 max_abs=0.0012964457273483276 max_rel=0.42378515131982419 max_ulp=6674608
FIRST_DIVERGENCE_OBJECT row=3 layer=32 checkpoint=CP2-KV-P subobject=kv_raw result=MISMATCH elements=512 mismatch_count=512 first_index=0 actual_bits=0x3dd3e69c expected_bits=0x3dd32ee8 max_abs=0.0018828511238098145 max_rel=1.2561881547256319 max_ulp=1947242241
FIRST_DIVERGENCE_OBJECT row=3 layer=32 checkpoint=CP2-KV-R subobject=raw_cache result=MISMATCH elements=512 mismatch_count=126 first_index=1 actual_bits=0xbe500000 expected_bits=0xbe400000 max_abs=0.125 max_rel=1.25 max_ulp=1992294401
FIRST_DIVERGENCE_OBJECT row=3 layer=32 checkpoint=CP3-F subobject=attn_state_kv result=MISMATCH elements=8192 mismatch_count=8192 first_index=0 actual_bits=0xbccaf4ee expected_bits=0xbccdaaea max_abs=0.0032467842102050781 max_rel=1.5256111092979994 max_ulp=1953239817
FIRST_DIVERGENCE_OBJECT row=3 layer=32 checkpoint=CP3-F subobject=attn_state_score result=MISMATCH elements=8192 mismatch_count=8192 first_index=0 actual_bits=0xbfdbaacc expected_bits=0xbfdd2a83 max_abs=0.017345905303955078 max_rel=1.85427961748202 max_ulp=1959411457
FIRST_DIVERGENCE_OBJECT row=3 layer=32 checkpoint=CP3-F subobject=layer_n_comp result=EXACT elements=1
FIRST_DIVERGENCE_OBJECT row=3 layer=32 checkpoint=CP3-F subobject=attn_cache result=MISMATCH elements=512 mismatch_count=38 first_index=60 actual_raw=0x3900 expected_raw=0x3880 max_abs=undefined max_rel=undefined max_ulp=undefined
FIRST_DIVERGENCE_OBJECT row=3 layer=32 checkpoint=CP3-F subobject=index_state_kv result=MISMATCH elements=2048 mismatch_count=2048 first_index=0 actual_bits=0x3e1107d4 expected_bits=0x3e1129ba max_abs=0.0030771195888519287 max_rel=0.57040365951534 max_ulp=10603408
FIRST_DIVERGENCE_OBJECT row=3 layer=32 checkpoint=CP3-F subobject=index_state_score result=MISMATCH elements=2048 mismatch_count=2048 first_index=0 actual_bits=0xbfebe143 expected_bits=0xbfed51b2 max_abs=0.015313148498535156 max_rel=0.40122131986053988 max_ulp=6149792
FIRST_DIVERGENCE_OBJECT row=3 layer=32 checkpoint=CP3-F subobject=layer_n_index_comp result=EXACT elements=1
FIRST_DIVERGENCE_OBJECT row=3 layer=32 checkpoint=CP3-F subobject=index_cache result=MISMATCH elements=128 mismatch_count=6 first_index=34 actual_bits=0x00000000 expected_bits=0x3e000000 max_abs=0.125 max_rel=1 max_ulp=1040187392
FIRST_DIVERGENCE_OBJECT row=3 layer=32 checkpoint=CP4 subobject=after_attn_hc result=MISMATCH elements=16384 mismatch_count=16384 first_index=0 actual_bits=0x3faddca7 expected_bits=0x3fac6318 max_abs=0.13838386535644531 max_rel=1.9294451312649954 max_ulp=2044197236
FIRST_DIVERGENCE_OBJECT row=3 layer=32 checkpoint=CP5 subobject=layer_output result=MISMATCH elements=16384 mismatch_count=16384 first_index=0 actual_bits=0x3f93c031 expected_bits=0x3f92019c max_abs=0.13882541656494141 max_rel=1.9696102698015983 max_ulp=2043256891
FIRST_DIVERGENCE_OBJECT row=3 layer=33 checkpoint=CP1 subobject=attn_norm result=MISMATCH elements=4096 mismatch_count=4096 first_index=0 actual_bits=0xbabbe91b expected_bits=0xbab2aafe max_abs=0.0010398849844932556 max_rel=1.9045449893885671 max_ulp=1927166289
FIRST_DIVERGENCE_OBJECT row=3 layer=33 checkpoint=CP2-Q subobject=qr result=MISMATCH elements=1024 mismatch_count=1024 first_index=0 actual_bits=0xbd8f430c expected_bits=0xbd8f24ee max_abs=0.0012483522295951843 max_rel=1.1330667358182405 max_ulp=1933257153
FIRST_DIVERGENCE_OBJECT row=3 layer=33 checkpoint=CP2-KV-P subobject=kv_raw result=MISMATCH elements=512 mismatch_count=512 first_index=0 actual_bits=0x3d1dd27e expected_bits=0x3d1eb3d6 max_abs=0.0010021906346082687 max_rel=0.2728734118067328 max_ulp=4106520
FIRST_DIVERGENCE_OBJECT row=3 layer=33 checkpoint=CP2-KV-R subobject=raw_cache result=MISMATCH elements=512 mismatch_count=111 first_index=6 actual_bits=0x3db00000 expected_bits=0x3dc00000 max_abs=0.125 max_rel=0.33081285444234404 max_ulp=5455872
FIRST_DIVERGENCE_OBJECT row=3 layer=33 checkpoint=CP3-F subobject=attn_state_kv result=MISMATCH elements=65536 mismatch_count=2048 first_index=8192 actual_bits=0x3d1c3a3f expected_bits=0x3d1c2876 max_abs=0.0013112165033817291 max_rel=1.7511554096420343 max_ulp=1943722785
FIRST_DIVERGENCE_OBJECT row=3 layer=33 checkpoint=CP3-F subobject=attn_state_score result=MISMATCH elements=65536 mismatch_count=2048 first_index=8192 actual_bits=0xbda60510 expected_bits=0xbda66587 max_abs=0.0038666576147079468 max_rel=1.4255238155661649 max_ulp=1948072097
FIRST_DIVERGENCE_OBJECT row=3 layer=33 checkpoint=CP3-F subobject=layer_n_comp result=EXACT elements=1
FIRST_DIVERGENCE_OBJECT row=3 layer=33 checkpoint=CP4 subobject=after_attn_hc result=MISMATCH elements=16384 mismatch_count=16384 first_index=0 actual_bits=0x3f935b52 expected_bits=0x3f91a0dd max_abs=0.29335078597068787 max_rel=1.9767478229796938 max_ulp=2050049846
FIRST_DIVERGENCE_OBJECT row=3 layer=33 checkpoint=CP5 subobject=layer_output result=MISMATCH elements=16384 mismatch_count=16384 first_index=0 actual_bits=0x3ffafe69 expected_bits=0x3ff8893d max_abs=0.292721226811409 max_rel=1.861668500756394 max_ulp=2046134654
FIRST_DIVERGENCE_OBJECT row=3 layer=34 checkpoint=CP1 subobject=attn_norm result=MISMATCH elements=4096 mismatch_count=4096 first_index=0 actual_bits=0x3d06079e expected_bits=0x3d05206d max_abs=0.076738953590393066 max_rel=1.9316788116257915 max_ulp=1935785882
FIRST_DIVERGENCE_OBJECT row=3 layer=34 checkpoint=CP2-Q subobject=qr result=MISMATCH elements=1024 mismatch_count=1024 first_index=0 actual_bits=0x3e92534e expected_bits=0x3e927381 max_abs=0.0018003359436988831 max_rel=0.48053485196061807 max_ulp=8039696
FIRST_DIVERGENCE_OBJECT row=3 layer=34 checkpoint=CP2-KV-P subobject=kv_raw result=MISMATCH elements=512 mismatch_count=512 first_index=0 actual_bits=0x3e9dc94a expected_bits=0x3e9dd976 max_abs=0.0016500987112522125 max_rel=0.88054924633491638 max_ulp=25606144
FIRST_DIVERGENCE_OBJECT row=3 layer=34 checkpoint=CP2-KV-R subobject=raw_cache result=MISMATCH elements=512 mismatch_count=117 first_index=9 actual_bits=0xbc200000 expected_bits=0xbc600000 max_abs=0.25 max_rel=0.875 max_ulp=25165824
FIRST_DIVERGENCE_OBJECT row=3 layer=34 checkpoint=CP3-F subobject=attn_state_kv result=MISMATCH elements=8192 mismatch_count=8192 first_index=0 actual_bits=0x3e012112 expected_bits=0x3e00d8be max_abs=0.0051023960113525391 max_rel=1.8595033071259204 max_ulp=1915970305
FIRST_DIVERGENCE_OBJECT row=3 layer=34 checkpoint=CP3-F subobject=attn_state_score result=MISMATCH elements=8192 mismatch_count=8192 first_index=0 actual_bits=0x402130df expected_bits=0x4023161c max_abs=0.12050366401672363 max_rel=1.9231579679331439 max_ulp=2019516069
FIRST_DIVERGENCE_OBJECT row=3 layer=34 checkpoint=CP3-F subobject=layer_n_comp result=EXACT elements=1
FIRST_DIVERGENCE_OBJECT row=3 layer=34 checkpoint=CP3-F subobject=attn_cache result=MISMATCH elements=512 mismatch_count=98 first_index=0 actual_raw=0x2d80 expected_raw=0x2e00 max_abs=undefined max_rel=undefined max_ulp=undefined
FIRST_DIVERGENCE_OBJECT row=3 layer=34 checkpoint=CP3-F subobject=index_state_kv result=MISMATCH elements=2048 mismatch_count=2048 first_index=0 actual_bits=0x3e6dfce2 expected_bits=0x3e6d339a max_abs=0.0034940838813781738 max_rel=0.99137684073306054 max_ulp=57456864
FIRST_DIVERGENCE_OBJECT row=3 layer=34 checkpoint=CP3-F subobject=index_state_score result=MISMATCH elements=2048 mismatch_count=2048 first_index=0 actual_bits=0x4016dc63 expected_bits=0x40189e2b max_abs=0.12086319923400879 max_rel=1.7554029933398929 max_ulp=2019210529
FIRST_DIVERGENCE_OBJECT row=3 layer=34 checkpoint=CP3-F subobject=layer_n_index_comp result=EXACT elements=1
FIRST_DIVERGENCE_OBJECT row=3 layer=34 checkpoint=CP3-F subobject=index_cache result=EXACT elements=128
FIRST_DIVERGENCE_OBJECT row=3 layer=34 checkpoint=CP4 subobject=after_attn_hc result=MISMATCH elements=16384 mismatch_count=16384 first_index=0 actual_bits=0x40150538 expected_bits=0x401419a7 max_abs=0.2901972234249115 max_rel=1.9417377829181899 max_ulp=2039182397
FIRST_DIVERGENCE_OBJECT row=3 layer=34 checkpoint=CP5 subobject=layer_output result=MISMATCH elements=16384 mismatch_count=16384 first_index=0 actual_bits=0x401338ff expected_bits=0x40127d89 max_abs=0.28515130281448364 max_rel=1.8772017488314539 max_ulp=2036489558
FIRST_DIVERGENCE_OBJECT row=3 layer=35 checkpoint=CP1 subobject=attn_norm result=MISMATCH elements=4096 mismatch_count=4096 first_index=0 actual_bits=0x3d18e3db expected_bits=0x3d190d4a max_abs=0.0013430954422801733 max_rel=1.5232517188687875 max_ulp=1917171706
FIRST_DIVERGENCE_OBJECT row=3 layer=35 checkpoint=CP2-Q subobject=qr result=MISMATCH elements=1024 mismatch_count=1024 first_index=0 actual_bits=0x3e1c5cce expected_bits=0x3e1c694c max_abs=0.0015313923358917236 max_rel=1.828742196052904 max_ulp=1940510273
FIRST_DIVERGENCE_OBJECT row=3 layer=35 checkpoint=CP2-KV-P subobject=kv_raw result=MISMATCH elements=512 mismatch_count=512 first_index=0 actual_bits=0x3c1ab2d8 expected_bits=0x3c099898 max_abs=0.0026744119822978973 max_rel=1.2635626169342844 max_ulp=1964831377
FIRST_DIVERGENCE_OBJECT row=3 layer=35 checkpoint=CP2-KV-R subobject=raw_cache result=MISMATCH elements=512 mismatch_count=127 first_index=0 actual_bits=0x3dc00000 expected_bits=0x3db00000 max_abs=0.125 max_rel=0.58333333333333337 max_ulp=10485760
FIRST_DIVERGENCE_OBJECT row=3 layer=35 checkpoint=CP3-F subobject=attn_state_kv result=MISMATCH elements=65536 mismatch_count=2048 first_index=8192 actual_bits=0xbce6575e expected_bits=0xbce72835 max_abs=0.0028467178344726562 max_rel=1.5201045559435562 max_ulp=1929790209
FIRST_DIVERGENCE_OBJECT row=3 layer=35 checkpoint=CP3-F subobject=attn_state_score result=MISMATCH elements=65536 mismatch_count=2048 first_index=8192 actual_bits=0xbe6eec86 expected_bits=0xbe6de46c max_abs=0.0041526556015014648 max_rel=1.9196188794467131 max_ulp=1922542081
FIRST_DIVERGENCE_OBJECT row=3 layer=35 checkpoint=CP3-F subobject=layer_n_comp result=EXACT elements=1
FIRST_DIVERGENCE_OBJECT row=3 layer=35 checkpoint=CP4 subobject=after_attn_hc result=MISMATCH elements=16384 mismatch_count=16384 first_index=0 actual_bits=0x401276b3 expected_bits=0x4011965d max_abs=0.2629719078540802 max_rel=1.7581718380330646 max_ulp=2039134172
FIRST_DIVERGENCE_OBJECT row=3 layer=35 checkpoint=CP5 subobject=layer_output result=MISMATCH elements=16384 mismatch_count=16384 first_index=0 actual_bits=0x4010232a expected_bits=0x400f4608 max_abs=0.24657663702964783 max_rel=1.8119787309681696 max_ulp=2059545969
FIRST_DIVERGENCE_OBJECT row=3 layer=36 checkpoint=CP1 subobject=attn_norm result=MISMATCH elements=4096 mismatch_count=4096 first_index=0 actual_bits=0xbc8c9421 expected_bits=0xbc8d0e20 max_abs=0.031917810440063477 max_rel=1.7752844768007066 max_ulp=1937215230
FIRST_DIVERGENCE_OBJECT row=3 layer=36 checkpoint=CP2-Q subobject=qr result=MISMATCH elements=1024 mismatch_count=1024 first_index=0 actual_bits=0xbdb144fa expected_bits=0xbdb3442c max_abs=0.0024803280830383301 max_rel=1.5146443921192669 max_ulp=1941040801
FIRST_DIVERGENCE_OBJECT row=3 layer=36 checkpoint=CP2-KV-P subobject=kv_raw result=MISMATCH elements=512 mismatch_count=512 first_index=0 actual_bits=0x3c3974b4 expected_bits=0x3c43fdf5 max_abs=0.0024969875812530518 max_rel=1.3108168864264231 max_ulp=1948114913
FIRST_DIVERGENCE_OBJECT row=3 layer=36 checkpoint=CP2-KV-R subobject=raw_cache result=MISMATCH elements=512 mismatch_count=142 first_index=0 actual_bits=0x3d900000 expected_bits=0x3da00000 max_abs=0.25 max_rel=1.3076923076923077 max_ulp=1993342977
FIRST_DIVERGENCE_OBJECT row=3 layer=36 checkpoint=CP3-F subobject=attn_state_kv result=MISMATCH elements=8192 mismatch_count=8192 first_index=0 actual_bits=0x3ce52d4e expected_bits=0x3ce19d62 max_abs=0.003498714417219162 max_rel=1.9867419663665637 max_ulp=1968019617
FIRST_DIVERGENCE_OBJECT row=3 layer=36 checkpoint=CP3-F subobject=attn_state_score result=MISMATCH elements=8192 mismatch_count=8192 first_index=0 actual_bits=0x3e442e8c expected_bits=0x3e47359a max_abs=0.029037535190582275 max_rel=1.8510237336167199 max_ulp=1993062753
FIRST_DIVERGENCE_OBJECT row=3 layer=36 checkpoint=CP3-F subobject=layer_n_comp result=EXACT elements=1
FIRST_DIVERGENCE_OBJECT row=3 layer=36 checkpoint=CP3-F subobject=attn_cache result=MISMATCH elements=512 mismatch_count=131 first_index=2 actual_raw=0xa580 expected_raw=0xa700 max_abs=undefined max_rel=undefined max_ulp=undefined
FIRST_DIVERGENCE_OBJECT row=3 layer=36 checkpoint=CP3-F subobject=index_state_kv result=MISMATCH elements=2048 mismatch_count=2048 first_index=0 actual_bits=0xbc8d75f2 expected_bits=0xbc8d2a02 max_abs=0.0047477781772613525 max_rel=1.2512858838528158 max_ulp=1935955457
FIRST_DIVERGENCE_OBJECT row=3 layer=36 checkpoint=CP3-F subobject=index_state_score result=MISMATCH elements=2048 mismatch_count=2048 first_index=0 actual_bits=0xbe0617c2 expected_bits=0xbe020a3b max_abs=0.029639363288879395 max_rel=0.96246938615751076 max_ulp=40217760
FIRST_DIVERGENCE_OBJECT row=3 layer=36 checkpoint=CP3-F subobject=layer_n_index_comp result=EXACT elements=1
FIRST_DIVERGENCE_OBJECT row=3 layer=36 checkpoint=CP3-F subobject=index_cache result=MISMATCH elements=128 mismatch_count=1 first_index=61 actual_bits=0x3ec00000 expected_bits=0x3f000000 max_abs=0.125 max_rel=0.25 max_ulp=4194304
FIRST_DIVERGENCE_OBJECT row=3 layer=36 checkpoint=CP4 subobject=after_attn_hc result=MISMATCH elements=16384 mismatch_count=16384 first_index=0 actual_bits=0x402902da expected_bits=0x40287e91 max_abs=0.40008163452148438 max_rel=1.8747411335631252 max_ulp=2060751231
FIRST_DIVERGENCE_OBJECT row=3 layer=36 checkpoint=CP5 subobject=layer_output result=MISMATCH elements=16384 mismatch_count=16384 first_index=0 actual_bits=0x3fab39b6 expected_bits=0x3faaf12e max_abs=0.39389228820800781 max_rel=1.9281388878835439 max_ulp=2062659947
FIRST_DIVERGENCE_OBJECT row=3 layer=37 checkpoint=CP1 subobject=attn_norm result=MISMATCH elements=4096 mismatch_count=4096 first_index=0 actual_bits=0x3d744c45 expected_bits=0x3d747c6d max_abs=0.0018253177404403687 max_rel=1.8201103715651947 max_ulp=1939198485
FIRST_DIVERGENCE_OBJECT row=3 layer=37 checkpoint=CP2-Q subobject=qr result=MISMATCH elements=1024 mismatch_count=1024 first_index=0 actual_bits=0x3e895e11 expected_bits=0x3e89709f max_abs=0.0022504180669784546 max_rel=1.3020144548669845 max_ulp=1936496001
FIRST_DIVERGENCE_OBJECT row=3 layer=37 checkpoint=CP2-KV-P subobject=kv_raw result=MISMATCH elements=512 mismatch_count=512 first_index=0 actual_bits=0xbe4e0316 expected_bits=0xbe4e32ca max_abs=0.0029767453670501709 max_rel=1.880419975541417 max_ulp=1943699777
FIRST_DIVERGENCE_OBJECT row=3 layer=37 checkpoint=CP2-KV-R subobject=raw_cache result=MISMATCH elements=512 mismatch_count=124 first_index=1 actual_bits=0xbe300000 expected_bits=0xbe200000 max_abs=0.125 max_rel=1.5 max_ulp=1981808641
FIRST_DIVERGENCE_OBJECT row=3 layer=37 checkpoint=CP3-F subobject=attn_state_kv result=MISMATCH elements=65536 mismatch_count=2048 first_index=8192 actual_bits=0xbbd1ac1a expected_bits=0xbbd25e3e max_abs=0.0019617527723312378 max_rel=1.8753340033829333 max_ulp=1899719713
FIRST_DIVERGENCE_OBJECT row=3 layer=37 checkpoint=CP3-F subobject=attn_state_score result=MISMATCH elements=65536 mismatch_count=2048 first_index=8192 actual_bits=0xbe604304 expected_bits=0xbe605df8 max_abs=0.0041525363922119141 max_rel=0.60615183149778928 max_ulp=10697232
FIRST_DIVERGENCE_OBJECT row=3 layer=37 checkpoint=CP3-F subobject=layer_n_comp result=EXACT elements=1
FIRST_DIVERGENCE_OBJECT row=3 layer=37 checkpoint=CP4 subobject=after_attn_hc result=MISMATCH elements=16384 mismatch_count=16384 first_index=0 actual_bits=0x3fa91a09 expected_bits=0x3fa8e6c0 max_abs=0.40374183654785156 max_rel=1.94694564289456 max_ulp=2063480072
FIRST_DIVERGENCE_OBJECT row=3 layer=37 checkpoint=CP5 subobject=layer_output result=MISMATCH elements=16384 mismatch_count=16384 first_index=0 actual_bits=0x3f4b9e30 expected_bits=0x3f4c96f9 max_abs=0.39229202270507812 max_rel=1.9974988561157998 max_ulp=2056567289
FIRST_DIVERGENCE_OBJECT row=3 layer=38 checkpoint=CP1 subobject=attn_norm result=MISMATCH elements=4096 mismatch_count=4096 first_index=0 actual_bits=0x3d1299b8 expected_bits=0x3d13ee94 max_abs=0.017243146896362305 max_rel=1.8804323852044049 max_ulp=1945600549
FIRST_DIVERGENCE_OBJECT row=3 layer=38 checkpoint=CP2-Q subobject=qr result=MISMATCH elements=1024 mismatch_count=1024 first_index=0 actual_bits=0xbe1e14b1 expected_bits=0xbe1dadc9 max_abs=0.0040012598037719727 max_rel=1.9244088523348304 max_ulp=1961246081
FIRST_DIVERGENCE_OBJECT row=3 layer=38 checkpoint=CP2-KV-P subobject=kv_raw result=MISMATCH elements=512 mismatch_count=512 first_index=0 actual_bits=0xbe23ff66 expected_bits=0xbe2275f7 max_abs=0.0037147402763366699 max_rel=0.65576795971735735 max_ulp=12999648
FIRST_DIVERGENCE_OBJECT row=3 layer=38 checkpoint=CP2-KV-R subobject=raw_cache result=MISMATCH elements=512 mismatch_count=147 first_index=0 actual_bits=0xbf200000 expected_bits=0xbf100000 max_abs=0.125 max_rel=0.65000000000000002 max_ulp=12582912
FIRST_DIVERGENCE_OBJECT row=3 layer=38 checkpoint=CP3-F subobject=attn_state_kv result=MISMATCH elements=8192 mismatch_count=8192 first_index=0 actual_bits=0xbd96de2b expected_bits=0xbd991790 max_abs=0.0060763061046600342 max_rel=1.9453830954019671 max_ulp=1951811073
FIRST_DIVERGENCE_OBJECT row=3 layer=38 checkpoint=CP3-F subobject=attn_state_score result=MISMATCH elements=8192 mismatch_count=8192 first_index=0 actual_bits=0xc02fbdb1 expected_bits=0xc0302421 max_abs=0.029159069061279297 max_rel=1.2501929037573729 max_ulp=1999293569
FIRST_DIVERGENCE_OBJECT row=3 layer=38 checkpoint=CP3-F subobject=layer_n_comp result=EXACT elements=1
FIRST_DIVERGENCE_OBJECT row=3 layer=38 checkpoint=CP3-F subobject=attn_cache result=MISMATCH elements=512 mismatch_count=111 first_index=13 actual_raw=0x3700 expected_raw=0x3680 max_abs=undefined max_rel=undefined max_ulp=undefined
FIRST_DIVERGENCE_OBJECT row=3 layer=38 checkpoint=CP3-F subobject=index_state_kv result=MISMATCH elements=2048 mismatch_count=2048 first_index=0 actual_bits=0x3db960fc expected_bits=0x3dbb3282 max_abs=0.0097968578338623047 max_rel=1.2304309417729298 max_ulp=1938220033
FIRST_DIVERGENCE_OBJECT row=3 layer=38 checkpoint=CP3-F subobject=index_state_score result=MISMATCH elements=2048 mismatch_count=2048 first_index=0 actual_bits=0xc02f6414 expected_bits=0xc02fb062 max_abs=0.025323271751403809 max_rel=1.2046802383113471 max_ulp=2005295393
FIRST_DIVERGENCE_OBJECT row=3 layer=38 checkpoint=CP3-F subobject=layer_n_index_comp result=EXACT elements=1
FIRST_DIVERGENCE_OBJECT row=3 layer=38 checkpoint=CP3-F subobject=index_cache result=MISMATCH elements=128 mismatch_count=2 first_index=5 actual_bits=0x80000000 expected_bits=0x00000000 max_abs=0.25 max_rel=0.33333333333333331 max_ulp=4194304
FIRST_DIVERGENCE_OBJECT row=3 layer=38 checkpoint=CP4 subobject=after_attn_hc result=MISMATCH elements=16384 mismatch_count=16384 first_index=0 actual_bits=0xbd8558d2 expected_bits=0xbd732efc max_abs=0.388824462890625 max_rel=1.9924912835119737 max_ulp=2066224324
FIRST_DIVERGENCE_OBJECT row=3 layer=38 checkpoint=CP5 subobject=layer_output result=MISMATCH elements=16384 mismatch_count=16384 first_index=0 actual_bits=0x3f18d909 expected_bits=0x3f18bcd9 max_abs=0.38192939758300781 max_rel=1.9335498711061589 max_ulp=2074424683
FIRST_DIVERGENCE_OBJECT row=3 layer=39 checkpoint=CP1 subobject=attn_norm result=MISMATCH elements=4096 mismatch_count=4096 first_index=0 actual_bits=0x3cc04720 expected_bits=0x3cc16ce5 max_abs=0.001443205401301384 max_rel=1.9470691372539544 max_ulp=1935589318
FIRST_DIVERGENCE_OBJECT row=3 layer=39 checkpoint=CP2-Q subobject=qr result=MISMATCH elements=1024 mismatch_count=1024 first_index=0 actual_bits=0x3e5c077e expected_bits=0x3e5ccc59 max_abs=0.0025633871555328369 max_rel=1.6340739414822605 max_ulp=1940454337
FIRST_DIVERGENCE_OBJECT row=3 layer=39 checkpoint=CP2-KV-P subobject=kv_raw result=MISMATCH elements=512 mismatch_count=512 first_index=0 actual_bits=0x3e0fe3b4 expected_bits=0x3e0ff032 max_abs=0.002267003059387207 max_rel=0.73585810311761013 max_ulp=16193920
FIRST_DIVERGENCE_OBJECT row=3 layer=39 checkpoint=CP2-KV-R subobject=raw_cache result=MISMATCH elements=512 mismatch_count=116 first_index=4 actual_bits=0x3d100000 expected_bits=0x3d200000 max_abs=0.125 max_rel=0.7321428571428571 max_ulp=15728640
FIRST_DIVERGENCE_OBJECT row=3 layer=39 checkpoint=CP3-F subobject=attn_state_kv result=MISMATCH elements=65536 mismatch_count=2048 first_index=8192 actual_bits=0x3ca4fe24 expected_bits=0x3ca53e4c max_abs=0.0027714669704437256 max_rel=1.9861734160879985 max_ulp=1922822017
FIRST_DIVERGENCE_OBJECT row=3 layer=39 checkpoint=CP3-F subobject=attn_state_score result=MISMATCH elements=65536 mismatch_count=2048 first_index=8192 actual_bits=0x3e52b16f expected_bits=0x3e52acf1 max_abs=0.0085023343563079834 max_rel=1.509436197924132 max_ulp=1971431105
FIRST_DIVERGENCE_OBJECT row=3 layer=39 checkpoint=CP3-F subobject=layer_n_comp result=EXACT elements=1
FIRST_DIVERGENCE_OBJECT row=3 layer=39 checkpoint=CP4 subobject=after_attn_hc result=MISMATCH elements=16384 mismatch_count=16384 first_index=0 actual_bits=0x3f6783e0 expected_bits=0x3f699d3e max_abs=0.37037849426269531 max_rel=1.9922023947314991 max_ulp=2067223616
FIRST_DIVERGENCE_OBJECT row=3 layer=39 checkpoint=CP5 subobject=layer_output result=MISMATCH elements=16384 mismatch_count=16384 first_index=0 actual_bits=0x3f84b652 expected_bits=0x3f863101 max_abs=0.3665618896484375 max_rel=1.9738019292504418 max_ulp=2069279114
FIRST_DIVERGENCE_OBJECT row=3 layer=40 checkpoint=CP1 subobject=attn_norm result=MISMATCH elements=4096 mismatch_count=4096 first_index=0 actual_bits=0x3cf58391 expected_bits=0x3cf90019 max_abs=0.011801719665527344 max_rel=1.2620617466144666 max_ulp=1947168697
FIRST_DIVERGENCE_OBJECT row=3 layer=40 checkpoint=CP2-Q subobject=qr result=MISMATCH elements=1024 mismatch_count=1024 first_index=0 actual_bits=0xbef5afe6 expected_bits=0xbef5e4b2 max_abs=0.0030157007277011871 max_rel=1.2650254889239039 max_ulp=1930383777
FIRST_DIVERGENCE_OBJECT row=3 layer=40 checkpoint=CP2-KV-P subobject=kv_raw result=MISMATCH elements=512 mismatch_count=512 first_index=0 actual_bits=0xbd9186ab expected_bits=0xbd8fe508 max_abs=0.0029356479644775391 max_rel=0.4383292534918643 max_ulp=6853632
FIRST_DIVERGENCE_OBJECT row=3 layer=40 checkpoint=CP2-KV-R subobject=raw_cache result=MISMATCH elements=512 mismatch_count=113 first_index=11 actual_bits=0x3dc00000 expected_bits=0x3db00000 max_abs=0.25 max_rel=0.40000000000000002 max_ulp=6291456
FIRST_DIVERGENCE_OBJECT row=3 layer=40 checkpoint=CP3-F subobject=attn_state_kv result=MISMATCH elements=8192 mismatch_count=8192 first_index=0 actual_bits=0xbdf9df3c expected_bits=0xbdf8b5fb max_abs=0.0050140097737312317 max_rel=1.5254670285805525 max_ulp=1951405313
FIRST_DIVERGENCE_OBJECT row=3 layer=40 checkpoint=CP3-F subobject=attn_state_score result=MISMATCH elements=8192 mismatch_count=8192 first_index=0 actual_bits=0x3f0ea095 expected_bits=0x3f0d8400 max_abs=0.040094375610351562 max_rel=1.3530711192926963 max_ulp=1975603009
FIRST_DIVERGENCE_OBJECT row=3 layer=40 checkpoint=CP3-F subobject=layer_n_comp result=EXACT elements=1
FIRST_DIVERGENCE_OBJECT row=3 layer=40 checkpoint=CP3-F subobject=attn_cache result=MISMATCH elements=512 mismatch_count=98 first_index=9 actual_raw=0x3c80 expected_raw=0x3c00 max_abs=undefined max_rel=undefined max_ulp=undefined
FIRST_DIVERGENCE_OBJECT row=3 layer=40 checkpoint=CP3-F subobject=index_state_kv result=MISMATCH elements=2048 mismatch_count=2048 first_index=0 actual_bits=0x3e63869f expected_bits=0x3e63d51e max_abs=0.0050669163465499878 max_rel=0.40958137615458373 max_ulp=6481536
FIRST_DIVERGENCE_OBJECT row=3 layer=40 checkpoint=CP3-F subobject=index_state_score result=MISMATCH elements=2048 mismatch_count=2048 first_index=0 actual_bits=0x3f4a4ae5 expected_bits=0x3f495b50 max_abs=0.036869525909423828 max_rel=1.001285269605382 max_ulp=1925350145
FIRST_DIVERGENCE_OBJECT row=3 layer=40 checkpoint=CP3-F subobject=layer_n_index_comp result=EXACT elements=1
FIRST_DIVERGENCE_OBJECT row=3 layer=40 checkpoint=CP3-F subobject=index_cache result=EXACT elements=128
FIRST_DIVERGENCE_OBJECT row=3 layer=40 checkpoint=CP4 subobject=after_attn_hc result=MISMATCH elements=16384 mismatch_count=16384 first_index=0 actual_bits=0x3f8aa609 expected_bits=0x3f89aba9 max_abs=0.36322593688964844 max_rel=1.7945771224039524 max_ulp=2060742070
FIRST_DIVERGENCE_OBJECT row=3 layer=40 checkpoint=CP5 subobject=layer_output result=MISMATCH elements=16384 mismatch_count=16384 first_index=0 actual_bits=0x40a72466 expected_bits=0x40a77094 max_abs=0.35377311706542969 max_rel=1.9868010858324157 max_ulp=2066505536
FIRST_DIVERGENCE_OBJECT row=3 layer=41 checkpoint=CP1 subobject=attn_norm result=MISMATCH elements=4096 mismatch_count=4096 first_index=0 actual_bits=0x3d85198b expected_bits=0x3d85cb4c max_abs=0.001825183629989624 max_rel=1.9133629507193899 max_ulp=1927903789
FIRST_DIVERGENCE_OBJECT row=3 layer=41 checkpoint=CP2-Q subobject=qr result=MISMATCH elements=1024 mismatch_count=1024 first_index=0 actual_bits=0xbeb740a8 expected_bits=0xbeb79a3e max_abs=0.0032730251550674438 max_rel=1.0081003202659664 max_ulp=1909355361
FIRST_DIVERGENCE_OBJECT row=3 layer=41 checkpoint=CP2-KV-P subobject=kv_raw result=MISMATCH elements=512 mismatch_count=512 first_index=0 actual_bits=0xbe633642 expected_bits=0xbe637d5e max_abs=0.0022826604545116425 max_rel=1.1978845836541634 max_ulp=1894705921
FIRST_DIVERGENCE_OBJECT row=3 layer=41 checkpoint=CP2-KV-R subobject=raw_cache result=MISMATCH elements=512 mismatch_count=126 first_index=1 actual_bits=0xbb200000 expected_bits=0xbb900000 max_abs=0.125 max_rel=1.3514789175582127 max_ulp=1943158785
FIRST_DIVERGENCE_OBJECT row=3 layer=41 checkpoint=CP3-F subobject=attn_state_kv result=MISMATCH elements=65536 mismatch_count=2048 first_index=8192 actual_bits=0xbbbca8c0 expected_bits=0xbbb40648 max_abs=0.0031194761395454407 max_rel=1.8975933498692767 max_ulp=1944166433
FIRST_DIVERGENCE_OBJECT row=3 layer=41 checkpoint=CP3-F subobject=attn_state_score result=MISMATCH elements=65536 mismatch_count=2048 first_index=8192 actual_bits=0x3b2c2ad0 expected_bits=0x3b4d5f70 max_abs=0.007097095251083374 max_rel=1.9873401037095617 max_ulp=1965938945
FIRST_DIVERGENCE_OBJECT row=3 layer=41 checkpoint=CP3-F subobject=layer_n_comp result=EXACT elements=1
FIRST_DIVERGENCE_OBJECT row=3 layer=41 checkpoint=CP4 subobject=after_attn_hc result=MISMATCH elements=16384 mismatch_count=16384 first_index=0 actual_bits=0x4094db68 expected_bits=0x40954761 max_abs=0.39802932739257812 max_rel=1.9859925546317585 max_ulp=2068531258
FIRST_DIVERGENCE_OBJECT row=3 layer=41 checkpoint=CP5 subobject=layer_output result=MISMATCH elements=16384 mismatch_count=16384 first_index=0 actual_bits=0x40a5735b expected_bits=0x40a5ad72 max_abs=0.39158248901367188 max_rel=1.8650988709852165 max_ulp=2061046022
FIRST_DIVERGENCE_OBJECT row=3 layer=42 checkpoint=CP1 subobject=attn_norm result=MISMATCH elements=4096 mismatch_count=4096 first_index=0 actual_bits=0xb8859e80 expected_bits=0x3a0d8efd max_abs=0.0073510934598743916 max_rel=1.9320981695581789 max_ulp=1950504968
FIRST_DIVERGENCE_OBJECT row=3 layer=42 checkpoint=CP2-Q subobject=qr result=MISMATCH elements=1024 mismatch_count=1024 first_index=0 actual_bits=0x3ddc8566 expected_bits=0x3dda6fe8 max_abs=0.0034883245825767517 max_rel=1.2877079590897191 max_ulp=1937873473
FIRST_DIVERGENCE_OBJECT row=3 layer=42 checkpoint=CP2-KV-P subobject=kv_raw result=MISMATCH elements=512 mismatch_count=512 first_index=0 actual_bits=0xbdd4cc3e expected_bits=0xbdd7359e max_abs=0.0033348947763442993 max_rel=1.7632205308311559 max_ulp=1954161601
FIRST_DIVERGENCE_OBJECT row=3 layer=42 checkpoint=CP2-KV-R subobject=raw_cache result=MISMATCH elements=512 mismatch_count=156 first_index=1 actual_bits=0xbf700000 expected_bits=0xbf600000 max_abs=0.25 max_rel=1.75 max_ulp=1990197249
FIRST_DIVERGENCE_OBJECT row=3 layer=42 checkpoint=CP3-F subobject=attn_state_kv result=MISMATCH elements=8192 mismatch_count=8192 first_index=0 actual_bits=0x3e99cae0 expected_bits=0x3e99ff63 max_abs=0.0095018446445465088 max_rel=1.8992777516093577 max_ulp=1964936609
FIRST_DIVERGENCE_OBJECT row=3 layer=42 checkpoint=CP3-F subobject=attn_state_score result=MISMATCH elements=8192 mismatch_count=8192 first_index=0 actual_bits=0x3f4ade7d expected_bits=0x3f4b2aae max_abs=0.024518966674804688 max_rel=1.5065226117206316 max_ulp=1977848033
FIRST_DIVERGENCE_OBJECT row=3 layer=42 checkpoint=CP3-F subobject=layer_n_comp result=EXACT elements=1
FIRST_DIVERGENCE_OBJECT row=3 layer=42 checkpoint=CP3-F subobject=attn_cache result=MISMATCH elements=512 mismatch_count=116 first_index=4 actual_raw=0x1e00 expected_raw=0x1e80 max_abs=undefined max_rel=undefined max_ulp=undefined
FIRST_DIVERGENCE_OBJECT row=3 layer=42 checkpoint=CP3-F subobject=index_state_kv result=MISMATCH elements=2048 mismatch_count=2048 first_index=0 actual_bits=0xbdac9631 expected_bits=0xbdad898a max_abs=0.0041287839412689209 max_rel=1.8727483816493105 max_ulp=1970046465
FIRST_DIVERGENCE_OBJECT row=3 layer=42 checkpoint=CP3-F subobject=index_state_score result=MISMATCH elements=2048 mismatch_count=2048 first_index=0 actual_bits=0xbef57194 expected_bits=0xbef3d140 max_abs=0.0186920166015625 max_rel=1.6267056530214425 max_ulp=1969977025
FIRST_DIVERGENCE_OBJECT row=3 layer=42 checkpoint=CP3-F subobject=layer_n_index_comp result=EXACT elements=1
FIRST_DIVERGENCE_OBJECT row=3 layer=42 checkpoint=CP3-F subobject=index_cache result=EXACT elements=128
FIRST_DIVERGENCE_OBJECT row=3 layer=42 checkpoint=CP4 subobject=after_attn_hc result=MISMATCH elements=16384 mismatch_count=16384 first_index=0 actual_bits=0x40955a7a expected_bits=0x4094fd2f max_abs=0.35709381103515625 max_rel=1.9786509132769374 max_ulp=2072080737
FIRST_DIVERGENCE_OBJECT row=3 layer=42 checkpoint=CP5 subobject=layer_output result=MISMATCH elements=16384 mismatch_count=16384 first_index=0 actual_bits=0x4069c9db expected_bits=0x406980ca max_abs=0.7483978271484375 max_rel=1.9307568389524741 max_ulp=2072933966
FIRST_DIVERGENCE_OBJECT row=4 layer=0 checkpoint=CP1 subobject=attn_norm result=EXACT elements=4096
FIRST_DIVERGENCE_OBJECT row=4 layer=0 checkpoint=CP2-Q subobject=qr result=EXACT elements=1024
FIRST_DIVERGENCE_OBJECT row=4 layer=0 checkpoint=CP2-KV-P subobject=kv_raw result=MISMATCH elements=512 mismatch_count=443 first_index=0 actual_bits=0x3d038c75 expected_bits=0x3d038c72 max_abs=5.9604644775390625e-08 max_rel=0.0056285178236397749 max_ulp=49152
FIRST_DIVERGENCE_OBJECT row=4 layer=0 checkpoint=CP2-KV-R subobject=raw_cache result=EXACT elements=512
FIRST_DIVERGENCE_OBJECT row=4 layer=0 checkpoint=CP4 subobject=after_attn_hc result=MISMATCH elements=16384 mismatch_count=6175 first_index=0 actual_bits=0xbc297607 expected_bits=0xbc297634 max_abs=1.2665987014770508e-07 max_rel=0.0074855420519509023 max_ulp=72166
FIRST_DIVERGENCE_OBJECT row=4 layer=0 checkpoint=CP5 subobject=layer_output result=MISMATCH elements=16384 mismatch_count=8931 first_index=0 actual_bits=0xba8996af expected_bits=0xba8996cb max_abs=5.6624412536621094e-07 max_rel=0.032098466300225295 max_ulp=361394
FIRST_DIVERGENCE_OBJECT row=4 layer=1 checkpoint=CP1 subobject=attn_norm result=MISMATCH elements=4096 mismatch_count=3940 first_index=0 actual_bits=0x3ccf1f28 expected_bits=0x3ccf1f2d max_abs=1.2293457984924316e-07 max_rel=0.014340550321406983 max_ulp=144645
FIRST_DIVERGENCE_OBJECT row=4 layer=1 checkpoint=CP2-Q subobject=qr result=MISMATCH elements=1024 mismatch_count=962 first_index=0 actual_bits=0x3dd06ee4 expected_bits=0x3dd06eec max_abs=2.1979212760925293e-07 max_rel=0.0016888325944690733 max_ulp=16384
FIRST_DIVERGENCE_OBJECT row=4 layer=1 checkpoint=CP2-KV-P subobject=kv_raw result=MISMATCH elements=512 mismatch_count=494 first_index=0 actual_bits=0x3c62a14a expected_bits=0x3c62a1c6 max_abs=2.384185791015625e-07 max_rel=0.00025514853289593584 max_ulp=3584
FIRST_DIVERGENCE_OBJECT row=4 layer=1 checkpoint=CP2-KV-R subobject=raw_cache result=EXACT elements=512
FIRST_DIVERGENCE_OBJECT row=4 layer=1 checkpoint=CP4 subobject=after_attn_hc result=MISMATCH elements=16384 mismatch_count=14462 first_index=0 actual_bits=0xbcdfb29c expected_bits=0xbcdfb225 max_abs=4.4703483581542969e-07 max_rel=0.022994115575436909 max_ulp=351987
FIRST_DIVERGENCE_OBJECT row=4 layer=1 checkpoint=CP5 subobject=layer_output result=MISMATCH elements=16384 mismatch_count=15690 first_index=0 actual_bits=0xbc488bfc expected_bits=0xbc488b90 max_abs=5.0663948059082031e-07 max_rel=0.30729304368345928 max_ulp=5024091
FIRST_DIVERGENCE_OBJECT row=4 layer=2 checkpoint=CP1 subobject=attn_norm result=MISMATCH elements=4096 mismatch_count=4060 first_index=0 actual_bits=0xbd32ccc2 expected_bits=0xbd32cc6f max_abs=5.9604644775390625e-07 max_rel=0.0026366273338152982 max_ulp=31011
FIRST_DIVERGENCE_OBJECT row=4 layer=2 checkpoint=CP2-Q subobject=qr result=MISMATCH elements=1024 mismatch_count=1008 first_index=0 actual_bits=0xbd4d0cee expected_bits=0xbd4d0d08 max_abs=1.0505318641662598e-06 max_rel=0.0092254563394178583 max_ulp=95744
FIRST_DIVERGENCE_OBJECT row=4 layer=2 checkpoint=CP2-KV-P subobject=kv_raw result=MISMATCH elements=512 mismatch_count=500 first_index=0 actual_bits=0x3da9632e expected_bits=0x3da962e7 max_abs=1.1920928955078125e-06 max_rel=0.00026922117645152081 max_ulp=2392
FIRST_DIVERGENCE_OBJECT row=4 layer=2 checkpoint=CP2-KV-R subobject=raw_cache result=EXACT elements=512
FIRST_DIVERGENCE_OBJECT row=4 layer=2 checkpoint=CP3-F subobject=attn_state_kv result=MISMATCH elements=8192 mismatch_count=8044 first_index=0 actual_bits=0x3e18ecaa expected_bits=0x3e18ecbc max_abs=1.1473894119262695e-06 max_rel=0.0043259557344064387 max_ulp=54784
FIRST_DIVERGENCE_OBJECT row=4 layer=2 checkpoint=CP3-F subobject=attn_state_score result=MISMATCH elements=8192 mismatch_count=7699 first_index=0 actual_bits=0x3f080f5b expected_bits=0x3f080f64 max_abs=1.9073486328125e-06 max_rel=0.010917674830333431 max_ulp=151552
FIRST_DIVERGENCE_OBJECT row=4 layer=2 checkpoint=CP3-F subobject=layer_n_comp result=EXACT elements=1
FIRST_DIVERGENCE_OBJECT row=4 layer=2 checkpoint=CP3-F subobject=index_state_kv result=MISMATCH elements=2048 mismatch_count=1967 first_index=0 actual_bits=0xbe43b7b2 expected_bits=0xbe43b798 max_abs=1.8253922462463379e-06 max_rel=0.0013633593173579699 max_ulp=21760
FIRST_DIVERGENCE_OBJECT row=4 layer=2 checkpoint=CP3-F subobject=index_state_score result=MISMATCH elements=2048 mismatch_count=1959 first_index=0 actual_bits=0xbef764b7 expected_bits=0xbef764ab max_abs=3.337860107421875e-06 max_rel=0.00042731390479446203 max_ulp=5120
FIRST_DIVERGENCE_OBJECT row=4 layer=2 checkpoint=CP3-F subobject=layer_n_index_comp result=EXACT elements=1
FIRST_DIVERGENCE_OBJECT row=4 layer=2 checkpoint=CP4 subobject=after_attn_hc result=MISMATCH elements=16384 mismatch_count=15937 first_index=0 actual_bits=0xbca34444 expected_bits=0xbca34382 max_abs=4.3213367462158203e-07 max_rel=0.1701228275994173 max_ulp=2830482
FIRST_DIVERGENCE_OBJECT row=4 layer=2 checkpoint=CP5 subobject=layer_output result=MISMATCH elements=16384 mismatch_count=16069 first_index=0 actual_bits=0xbca8d79c expected_bits=0xbca8d6ca max_abs=4.1723251342773438e-07 max_rel=0.073785842084202774 max_ulp=1188621
FIRST_DIVERGENCE_OBJECT row=4 layer=3 checkpoint=CP1 subobject=attn_norm result=MISMATCH elements=4096 mismatch_count=4064 first_index=0 actual_bits=0xbcc10f0c expected_bits=0xbcc10dc0 max_abs=1.1064112186431885e-06 max_rel=0.055802227425992439 max_ulp=682105
FIRST_DIVERGENCE_OBJECT row=4 layer=3 checkpoint=CP2-Q subobject=qr result=MISMATCH elements=1024 mismatch_count=1022 first_index=0 actual_bits=0xbe19b1c5 expected_bits=0xbe19b1c4 max_abs=1.3615936040878296e-06 max_rel=0.0049989957374634558 max_ulp=57344
FIRST_DIVERGENCE_OBJECT row=4 layer=3 checkpoint=CP2-KV-P subobject=kv_raw result=MISMATCH elements=512 mismatch_count=502 first_index=0 actual_bits=0xbeafdf96 expected_bits=0xbeafdf8a max_abs=1.5683472156524658e-06 max_rel=0.0016014424844897331 max_ulp=17280
FIRST_DIVERGENCE_OBJECT row=4 layer=3 checkpoint=CP2-KV-R subobject=raw_cache result=MISMATCH elements=512 mismatch_count=2 first_index=335 actual_bits=0xbc600000 expected_bits=0xbc500000 max_abs=0.0009765625 max_rel=0.071428571428571425 max_ulp=1048576
FIRST_DIVERGENCE_OBJECT row=4 layer=3 checkpoint=CP3-F subobject=attn_state_kv result=MISMATCH elements=65536 mismatch_count=2547 first_index=8192 actual_bits=0xbdab490e expected_bits=0xbdab48a6 max_abs=2.3767352104187012e-06 max_rel=0.0059840293127825239 max_ulp=76928
FIRST_DIVERGENCE_OBJECT row=4 layer=3 checkpoint=CP3-F subobject=attn_state_score result=MISMATCH elements=65536 mismatch_count=2532 first_index=8192 actual_bits=0x3c2eebec expected_bits=0x3c2eed4f max_abs=6.67572021484375e-06 max_rel=0.0023171482974910394 max_ulp=21184
FIRST_DIVERGENCE_OBJECT row=4 layer=3 checkpoint=CP3-F subobject=layer_n_comp result=EXACT elements=1
FIRST_DIVERGENCE_OBJECT row=4 layer=3 checkpoint=CP4 subobject=after_attn_hc result=MISMATCH elements=16384 mismatch_count=16157 first_index=0 actual_bits=0x39654aa6 expected_bits=0x3964cf4b max_abs=1.7620623111724854e-06 max_rel=0.50541646386273043 max_ulp=8496174
FIRST_DIVERGENCE_OBJECT row=4 layer=3 checkpoint=CP5 subobject=layer_output result=MISMATCH elements=16384 mismatch_count=16303 first_index=0 actual_bits=0x3c986cca expected_bits=0x3c986a9b max_abs=2.0302832126617432e-06 max_rel=0.34854533498968726 max_ulp=5240926
FIRST_DIVERGENCE_OBJECT row=4 layer=4 checkpoint=CP1 subobject=attn_norm result=MISMATCH elements=4096 mismatch_count=4086 first_index=0 actual_bits=0x3d0b3af8 expected_bits=0x3d0b397d max_abs=6.0796737670898438e-06 max_rel=0.03371612747417739 max_ulp=416875
FIRST_DIVERGENCE_OBJECT row=4 layer=4 checkpoint=CP2-Q subobject=qr result=MISMATCH elements=1024 mismatch_count=1018 first_index=0 actual_bits=0xbdb714cc expected_bits=0xbdb7140e max_abs=4.8726797103881836e-06 max_rel=0.0064119004873044371 max_ulp=99200
FIRST_DIVERGENCE_OBJECT row=4 layer=4 checkpoint=CP2-KV-P subobject=kv_raw result=MISMATCH elements=512 mismatch_count=512 first_index=0 actual_bits=0x3da1cac4 expected_bits=0x3da1caff max_abs=4.507601261138916e-06 max_rel=0.0081489712765599222 max_ulp=123904
FIRST_DIVERGENCE_OBJECT row=4 layer=4 checkpoint=CP2-KV-R subobject=raw_cache result=MISMATCH elements=512 mismatch_count=2 first_index=412 actual_bits=0x3b700000 expected_bits=0x3b600000 max_abs=0.000244140625 max_rel=0.066666666666666666 max_ulp=1048576
FIRST_DIVERGENCE_OBJECT row=4 layer=4 checkpoint=CP3-F subobject=attn_state_kv result=MISMATCH elements=8192 mismatch_count=8168 first_index=0 actual_bits=0x3d0046b5 expected_bits=0x3d00475d max_abs=9.5572322607040405e-06 max_rel=0.65357561547479481 max_ulp=12681216
FIRST_DIVERGENCE_OBJECT row=4 layer=4 checkpoint=CP3-F subobject=attn_state_score result=MISMATCH elements=8192 mismatch_count=8070 first_index=0 actual_bits=0xbf9262e1 expected_bits=0xbf926313 max_abs=1.8596649169921875e-05 max_rel=0.0012996031746031747 max_ulp=16768
FIRST_DIVERGENCE_OBJECT row=4 layer=4 checkpoint=CP3-F subobject=layer_n_comp result=EXACT elements=1
FIRST_DIVERGENCE_OBJECT row=4 layer=4 checkpoint=CP3-F subobject=index_state_kv result=MISMATCH elements=2048 mismatch_count=2031 first_index=0 actual_bits=0x3ce92c53 expected_bits=0x3ce92ed0 max_abs=1.0251998901367188e-05 max_rel=0.010182492421794458 max_ulp=169408
FIRST_DIVERGENCE_OBJECT row=4 layer=4 checkpoint=CP3-F subobject=index_state_score result=MISMATCH elements=2048 mismatch_count=2014 first_index=0 actual_bits=0xbf9e5cae expected_bits=0xbf9e5cf4 max_abs=3.3140182495117188e-05 max_rel=0.000520857627065939 max_ulp=8576
FIRST_DIVERGENCE_OBJECT row=4 layer=4 checkpoint=CP3-F subobject=layer_n_index_comp result=EXACT elements=1
FIRST_DIVERGENCE_OBJECT row=4 layer=4 checkpoint=CP4 subobject=after_attn_hc result=MISMATCH elements=16384 mismatch_count=16334 first_index=0 actual_bits=0x3ba9b629 expected_bits=0x3ba9b419 max_abs=3.7401914596557617e-06 max_rel=0.18196058581499153 max_ulp=2896721
FIRST_DIVERGENCE_OBJECT row=4 layer=4 checkpoint=CP5 subobject=layer_output result=MISMATCH elements=16384 mismatch_count=16336 first_index=0 actual_bits=0x3c71a4bb expected_bits=0x3c719ff6 max_abs=3.7644058465957642e-06 max_rel=0.110015554917116 max_ulp=1444037
FIRST_DIVERGENCE_OBJECT row=4 layer=5 checkpoint=CP1 subobject=attn_norm result=MISMATCH elements=4096 mismatch_count=4086 first_index=0 actual_bits=0x3c7e9c8d expected_bits=0x3c7e98f5 max_abs=2.0414590835571289e-06 max_rel=0.50248885969876977 max_ulp=8446936
FIRST_DIVERGENCE_OBJECT row=4 layer=5 checkpoint=CP2-Q subobject=qr result=MISMATCH elements=1024 mismatch_count=1022 first_index=0 actual_bits=0x3e5d40e8 expected_bits=0x3e5d4160 max_abs=4.0233135223388672e-06 max_rel=0.048763853367433933 max_ulp=585728
FIRST_DIVERGENCE_OBJECT row=4 layer=5 checkpoint=CP2-KV-P subobject=kv_raw result=MISMATCH elements=512 mismatch_count=511 first_index=0 actual_bits=0xbcb0d336 expected_bits=0xbcb0d23e max_abs=3.2261013984680176e-06 max_rel=0.0024344148270968287 max_ulp=22176
FIRST_DIVERGENCE_OBJECT row=4 layer=5 checkpoint=CP2-KV-R subobject=raw_cache result=MISMATCH elements=512 mismatch_count=4 first_index=278 actual_bits=0xbd900000 expected_bits=0xbd800000 max_abs=0.0078125 max_rel=0.1111111111111111 max_ulp=1048576
FIRST_DIVERGENCE_OBJECT row=4 layer=5 checkpoint=CP3-F subobject=attn_state_kv result=MISMATCH elements=65536 mismatch_count=2554 first_index=8192 actual_bits=0xbd9a4834 expected_bits=0xbd9a476d max_abs=3.9711594581604004e-06 max_rel=0.010263885549410916 max_ulp=157184
FIRST_DIVERGENCE_OBJECT row=4 layer=5 checkpoint=CP3-F subobject=attn_state_score result=MISMATCH elements=65536 mismatch_count=2554 first_index=8192 actual_bits=0x3ec41dbe expected_bits=0x3ec41d7b max_abs=1.0117888450622559e-05 max_rel=0.005230715805009333 max_ulp=61696
FIRST_DIVERGENCE_OBJECT row=4 layer=5 checkpoint=CP3-F subobject=layer_n_comp result=EXACT elements=1
FIRST_DIVERGENCE_OBJECT row=4 layer=5 checkpoint=CP4 subobject=after_attn_hc result=MISMATCH elements=16384 mismatch_count=16365 first_index=0 actual_bits=0x3c6ac4ec expected_bits=0x3c6ac065 max_abs=1.3872981071472168e-05 max_rel=0.7375000194818655 max_ulp=16296000
FIRST_DIVERGENCE_OBJECT row=4 layer=5 checkpoint=CP5 subobject=layer_output result=MISMATCH elements=16384 mismatch_count=16374 first_index=0 actual_bits=0x3c6d769f expected_bits=0x3c6d733f max_abs=1.7195940017700195e-05 max_rel=0.62212081047671786 max_ulp=11964718
FIRST_DIVERGENCE_OBJECT row=4 layer=6 checkpoint=CP1 subobject=attn_norm result=MISMATCH elements=4096 mismatch_count=4094 first_index=0 actual_bits=0x3d15f5f9 expected_bits=0x3d160037 max_abs=0.00010392069816589355 max_rel=0.19504949426255169 max_ulp=2168256
FIRST_DIVERGENCE_OBJECT row=4 layer=6 checkpoint=CP2-Q subobject=qr result=MISMATCH elements=1024 mismatch_count=1023 first_index=0 actual_bits=0x3e6a8123 expected_bits=0x3e6a825c max_abs=2.2351741790771484e-05 max_rel=0.061828202899876505 max_ulp=692096
FIRST_DIVERGENCE_OBJECT row=4 layer=6 checkpoint=CP2-KV-P subobject=kv_raw result=MISMATCH elements=512 mismatch_count=512 first_index=0 actual_bits=0x3daae8a6 expected_bits=0x3daae770 max_abs=3.0294060707092285e-05 max_rel=0.1362218688845401 max_ulp=2280960
FIRST_DIVERGENCE_OBJECT row=4 layer=6 checkpoint=CP2-KV-R subobject=raw_cache result=MISMATCH elements=512 mismatch_count=19 first_index=20 actual_bits=0x3a000000 expected_bits=0x3a200000 max_abs=0.000244140625 max_rel=0.20000000000000001 max_ulp=2097152
FIRST_DIVERGENCE_OBJECT row=4 layer=6 checkpoint=CP3-F subobject=attn_state_kv result=MISMATCH elements=8192 mismatch_count=8178 first_index=0 actual_bits=0xbdbbb626 expected_bits=0xbdbbb762 max_abs=3.709644079208374e-05 max_rel=0.15384615384615385 max_ulp=1703936
FIRST_DIVERGENCE_OBJECT row=4 layer=6 checkpoint=CP3-F subobject=attn_state_score result=MISMATCH elements=8192 mismatch_count=8184 first_index=0 actual_bits=0xbfb32ffd expected_bits=0xbfb32f17 max_abs=9.0003013610839844e-05 max_rel=0.054875283446712018 max_ulp=495616
FIRST_DIVERGENCE_OBJECT row=4 layer=6 checkpoint=CP3-F subobject=layer_n_comp result=EXACT elements=1
FIRST_DIVERGENCE_OBJECT row=4 layer=6 checkpoint=CP3-F subobject=index_state_kv result=MISMATCH elements=2048 mismatch_count=2046 first_index=0 actual_bits=0xbd86996c expected_bits=0xbd869aca max_abs=4.5239925384521484e-05 max_rel=0.0087290261946231188 max_ulp=129584
FIRST_DIVERGENCE_OBJECT row=4 layer=6 checkpoint=CP3-F subobject=index_state_score result=MISMATCH elements=2048 mismatch_count=2037 first_index=0 actual_bits=0xbff5973c expected_bits=0xbff59642 max_abs=0.00010430812835693359 max_rel=0.0007603763337246176 max_ulp=7456
FIRST_DIVERGENCE_OBJECT row=4 layer=6 checkpoint=CP3-F subobject=layer_n_index_comp result=EXACT elements=1
FIRST_DIVERGENCE_OBJECT row=4 layer=6 checkpoint=CP4 subobject=after_attn_hc result=MISMATCH elements=16384 mismatch_count=16380 first_index=0 actual_bits=0x3ca5f5eb expected_bits=0x3ca5f1d3 max_abs=1.307949423789978e-05 max_rel=1.5674459746450959 max_ulp=1789777647
FIRST_DIVERGENCE_OBJECT row=4 layer=6 checkpoint=CP5 subobject=layer_output result=MISMATCH elements=16384 mismatch_count=16375 first_index=0 actual_bits=0x3caa19f8 expected_bits=0x3caa168e max_abs=1.8648803234100342e-05 max_rel=1.1555920500698802 max_ulp=1781835563
FIRST_DIVERGENCE_OBJECT row=4 layer=7 checkpoint=CP1 subobject=attn_norm result=MISMATCH elements=4096 mismatch_count=4093 first_index=0 actual_bits=0x3cbe6ba8 expected_bits=0x3cbe7295 max_abs=9.451061487197876e-06 max_rel=0.51482323240263184 max_ulp=8699196
FIRST_DIVERGENCE_OBJECT row=4 layer=7 checkpoint=CP2-Q subobject=qr result=MISMATCH elements=1024 mismatch_count=1022 first_index=0 actual_bits=0xbc8578cc expected_bits=0xbc85786b max_abs=1.323409378528595e-05 max_rel=0.042716636667523782 max_ulp=595392
FIRST_DIVERGENCE_OBJECT row=4 layer=7 checkpoint=CP2-KV-P subobject=kv_raw result=MISMATCH elements=512 mismatch_count=512 first_index=0 actual_bits=0x3ca242f1 expected_bits=0x3ca243b2 max_abs=1.6137957572937012e-05 max_rel=0.017163045587457928 max_ulp=164160
FIRST_DIVERGENCE_OBJECT row=4 layer=7 checkpoint=CP2-KV-R subobject=raw_cache result=MISMATCH elements=512 mismatch_count=14 first_index=461 actual_bits=0x3dfc6000 expected_bits=0x3dfc8000 max_abs=0.0009765625 max_rel=0.0066481994459833792 max_ulp=98304
FIRST_DIVERGENCE_OBJECT row=4 layer=7 checkpoint=CP3-F subobject=attn_state_kv result=MISMATCH elements=65536 mismatch_count=2556 first_index=8192 actual_bits=0xbd81f643 expected_bits=0xbd81f718 max_abs=2.2936612367630005e-05 max_rel=0.07882494831150931 max_ulp=936960
FIRST_DIVERGENCE_OBJECT row=4 layer=7 checkpoint=CP3-F subobject=attn_state_score result=MISMATCH elements=65536 mismatch_count=2550 first_index=8192 actual_bits=0xbd928106 expected_bits=0xbd928248 max_abs=4.5120716094970703e-05 max_rel=0.15923959054875703 max_ulp=2118656
FIRST_DIVERGENCE_OBJECT row=4 layer=7 checkpoint=CP3-F subobject=layer_n_comp result=EXACT elements=1
FIRST_DIVERGENCE_OBJECT row=4 layer=7 checkpoint=CP4 subobject=after_attn_hc result=MISMATCH elements=16384 mismatch_count=16378 first_index=0 actual_bits=0x3cab013e expected_bits=0x3caafe5b max_abs=2.2858381271362305e-05 max_rel=0.9810945942392989 max_ulp=48231540
FIRST_DIVERGENCE_OBJECT row=4 layer=7 checkpoint=CP5 subobject=layer_output result=MISMATCH elements=16384 mismatch_count=16374 first_index=0 actual_bits=0x3cac71d8 expected_bits=0x3cac6fa1 max_abs=4.2736530303955078e-05 max_rel=1.2086243215805395 max_ulp=1794927402
FIRST_DIVERGENCE_OBJECT row=4 layer=8 checkpoint=CP1 subobject=attn_norm result=MISMATCH elements=4096 mismatch_count=4096 first_index=0 actual_bits=0x3a52aba3 expected_bits=0x3a525b8b max_abs=0.00027108192443847656 max_rel=0.1885753376297038 max_ulp=2342301
FIRST_DIVERGENCE_OBJECT row=4 layer=8 checkpoint=CP2-Q subobject=qr result=MISMATCH elements=1024 mismatch_count=1024 first_index=0 actual_bits=0xbe99b91f expected_bits=0xbe99b8bc max_abs=3.8072466850280762e-05 max_rel=0.017005645316682996 max_ulp=265472
FIRST_DIVERGENCE_OBJECT row=4 layer=8 checkpoint=CP2-KV-P subobject=kv_raw result=MISMATCH elements=512 mismatch_count=512 first_index=0 actual_bits=0x3de5d93f expected_bits=0x3de5d061 max_abs=3.6202371120452881e-05 max_rel=0.028867369453297376 max_ulp=361728
FIRST_DIVERGENCE_OBJECT row=4 layer=8 checkpoint=CP2-KV-R subobject=raw_cache result=MISMATCH elements=512 mismatch_count=16 first_index=169 actual_bits=0x3a700000 expected_bits=0x3a600000 max_abs=0.00048828125 max_rel=0.066666666666666666 max_ulp=1048576
FIRST_DIVERGENCE_OBJECT row=4 layer=8 checkpoint=CP3-F subobject=attn_state_kv result=MISMATCH elements=8192 mismatch_count=8189 first_index=0 actual_bits=0xbd9ed2a6 expected_bits=0xbd9ed4e8 max_abs=5.5547803640365601e-05 max_rel=0.09756483238456673 max_ulp=1263616
FIRST_DIVERGENCE_OBJECT row=4 layer=8 checkpoint=CP3-F subobject=attn_state_score result=MISMATCH elements=8192 mismatch_count=8184 first_index=0 actual_bits=0xbf05657d expected_bits=0xbf055fee max_abs=0.00026106834411621094 max_rel=0.055098211892636979 max_ulp=736768
FIRST_DIVERGENCE_OBJECT row=4 layer=8 checkpoint=CP3-F subobject=layer_n_comp result=EXACT elements=1
FIRST_DIVERGENCE_OBJECT row=4 layer=8 checkpoint=CP3-F subobject=index_state_kv result=MISMATCH elements=2048 mismatch_count=2045 first_index=0 actual_bits=0xba82ec00 expected_bits=0xba834d60 max_abs=4.2125582695007324e-05 max_rel=0.12345431486282336 max_ulp=1694528
FIRST_DIVERGENCE_OBJECT row=4 layer=8 checkpoint=CP3-F subobject=index_state_score result=MISMATCH elements=2048 mismatch_count=2048 first_index=0 actual_bits=0xbf30630e expected_bits=0xbf305e80 max_abs=0.00026607513427734375 max_rel=0.01305458982801096 max_ulp=217728
FIRST_DIVERGENCE_OBJECT row=4 layer=8 checkpoint=CP3-F subobject=layer_n_index_comp result=EXACT elements=1
FIRST_DIVERGENCE_OBJECT row=4 layer=8 checkpoint=CP4 subobject=after_attn_hc result=MISMATCH elements=16384 mismatch_count=16375 first_index=0 actual_bits=0x3ca0c568 expected_bits=0x3ca0c431 max_abs=3.8862228393554688e-05 max_rel=0.20106493173574 max_ulp=2773439
FIRST_DIVERGENCE_OBJECT row=4 layer=8 checkpoint=CP5 subobject=layer_output result=MISMATCH elements=16384 mismatch_count=16374 first_index=0 actual_bits=0x3c793655 expected_bits=0x3c793255 max_abs=3.8623809814453125e-05 max_rel=0.26742987181112793 max_ulp=3833150
FIRST_DIVERGENCE_OBJECT row=4 layer=9 checkpoint=CP1 subobject=attn_norm result=MISMATCH elements=4096 mismatch_count=4096 first_index=0 actual_bits=0xbc390179 expected_bits=0xbc390228 max_abs=1.0190531611442566e-05 max_rel=0.11643332581238948 max_ulp=1831250
FIRST_DIVERGENCE_OBJECT row=4 layer=9 checkpoint=CP2-Q subobject=qr result=MISMATCH elements=1024 mismatch_count=1021 first_index=0 actual_bits=0xbc331d4f expected_bits=0xbc332903 max_abs=1.5251338481903076e-05 max_rel=0.095279149967378129 max_ulp=1046784
FIRST_DIVERGENCE_OBJECT row=4 layer=9 checkpoint=CP2-KV-P subobject=kv_raw result=MISMATCH elements=512 mismatch_count=512 first_index=0 actual_bits=0x3dd701ed expected_bits=0x3dd6fc10 max_abs=1.7911195755004883e-05 max_rel=0.015303658620716087 max_ulp=255552
FIRST_DIVERGENCE_OBJECT row=4 layer=9 checkpoint=CP2-KV-R subobject=raw_cache result=MISMATCH elements=512 mismatch_count=11 first_index=365 actual_bits=0xbb800000 expected_bits=0xbb700000 max_abs=0.0009765625 max_rel=0.0625 max_ulp=1048576
FIRST_DIVERGENCE_OBJECT row=4 layer=9 checkpoint=CP3-F subobject=attn_state_kv result=MISMATCH elements=65536 mismatch_count=2559 first_index=8192 actual_bits=0xbe10950c expected_bits=0xbe109536 max_abs=1.52587890625e-05 max_rel=0.41000660501981506 max_ulp=6156288
FIRST_DIVERGENCE_OBJECT row=4 layer=9 checkpoint=CP3-F subobject=attn_state_score result=MISMATCH elements=65536 mismatch_count=2554 first_index=8192 actual_bits=0x3d43fdf8 expected_bits=0x3d43fa20 max_abs=3.1113624572753906e-05 max_rel=0.018738150265018891 max_ulp=173312
FIRST_DIVERGENCE_OBJECT row=4 layer=9 checkpoint=CP3-F subobject=layer_n_comp result=EXACT elements=1
FIRST_DIVERGENCE_OBJECT row=4 layer=9 checkpoint=CP4 subobject=after_attn_hc result=MISMATCH elements=16384 mismatch_count=16379 first_index=0 actual_bits=0x3c60710d expected_bits=0x3c606d45 max_abs=3.0141323804855347e-05 max_rel=0.41043109152307228 max_ulp=6501343
FIRST_DIVERGENCE_OBJECT row=4 layer=9 checkpoint=CP5 subobject=layer_output result=MISMATCH elements=16384 mismatch_count=16381 first_index=0 actual_bits=0x3c448c7c expected_bits=0x3c4488a2 max_abs=3.9875507354736328e-05 max_rel=0.81144441470021023 max_ulp=20328253
FIRST_DIVERGENCE_OBJECT row=4 layer=10 checkpoint=CP1 subobject=attn_norm result=MISMATCH elements=4096 mismatch_count=4095 first_index=0 actual_bits=0x3b625cc7 expected_bits=0x3b625f81 max_abs=4.9531459808349609e-05 max_rel=0.15979901874999314 max_ulp=1749557
FIRST_DIVERGENCE_OBJECT row=4 layer=10 checkpoint=CP2-Q subobject=qr result=MISMATCH elements=1024 mismatch_count=1024 first_index=0 actual_bits=0x3dd588e4 expected_bits=0x3dd58a89 max_abs=3.5826116800308228e-05 max_rel=0.031124147403217169 max_ulp=385056
FIRST_DIVERGENCE_OBJECT row=4 layer=10 checkpoint=CP2-KV-P subobject=kv_raw result=MISMATCH elements=512 mismatch_count=512 first_index=0 actual_bits=0x3c5640f0 expected_bits=0x3c5691d8 max_abs=5.1230192184448242e-05 max_rel=0.10312521946765925 max_ulp=1363456
FIRST_DIVERGENCE_OBJECT row=4 layer=10 checkpoint=CP2-KV-R subobject=raw_cache result=MISMATCH elements=512 mismatch_count=13 first_index=24 actual_bits=0xba000000 expected_bits=0xb9e00000 max_abs=0.03125 max_rel=0.125 max_ulp=2097152
FIRST_DIVERGENCE_OBJECT row=4 layer=10 checkpoint=CP3-F subobject=attn_state_kv result=MISMATCH elements=8192 mismatch_count=8180 first_index=0 actual_bits=0x3de9d7b6 expected_bits=0x3de9df76 max_abs=6.7472457885742188e-05 max_rel=0.42310756972111552 max_ulp=6609920
FIRST_DIVERGENCE_OBJECT row=4 layer=10 checkpoint=CP3-F subobject=attn_state_score result=MISMATCH elements=8192 mismatch_count=8172 first_index=0 actual_bits=0x3ee6f4b6 expected_bits=0x3ee6f61a max_abs=0.0001137852668762207 max_rel=0.1353829557713053 max_ulp=1413632
FIRST_DIVERGENCE_OBJECT row=4 layer=10 checkpoint=CP3-F subobject=layer_n_comp result=EXACT elements=1
FIRST_DIVERGENCE_OBJECT row=4 layer=10 checkpoint=CP3-F subobject=index_state_kv result=MISMATCH elements=2048 mismatch_count=2048 first_index=0 actual_bits=0x3d0a6e98 expected_bits=0x3d0a6a96 max_abs=7.3671340942382812e-05 max_rel=0.080157687253613663 max_ulp=1085312
FIRST_DIVERGENCE_OBJECT row=4 layer=10 checkpoint=CP3-F subobject=index_state_score result=MISMATCH elements=2048 mismatch_count=2047 first_index=0 actual_bits=0x3ebe9d7c expected_bits=0x3ebe9ec0 max_abs=0.00013838708400726318 max_rel=0.022726168299991901 max_ulp=359168
FIRST_DIVERGENCE_OBJECT row=4 layer=10 checkpoint=CP3-F subobject=layer_n_index_comp result=EXACT elements=1
FIRST_DIVERGENCE_OBJECT row=4 layer=10 checkpoint=CP4 subobject=after_attn_hc result=MISMATCH elements=16384 mismatch_count=16377 first_index=0 actual_bits=0xbb42b1e3 expected_bits=0xbb428369 max_abs=0.00022829324007034302 max_rel=1.2775444825799225 max_ulp=1850403675
FIRST_DIVERGENCE_OBJECT row=4 layer=10 checkpoint=CP5 subobject=layer_output result=MISMATCH elements=16384 mismatch_count=16377 first_index=0 actual_bits=0xbbbf76b2 expected_bits=0xbbbf5336 max_abs=0.00024344027042388916 max_rel=1.51306354942579 max_ulp=1883388785
FIRST_DIVERGENCE_OBJECT row=4 layer=11 checkpoint=CP1 subobject=attn_norm result=MISMATCH elements=4096 mismatch_count=4096 first_index=0 actual_bits=0xbb9b69e5 expected_bits=0xbb9b37fc max_abs=5.2820891141891479e-05 max_rel=0.44879401119668361 max_ulp=7392137
FIRST_DIVERGENCE_OBJECT row=4 layer=11 checkpoint=CP2-Q subobject=qr result=MISMATCH elements=1024 mismatch_count=1024 first_index=0 actual_bits=0x3e0264f8 expected_bits=0x3e025618 max_abs=8.5644423961639404e-05 max_rel=0.48532430455607201 max_ulp=8070144
FIRST_DIVERGENCE_OBJECT row=4 layer=11 checkpoint=CP2-KV-P subobject=kv_raw result=MISMATCH elements=512 mismatch_count=512 first_index=0 actual_bits=0xbd4111a0 expected_bits=0xbd4115cb max_abs=0.00010749325156211853 max_rel=0.33974164463132345 max_ulp=5171584
FIRST_DIVERGENCE_OBJECT row=4 layer=11 checkpoint=CP2-KV-R subobject=raw_cache result=MISMATCH elements=512 mismatch_count=40 first_index=27 actual_bits=0xbd600000 expected_bits=0xbd500000 max_abs=0.125 max_rel=0.35714285714285715 max_ulp=5242880
FIRST_DIVERGENCE_OBJECT row=4 layer=11 checkpoint=CP3-F subobject=attn_state_kv result=MISMATCH elements=65536 mismatch_count=2559 first_index=8192 actual_bits=0xbbbb2574 expected_bits=0xbbbb2908 max_abs=0.00015830434858798981 max_rel=0.22623110677718186 max_ulp=2638848
FIRST_DIVERGENCE_OBJECT row=4 layer=11 checkpoint=CP3-F subobject=attn_state_score result=MISMATCH elements=65536 mismatch_count=2559 first_index=8192 actual_bits=0xbd0a3da0 expected_bits=0xbd0a4529 max_abs=9.3042850494384766e-05 max_rel=0.32416976020868865 max_ulp=4799488
FIRST_DIVERGENCE_OBJECT row=4 layer=11 checkpoint=CP3-F subobject=layer_n_comp result=EXACT elements=1
FIRST_DIVERGENCE_OBJECT row=4 layer=11 checkpoint=CP4 subobject=after_attn_hc result=MISMATCH elements=16384 mismatch_count=16381 first_index=0 actual_bits=0xbc7819f1 expected_bits=0xbc77f1a7 max_abs=0.0008221454918384552 max_rel=1.546532677066077 max_ulp=1920602083
FIRST_DIVERGENCE_OBJECT row=4 layer=11 checkpoint=CP5 subobject=layer_output result=MISMATCH elements=16384 mismatch_count=16382 first_index=0 actual_bits=0xbc240429 expected_bits=0xbc23d56d max_abs=0.001034996472299099 max_rel=1.5710262118032503 max_ulp=1915160865
FIRST_DIVERGENCE_OBJECT row=4 layer=12 checkpoint=CP1 subobject=attn_norm result=MISMATCH elements=4096 mismatch_count=4096 first_index=0 actual_bits=0x3d8e1251 expected_bits=0x3d8e4320 max_abs=0.0022931098937988281 max_rel=1.0801233621599575 max_ulp=1854645009
FIRST_DIVERGENCE_OBJECT row=4 layer=12 checkpoint=CP2-Q subobject=qr result=MISMATCH elements=1024 mismatch_count=1024 first_index=0 actual_bits=0xbdb16279 expected_bits=0xbdb13bbe max_abs=0.00053597241640090942 max_rel=0.56565789473684214 max_ulp=10049280
FIRST_DIVERGENCE_OBJECT row=4 layer=12 checkpoint=CP2-KV-P subobject=kv_raw result=MISMATCH elements=512 mismatch_count=512 first_index=0 actual_bits=0xbdde202e expected_bits=0xbdde081e max_abs=0.00084656476974487305 max_rel=0.25242512551979601 max_ulp=3905744
FIRST_DIVERGENCE_OBJECT row=4 layer=12 checkpoint=CP2-KV-R subobject=raw_cache result=MISMATCH elements=512 mismatch_count=71 first_index=12 actual_bits=0x3f000000 expected_bits=0x3f100000 max_abs=0.125 max_rel=0.25 max_ulp=3145728
FIRST_DIVERGENCE_OBJECT row=4 layer=12 checkpoint=CP3-F subobject=attn_state_kv result=MISMATCH elements=8192 mismatch_count=8192 first_index=0 actual_bits=0x3cd374ec expected_bits=0x3cd352f2 max_abs=0.00053950771689414978 max_rel=1.3017758172152472 max_ulp=1900378625
FIRST_DIVERGENCE_OBJECT row=4 layer=12 checkpoint=CP3-F subobject=attn_state_score result=MISMATCH elements=8192 mismatch_count=8192 first_index=0 actual_bits=0xbcabb810 expected_bits=0xbcabf600 max_abs=0.0019376277923583984 max_rel=0.39504617968094041 max_ulp=6340608
FIRST_DIVERGENCE_OBJECT row=4 layer=12 checkpoint=CP3-F subobject=layer_n_comp result=EXACT elements=1
FIRST_DIVERGENCE_OBJECT row=4 layer=12 checkpoint=CP3-F subobject=index_state_kv result=MISMATCH elements=2048 mismatch_count=2046 first_index=0 actual_bits=0xbe1c6b34 expected_bits=0xbe1c5f64 max_abs=0.0013580322265625 max_rel=0.19853594897564747 max_ulp=2629696
FIRST_DIVERGENCE_OBJECT row=4 layer=12 checkpoint=CP3-F subobject=index_state_score result=MISMATCH elements=2048 mismatch_count=2048 first_index=0 actual_bits=0x3d4117a8 expected_bits=0x3d40e2e0 max_abs=0.0026195049285888672 max_rel=0.021299032366720764 max_ulp=356128
FIRST_DIVERGENCE_OBJECT row=4 layer=12 checkpoint=CP3-F subobject=layer_n_index_comp result=EXACT elements=1
FIRST_DIVERGENCE_OBJECT row=4 layer=12 checkpoint=CP4 subobject=after_attn_hc result=MISMATCH elements=16384 mismatch_count=16381 first_index=0 actual_bits=0xbb103933 expected_bits=0xbb0f4b19 max_abs=0.0030883997678756714 max_rel=1.9964995205243266 max_ulp=1955807129
FIRST_DIVERGENCE_OBJECT row=4 layer=12 checkpoint=CP5 subobject=layer_output result=MISMATCH elements=16384 mismatch_count=16383 first_index=0 actual_bits=0xbb22d1be expected_bits=0xbb21d5af max_abs=0.002619624137878418 max_rel=1.7950298241145022 max_ulp=1959638937
FIRST_DIVERGENCE_OBJECT row=4 layer=13 checkpoint=CP1 subobject=attn_norm result=MISMATCH elements=4096 mismatch_count=4096 first_index=0 actual_bits=0x3c246b8a expected_bits=0x3c26a6a9 max_abs=0.00032078474760055542 max_rel=1.2096457651007393 max_ulp=1869065738
FIRST_DIVERGENCE_OBJECT row=4 layer=13 checkpoint=CP2-Q subobject=qr result=MISMATCH elements=1024 mismatch_count=1024 first_index=0 actual_bits=0x3d608c3f expected_bits=0x3d5fc86a max_abs=0.0005567893385887146 max_rel=0.86408340208019929 max_ulp=23999232
FIRST_DIVERGENCE_OBJECT row=4 layer=13 checkpoint=CP2-KV-P subobject=kv_raw result=MISMATCH elements=512 mismatch_count=512 first_index=0 actual_bits=0xbbc0a642 expected_bits=0xbbc746a2 max_abs=0.00052845478057861328 max_rel=0.40662623517539742 max_ulp=5996160
FIRST_DIVERGENCE_OBJECT row=4 layer=13 checkpoint=CP2-KV-R subobject=raw_cache result=MISMATCH elements=512 mismatch_count=93 first_index=6 actual_bits=0xbf700000 expected_bits=0xbf800000 max_abs=0.0625 max_rel=0.375 max_ulp=6291456
FIRST_DIVERGENCE_OBJECT row=4 layer=13 checkpoint=CP3-F subobject=attn_state_kv result=MISMATCH elements=65536 mismatch_count=2560 first_index=8192 actual_bits=0x3d406a04 expected_bits=0x3d406b01 max_abs=0.00059312023222446442 max_rel=1.6208167055197755 max_ulp=1914257665
FIRST_DIVERGENCE_OBJECT row=4 layer=13 checkpoint=CP3-F subobject=attn_state_score result=MISMATCH elements=65536 mismatch_count=2560 first_index=8192 actual_bits=0xbc612a62 expected_bits=0xbc610f5a max_abs=0.00094205141067504883 max_rel=0.62016685078663669 max_ulp=11618816
FIRST_DIVERGENCE_OBJECT row=4 layer=13 checkpoint=CP3-F subobject=layer_n_comp result=EXACT elements=1
FIRST_DIVERGENCE_OBJECT row=4 layer=13 checkpoint=CP4 subobject=after_attn_hc result=MISMATCH elements=16384 mismatch_count=16384 first_index=0 actual_bits=0xbb1f90dc expected_bits=0xbb1e8cd7 max_abs=0.003384782001376152 max_rel=1.5871930390951505 max_ulp=1974461452
FIRST_DIVERGENCE_OBJECT row=4 layer=13 checkpoint=CP5 subobject=layer_output result=MISMATCH elements=16384 mismatch_count=16383 first_index=0 actual_bits=0xbb070d8f expected_bits=0xbb060526 max_abs=0.0022232085466384888 max_rel=1.9107816814206318 max_ulp=1956482857
FIRST_DIVERGENCE_OBJECT row=4 layer=14 checkpoint=CP1 subobject=attn_norm result=MISMATCH elements=4096 mismatch_count=4096 first_index=0 actual_bits=0x3d26d607 expected_bits=0x3d278c94 max_abs=0.0036611557006835938 max_rel=1.9227190316057718 max_ulp=1915249355
FIRST_DIVERGENCE_OBJECT row=4 layer=14 checkpoint=CP2-Q subobject=qr result=MISMATCH elements=1024 mismatch_count=1024 first_index=0 actual_bits=0x3da25837 expected_bits=0x3da30574 max_abs=0.0011396408081054688 max_rel=1.7615306122448979 max_ulp=1879201793
FIRST_DIVERGENCE_OBJECT row=4 layer=14 checkpoint=CP2-KV-P subobject=kv_raw result=MISMATCH elements=512 mismatch_count=512 first_index=0 actual_bits=0xbc08ef84 expected_bits=0xbc08712b max_abs=0.0020239353179931641 max_rel=0.68143039166805164 max_ulp=13291712
FIRST_DIVERGENCE_OBJECT row=4 layer=14 checkpoint=CP2-KV-R subobject=raw_cache result=MISMATCH elements=512 mismatch_count=97 first_index=2 actual_bits=0x3f400000 expected_bits=0x3f300000 max_abs=0.125 max_rel=0.69444444444444442 max_ulp=14680064
FIRST_DIVERGENCE_OBJECT row=4 layer=14 checkpoint=CP3-F subobject=attn_state_kv result=MISMATCH elements=8192 mismatch_count=8192 first_index=0 actual_bits=0x3e312858 expected_bits=0x3e311923 max_abs=0.0018517374992370605 max_rel=1.011221835822204 max_ulp=1841670913
FIRST_DIVERGENCE_OBJECT row=4 layer=14 checkpoint=CP3-F subobject=attn_state_score result=MISMATCH elements=8192 mismatch_count=8192 first_index=0 actual_bits=0xbed661b4 expected_bits=0xbed62efa max_abs=0.0074617862701416016 max_rel=0.26841399458383858 max_ulp=4116880
FIRST_DIVERGENCE_OBJECT row=4 layer=14 checkpoint=CP3-F subobject=layer_n_comp result=EXACT elements=1
FIRST_DIVERGENCE_OBJECT row=4 layer=14 checkpoint=CP3-F subobject=index_state_kv result=MISMATCH elements=2048 mismatch_count=2047 first_index=0 actual_bits=0x3f0b03b6 expected_bits=0x3f0b1100 max_abs=0.0032143294811248779 max_rel=0.94784363177805797 max_ulp=35234304
FIRST_DIVERGENCE_OBJECT row=4 layer=14 checkpoint=CP3-F subobject=index_state_score result=MISMATCH elements=2048 mismatch_count=2048 first_index=0 actual_bits=0xbf4cd787 expected_bits=0xbf4cc603 max_abs=0.0095200538635253906 max_rel=0.069017376096152022 max_ulp=1081584
FIRST_DIVERGENCE_OBJECT row=4 layer=14 checkpoint=CP3-F subobject=layer_n_index_comp result=EXACT elements=1
FIRST_DIVERGENCE_OBJECT row=4 layer=14 checkpoint=CP4 subobject=after_attn_hc result=MISMATCH elements=16384 mismatch_count=16381 first_index=0 actual_bits=0xbb0524ef expected_bits=0xbb0416af max_abs=0.0038575530052185059 max_rel=1.8346455918962918 max_ulp=1949491910
FIRST_DIVERGENCE_OBJECT row=4 layer=14 checkpoint=CP5 subobject=layer_output result=MISMATCH elements=16384 mismatch_count=16382 first_index=0 actual_bits=0xba53242b expected_bits=0xba4f54de max_abs=0.0051361918449401855 max_rel=1.9647749058026784 max_ulp=1964704798
FIRST_DIVERGENCE_OBJECT row=4 layer=15 checkpoint=CP1 subobject=attn_norm result=MISMATCH elements=4096 mismatch_count=4096 first_index=0 actual_bits=0x3cc511b4 expected_bits=0x3cc44ac3 max_abs=0.00063638761639595032 max_rel=1.4598487745902711 max_ulp=1909557090
FIRST_DIVERGENCE_OBJECT row=4 layer=15 checkpoint=CP2-Q subobject=qr result=MISMATCH elements=1024 mismatch_count=1024 first_index=0 actual_bits=0xbdf29afe expected_bits=0xbdf1e723 max_abs=0.00099476426839828491 max_rel=0.79544777214840778 max_ulp=19392832
FIRST_DIVERGENCE_OBJECT row=4 layer=15 checkpoint=CP2-KV-P subobject=kv_raw result=MISMATCH elements=512 mismatch_count=512 first_index=0 actual_bits=0x3dc4046c expected_bits=0x3dc4f6a9 max_abs=0.00092651695013046265 max_rel=0.96732249950396509 max_ulp=41486272
FIRST_DIVERGENCE_OBJECT row=4 layer=15 checkpoint=CP2-KV-R subobject=raw_cache result=MISMATCH elements=512 mismatch_count=100 first_index=14 actual_bits=0x3c400000 expected_bits=0x3c300000 max_abs=0.0625 max_rel=0.96875 max_ulp=41943040
FIRST_DIVERGENCE_OBJECT row=4 layer=15 checkpoint=CP3-F subobject=attn_state_kv result=MISMATCH elements=65536 mismatch_count=2560 first_index=8192 actual_bits=0xbd7ebd26 expected_bits=0xbd7edbdc max_abs=0.00074440427124500275 max_rel=1.9817948526669154 max_ulp=1917078177
FIRST_DIVERGENCE_OBJECT row=4 layer=15 checkpoint=CP3-F subobject=attn_state_score result=MISMATCH elements=65536 mismatch_count=2560 first_index=8192 actual_bits=0x3e78a250 expected_bits=0x3e787b90 max_abs=0.0031625181436538696 max_rel=1.5118251713187365 max_ulp=1945787393
FIRST_DIVERGENCE_OBJECT row=4 layer=15 checkpoint=CP3-F subobject=layer_n_comp result=EXACT elements=1
FIRST_DIVERGENCE_OBJECT row=4 layer=15 checkpoint=CP4 subobject=after_attn_hc result=MISMATCH elements=16384 mismatch_count=16383 first_index=0 actual_bits=0xba027da9 expected_bits=0xb9fe2612 max_abs=0.0067594945430755615 max_rel=1.9805876778754989 max_ulp=1973336421
FIRST_DIVERGENCE_OBJECT row=4 layer=15 checkpoint=CP5 subobject=layer_output result=MISMATCH elements=16384 mismatch_count=16384 first_index=0 actual_bits=0xbab80f35 expected_bits=0xbab204e5 max_abs=0.013251781463623047 max_rel=1.876995494642316 max_ulp=1973650840
FIRST_DIVERGENCE_OBJECT row=4 layer=16 checkpoint=CP1 subobject=attn_norm result=MISMATCH elements=4096 mismatch_count=4096 first_index=0 actual_bits=0xbca2840c expected_bits=0xbca0486b max_abs=0.025784492492675781 max_rel=1.8277439922444023 max_ulp=1941734925
FIRST_DIVERGENCE_OBJECT row=4 layer=16 checkpoint=CP2-Q subobject=qr result=MISMATCH elements=1024 mismatch_count=1024 first_index=0 actual_bits=0xbdc7d636 expected_bits=0xbdc8bcc8 max_abs=0.0024096071720123291 max_rel=1.1390753209347813 max_ulp=1946152769
FIRST_DIVERGENCE_OBJECT row=4 layer=16 checkpoint=CP2-KV-P subobject=kv_raw result=MISMATCH elements=512 mismatch_count=512 first_index=0 actual_bits=0xbe3b545a expected_bits=0xbe3c76f6 max_abs=0.0025931596755981445 max_rel=0.36996807728113829 max_ulp=5492304
FIRST_DIVERGENCE_OBJECT row=4 layer=16 checkpoint=CP2-KV-R subobject=raw_cache result=MISMATCH elements=512 mismatch_count=106 first_index=30 actual_bits=0xbe200000 expected_bits=0xbe300000 max_abs=0.125 max_rel=0.61071428571428577 max_ulp=11984896
FIRST_DIVERGENCE_OBJECT row=4 layer=16 checkpoint=CP3-F subobject=attn_state_kv result=MISMATCH elements=8192 mismatch_count=8192 first_index=0 actual_bits=0x3dba66cf expected_bits=0x3dba56ec max_abs=0.0029116272926330566 max_rel=1.394014817119412 max_ulp=1917409889
FIRST_DIVERGENCE_OBJECT row=4 layer=16 checkpoint=CP3-F subobject=attn_state_score result=MISMATCH elements=8192 mismatch_count=8192 first_index=0 actual_bits=0xbfcc5e40 expected_bits=0xbfcc7700 max_abs=0.018451213836669922 max_rel=1.3279181334659831 max_ulp=1959924545
FIRST_DIVERGENCE_OBJECT row=4 layer=16 checkpoint=CP3-F subobject=layer_n_comp result=EXACT elements=1
FIRST_DIVERGENCE_OBJECT row=4 layer=16 checkpoint=CP3-F subobject=index_state_kv result=MISMATCH elements=2048 mismatch_count=2048 first_index=0 actual_bits=0x3e21f049 expected_bits=0x3e228174 max_abs=0.0037899613380432129 max_rel=1.1847671693378472 max_ulp=1914234625
FIRST_DIVERGENCE_OBJECT row=4 layer=16 checkpoint=CP3-F subobject=index_state_score result=MISMATCH elements=2048 mismatch_count=2048 first_index=0 actual_bits=0xbfd32304 expected_bits=0xbfd34018 max_abs=0.024663925170898438 max_rel=1.9741457467096009 max_ulp=1970405505
FIRST_DIVERGENCE_OBJECT row=4 layer=16 checkpoint=CP3-F subobject=layer_n_index_comp result=EXACT elements=1
FIRST_DIVERGENCE_OBJECT row=4 layer=16 checkpoint=CP4 subobject=after_attn_hc result=MISMATCH elements=16384 mismatch_count=16383 first_index=0 actual_bits=0xbab01c56 expected_bits=0xbaaa2551 max_abs=0.037513613700866699 max_rel=1.9930114150681837 max_ulp=1976359371
FIRST_DIVERGENCE_OBJECT row=4 layer=16 checkpoint=CP5 subobject=layer_output result=MISMATCH elements=16384 mismatch_count=16383 first_index=0 actual_bits=0xbae8386a expected_bits=0xbae17608 max_abs=0.0098793506622314453 max_rel=1.9785855282884768 max_ulp=1986491340
FIRST_DIVERGENCE_OBJECT row=4 layer=17 checkpoint=CP1 subobject=attn_norm result=MISMATCH elements=4096 mismatch_count=4096 first_index=0 actual_bits=0xbd809892 expected_bits=0xbd7fa186 max_abs=0.0012701302766799927 max_rel=1.8054920063014523 max_ulp=1933552686
FIRST_DIVERGENCE_OBJECT row=4 layer=17 checkpoint=CP2-Q subobject=qr result=MISMATCH elements=1024 mismatch_count=1024 first_index=0 actual_bits=0x3dbe1733 expected_bits=0x3dbe88e9 max_abs=0.0019696652889251709 max_rel=0.54888410147172739 max_ulp=9799296
FIRST_DIVERGENCE_OBJECT row=4 layer=17 checkpoint=CP2-KV-P subobject=kv_raw result=MISMATCH elements=512 mismatch_count=512 first_index=0 actual_bits=0xbd87d7c9 expected_bits=0xbd878e6f max_abs=0.0027288198471069336 max_rel=0.7012646963188609 max_ulp=14409984
FIRST_DIVERGENCE_OBJECT row=4 layer=17 checkpoint=CP2-KV-R subobject=raw_cache result=MISMATCH elements=512 mismatch_count=123 first_index=5 actual_bits=0xbe100000 expected_bits=0xbe000000 max_abs=0.25 max_rel=0.68181818181818177 max_ulp=13631488
FIRST_DIVERGENCE_OBJECT row=4 layer=17 checkpoint=CP3-F subobject=attn_state_kv result=MISMATCH elements=65536 mismatch_count=2560 first_index=8192 actual_bits=0x3b8f8cb0 expected_bits=0x3b9e7080 max_abs=0.0027885884046554565 max_rel=1.848002073930924 max_ulp=1934097025
FIRST_DIVERGENCE_OBJECT row=4 layer=17 checkpoint=CP3-F subobject=attn_state_score result=MISMATCH elements=65536 mismatch_count=2560 first_index=8192 actual_bits=0x3e92df2e expected_bits=0x3e92ffcd max_abs=0.0057245492935180664 max_rel=1.869440477992222 max_ulp=1964339265
FIRST_DIVERGENCE_OBJECT row=4 layer=17 checkpoint=CP3-F subobject=layer_n_comp result=EXACT elements=1
FIRST_DIVERGENCE_OBJECT row=4 layer=17 checkpoint=CP4 subobject=after_attn_hc result=MISMATCH elements=16384 mismatch_count=16384 first_index=0 actual_bits=0xbaed7612 expected_bits=0xbae69eb8 max_abs=0.015808820724487305 max_rel=1.9166650062685819 max_ulp=1993143691
FIRST_DIVERGENCE_OBJECT row=4 layer=17 checkpoint=CP5 subobject=layer_output result=MISMATCH elements=16384 mismatch_count=16381 first_index=0 actual_bits=0x3c081aec expected_bits=0x3c089464 max_abs=0.019040793180465698 max_rel=1.6669411081354639 max_ulp=1987054169
FIRST_DIVERGENCE_OBJECT row=4 layer=18 checkpoint=CP1 subobject=attn_norm result=MISMATCH elements=4096 mismatch_count=4096 first_index=0 actual_bits=0x3bd1d374 expected_bits=0x3bd94091 max_abs=0.0057179927825927734 max_rel=1.4931970627867124 max_ulp=1931815666
FIRST_DIVERGENCE_OBJECT row=4 layer=18 checkpoint=CP2-Q subobject=qr result=MISMATCH elements=1024 mismatch_count=1024 first_index=0 actual_bits=0xbd8ded8a expected_bits=0xbd8fe094 max_abs=0.0014455169439315796 max_rel=0.8604717810243151 max_ulp=23997824
FIRST_DIVERGENCE_OBJECT row=4 layer=18 checkpoint=CP2-KV-P subobject=kv_raw result=MISMATCH elements=512 mismatch_count=512 first_index=0 actual_bits=0x3e49bad2 expected_bits=0x3e495356 max_abs=0.001319490373134613 max_rel=0.96072912645138253 max_ulp=39284416
FIRST_DIVERGENCE_OBJECT row=4 layer=18 checkpoint=CP2-KV-R subobject=raw_cache result=MISMATCH elements=512 mismatch_count=105 first_index=2 actual_bits=0xbc000000 expected_bits=0xbb600000 max_abs=0.125 max_rel=0.95833333333333337 max_ulp=37748736
FIRST_DIVERGENCE_OBJECT row=4 layer=18 checkpoint=CP3-F subobject=attn_state_kv result=MISMATCH elements=8192 mismatch_count=8192 first_index=0 actual_bits=0xbc62e3ac expected_bits=0xbc63238c max_abs=0.0018772780895233154 max_rel=1.994024402440244 max_ulp=1919317249
FIRST_DIVERGENCE_OBJECT row=4 layer=18 checkpoint=CP3-F subobject=attn_state_score result=MISMATCH elements=8192 mismatch_count=8192 first_index=0 actual_bits=0x3f37e084 expected_bits=0x3f37d8ae max_abs=0.010999441146850586 max_rel=0.31835130096457809 max_ulp=4372736
FIRST_DIVERGENCE_OBJECT row=4 layer=18 checkpoint=CP3-F subobject=layer_n_comp result=EXACT elements=1
FIRST_DIVERGENCE_OBJECT row=4 layer=18 checkpoint=CP3-F subobject=index_state_kv result=MISMATCH elements=2048 mismatch_count=2048 first_index=0 actual_bits=0x3d51f9de expected_bits=0x3d51dee0 max_abs=0.0031390190124511719 max_rel=1.9272054753157868 max_ulp=1939443553
FIRST_DIVERGENCE_OBJECT row=4 layer=18 checkpoint=CP3-F subobject=index_state_score result=MISMATCH elements=2048 mismatch_count=2048 first_index=0 actual_bits=0x3f99757a expected_bits=0x3f997072 max_abs=0.011626243591308594 max_rel=0.16562165492045 max_ulp=1737872
FIRST_DIVERGENCE_OBJECT row=4 layer=18 checkpoint=CP3-F subobject=layer_n_index_comp result=EXACT elements=1
FIRST_DIVERGENCE_OBJECT row=4 layer=18 checkpoint=CP4 subobject=after_attn_hc result=MISMATCH elements=16384 mismatch_count=16384 first_index=0 actual_bits=0x3c9489e5 expected_bits=0x3c9709d4 max_abs=0.026277422904968262 max_rel=1.6416641873171127 max_ulp=1996945709
FIRST_DIVERGENCE_OBJECT row=4 layer=18 checkpoint=CP5 subobject=layer_output result=MISMATCH elements=16384 mismatch_count=16384 first_index=0 actual_bits=0x3dbe4f02 expected_bits=0x3dbef5b2 max_abs=0.026028633117675781 max_rel=1.7686377808618026 max_ulp=1996659397
FIRST_DIVERGENCE_OBJECT row=4 layer=19 checkpoint=CP1 subobject=attn_norm result=MISMATCH elements=4096 mismatch_count=4096 first_index=0 actual_bits=0x3d5abbf6 expected_bits=0x3d5bbfc9 max_abs=0.0006937757134437561 max_rel=1.7452866828621776 max_ulp=1916393171
FIRST_DIVERGENCE_OBJECT row=4 layer=19 checkpoint=CP2-Q subobject=qr result=MISMATCH elements=1024 mismatch_count=1024 first_index=0 actual_bits=0xbbd896a4 expected_bits=0xbbd88cc4 max_abs=0.0010021775960922241 max_rel=0.62287811884062405 max_ulp=12506240
FIRST_DIVERGENCE_OBJECT row=4 layer=19 checkpoint=CP2-KV-P subobject=kv_raw result=MISMATCH elements=512 mismatch_count=512 first_index=0 actual_bits=0xbcce512a expected_bits=0xbcce8704 max_abs=0.00089764222502708435 max_rel=1.0893463670007266 max_ulp=1925135265
FIRST_DIVERGENCE_OBJECT row=4 layer=19 checkpoint=CP2-KV-R subobject=raw_cache result=MISMATCH elements=512 mismatch_count=114 first_index=30 actual_bits=0x3ef00000 expected_bits=0x3ee00000 max_abs=0.125 max_rel=1.0902777777777777 max_ulp=1986002945
FIRST_DIVERGENCE_OBJECT row=4 layer=19 checkpoint=CP3-F subobject=attn_state_kv result=MISMATCH elements=65536 mismatch_count=2560 first_index=8192 actual_bits=0xbb7af8b8 expected_bits=0xbb802cc0 max_abs=0.00094615668058395386 max_rel=1.5058806042251165 max_ulp=1898377985
FIRST_DIVERGENCE_OBJECT row=4 layer=19 checkpoint=CP3-F subobject=attn_state_score result=MISMATCH elements=65536 mismatch_count=2560 first_index=8192 actual_bits=0x3d3ee2cd expected_bits=0x3d3e9bde max_abs=0.003485560417175293 max_rel=1.4354796147248978 max_ulp=1922364417
FIRST_DIVERGENCE_OBJECT row=4 layer=19 checkpoint=CP3-F subobject=layer_n_comp result=EXACT elements=1
FIRST_DIVERGENCE_OBJECT row=4 layer=19 checkpoint=CP4 subobject=after_attn_hc result=MISMATCH elements=16384 mismatch_count=16384 first_index=0 actual_bits=0x3dd16b7b expected_bits=0x3dd2d68e max_abs=0.035607814788818359 max_rel=1.7882091345832798 max_ulp=2012503627
FIRST_DIVERGENCE_OBJECT row=4 layer=19 checkpoint=CP5 subobject=layer_output result=MISMATCH elements=16384 mismatch_count=16384 first_index=0 actual_bits=0x3dd3fe4f expected_bits=0x3dd56a27 max_abs=0.035896725952625275 max_rel=1.9669500594721601 max_ulp=2005294301
FIRST_DIVERGENCE_OBJECT row=4 layer=20 checkpoint=CP1 subobject=attn_norm result=MISMATCH elements=4096 mismatch_count=4096 first_index=0 actual_bits=0x3dcb3090 expected_bits=0x3dcd299d max_abs=0.014693975448608398 max_rel=1.9903384874042256 max_ulp=1949088179
FIRST_DIVERGENCE_OBJECT row=4 layer=20 checkpoint=CP2-Q subobject=qr result=MISMATCH elements=1024 mismatch_count=1024 first_index=0 actual_bits=0x3c87e7c1 expected_bits=0x3c8e3f1f max_abs=0.0019667446613311768 max_rel=1.217324143096205 max_ulp=1933048961
FIRST_DIVERGENCE_OBJECT row=4 layer=20 checkpoint=CP2-KV-P subobject=kv_raw result=MISMATCH elements=512 mismatch_count=512 first_index=0 actual_bits=0xbe5ea5ac expected_bits=0xbe5edd62 max_abs=0.001610293984413147 max_rel=1.8167429443173151 max_ulp=1939870577
FIRST_DIVERGENCE_OBJECT row=4 layer=20 checkpoint=CP2-KV-R subobject=raw_cache result=MISMATCH elements=512 mismatch_count=123 first_index=5 actual_bits=0xbf000000 expected_bits=0xbef00000 max_abs=0.125 max_rel=1.7777777777777777 max_ulp=1997537281
FIRST_DIVERGENCE_OBJECT row=4 layer=20 checkpoint=CP3-F subobject=attn_state_kv result=MISMATCH elements=8192 mismatch_count=8192 first_index=0 actual_bits=0xbdc11ff6 expected_bits=0xbdc0f728 max_abs=0.0023524388670921326 max_rel=1.8288256130042011 max_ulp=1956461569
FIRST_DIVERGENCE_OBJECT row=4 layer=20 checkpoint=CP3-F subobject=attn_state_score result=MISMATCH elements=8192 mismatch_count=8192 first_index=0 actual_bits=0xbf847286 expected_bits=0xbf84a8dc max_abs=0.014388203620910645 max_rel=0.58790048227713432 max_ulp=10760528
FIRST_DIVERGENCE_OBJECT row=4 layer=20 checkpoint=CP3-F subobject=layer_n_comp result=EXACT elements=1
FIRST_DIVERGENCE_OBJECT row=4 layer=20 checkpoint=CP3-F subobject=index_state_kv result=MISMATCH elements=2048 mismatch_count=2048 first_index=0 actual_bits=0xbb4bed78 expected_bits=0xbb595dc0 max_abs=0.0035963654518127441 max_rel=1.3728852522611188 max_ulp=1951576641
FIRST_DIVERGENCE_OBJECT row=4 layer=20 checkpoint=CP3-F subobject=index_state_score result=MISMATCH elements=2048 mismatch_count=2048 first_index=0 actual_bits=0xbf6f0ef6 expected_bits=0xbf6f8a2d max_abs=0.017409801483154297 max_rel=0.36561550307308632 max_ulp=5864192
FIRST_DIVERGENCE_OBJECT row=4 layer=20 checkpoint=CP3-F subobject=layer_n_index_comp result=EXACT elements=1
FIRST_DIVERGENCE_OBJECT row=4 layer=20 checkpoint=CP4 subobject=after_attn_hc result=MISMATCH elements=16384 mismatch_count=16384 first_index=0 actual_bits=0xbd7fb941 expected_bits=0xbd7c207a max_abs=0.038522154092788696 max_rel=1.9499751666277156 max_ulp=2011920452
FIRST_DIVERGENCE_OBJECT row=4 layer=20 checkpoint=CP5 subobject=layer_output result=MISMATCH elements=16384 mismatch_count=16384 first_index=0 actual_bits=0xbe49b255 expected_bits=0xbe484cfe max_abs=0.039726820774376392 max_rel=1.9751261979304193 max_ulp=2022147918
FIRST_DIVERGENCE_OBJECT row=4 layer=21 checkpoint=CP1 subobject=attn_norm result=MISMATCH elements=4096 mismatch_count=4096 first_index=0 actual_bits=0x3bd293af expected_bits=0x3be1929f max_abs=0.00091611873358488083 max_rel=1.7793785528779797 max_ulp=1925079049
FIRST_DIVERGENCE_OBJECT row=4 layer=21 checkpoint=CP2-Q subobject=qr result=MISMATCH elements=1024 mismatch_count=1024 first_index=0 actual_bits=0xbdcdb07f expected_bits=0xbdccf7f8 max_abs=0.0012634992599487305 max_rel=1.1804589652593218 max_ulp=1924232321
FIRST_DIVERGENCE_OBJECT row=4 layer=21 checkpoint=CP2-KV-P subobject=kv_raw result=MISMATCH elements=512 mismatch_count=512 first_index=0 actual_bits=0x3d5972df expected_bits=0x3d5bd1c3 max_abs=0.0014215335249900818 max_rel=0.99428782186603992 max_ulp=63117776
FIRST_DIVERGENCE_OBJECT row=4 layer=21 checkpoint=CP2-KV-R subobject=raw_cache result=MISMATCH elements=512 mismatch_count=123 first_index=12 actual_bits=0x3d900000 expected_bits=0x3da00000 max_abs=0.125 max_rel=0.99375000000000002 max_ulp=60817408
FIRST_DIVERGENCE_OBJECT row=4 layer=21 checkpoint=CP3-F subobject=attn_state_kv result=MISMATCH elements=65536 mismatch_count=2560 first_index=8192 actual_bits=0x3b9e9866 expected_bits=0x3b9baa58 max_abs=0.0021306872367858887 max_rel=1.9784552947365783 max_ulp=1932819969
FIRST_DIVERGENCE_OBJECT row=4 layer=21 checkpoint=CP3-F subobject=attn_state_score result=MISMATCH elements=65536 mismatch_count=2560 first_index=8192 actual_bits=0x3e8002c2 expected_bits=0x3e80048c max_abs=0.0041853189468383789 max_rel=1.9868617065298353 max_ulp=1931040193
FIRST_DIVERGENCE_OBJECT row=4 layer=21 checkpoint=CP3-F subobject=layer_n_comp result=EXACT elements=1
FIRST_DIVERGENCE_OBJECT row=4 layer=21 checkpoint=CP4 subobject=after_attn_hc result=MISMATCH elements=16384 mismatch_count=16384 first_index=0 actual_bits=0xbce4e379 expected_bits=0xbcc7bb11 max_abs=0.042394399642944336 max_rel=1.9313783215278639 max_ulp=2022232970
FIRST_DIVERGENCE_OBJECT row=4 layer=21 checkpoint=CP5 subobject=layer_output result=MISMATCH elements=16384 mismatch_count=16384 first_index=0 actual_bits=0xbd761501 expected_bits=0xbd658aac max_abs=0.041051387786865234 max_rel=1.9190350913177501 max_ulp=2025141469
FIRST_DIVERGENCE_OBJECT row=4 layer=22 checkpoint=CP1 subobject=attn_norm result=MISMATCH elements=4096 mismatch_count=4096 first_index=0 actual_bits=0x3cfc07e8 expected_bits=0x3d030ceb max_abs=0.0037184953689575195 max_rel=1.9695400508664498 max_ulp=1927095888
FIRST_DIVERGENCE_OBJECT row=4 layer=22 checkpoint=CP2-Q subobject=qr result=MISMATCH elements=1024 mismatch_count=1024 first_index=0 actual_bits=0xbe310226 expected_bits=0xbe30e814 max_abs=0.0028897970914840698 max_rel=1.9895067979573808 max_ulp=1953017601
FIRST_DIVERGENCE_OBJECT row=4 layer=22 checkpoint=CP2-KV-P subobject=kv_raw result=MISMATCH elements=512 mismatch_count=512 first_index=0 actual_bits=0xbe5ae5a4 expected_bits=0xbe5a654e max_abs=0.0030114650726318359 max_rel=1.4136964069272964 max_ulp=1943762945
FIRST_DIVERGENCE_OBJECT row=4 layer=22 checkpoint=CP2-KV-R subobject=raw_cache result=MISMATCH elements=512 mismatch_count=116 first_index=2 actual_bits=0x3ed00000 expected_bits=0x3ec00000 max_abs=0.0625 max_rel=1.3846153846153846 max_ulp=1978662913
FIRST_DIVERGENCE_OBJECT row=4 layer=22 checkpoint=CP3-F subobject=attn_state_kv result=MISMATCH elements=8192 mismatch_count=8192 first_index=0 actual_bits=0xbde78725 expected_bits=0xbde7ff4b max_abs=0.0030243508517742157 max_rel=1.5100285691922355 max_ulp=1960231377
FIRST_DIVERGENCE_OBJECT row=4 layer=22 checkpoint=CP3-F subobject=attn_state_score result=MISMATCH elements=8192 mismatch_count=8191 first_index=0 actual_bits=0xbfe49bc9 expected_bits=0xbfe499dc max_abs=0.019680380821228027 max_rel=0.90580304409651424 max_ulp=29240384
FIRST_DIVERGENCE_OBJECT row=4 layer=22 checkpoint=CP3-F subobject=layer_n_comp result=EXACT elements=1
FIRST_DIVERGENCE_OBJECT row=4 layer=22 checkpoint=CP3-F subobject=index_state_kv result=MISMATCH elements=2048 mismatch_count=2048 first_index=0 actual_bits=0x3e33b66e expected_bits=0x3e3322b1 max_abs=0.0079122781753540039 max_rel=1.7828788741503054 max_ulp=1961128257
FIRST_DIVERGENCE_OBJECT row=4 layer=22 checkpoint=CP3-F subobject=index_state_score result=MISMATCH elements=2048 mismatch_count=2048 first_index=0 actual_bits=0xc0095c8c expected_bits=0xc0095a52 max_abs=0.02350306510925293 max_rel=1.3545944442512952 max_ulp=1968416193
FIRST_DIVERGENCE_OBJECT row=4 layer=22 checkpoint=CP3-F subobject=layer_n_index_comp result=EXACT elements=1
FIRST_DIVERGENCE_OBJECT row=4 layer=22 checkpoint=CP4 subobject=after_attn_hc result=MISMATCH elements=16384 mismatch_count=16384 first_index=0 actual_bits=0x3e0e4d3b expected_bits=0x3e128f99 max_abs=0.039494991302490234 max_rel=1.9420291973873893 max_ulp=2017470133
FIRST_DIVERGENCE_OBJECT row=4 layer=22 checkpoint=CP5 subobject=layer_output result=MISMATCH elements=16384 mismatch_count=16384 first_index=0 actual_bits=0x3dc9e72c expected_bits=0x3dd21967 max_abs=0.044930934906005859 max_rel=1.9650424950651038 max_ulp=2005234590
FIRST_DIVERGENCE_OBJECT row=4 layer=23 checkpoint=CP1 subobject=attn_norm result=MISMATCH elements=4096 mismatch_count=4096 first_index=0 actual_bits=0x3c519a97 expected_bits=0x3c592db9 max_abs=0.0015044808387756348 max_rel=1.6789684583336306 max_ulp=1929323604
FIRST_DIVERGENCE_OBJECT row=4 layer=23 checkpoint=CP2-Q subobject=qr result=MISMATCH elements=1024 mismatch_count=1024 first_index=0 actual_bits=0x3e525dea expected_bits=0x3e530832 max_abs=0.0028053224086761475 max_rel=0.38427024918928449 max_ulp=6309024
FIRST_DIVERGENCE_OBJECT row=4 layer=23 checkpoint=CP2-KV-P subobject=kv_raw result=MISMATCH elements=512 mismatch_count=512 first_index=0 actual_bits=0xbd4a2a96 expected_bits=0xbd488af5 max_abs=0.0027140676975250244 max_rel=0.95443563608909021 max_ulp=37229568
FIRST_DIVERGENCE_OBJECT row=4 layer=23 checkpoint=CP2-KV-R subobject=raw_cache result=MISMATCH elements=512 mismatch_count=101 first_index=14 actual_bits=0x3f700000 expected_bits=0x3f800000 max_abs=0.125 max_rel=0.95486111111111116 max_ulp=37748736
FIRST_DIVERGENCE_OBJECT row=4 layer=23 checkpoint=CP3-F subobject=attn_state_kv result=MISMATCH elements=65536 mismatch_count=2560 first_index=8192 actual_bits=0x3e4b3155 expected_bits=0x3e4b3152 max_abs=0.0049291849136352539 max_rel=1.8445511745529186 max_ulp=1926789953
FIRST_DIVERGENCE_OBJECT row=4 layer=23 checkpoint=CP3-F subobject=attn_state_score result=MISMATCH elements=65536 mismatch_count=2560 first_index=8192 actual_bits=0xbdb58245 expected_bits=0xbdb54478 max_abs=0.0038703829050064087 max_rel=1.6007967098832598 max_ulp=1951551745
FIRST_DIVERGENCE_OBJECT row=4 layer=23 checkpoint=CP3-F subobject=layer_n_comp result=EXACT elements=1
FIRST_DIVERGENCE_OBJECT row=4 layer=23 checkpoint=CP4 subobject=after_attn_hc result=MISMATCH elements=16384 mismatch_count=16383 first_index=0 actual_bits=0x3dac063d expected_bits=0x3db3eb19 max_abs=0.043532848358154297 max_rel=1.9521162119453115 max_ulp=2016264491
FIRST_DIVERGENCE_OBJECT row=4 layer=23 checkpoint=CP5 subobject=layer_output result=MISMATCH elements=16384 mismatch_count=16384 first_index=0 actual_bits=0x3e06a658 expected_bits=0x3e0baa9a max_abs=0.042498350143432617 max_rel=1.9757193040275534 max_ulp=2009374874
FIRST_DIVERGENCE_OBJECT row=4 layer=24 checkpoint=CP1 subobject=attn_norm result=MISMATCH elements=4096 mismatch_count=4095 first_index=0 actual_bits=0x3cb65d07 expected_bits=0x3cbde0fc max_abs=0.007709503173828125 max_rel=1.9113085626150628 max_ulp=1939206980
FIRST_DIVERGENCE_OBJECT row=4 layer=24 checkpoint=CP2-Q subobject=qr result=MISMATCH elements=1024 mismatch_count=1024 first_index=0 actual_bits=0xbedaf3d8 expected_bits=0xbedb4e12 max_abs=0.0026952028274536133 max_rel=0.92067030309846487 max_ulp=30363616
FIRST_DIVERGENCE_OBJECT row=4 layer=24 checkpoint=CP2-KV-P subobject=kv_raw result=MISMATCH elements=512 mismatch_count=512 first_index=0 actual_bits=0xbe2991ed expected_bits=0xbe29bc71 max_abs=0.0029819458723068237 max_rel=0.70799730714766584 max_ulp=14461248
FIRST_DIVERGENCE_OBJECT row=4 layer=24 checkpoint=CP2-KV-R subobject=raw_cache result=MISMATCH elements=512 mismatch_count=127 first_index=2 actual_bits=0x3d100000 expected_bits=0x3d200000 max_abs=0.125 max_rel=0.69999999999999996 max_ulp=14680064
FIRST_DIVERGENCE_OBJECT row=4 layer=24 checkpoint=CP3-F subobject=attn_state_kv result=MISMATCH elements=8192 mismatch_count=8192 first_index=0 actual_bits=0xbe5a8abe expected_bits=0xbe5a5cb7 max_abs=0.0025870949029922485 max_rel=1.6148373459813372 max_ulp=1934987649
FIRST_DIVERGENCE_OBJECT row=4 layer=24 checkpoint=CP3-F subobject=attn_state_score result=MISMATCH elements=8192 mismatch_count=8190 first_index=0 actual_bits=0xc011a4d8 expected_bits=0xc011a085 max_abs=0.012504100799560547 max_rel=1.0798747035460183 max_ulp=1949788929
FIRST_DIVERGENCE_OBJECT row=4 layer=24 checkpoint=CP3-F subobject=layer_n_comp result=EXACT elements=1
FIRST_DIVERGENCE_OBJECT row=4 layer=24 checkpoint=CP3-F subobject=index_state_kv result=MISMATCH elements=2048 mismatch_count=2048 first_index=0 actual_bits=0xbdb2b2ac expected_bits=0xbdb330f4 max_abs=0.0025973096489906311 max_rel=0.7866143559871519 max_ulp=19121728
FIRST_DIVERGENCE_OBJECT row=4 layer=24 checkpoint=CP3-F subobject=index_state_score result=MISMATCH elements=2048 mismatch_count=2048 first_index=0 actual_bits=0xc0083139 expected_bits=0xc008399b max_abs=0.0099012851715087891 max_rel=1.2039405417449152 max_ulp=1964224321
FIRST_DIVERGENCE_OBJECT row=4 layer=24 checkpoint=CP3-F subobject=layer_n_index_comp result=EXACT elements=1
FIRST_DIVERGENCE_OBJECT row=4 layer=24 checkpoint=CP4 subobject=after_attn_hc result=MISMATCH elements=16384 mismatch_count=16384 first_index=0 actual_bits=0xbd337b9d expected_bits=0xbcdb35f3 max_abs=0.041751384735107422 max_rel=1.9756507966516275 max_ulp=2020380433
FIRST_DIVERGENCE_OBJECT row=4 layer=24 checkpoint=CP5 subobject=layer_output result=MISMATCH elements=16384 mismatch_count=16384 first_index=0 actual_bits=0xbe950d9d expected_bits=0xbe8adb58 max_abs=0.040917634963989258 max_rel=1.9595855114555056 max_ulp=2018719043
FIRST_DIVERGENCE_OBJECT row=4 layer=25 checkpoint=CP1 subobject=attn_norm result=MISMATCH elements=4096 mismatch_count=4096 first_index=0 actual_bits=0x3c57af8e expected_bits=0x3c5a547a max_abs=0.00026356801390647888 max_rel=1.6872493444246981 max_ulp=1900470158
FIRST_DIVERGENCE_OBJECT row=4 layer=25 checkpoint=CP2-Q subobject=qr result=MISMATCH elements=1024 mismatch_count=1024 first_index=0 actual_bits=0x3cb5c79c expected_bits=0x3cb64543 max_abs=0.00032966211438179016 max_rel=0.62078999112013189 max_ulp=12288768
FIRST_DIVERGENCE_OBJECT row=4 layer=25 checkpoint=CP2-KV-P subobject=kv_raw result=MISMATCH elements=512 mismatch_count=512 first_index=0 actual_bits=0x3bc014e4 expected_bits=0x3bc1c968 max_abs=0.00039421860128641129 max_rel=0.15906893757270146 max_ulp=2156796
FIRST_DIVERGENCE_OBJECT row=4 layer=25 checkpoint=CP2-KV-R subobject=raw_cache result=MISMATCH elements=512 mismatch_count=85 first_index=17 actual_bits=0xbde00000 expected_bits=0xbdf00000 max_abs=0.125 max_rel=0.18181818181818182 max_ulp=2097152
FIRST_DIVERGENCE_OBJECT row=4 layer=25 checkpoint=CP3-F subobject=attn_state_kv result=MISMATCH elements=65536 mismatch_count=2560 first_index=8192 actual_bits=0x3d929bd2 expected_bits=0x3d92b538 max_abs=0.00070688128471374512 max_rel=1.6045462358198694 max_ulp=1863427073
FIRST_DIVERGENCE_OBJECT row=4 layer=25 checkpoint=CP3-F subobject=attn_state_score result=MISMATCH elements=65536 mismatch_count=2560 first_index=8192 actual_bits=0xbd082088 expected_bits=0xbd07f85b max_abs=0.0017921924591064453 max_rel=1.1158893256166631 max_ulp=1919317505
FIRST_DIVERGENCE_OBJECT row=4 layer=25 checkpoint=CP3-F subobject=layer_n_comp result=EXACT elements=1
FIRST_DIVERGENCE_OBJECT row=4 layer=25 checkpoint=CP4 subobject=after_attn_hc result=MISMATCH elements=16384 mismatch_count=16384 first_index=0 actual_bits=0xbe8f1812 expected_bits=0xbe8504ba max_abs=0.080535888671875 max_rel=1.9209295905122119 max_ulp=2024005636
FIRST_DIVERGENCE_OBJECT row=4 layer=25 checkpoint=CP5 subobject=layer_output result=MISMATCH elements=16384 mismatch_count=16384 first_index=0 actual_bits=0x3efc30f8 expected_bits=0x3f033c4d max_abs=0.07891082763671875 max_rel=1.9088352297530289 max_ulp=2023440620
FIRST_DIVERGENCE_OBJECT row=4 layer=26 checkpoint=CP1 subobject=attn_norm result=MISMATCH elements=4096 mismatch_count=4096 first_index=0 actual_bits=0x3ca3fa12 expected_bits=0x3ca88bb4 max_abs=0.012169361114501953 max_rel=1.5508507713786728 max_ulp=1902489483
FIRST_DIVERGENCE_OBJECT row=4 layer=26 checkpoint=CP2-Q subobject=qr result=MISMATCH elements=1024 mismatch_count=1024 first_index=0 actual_bits=0x3d97d350 expected_bits=0x3d9771df max_abs=0.0012342631816864014 max_rel=0.32942566136976531 max_ulp=4470016
FIRST_DIVERGENCE_OBJECT row=4 layer=26 checkpoint=CP2-KV-P subobject=kv_raw result=MISMATCH elements=512 mismatch_count=512 first_index=0 actual_bits=0x3d868aed expected_bits=0x3d86543c max_abs=0.0011828616261482239 max_rel=1.8915237177612223 max_ulp=1940746561
FIRST_DIVERGENCE_OBJECT row=4 layer=26 checkpoint=CP2-KV-R subobject=raw_cache result=MISMATCH elements=512 mismatch_count=113 first_index=11 actual_bits=0xbcc00000 expected_bits=0xbcd00000 max_abs=0.125 max_rel=1.8925438596491229 max_ulp=1991213057
FIRST_DIVERGENCE_OBJECT row=4 layer=26 checkpoint=CP3-F subobject=attn_state_kv result=MISMATCH elements=8192 mismatch_count=8192 first_index=0 actual_bits=0xbe8c723a expected_bits=0xbe8c7bee max_abs=0.0014223121106624603 max_rel=1.2621052359824889 max_ulp=1926560705
FIRST_DIVERGENCE_OBJECT row=4 layer=26 checkpoint=CP3-F subobject=attn_state_score result=MISMATCH elements=8192 mismatch_count=8192 first_index=0 actual_bits=0x3e1b0fe6 expected_bits=0x3e1b5d1c max_abs=0.012951850891113281 max_rel=1.7703996995211118 max_ulp=1958339841
FIRST_DIVERGENCE_OBJECT row=4 layer=26 checkpoint=CP3-F subobject=layer_n_comp result=EXACT elements=1
FIRST_DIVERGENCE_OBJECT row=4 layer=26 checkpoint=CP3-F subobject=index_state_kv result=MISMATCH elements=2048 mismatch_count=2048 first_index=0 actual_bits=0x3de7730d expected_bits=0x3de78c8e max_abs=0.00384521484375 max_rel=1.5221150648486863 max_ulp=1916142145
FIRST_DIVERGENCE_OBJECT row=4 layer=26 checkpoint=CP3-F subobject=index_state_score result=MISMATCH elements=2048 mismatch_count=2048 first_index=0 actual_bits=0x3e4baf82 expected_bits=0x3e4bf380 max_abs=0.017302036285400391 max_rel=0.94446016762519569 max_ulp=34908016
FIRST_DIVERGENCE_OBJECT row=4 layer=26 checkpoint=CP3-F subobject=layer_n_index_comp result=EXACT elements=1
FIRST_DIVERGENCE_OBJECT row=4 layer=26 checkpoint=CP4 subobject=after_attn_hc result=MISMATCH elements=16384 mismatch_count=16384 first_index=0 actual_bits=0x3eeebebb expected_bits=0x3ef94b19 max_abs=0.077220916748046875 max_rel=1.978948408219831 max_ulp=2022286226
FIRST_DIVERGENCE_OBJECT row=4 layer=26 checkpoint=CP5 subobject=layer_output result=MISMATCH elements=16384 mismatch_count=16384 first_index=0 actual_bits=0x3f7f9276 expected_bits=0x3f828182 max_abs=0.075109004974365234 max_rel=1.996837560957968 max_ulp=2019450913
FIRST_DIVERGENCE_OBJECT row=4 layer=27 checkpoint=CP1 subobject=attn_norm result=MISMATCH elements=4096 mismatch_count=4096 first_index=0 actual_bits=0x3ce233ce expected_bits=0x3ce6135e max_abs=0.00076860934495925903 max_rel=1.9943273122317224 max_ulp=1919788856
FIRST_DIVERGENCE_OBJECT row=4 layer=27 checkpoint=CP2-Q subobject=qr result=MISMATCH elements=1024 mismatch_count=1024 first_index=0 actual_bits=0xbac38fa0 expected_bits=0xbab2dd80 max_abs=0.0012431219220161438 max_rel=1.0513712468595724 max_ulp=1888399489
FIRST_DIVERGENCE_OBJECT row=4 layer=27 checkpoint=CP2-KV-P subobject=kv_raw result=MISMATCH elements=512 mismatch_count=512 first_index=0 actual_bits=0xbd87eb42 expected_bits=0xbd87aa7d max_abs=0.0014555454254150391 max_rel=1.074778606791716 max_ulp=1915985025
FIRST_DIVERGENCE_OBJECT row=4 layer=27 checkpoint=CP2-KV-R subobject=raw_cache result=MISMATCH elements=512 mismatch_count=111 first_index=43 actual_bits=0x3d400000 expected_bits=0x3d500000 max_abs=0.125 max_rel=1.0729166666666667 max_ulp=1973420033
FIRST_DIVERGENCE_OBJECT row=4 layer=27 checkpoint=CP3-F subobject=attn_state_kv result=MISMATCH elements=65536 mismatch_count=2560 first_index=8192 actual_bits=0xbc93f4eb expected_bits=0xbc92c48a max_abs=0.0028647482395172119 max_rel=1.2053315663387532 max_ulp=1918694273
FIRST_DIVERGENCE_OBJECT row=4 layer=27 checkpoint=CP3-F subobject=attn_state_score result=MISMATCH elements=65536 mismatch_count=2560 first_index=8192 actual_bits=0xbde7f2fc expected_bits=0xbde81cc7 max_abs=0.0030357837677001953 max_rel=1.2781533924041142 max_ulp=1934240385
FIRST_DIVERGENCE_OBJECT row=4 layer=27 checkpoint=CP3-F subobject=layer_n_comp result=EXACT elements=1
FIRST_DIVERGENCE_OBJECT row=4 layer=27 checkpoint=CP4 subobject=after_attn_hc result=MISMATCH elements=16384 mismatch_count=16384 first_index=0 actual_bits=0x3facb71b expected_bits=0x3fae116b max_abs=0.074176788330078125 max_rel=1.9826038243335216 max_ulp=2025849437
FIRST_DIVERGENCE_OBJECT row=4 layer=27 checkpoint=CP5 subobject=layer_output result=MISMATCH elements=16384 mismatch_count=16384 first_index=0 actual_bits=0x4000cdbf expected_bits=0x4001f870 max_abs=0.072964668273925781 max_rel=1.9845521383404567 max_ulp=2023116217
FIRST_DIVERGENCE_OBJECT row=4 layer=28 checkpoint=CP1 subobject=attn_norm result=MISMATCH elements=4096 mismatch_count=4096 first_index=0 actual_bits=0x3dcb222b expected_bits=0x3dcd1f4e max_abs=0.00197601318359375 max_rel=1.3925681699192962 max_ulp=1904435152
FIRST_DIVERGENCE_OBJECT row=4 layer=28 checkpoint=CP2-Q subobject=qr result=MISMATCH elements=1024 mismatch_count=1024 first_index=0 actual_bits=0x3d4ef3d8 expected_bits=0x3d5109d4 max_abs=0.0014935284852981567 max_rel=1.868483719003986 max_ulp=1931082497
FIRST_DIVERGENCE_OBJECT row=4 layer=28 checkpoint=CP2-KV-P subobject=kv_raw result=MISMATCH elements=512 mismatch_count=512 first_index=0 actual_bits=0x3c482d50 expected_bits=0x3c42dd44 max_abs=0.0015548914670944214 max_rel=0.83030975376316019 max_ulp=21502976
FIRST_DIVERGENCE_OBJECT row=4 layer=28 checkpoint=CP2-KV-R subobject=raw_cache result=MISMATCH elements=512 mismatch_count=131 first_index=0 actual_bits=0x3dc00000 expected_bits=0x3db00000 max_abs=0.125 max_rel=0.82692307692307687 max_ulp=20971520
FIRST_DIVERGENCE_OBJECT row=4 layer=28 checkpoint=CP3-F subobject=attn_state_kv result=MISMATCH elements=8192 mismatch_count=8192 first_index=0 actual_bits=0x3d88a902 expected_bits=0x3d889c58 max_abs=0.0018977075815200806 max_rel=1.9595648751162957 max_ulp=1930784001
FIRST_DIVERGENCE_OBJECT row=4 layer=28 checkpoint=CP3-F subobject=attn_state_score result=MISMATCH elements=8192 mismatch_count=8192 first_index=0 actual_bits=0x3fbea1b2 expected_bits=0x3fbeed46 max_abs=0.012485980987548828 max_rel=0.22488156300557904 max_ulp=3534656
FIRST_DIVERGENCE_OBJECT row=4 layer=28 checkpoint=CP3-F subobject=layer_n_comp result=EXACT elements=1
FIRST_DIVERGENCE_OBJECT row=4 layer=28 checkpoint=CP3-F subobject=index_state_kv result=MISMATCH elements=2048 mismatch_count=2048 first_index=0 actual_bits=0xbe6069b2 expected_bits=0xbe60a306 max_abs=0.0028119385242462158 max_rel=0.8848097960401764 max_ulp=26242944
FIRST_DIVERGENCE_OBJECT row=4 layer=28 checkpoint=CP3-F subobject=index_state_score result=MISMATCH elements=2048 mismatch_count=2048 first_index=0 actual_bits=0x3fc0cd41 expected_bits=0x3fc119af max_abs=0.010876655578613281 max_rel=0.040812694555290137 max_ulp=638448
FIRST_DIVERGENCE_OBJECT row=4 layer=28 checkpoint=CP3-F subobject=layer_n_index_comp result=EXACT elements=1
FIRST_DIVERGENCE_OBJECT row=4 layer=28 checkpoint=CP4 subobject=after_attn_hc result=MISMATCH elements=16384 mismatch_count=16384 first_index=0 actual_bits=0x4000604d expected_bits=0x40018a97 max_abs=0.079366683959960938 max_rel=1.9751227303700594 max_ulp=2023101142
FIRST_DIVERGENCE_OBJECT row=4 layer=28 checkpoint=CP5 subobject=layer_output result=MISMATCH elements=16384 mismatch_count=16384 first_index=0 actual_bits=0x40169f94 expected_bits=0x4017c903 max_abs=0.078278541564941406 max_rel=1.9828420715195665 max_ulp=2024626467
FIRST_DIVERGENCE_OBJECT row=4 layer=29 checkpoint=CP1 subobject=attn_norm result=MISMATCH elements=4096 mismatch_count=4096 first_index=0 actual_bits=0x3c7bd10e expected_bits=0x3c82a42d max_abs=0.00085506588220596313 max_rel=1.6640226919716781 max_ulp=1924052887
FIRST_DIVERGENCE_OBJECT row=4 layer=29 checkpoint=CP2-Q subobject=qr result=MISMATCH elements=1024 mismatch_count=1024 first_index=0 actual_bits=0xbe10c0d2 expected_bits=0xbe1070d6 max_abs=0.0012599676847457886 max_rel=1.9152766252900035 max_ulp=1924778753
FIRST_DIVERGENCE_OBJECT row=4 layer=29 checkpoint=CP2-KV-P subobject=kv_raw result=MISMATCH elements=512 mismatch_count=512 first_index=0 actual_bits=0xbce1c702 expected_bits=0xbce3c3a6 max_abs=0.0014633983373641968 max_rel=1.2212189616252822 max_ulp=1919339009
FIRST_DIVERGENCE_OBJECT row=4 layer=29 checkpoint=CP2-KV-R subobject=raw_cache result=MISMATCH elements=512 mismatch_count=119 first_index=4 actual_bits=0xbe100000 expected_bits=0xbe200000 max_abs=0.125 max_rel=1.2222222222222223 max_ulp=1980760065
FIRST_DIVERGENCE_OBJECT row=4 layer=29 checkpoint=CP3-F subobject=attn_state_kv result=MISMATCH elements=65536 mismatch_count=2560 first_index=8192 actual_bits=0x3e11ebcc expected_bits=0x3e11cda8 max_abs=0.0034602582454681396 max_rel=1.9215247819949606 max_ulp=1927747265
FIRST_DIVERGENCE_OBJECT row=4 layer=29 checkpoint=CP3-F subobject=attn_state_score result=MISMATCH elements=65536 mismatch_count=2560 first_index=8192 actual_bits=0x3dc3cb1d expected_bits=0x3dc44ab8 max_abs=0.0047695040702819824 max_rel=1.821383017253597 max_ulp=1951587425
FIRST_DIVERGENCE_OBJECT row=4 layer=29 checkpoint=CP3-F subobject=layer_n_comp result=EXACT elements=1
FIRST_DIVERGENCE_OBJECT row=4 layer=29 checkpoint=CP4 subobject=after_attn_hc result=MISMATCH elements=16384 mismatch_count=16383 first_index=0 actual_bits=0x40167984 expected_bits=0x4017a30b max_abs=0.075023651123046875 max_rel=1.8251644297721661 max_ulp=2042248671
FIRST_DIVERGENCE_OBJECT row=4 layer=29 checkpoint=CP5 subobject=layer_output result=MISMATCH elements=16384 mismatch_count=16384 first_index=0 actual_bits=0x3f851b87 expected_bits=0x3f7f0624 max_abs=0.2355961799621582 max_rel=1.9763324295252716 max_ulp=2066018770
FIRST_DIVERGENCE_OBJECT row=4 layer=30 checkpoint=CP1 subobject=attn_norm result=MISMATCH elements=4096 mismatch_count=4096 first_index=0 actual_bits=0x3d22c448 expected_bits=0x3d219712 max_abs=0.0079919099807739258 max_rel=1.9993019956229829 max_ulp=1967631286
FIRST_DIVERGENCE_OBJECT row=4 layer=30 checkpoint=CP2-Q subobject=qr result=MISMATCH elements=1024 mismatch_count=1024 first_index=0 actual_bits=0xbdb7a944 expected_bits=0xbdbae3d7 max_abs=0.0064094364643096924 max_rel=1.6511887642774818 max_ulp=1958416097
FIRST_DIVERGENCE_OBJECT row=4 layer=30 checkpoint=CP2-KV-P subobject=kv_raw result=MISMATCH elements=512 mismatch_count=512 first_index=0 actual_bits=0xbc77f5d8 expected_bits=0xbc98812e max_abs=0.005057215690612793 max_rel=0.83869664792837806 max_ulp=22230144
FIRST_DIVERGENCE_OBJECT row=4 layer=30 checkpoint=CP2-KV-R subobject=raw_cache result=MISMATCH elements=512 mismatch_count=213 first_index=0 actual_bits=0xbd800000 expected_bits=0xbda00000 max_abs=0.125 max_rel=0.83333333333333337 max_ulp=22020096
FIRST_DIVERGENCE_OBJECT row=4 layer=30 checkpoint=CP3-F subobject=attn_state_kv result=MISMATCH elements=8192 mismatch_count=8192 first_index=0 actual_bits=0xbca1f690 expected_bits=0xbca1f6da max_abs=0.0044403672218322754 max_rel=1.5007850666961355 max_ulp=1967165377
FIRST_DIVERGENCE_OBJECT row=4 layer=30 checkpoint=CP3-F subobject=attn_state_score result=MISMATCH elements=8192 mismatch_count=8192 first_index=0 actual_bits=0x3f3fcbc0 expected_bits=0x3f3fe71c max_abs=0.018620193004608154 max_rel=1.5980962033366124 max_ulp=1999614337
FIRST_DIVERGENCE_OBJECT row=4 layer=30 checkpoint=CP3-F subobject=layer_n_comp result=EXACT elements=1
FIRST_DIVERGENCE_OBJECT row=4 layer=30 checkpoint=CP3-F subobject=index_state_kv result=MISMATCH elements=2048 mismatch_count=2048 first_index=0 actual_bits=0x3bae80c8 expected_bits=0x3bb260e0 max_abs=0.0049083679914474487 max_rel=1.1888983603269319 max_ulp=1935010177
FIRST_DIVERGENCE_OBJECT row=4 layer=30 checkpoint=CP3-F subobject=index_state_score result=MISMATCH elements=2048 mismatch_count=2048 first_index=0 actual_bits=0x3eec62c2 expected_bits=0x3eebd89c max_abs=0.020082473754882812 max_rel=0.89050938337801611 max_ulp=26375168
FIRST_DIVERGENCE_OBJECT row=4 layer=30 checkpoint=CP3-F subobject=layer_n_index_comp result=EXACT elements=1
FIRST_DIVERGENCE_OBJECT row=4 layer=30 checkpoint=CP4 subobject=after_attn_hc result=MISMATCH elements=16384 mismatch_count=16384 first_index=0 actual_bits=0x3f758749 expected_bits=0x3f6aaa44 max_abs=0.32070398330688477 max_rel=1.9898768948878387 max_ulp=2065320008
FIRST_DIVERGENCE_OBJECT row=4 layer=30 checkpoint=CP5 subobject=layer_output result=MISMATCH elements=16384 mismatch_count=16384 first_index=0 actual_bits=0x3fa537c8 expected_bits=0x3fa07266 max_abs=0.34072971343994141 max_rel=1.9979968114189541 max_ulp=2063138773
FIRST_DIVERGENCE_OBJECT row=4 layer=31 checkpoint=CP1 subobject=attn_norm result=MISMATCH elements=4096 mismatch_count=4096 first_index=0 actual_bits=0x3cf6c67a expected_bits=0x3cf4a5a7 max_abs=0.0028383210301399231 max_rel=1.7537340153535259 max_ulp=1962011248
FIRST_DIVERGENCE_OBJECT row=4 layer=31 checkpoint=CP2-Q subobject=qr result=MISMATCH elements=1024 mismatch_count=1024 first_index=0 actual_bits=0xbc851c2c expected_bits=0xbc6f8a6c max_abs=0.0044338088482618332 max_rel=1.6288810018467221 max_ulp=1970543065
FIRST_DIVERGENCE_OBJECT row=4 layer=31 checkpoint=CP2-KV-P subobject=kv_raw result=MISMATCH elements=512 mismatch_count=512 first_index=0 actual_bits=0xbcc9a861 expected_bits=0xbcc18fd1 max_abs=0.0051426887512207031 max_rel=1.4222057932481438 max_ulp=1953879137
FIRST_DIVERGENCE_OBJECT row=4 layer=31 checkpoint=CP2-KV-R subobject=raw_cache result=MISMATCH elements=512 mismatch_count=213 first_index=0 actual_bits=0xbea00000 expected_bits=0xbe900000 max_abs=0.125 max_rel=1.4444444444444444 max_ulp=2016411649
FIRST_DIVERGENCE_OBJECT row=4 layer=31 checkpoint=CP3-F subobject=attn_state_kv result=MISMATCH elements=65536 mismatch_count=2560 first_index=8192 actual_bits=0x3c0cc878 expected_bits=0x3c0fee84 max_abs=0.0038536190986633301 max_rel=1.6698402618257351 max_ulp=1960404465
FIRST_DIVERGENCE_OBJECT row=4 layer=31 checkpoint=CP3-F subobject=attn_state_score result=MISMATCH elements=65536 mismatch_count=2560 first_index=8192 actual_bits=0xbd93313e expected_bits=0xbd9281ba max_abs=0.007980048656463623 max_rel=1.8068109543941038 max_ulp=1937329281
FIRST_DIVERGENCE_OBJECT row=4 layer=31 checkpoint=CP3-F subobject=layer_n_comp result=EXACT elements=1
FIRST_DIVERGENCE_OBJECT row=4 layer=31 checkpoint=CP4 subobject=after_attn_hc result=MISMATCH elements=16384 mismatch_count=16384 first_index=0 actual_bits=0x3f9f9d1d expected_bits=0x3f9ba333 max_abs=0.33761405944824219 max_rel=1.9628760236192671 max_ulp=2064188193
FIRST_DIVERGENCE_OBJECT row=4 layer=31 checkpoint=CP5 subobject=layer_output result=MISMATCH elements=16384 mismatch_count=16384 first_index=0 actual_bits=0x3fb4e79a expected_bits=0x3fb0afd5 max_abs=0.327301025390625 max_rel=1.9884452098768366 max_ulp=2061991929
FIRST_DIVERGENCE_OBJECT row=4 layer=32 checkpoint=CP1 subobject=attn_norm result=MISMATCH elements=4096 mismatch_count=4096 first_index=0 actual_bits=0x3d16e750 expected_bits=0x3d162ddd max_abs=0.02606046199798584 max_rel=1.9763378366782507 max_ulp=1968442401
FIRST_DIVERGENCE_OBJECT row=4 layer=32 checkpoint=CP2-Q subobject=qr result=MISMATCH elements=1024 mismatch_count=1024 first_index=0 actual_bits=0x3de4e218 expected_bits=0x3de4e0f1 max_abs=0.0068954527378082275 max_rel=1.0202032377588295 max_ulp=1940604609
FIRST_DIVERGENCE_OBJECT row=4 layer=32 checkpoint=CP2-KV-P subobject=kv_raw result=MISMATCH elements=512 mismatch_count=512 first_index=0 actual_bits=0x3be19230 expected_bits=0x3aee3fe0 max_abs=0.0061426535248756409 max_rel=1.9301108159804232 max_ulp=1961282689
FIRST_DIVERGENCE_OBJECT row=4 layer=32 checkpoint=CP2-KV-R subobject=raw_cache result=MISMATCH elements=512 mismatch_count=227 first_index=0 actual_bits=0x3d400000 expected_bits=0x3c400000 max_abs=0.125 max_rel=1.9285714285714286 max_ulp=2008023041
FIRST_DIVERGENCE_OBJECT row=4 layer=32 checkpoint=CP3-F subobject=attn_state_kv result=MISMATCH elements=8192 mismatch_count=8192 first_index=0 actual_bits=0xbccaf4ee expected_bits=0xbccdaaea max_abs=0.00511893630027771 max_rel=1.9139212861855861 max_ulp=1975363137
FIRST_DIVERGENCE_OBJECT row=4 layer=32 checkpoint=CP3-F subobject=attn_state_score result=MISMATCH elements=8192 mismatch_count=8192 first_index=0 actual_bits=0xbfdbaacc expected_bits=0xbfdd2a83 max_abs=0.032704591751098633 max_rel=1.85427961748202 max_ulp=1959411457
FIRST_DIVERGENCE_OBJECT row=4 layer=32 checkpoint=CP3-F subobject=layer_n_comp result=EXACT elements=1
FIRST_DIVERGENCE_OBJECT row=4 layer=32 checkpoint=CP3-F subobject=index_state_kv result=MISMATCH elements=2048 mismatch_count=2048 first_index=0 actual_bits=0x3e1107d4 expected_bits=0x3e1129ba max_abs=0.013123631477355957 max_rel=0.97447490002717707 max_ulp=44962944
FIRST_DIVERGENCE_OBJECT row=4 layer=32 checkpoint=CP3-F subobject=index_state_score result=MISMATCH elements=2048 mismatch_count=2048 first_index=0 actual_bits=0xbfebe143 expected_bits=0xbfed51b2 max_abs=0.02935791015625 max_rel=1.4490724348451196 max_ulp=1960412801
FIRST_DIVERGENCE_OBJECT row=4 layer=32 checkpoint=CP3-F subobject=layer_n_index_comp result=EXACT elements=1
FIRST_DIVERGENCE_OBJECT row=4 layer=32 checkpoint=CP4 subobject=after_attn_hc result=MISMATCH elements=16384 mismatch_count=16384 first_index=0 actual_bits=0x3fb3f913 expected_bits=0x3fafbce9 max_abs=0.32008790969848633 max_rel=1.9398220696522628 max_ulp=2058720692
FIRST_DIVERGENCE_OBJECT row=4 layer=32 checkpoint=CP5 subobject=layer_output result=MISMATCH elements=16384 mismatch_count=16383 first_index=0 actual_bits=0x3fbcceff expected_bits=0x3fb902a3 max_abs=0.31682586669921875 max_rel=1.9936122364786628 max_ulp=2064417994
FIRST_DIVERGENCE_OBJECT row=4 layer=33 checkpoint=CP1 subobject=attn_norm result=MISMATCH elements=4096 mismatch_count=4096 first_index=0 actual_bits=0x3cfcf951 expected_bits=0x3cfc9e3f max_abs=0.0029389150440692902 max_rel=1.909513915885563 max_ulp=1961574399
FIRST_DIVERGENCE_OBJECT row=4 layer=33 checkpoint=CP2-Q subobject=qr result=MISMATCH elements=1024 mismatch_count=1024 first_index=0 actual_bits=0x3d7758e5 expected_bits=0x3d7a5394 max_abs=0.004460405558347702 max_rel=1.8908399246221492 max_ulp=1965036897
FIRST_DIVERGENCE_OBJECT row=4 layer=33 checkpoint=CP2-KV-P subobject=kv_raw result=MISMATCH elements=512 mismatch_count=512 first_index=0 actual_bits=0xbdcdb994 expected_bits=0xbdcb1e51 max_abs=0.004069983959197998 max_rel=1.7128491501996654 max_ulp=1966896673
FIRST_DIVERGENCE_OBJECT row=4 layer=33 checkpoint=CP2-KV-R subobject=raw_cache result=MISMATCH elements=512 mismatch_count=204 first_index=5 actual_bits=0x3f300000 expected_bits=0x3f400000 max_abs=0.25 max_rel=1.7139393939393939 max_ulp=2019655681
FIRST_DIVERGENCE_OBJECT row=4 layer=33 checkpoint=CP3-F subobject=attn_state_kv result=MISMATCH elements=65536 mismatch_count=2560 first_index=8192 actual_bits=0x3d1c3a3f expected_bits=0x3d1c2876 max_abs=0.0039983540773391724 max_rel=1.7511554096420343 max_ulp=1961439633
FIRST_DIVERGENCE_OBJECT row=4 layer=33 checkpoint=CP3-F subobject=attn_state_score result=MISMATCH elements=65536 mismatch_count=2560 first_index=8192 actual_bits=0xbda60510 expected_bits=0xbda66587 max_abs=0.0089840590953826904 max_rel=1.9136576425542193 max_ulp=1968745569
FIRST_DIVERGENCE_OBJECT row=4 layer=33 checkpoint=CP3-F subobject=layer_n_comp result=EXACT elements=1
FIRST_DIVERGENCE_OBJECT row=4 layer=33 checkpoint=CP4 subobject=after_attn_hc result=MISMATCH elements=16384 mismatch_count=16384 first_index=0 actual_bits=0x3fbcde3e expected_bits=0x3fb918e5 max_abs=0.29111123085021973 max_rel=1.9815449158777623 max_ulp=2062982164
FIRST_DIVERGENCE_OBJECT row=4 layer=33 checkpoint=CP5 subobject=layer_output result=MISMATCH elements=16384 mismatch_count=16384 first_index=0 actual_bits=0x400152ca expected_bits=0x40016250 max_abs=0.28990912437438965 max_rel=1.9971177854117703 max_ulp=2070322197
FIRST_DIVERGENCE_OBJECT row=4 layer=34 checkpoint=CP1 subobject=attn_norm result=MISMATCH elements=4096 mismatch_count=4096 first_index=0 actual_bits=0x3d3dc8de expected_bits=0x3d40467a max_abs=0.014451384544372559 max_rel=1.9106824018384612 max_ulp=1970447854
FIRST_DIVERGENCE_OBJECT row=4 layer=34 checkpoint=CP2-Q subobject=qr result=MISMATCH elements=1024 mismatch_count=1024 first_index=0 actual_bits=0x3e7bd5d9 expected_bits=0x3e79acd0 max_abs=0.0097056329250335693 max_rel=1.7170356518219339 max_ulp=1984720873
FIRST_DIVERGENCE_OBJECT row=4 layer=34 checkpoint=CP2-KV-P subobject=kv_raw result=MISMATCH elements=512 mismatch_count=512 first_index=0 actual_bits=0x3e91c2d6 expected_bits=0x3e910241 max_abs=0.0082853361964225769 max_rel=1.6099813198023343 max_ulp=1947801633
FIRST_DIVERGENCE_OBJECT row=4 layer=34 checkpoint=CP2-KV-R subobject=raw_cache result=MISMATCH elements=512 mismatch_count=214 first_index=4 actual_bits=0xbe200000 expected_bits=0xbe300000 max_abs=0.125 max_rel=1.6666666666666667 max_ulp=1993342977
FIRST_DIVERGENCE_OBJECT row=4 layer=34 checkpoint=CP3-F subobject=attn_state_kv result=MISMATCH elements=8192 mismatch_count=8192 first_index=0 actual_bits=0x3e012112 expected_bits=0x3e00d8be max_abs=0.0095168352127075195 max_rel=1.8595033071259204 max_ulp=1981737673
FIRST_DIVERGENCE_OBJECT row=4 layer=34 checkpoint=CP3-F subobject=attn_state_score result=MISMATCH elements=8192 mismatch_count=8192 first_index=0 actual_bits=0x402130df expected_bits=0x4023161c max_abs=0.12050366401672363 max_rel=1.9231579679331439 max_ulp=2019516069
FIRST_DIVERGENCE_OBJECT row=4 layer=34 checkpoint=CP3-F subobject=layer_n_comp result=EXACT elements=1
FIRST_DIVERGENCE_OBJECT row=4 layer=34 checkpoint=CP3-F subobject=index_state_kv result=MISMATCH elements=2048 mismatch_count=2048 first_index=0 actual_bits=0x3e6dfce2 expected_bits=0x3e6d339a max_abs=0.0086432099342346191 max_rel=1.0544511232891209 max_ulp=1963474793
FIRST_DIVERGENCE_OBJECT row=4 layer=34 checkpoint=CP3-F subobject=index_state_score result=MISMATCH elements=2048 mismatch_count=2048 first_index=0 actual_bits=0x4016dc63 expected_bits=0x40189e2b max_abs=0.12086319923400879 max_rel=1.7554029933398929 max_ulp=2019210529
FIRST_DIVERGENCE_OBJECT row=4 layer=34 checkpoint=CP3-F subobject=layer_n_index_comp result=EXACT elements=1
FIRST_DIVERGENCE_OBJECT row=4 layer=34 checkpoint=CP4 subobject=after_attn_hc result=MISMATCH elements=16384 mismatch_count=16384 first_index=0 actual_bits=0x40148f18 expected_bits=0x401542d1 max_abs=0.28664970397949219 max_rel=1.9786698655929362 max_ulp=2070184556
FIRST_DIVERGENCE_OBJECT row=4 layer=34 checkpoint=CP5 subobject=layer_output result=MISMATCH elements=16384 mismatch_count=16384 first_index=0 actual_bits=0x3fef8a90 expected_bits=0x3ff20c9f max_abs=0.28613638877868652 max_rel=1.9709626525510058 max_ulp=2065860856
FIRST_DIVERGENCE_OBJECT row=4 layer=35 checkpoint=CP1 subobject=attn_norm result=MISMATCH elements=4096 mismatch_count=4096 first_index=0 actual_bits=0x3d531719 expected_bits=0x3d56c677 max_abs=0.0046790279448032379 max_rel=1.9080718850384226 max_ulp=1969045029
FIRST_DIVERGENCE_OBJECT row=4 layer=35 checkpoint=CP2-Q subobject=qr result=MISMATCH elements=1024 mismatch_count=1024 first_index=0 actual_bits=0x3e40f944 expected_bits=0x3e40564b max_abs=0.0060174986720085144 max_rel=1.7237531077849457 max_ulp=1979735105
FIRST_DIVERGENCE_OBJECT row=4 layer=35 checkpoint=CP2-KV-P subobject=kv_raw result=MISMATCH elements=512 mismatch_count=512 first_index=0 actual_bits=0x3b0b5440 expected_bits=0x3b1d7a20 max_abs=0.0081527754664421082 max_rel=1.812987390557268 max_ulp=1982390601
FIRST_DIVERGENCE_OBJECT row=4 layer=35 checkpoint=CP2-KV-R subobject=raw_cache result=MISMATCH elements=512 mismatch_count=231 first_index=0 actual_bits=0x3cb00000 expected_bits=0x3cd00000 max_abs=0.25 max_rel=1.8333333333333333 max_ulp=2036334593
FIRST_DIVERGENCE_OBJECT row=4 layer=35 checkpoint=CP3-F subobject=attn_state_kv result=MISMATCH elements=65536 mismatch_count=2560 first_index=8192 actual_bits=0xbce6575e expected_bits=0xbce72835 max_abs=0.012636065483093262 max_rel=1.944745465885704 max_ulp=1987340297
FIRST_DIVERGENCE_OBJECT row=4 layer=35 checkpoint=CP3-F subobject=attn_state_score result=MISMATCH elements=65536 mismatch_count=2560 first_index=8192 actual_bits=0xbe6eec86 expected_bits=0xbe6de46c max_abs=0.011739969253540039 max_rel=1.9196188794467131 max_ulp=1973597153
FIRST_DIVERGENCE_OBJECT row=4 layer=35 checkpoint=CP3-F subobject=layer_n_comp result=EXACT elements=1
FIRST_DIVERGENCE_OBJECT row=4 layer=35 checkpoint=CP4 subobject=after_attn_hc result=MISMATCH elements=16384 mismatch_count=16384 first_index=0 actual_bits=0x3ffac85a expected_bits=0x3ffd9146 max_abs=0.2705681324005127 max_rel=1.9693269953113894 max_ulp=2067111439
FIRST_DIVERGENCE_OBJECT row=4 layer=35 checkpoint=CP5 subobject=layer_output result=MISMATCH elements=16384 mismatch_count=16384 first_index=0 actual_bits=0x3ffcf3d0 expected_bits=0x3fffc134 max_abs=0.29533147811889648 max_rel=1.9702879626466154 max_ulp=2070377151
FIRST_DIVERGENCE_OBJECT row=4 layer=36 checkpoint=CP1 subobject=attn_norm result=MISMATCH elements=4096 mismatch_count=4096 first_index=0 actual_bits=0xb9c4dec9 expected_bits=0x39d0dd17 max_abs=0.019639134407043457 max_rel=1.9425779511775458 max_ulp=1956791848
FIRST_DIVERGENCE_OBJECT row=4 layer=36 checkpoint=CP2-Q subobject=qr result=MISMATCH elements=1024 mismatch_count=1024 first_index=0 actual_bits=0x3e13399c expected_bits=0x3e14c27f max_abs=0.0038725435733795166 max_rel=1.649654458505861 max_ulp=1957954689
FIRST_DIVERGENCE_OBJECT row=4 layer=36 checkpoint=CP2-KV-P subobject=kv_raw result=MISMATCH elements=512 mismatch_count=512 first_index=0 actual_bits=0x3def177a expected_bits=0x3dee2e3a max_abs=0.0051288306713104248 max_rel=1.9724397610638136 max_ulp=1964525889
FIRST_DIVERGENCE_OBJECT row=4 layer=36 checkpoint=CP2-KV-R subobject=raw_cache result=MISMATCH elements=512 mismatch_count=184 first_index=6 actual_bits=0xbf500000 expected_bits=0xbf600000 max_abs=0.125 max_rel=1.7777777777777777 max_ulp=2012217345
FIRST_DIVERGENCE_OBJECT row=4 layer=36 checkpoint=CP3-F subobject=attn_state_kv result=MISMATCH elements=8192 mismatch_count=8192 first_index=0 actual_bits=0x3ce52d4e expected_bits=0x3ce19d62 max_abs=0.0074370540678501129 max_rel=1.9867419663665637 max_ulp=1968019617
FIRST_DIVERGENCE_OBJECT row=4 layer=36 checkpoint=CP3-F subobject=attn_state_score result=MISMATCH elements=8192 mismatch_count=8192 first_index=0 actual_bits=0x3e442e8c expected_bits=0x3e47359a max_abs=0.029037535190582275 max_rel=1.8510237336167199 max_ulp=1993202121
FIRST_DIVERGENCE_OBJECT row=4 layer=36 checkpoint=CP3-F subobject=layer_n_comp result=EXACT elements=1
FIRST_DIVERGENCE_OBJECT row=4 layer=36 checkpoint=CP3-F subobject=index_state_kv result=MISMATCH elements=2048 mismatch_count=2048 first_index=0 actual_bits=0xbc8d75f2 expected_bits=0xbc8d2a02 max_abs=0.0059424936771392822 max_rel=1.4620929984123301 max_ulp=1954123489
FIRST_DIVERGENCE_OBJECT row=4 layer=36 checkpoint=CP3-F subobject=index_state_score result=MISMATCH elements=2048 mismatch_count=2048 first_index=0 actual_bits=0xbe0617c2 expected_bits=0xbe020a3b max_abs=0.029639363288879395 max_rel=0.96246938615751076 max_ulp=40217760
FIRST_DIVERGENCE_OBJECT row=4 layer=36 checkpoint=CP3-F subobject=layer_n_index_comp result=EXACT elements=1
FIRST_DIVERGENCE_OBJECT row=4 layer=36 checkpoint=CP4 subobject=after_attn_hc result=MISMATCH elements=16384 mismatch_count=16384 first_index=0 actual_bits=0x3ff1fa38 expected_bits=0x3ff54da4 max_abs=0.27493095397949219 max_rel=1.9648131347917974 max_ulp=2073994086
FIRST_DIVERGENCE_OBJECT row=4 layer=36 checkpoint=CP5 subobject=layer_output result=MISMATCH elements=16384 mismatch_count=16384 first_index=0 actual_bits=0x3f8fa504 expected_bits=0x3f961cb9 max_abs=0.27258443832397461 max_rel=1.9979835077370323 max_ulp=2073429929
FIRST_DIVERGENCE_OBJECT row=4 layer=37 checkpoint=CP1 subobject=attn_norm result=MISMATCH elements=4096 mismatch_count=4096 first_index=0 actual_bits=0x3da217fe expected_bits=0x3da52db3 max_abs=0.0063337348401546478 max_rel=1.9086887094577678 max_ulp=1975901935
FIRST_DIVERGENCE_OBJECT row=4 layer=37 checkpoint=CP2-Q subobject=qr result=MISMATCH elements=1024 mismatch_count=1024 first_index=0 actual_bits=0x3e938de8 expected_bits=0x3e933aac max_abs=0.0074682533740997314 max_rel=1.5289232409065761 max_ulp=1984255729
FIRST_DIVERGENCE_OBJECT row=4 layer=37 checkpoint=CP2-KV-P subobject=kv_raw result=MISMATCH elements=512 mismatch_count=512 first_index=0 actual_bits=0xbdf22b8a expected_bits=0xbde8007d max_abs=0.011057093739509583 max_rel=1.7728569948133215 max_ulp=1999008697
FIRST_DIVERGENCE_OBJECT row=4 layer=37 checkpoint=CP2-KV-R subobject=raw_cache result=MISMATCH elements=512 mismatch_count=245 first_index=0 actual_bits=0xbf300000 expected_bits=0xbf200000 max_abs=0.125 max_rel=1.7333333333333334 max_ulp=2040528897
FIRST_DIVERGENCE_OBJECT row=4 layer=37 checkpoint=CP3-F subobject=attn_state_kv result=MISMATCH elements=65536 mismatch_count=2560 first_index=8192 actual_bits=0xbbd1ac1a expected_bits=0xbbd25e3e max_abs=0.012818813323974609 max_rel=1.8753340033829333 max_ulp=1931821165
FIRST_DIVERGENCE_OBJECT row=4 layer=37 checkpoint=CP3-F subobject=attn_state_score result=MISMATCH elements=65536 mismatch_count=2560 first_index=8192 actual_bits=0xbe604304 expected_bits=0xbe605df8 max_abs=0.025805205106735229 max_rel=0.60615183149778928 max_ulp=10697232
FIRST_DIVERGENCE_OBJECT row=4 layer=37 checkpoint=CP3-F subobject=layer_n_comp result=EXACT elements=1
FIRST_DIVERGENCE_OBJECT row=4 layer=37 checkpoint=CP4 subobject=after_attn_hc result=MISMATCH elements=16384 mismatch_count=16384 first_index=0 actual_bits=0x3f85b6c4 expected_bits=0x3f8c48d4 max_abs=0.36553573608398438 max_rel=1.9829200292520375 max_ulp=2074258591
FIRST_DIVERGENCE_OBJECT row=4 layer=37 checkpoint=CP5 subobject=layer_output result=MISMATCH elements=16384 mismatch_count=16384 first_index=0 actual_bits=0x3f733ecd expected_bits=0x3f81bb97 max_abs=0.37081432342529297 max_rel=1.9572227352340172 max_ulp=2065202894
FIRST_DIVERGENCE_OBJECT row=4 layer=38 checkpoint=CP1 subobject=attn_norm result=MISMATCH elements=4096 mismatch_count=4096 first_index=0 actual_bits=0x3be0e8a9 expected_bits=0x3c1cc18b max_abs=0.025648564100265503 max_rel=1.9898719255516524 max_ulp=1978534200
FIRST_DIVERGENCE_OBJECT row=4 layer=38 checkpoint=CP2-Q subobject=qr result=MISMATCH elements=1024 mismatch_count=1024 first_index=0 actual_bits=0x3d2c6638 expected_bits=0x3d114744 max_abs=0.0097983479499816895 max_rel=1.9188679321912745 max_ulp=1977800065
FIRST_DIVERGENCE_OBJECT row=4 layer=38 checkpoint=CP2-KV-P subobject=kv_raw result=MISMATCH elements=512 mismatch_count=512 first_index=0 actual_bits=0xbde5b9eb expected_bits=0xbddb44c5 max_abs=0.008975103497505188 max_rel=1.8469448560114221 max_ulp=1990358449
FIRST_DIVERGENCE_OBJECT row=4 layer=38 checkpoint=CP2-KV-R subobject=raw_cache result=MISMATCH elements=512 mismatch_count=203 first_index=4 actual_bits=0xbef00000 expected_bits=0xbf000000 max_abs=0.125 max_rel=1.8461538461538463 max_ulp=2012217345
FIRST_DIVERGENCE_OBJECT row=4 layer=38 checkpoint=CP3-F subobject=attn_state_kv result=MISMATCH elements=8192 mismatch_count=8192 first_index=0 actual_bits=0xbd96de2b expected_bits=0xbd991790 max_abs=0.0097113698720932007 max_rel=1.9453830954019671 max_ulp=1972312953
FIRST_DIVERGENCE_OBJECT row=4 layer=38 checkpoint=CP3-F subobject=attn_state_score result=MISMATCH elements=8192 mismatch_count=8192 first_index=0 actual_bits=0xc02fbdb1 expected_bits=0xc0302421 max_abs=0.029159069061279297 max_rel=1.2501929037573729 max_ulp=1999293569
FIRST_DIVERGENCE_OBJECT row=4 layer=38 checkpoint=CP3-F subobject=layer_n_comp result=EXACT elements=1
FIRST_DIVERGENCE_OBJECT row=4 layer=38 checkpoint=CP3-F subobject=index_state_kv result=MISMATCH elements=2048 mismatch_count=2048 first_index=0 actual_bits=0x3db960fc expected_bits=0x3dbb3282 max_abs=0.0097968578338623047 max_rel=1.816757653859844 max_ulp=1973269825
FIRST_DIVERGENCE_OBJECT row=4 layer=38 checkpoint=CP3-F subobject=index_state_score result=MISMATCH elements=2048 mismatch_count=2048 first_index=0 actual_bits=0xc02f6414 expected_bits=0xc02fb062 max_abs=0.025323271751403809 max_rel=1.2046802383113471 max_ulp=2005295393
FIRST_DIVERGENCE_OBJECT row=4 layer=38 checkpoint=CP3-F subobject=layer_n_index_comp result=EXACT elements=1
FIRST_DIVERGENCE_OBJECT row=4 layer=38 checkpoint=CP4 subobject=after_attn_hc result=MISMATCH elements=16384 mismatch_count=16384 first_index=0 actual_bits=0x3f38eb9b expected_bits=0x3f4ac7fd max_abs=0.49995517730712891 max_rel=1.997553255493228 max_ulp=2075926457
FIRST_DIVERGENCE_OBJECT row=4 layer=38 checkpoint=CP5 subobject=layer_output result=MISMATCH elements=16384 mismatch_count=16384 first_index=0 actual_bits=0x3dc54098 expected_bits=0x3e1c11b8 max_abs=0.49688911437988281 max_rel=1.9644337675599359 max_ulp=2074655185
FIRST_DIVERGENCE_OBJECT row=4 layer=39 checkpoint=CP1 subobject=attn_norm result=MISMATCH elements=4096 mismatch_count=4096 first_index=0 actual_bits=0x3c099cdd expected_bits=0x3c27d8ce max_abs=0.0045429281890392303 max_rel=1.9485305883030275 max_ulp=1974296800
FIRST_DIVERGENCE_OBJECT row=4 layer=39 checkpoint=CP2-Q subobject=qr result=MISMATCH elements=1024 mismatch_count=1024 first_index=0 actual_bits=0x3d935150 expected_bits=0x3d95a795 max_abs=0.0072942357510328293 max_rel=1.8307244120626598 max_ulp=1983405697
FIRST_DIVERGENCE_OBJECT row=4 layer=39 checkpoint=CP2-KV-P subobject=kv_raw result=MISMATCH elements=512 mismatch_count=512 first_index=0 actual_bits=0x3e803537 expected_bits=0x3e7edcbc max_abs=0.0088079338893294334 max_rel=1.1884004456882256 max_ulp=1962538497
FIRST_DIVERGENCE_OBJECT row=4 layer=39 checkpoint=CP2-KV-R subobject=raw_cache result=MISMATCH elements=512 mismatch_count=214 first_index=3 actual_bits=0x3f800000 expected_bits=0x3f700000 max_abs=0.125 max_rel=1.2 max_ulp=2008023041
FIRST_DIVERGENCE_OBJECT row=4 layer=39 checkpoint=CP3-F subobject=attn_state_kv result=MISMATCH elements=65536 mismatch_count=2560 first_index=8192 actual_bits=0x3ca4fe24 expected_bits=0x3ca53e4c max_abs=0.0085277557373046875 max_rel=1.9861734160879985 max_ulp=1956605249
FIRST_DIVERGENCE_OBJECT row=4 layer=39 checkpoint=CP3-F subobject=attn_state_score result=MISMATCH elements=65536 mismatch_count=2560 first_index=8192 actual_bits=0x3e52b16f expected_bits=0x3e52acf1 max_abs=0.016856491565704346 max_rel=1.509436197924132 max_ulp=1971431105
FIRST_DIVERGENCE_OBJECT row=4 layer=39 checkpoint=CP3-F subobject=layer_n_comp result=EXACT elements=1
FIRST_DIVERGENCE_OBJECT row=4 layer=39 checkpoint=CP4 subobject=after_attn_hc result=MISMATCH elements=16384 mismatch_count=16384 first_index=0 actual_bits=0x3e76f412 expected_bits=0x3e92af77 max_abs=0.48988533020019531 max_rel=1.9799402224839915 max_ulp=2071718081
FIRST_DIVERGENCE_OBJECT row=4 layer=39 checkpoint=CP5 subobject=layer_output result=MISMATCH elements=16384 mismatch_count=16384 first_index=0 actual_bits=0x3f2b68cb expected_bits=0x3f33be8c max_abs=0.48180484771728516 max_rel=1.9505275274096752 max_ulp=2072295178
FIRST_DIVERGENCE_OBJECT row=4 layer=40 checkpoint=CP1 subobject=attn_norm result=MISMATCH elements=4096 mismatch_count=4096 first_index=0 actual_bits=0x3c5f891f expected_bits=0x3c6ce89d max_abs=0.062969207763671875 max_rel=1.9530727686781373 max_ulp=1970456013
FIRST_DIVERGENCE_OBJECT row=4 layer=40 checkpoint=CP2-Q subobject=qr result=MISMATCH elements=1024 mismatch_count=1024 first_index=0 actual_bits=0xbeceae1a expected_bits=0xbecf868e max_abs=0.0084762945771217346 max_rel=1.0853549217142513 max_ulp=1960956737
FIRST_DIVERGENCE_OBJECT row=4 layer=40 checkpoint=CP2-KV-P subobject=kv_raw result=MISMATCH elements=512 mismatch_count=512 first_index=0 actual_bits=0xbdf16638 expected_bits=0xbded559a max_abs=0.010361209511756897 max_rel=1.484375079041486 max_ulp=2000724609
FIRST_DIVERGENCE_OBJECT row=4 layer=40 checkpoint=CP2-KV-R subobject=raw_cache result=MISMATCH elements=512 mismatch_count=224 first_index=5 actual_bits=0x3ed00000 expected_bits=0x3ec00000 max_abs=0.25 max_rel=1.4615384615384615 max_ulp=2047868929
FIRST_DIVERGENCE_OBJECT row=4 layer=40 checkpoint=CP3-F subobject=attn_state_kv result=MISMATCH elements=8192 mismatch_count=8192 first_index=0 actual_bits=0xbdf9df3c expected_bits=0xbdf8b5fb max_abs=0.0091063976287841797 max_rel=1.8078065060610711 max_ulp=1985554705
FIRST_DIVERGENCE_OBJECT row=4 layer=40 checkpoint=CP3-F subobject=attn_state_score result=MISMATCH elements=8192 mismatch_count=8192 first_index=0 actual_bits=0x3f0ea095 expected_bits=0x3f0d8400 max_abs=0.086263656616210938 max_rel=1.3530711192926963 max_ulp=1975603009
FIRST_DIVERGENCE_OBJECT row=4 layer=40 checkpoint=CP3-F subobject=layer_n_comp result=EXACT elements=1
FIRST_DIVERGENCE_OBJECT row=4 layer=40 checkpoint=CP3-F subobject=index_state_kv result=MISMATCH elements=2048 mismatch_count=2048 first_index=0 actual_bits=0x3e63869f expected_bits=0x3e63d51e max_abs=0.011809647083282471 max_rel=1.6759748249473334 max_ulp=1983233505
FIRST_DIVERGENCE_OBJECT row=4 layer=40 checkpoint=CP3-F subobject=index_state_score result=MISMATCH elements=2048 mismatch_count=2048 first_index=0 actual_bits=0x3f4a4ae5 expected_bits=0x3f495b50 max_abs=0.077564239501953125 max_rel=1.001285269605382 max_ulp=1925350145
FIRST_DIVERGENCE_OBJECT row=4 layer=40 checkpoint=CP3-F subobject=layer_n_index_comp result=EXACT elements=1
FIRST_DIVERGENCE_OBJECT row=4 layer=40 checkpoint=CP4 subobject=after_attn_hc result=MISMATCH elements=16384 mismatch_count=16384 first_index=0 actual_bits=0xbdbf3b7c expected_bits=0xbcea3e52 max_abs=0.48016548156738281 max_rel=1.977513540244489 max_ulp=2075613884
FIRST_DIVERGENCE_OBJECT row=4 layer=40 checkpoint=CP5 subobject=layer_output result=MISMATCH elements=16384 mismatch_count=16384 first_index=0 actual_bits=0x40d3e8ed expected_bits=0x40d6c083 max_abs=0.48338985443115234 max_rel=1.9689110569884227 max_ulp=2075518717
FIRST_DIVERGENCE_OBJECT row=4 layer=41 checkpoint=CP1 subobject=attn_norm result=MISMATCH elements=4096 mismatch_count=4096 first_index=0 actual_bits=0x3da192ad expected_bits=0x3da3e0ff max_abs=0.003873135894536972 max_rel=1.962961057650241 max_ulp=1963633262
FIRST_DIVERGENCE_OBJECT row=4 layer=41 checkpoint=CP2-Q subobject=qr result=MISMATCH elements=1024 mismatch_count=1024 first_index=0 actual_bits=0xbecf4f25 expected_bits=0xbecf181b max_abs=0.0075016319751739502 max_rel=1.5998916340137044 max_ulp=1959074881
FIRST_DIVERGENCE_OBJECT row=4 layer=41 checkpoint=CP2-KV-P subobject=kv_raw result=MISMATCH elements=512 mismatch_count=512 first_index=0 actual_bits=0xbea0ccea expected_bits=0xbea08a74 max_abs=0.0060475766658782959 max_rel=0.59694662414204402 max_ulp=10909512
FIRST_DIVERGENCE_OBJECT row=4 layer=41 checkpoint=CP2-KV-R subobject=raw_cache result=MISMATCH elements=512 mismatch_count=202 first_index=2 actual_bits=0xbde00000 expected_bits=0xbe100000 max_abs=0.25 max_rel=0.59999999999999998 max_ulp=11534336
FIRST_DIVERGENCE_OBJECT row=4 layer=41 checkpoint=CP3-F subobject=attn_state_kv result=MISMATCH elements=65536 mismatch_count=2560 first_index=8192 actual_bits=0xbbbca8c0 expected_bits=0xbbb40648 max_abs=0.0054681301116943359 max_rel=1.8975933498692767 max_ulp=1956973505
FIRST_DIVERGENCE_OBJECT row=4 layer=41 checkpoint=CP3-F subobject=attn_state_score result=MISMATCH elements=65536 mismatch_count=2560 first_index=8192 actual_bits=0x3b2c2ad0 expected_bits=0x3b4d5f70 max_abs=0.011895120143890381 max_rel=1.9873401037095617 max_ulp=1965938945
FIRST_DIVERGENCE_OBJECT row=4 layer=41 checkpoint=CP3-F subobject=layer_n_comp result=EXACT elements=1
FIRST_DIVERGENCE_OBJECT row=4 layer=41 checkpoint=CP4 subobject=after_attn_hc result=MISMATCH elements=16384 mismatch_count=16384 first_index=0 actual_bits=0x40c57131 expected_bits=0x40c7f0ee max_abs=0.44591569900512695 max_rel=1.9940462207884575 max_ulp=2083460564
FIRST_DIVERGENCE_OBJECT row=4 layer=41 checkpoint=CP5 subobject=layer_output result=MISMATCH elements=16384 mismatch_count=16384 first_index=0 actual_bits=0x40eb7949 expected_bits=0x40ed7d2b max_abs=0.41394782066345215 max_rel=1.9455183294889191 max_ulp=2079313555
FIRST_DIVERGENCE_OBJECT row=4 layer=42 checkpoint=CP1 subobject=attn_norm result=MISMATCH elements=4096 mismatch_count=4096 first_index=0 actual_bits=0x3b2b167a expected_bits=0x3b64f6e8 max_abs=0.0045201200991868973 max_rel=1.971210048391153 max_ulp=1967180570
FIRST_DIVERGENCE_OBJECT row=4 layer=42 checkpoint=CP2-Q subobject=qr result=MISMATCH elements=1024 mismatch_count=1024 first_index=0 actual_bits=0x3e2371d3 expected_bits=0x3e22e836 max_abs=0.0047022365033626556 max_rel=1.8927317313710874 max_ulp=1964234713
FIRST_DIVERGENCE_OBJECT row=4 layer=42 checkpoint=CP2-KV-P subobject=kv_raw result=MISMATCH elements=512 mismatch_count=512 first_index=0 actual_bits=0xbe1c6d42 expected_bits=0xbe1b6146 max_abs=0.0053031258285045624 max_rel=1.644960751940679 max_ulp=1967400609
FIRST_DIVERGENCE_OBJECT row=4 layer=42 checkpoint=CP2-KV-R subobject=raw_cache result=MISMATCH elements=512 mismatch_count=191 first_index=3 actual_bits=0xbd500000 expected_bits=0xbd700000 max_abs=0.25 max_rel=1.6111111111111112 max_ulp=1992294401
FIRST_DIVERGENCE_OBJECT row=4 layer=42 checkpoint=CP3-F subobject=attn_state_kv result=MISMATCH elements=8192 mismatch_count=8192 first_index=0 actual_bits=0x3e99cae0 expected_bits=0x3e99ff63 max_abs=0.0095018446445465088 max_rel=1.8992777516093577 max_ulp=1967690409
FIRST_DIVERGENCE_OBJECT row=4 layer=42 checkpoint=CP3-F subobject=attn_state_score result=MISMATCH elements=8192 mismatch_count=8192 first_index=0 actual_bits=0x3f4ade7d expected_bits=0x3f4b2aae max_abs=0.024518966674804688 max_rel=1.5065226117206316 max_ulp=1977848033
FIRST_DIVERGENCE_OBJECT row=4 layer=42 checkpoint=CP3-F subobject=layer_n_comp result=EXACT elements=1
FIRST_DIVERGENCE_OBJECT row=4 layer=42 checkpoint=CP3-F subobject=index_state_kv result=MISMATCH elements=2048 mismatch_count=2048 first_index=0 actual_bits=0xbdac9631 expected_bits=0xbdad898a max_abs=0.004334375262260437 max_rel=1.8727483816493105 max_ulp=1970046465
FIRST_DIVERGENCE_OBJECT row=4 layer=42 checkpoint=CP3-F subobject=index_state_score result=MISMATCH elements=2048 mismatch_count=2048 first_index=0 actual_bits=0xbef57194 expected_bits=0xbef3d140 max_abs=0.0186920166015625 max_rel=1.9375796121408235 max_ulp=1990679297
FIRST_DIVERGENCE_OBJECT row=4 layer=42 checkpoint=CP3-F subobject=layer_n_index_comp result=EXACT elements=1
FIRST_DIVERGENCE_OBJECT row=4 layer=42 checkpoint=CP4 subobject=after_attn_hc result=MISMATCH elements=16384 mismatch_count=16383 first_index=0 actual_bits=0x40daeca6 expected_bits=0x40dca5e4 max_abs=0.50473594665527344 max_rel=1.98179502939744 max_ulp=2080338979
FIRST_DIVERGENCE_OBJECT row=4 layer=42 checkpoint=CP5 subobject=layer_output result=MISMATCH elements=16384 mismatch_count=16384 first_index=0 actual_bits=0x40c77761 expected_bits=0x40c8f2f9 max_abs=0.49697685241699219 max_rel=1.9991453259676288 max_ulp=2078107556
FIRST_DIVERGENCE row=0 layer=0 checkpoint=CP2-KV-P subobject=kv_raw compared_objects=2262
Q_DIVERGENCE_TRACE row=0 layer=0
Q_DIVERGENCE_STAGE stage=CP1 semantic=normalized_attention_input subobject=attn_norm result=EXACT elements=4096
Q_DIVERGENCE_STAGE stage=CP2-Q semantic=q_a_projection_output subobject=qr result=EXACT elements=1024
Q_LOCALIZATION_RESULT QA_PROJECTION_EXACT
QA_CANONICALIZATION_RESULT baseline_first_divergence=row=0,layer=0,checkpoint=CP2-Q,q_a_projection_output qa_after_patch=EXACT new_first_divergence=row=0,layer=0,checkpoint=CP2-KV-P,subobject=kv_raw
NEXT_INDEPENDENT_DRIFT_SOURCE row=0 layer=0 checkpoint=CP2-KV-P subobject=kv_raw
